date,om_tmax_c,om_tmin_c,om_precip_mm,om_rad_mj,om_eto_mm,np_tmax_c,np_tmin_c,np_tmean_c,np_rh_pct,np_precip_mm,np_rad_mj,np_ps_kpa
2016-01-01,28.0,17.5,0.0,0.03244,6.27,26.19,13.9,19.56,62.77,0.04,22.87,9.548
2016-01-02,27.7,16.9,0.0,0.03259,6.41,25.81,14.6,19.36,59.92,0.02,23.99,9.562999999999999
2016-01-03,25.5,17.2,0.0,0.02476,4.83,23.65,14.14,18.61,65.21,0.1,21.45,9.564
2016-01-04,28.1,18.4,0.0,0.01759,3.88,24.37,14.46,19.35,60.71,1.54,14.32,9.576
2016-01-05,30.1,21.0,0.0,0.02621,5.64,27.87,18.25,22.3,50.19,0.27,19.15,9.581
2016-01-06,28.3,20.7,0.1,0.02907,5.9,26.72,16.18,21.33,60.65,0.26,21.65,9.584999999999999
2016-01-07,26.7,18.5,0.1,0.02907,5.57,24.91,14.96,19.26,70.03,0.18,22.92,9.576
2016-01-08,26.6,18.3,0.0,0.0252,4.96,24.64,14.22,18.25,69.47,0.17,22.31,9.584
2016-01-09,28.3,17.7,0.0,0.03294,6.45,25.91,13.69,19.57,61.35,0.0,32.77,9.578
2016-01-10,27.7,17.3,0.0,0.032659999999999995,6.29,26.19,14.09,19.86,60.04,0.02,27.09,9.579
2016-01-11,26.2,17.7,0.0,0.0293,5.46,24.26,13.46,18.25,70.54,0.11,18.7,9.584
2016-01-12,26.9,16.5,0.0,0.02811,5.53,24.03,13.52,18.6,63.95,0.03,25.87,9.602
2016-01-13,28.6,18.0,0.0,0.03288,6.51,26.5,14.58,20.09,58.9,0.02,29.71,9.591
2016-01-14,27.7,17.7,0.0,0.030449999999999998,5.94,26.08,13.97,19.56,63.13,0.05,27.6,9.593
2016-01-15,30.4,17.5,0.0,0.03313,6.96,28.32,14.96,21.49,49.39,0.33,33.11,9.581999999999999
2016-01-16,29.7,18.9,0.0,0.0327,6.68,28.43,15.68,21.9,52.28,0.0,32.36,9.568000000000001
2016-01-17,31.3,19.3,0.0,0.03283,6.83,29.86,16.66,22.78,46.15,0.07,30.65,9.562999999999999
2016-01-18,29.1,20.4,0.0,0.032490000000000005,6.38,27.21,15.7,21.39,55.08,0.0,25.65,9.568000000000001
2016-01-19,29.0,18.8,0.0,0.03153,6.18,26.79,15.04,20.58,62.37,0.0,28.76,9.562000000000001
2016-01-20,29.6,20.7,0.0,0.03156,6.27,27.29,16.58,21.52,62.21,0.0,24.76,9.574
2016-01-21,28.1,19.4,0.0,0.0249,4.89,26.54,15.52,20.67,69.65,0.03,22.64,9.583
2016-01-22,27.9,18.7,0.0,0.027899999999999998,5.38,27.6,15.14,20.83,66.56,0.03,27.06,9.572
2016-01-23,26.4,18.4,0.5,0.02291,4.48,22.18,14.99,18.67,75.95,1.58,15.26,9.568000000000001
2016-01-24,26.8,17.8,2.4,0.020460000000000002,4.16,24.02,14.2,18.74,63.83,1.6,28.1,9.577
2016-01-25,25.0,17.6,0.0,0.019530000000000002,3.85,24.39,14.25,18.39,67.8,0.0,17.82,9.581
2016-01-26,27.4,17.3,0.0,0.02958,5.77,25.08,14.75,19.43,62.53,0.01,27.08,9.6
2016-01-27,28.9,17.9,0.0,0.029769999999999998,6.09,26.51,14.77,19.74,61.84,0.0,24.57,9.578
2016-01-28,29.2,19.2,0.0,0.02798,5.81,27.67,15.61,20.68,61.52,0.0,22.13,9.565999999999999
2016-01-29,27.9,18.5,0.0,0.02603,5.25,25.49,14.55,19.42,67.91,0.06,20.28,9.587
2016-01-30,31.3,19.2,0.0,0.03133,6.43,28.2,14.74,21.56,57.75,0.01,28.32,9.574
2016-01-31,29.5,20.4,0.0,0.02965,5.95,25.55,17.22,21.11,62.89,0.03,18.66,9.58
2016-02-01,29.1,19.5,0.0,0.02924,5.81,25.87,16.96,21.25,64.5,0.0,15.74,9.564
2016-02-02,28.9,19.0,0.0,0.02949,5.76,26.77,16.77,21.52,62.62,0.0,14.18,9.562000000000001
2016-02-03,28.6,19.4,0.0,0.02964,5.8,27.31,16.81,21.44,64.08,0.0,15.41,9.561
2016-02-04,28.1,19.0,0.0,0.02683,5.19,25.7,15.9,20.45,62.28,0.03,20.06,9.575
2016-02-05,29.1,18.3,0.0,0.03005,5.94,25.78,14.46,19.94,60.71,0.09,21.59,9.576
2016-02-06,28.6,18.5,0.0,0.02962,5.77,25.56,15.07,19.89,61.91,0.0,20.91,9.574
2016-02-07,27.2,18.3,0.0,0.02888,5.52,24.77,14.47,19.05,67.96,0.08,22.22,9.57
2016-02-08,27.8,17.6,0.0,0.02974,5.75,25.93,13.99,19.42,66.01,0.07,24.06,9.578
2016-02-09,29.7,20.1,0.0,0.02943,5.83,26.62,15.92,20.7,59.1,0.01,24.59,9.577
2016-02-10,28.4,18.7,0.0,0.02819,5.45,26.27,15.28,20.03,63.83,0.3,19.2,9.584
2016-02-11,27.6,17.7,0.0,0.02928,5.66,26.7,15.12,20.15,56.96,0.01,20.88,9.574
2016-02-12,27.2,17.8,0.0,0.02673,5.24,24.65,14.2,18.75,66.61,0.02,20.56,9.573
2016-02-13,29.3,18.0,0.0,0.030019999999999998,6.08,27.43,15.35,20.5,52.81,0.0,29.67,9.574
2016-02-14,30.1,18.7,0.0,0.02983,6.11,28.93,15.01,21.32,45.21,0.0,29.7,9.553
2016-02-15,30.1,19.9,0.0,0.02976,5.99,28.15,14.86,21.27,46.42,0.02,25.15,9.522
2016-02-16,25.3,18.2,0.0,0.02327,4.39,24.91,13.85,18.91,61.11,0.06,17.5,9.537
2016-02-17,27.7,16.5,0.0,0.02897,5.61,25.49,13.92,19.05,56.49,0.01,28.65,9.553
2016-02-18,28.0,17.1,0.0,0.028829999999999998,5.73,26.12,13.01,19.4,57.63,0.0,28.81,9.589
2016-02-19,29.9,18.8,0.0,0.029,6.04,29.34,15.08,21.52,43.71,0.01,28.47,9.567
2016-02-20,29.8,19.9,0.0,0.02894,5.98,28.01,15.95,21.78,40.9,0.0,28.38,9.522
2016-02-21,29.2,19.0,0.0,0.02729,5.38,26.51,15.04,20.18,55.93,0.0,19.95,9.531
2016-02-22,29.7,18.5,0.0,0.02775,5.55,28.29,14.24,21.27,53.89,0.01,22.0,9.543000000000001
2016-02-23,30.5,20.9,0.0,0.027719999999999998,5.64,28.65,16.97,22.53,51.18,0.39,27.04,9.559999999999999
2016-02-24,30.6,21.4,0.0,0.02748,5.7,28.72,18.66,22.88,44.27,0.0,21.86,9.57
2016-02-25,27.8,18.4,0.0,0.027960000000000002,5.59,26.86,14.66,20.63,44.35,0.01,26.37,9.561
2016-02-26,27.8,16.4,0.0,0.0281,5.6,25.61,13.86,19.24,46.01,0.01,27.09,9.567
2016-02-27,29.1,19.1,0.0,0.02755,5.62,26.88,15.34,20.31,42.41,0.01,26.58,9.57
2016-02-28,30.6,20.3,0.0,0.027510000000000003,5.75,27.29,16.21,21.11,42.56,0.01,27.42,9.575
2016-02-29,29.5,19.5,0.0,0.02718,5.52,26.33,15.23,20.5,45.19,0.03,22.84,9.583
2016-03-01,30.5,20.1,0.0,0.027129999999999998,5.57,27.22,16.64,21.33,42.99,0.6,22.3,9.572
2016-03-02,29.8,19.3,0.0,0.026949999999999998,5.51,27.71,16.56,21.23,44.78,0.05,21.53,9.568000000000001
2016-03-03,28.2,19.3,0.0,0.023899999999999998,4.8,28.23,16.99,21.27,46.46,0.05,14.98,9.567
2016-03-04,29.2,18.8,0.0,0.02434,4.92,28.54,16.43,21.87,44.65,0.11,16.47,9.57
2016-03-05,29.0,19.4,0.0,0.025589999999999998,5.03,25.91,15.71,20.37,54.68,1.2,16.22,9.574
2016-03-06,26.0,18.2,0.0,0.020579999999999998,4.02,23.69,14.18,18.37,59.88,0.02,12.5,9.588
2016-03-07,25.3,16.2,0.0,0.02259,4.24,22.72,13.39,17.22,65.56,0.09,12.48,9.59
2016-03-08,27.9,16.8,0.0,0.02511,4.85,26.18,13.58,19.43,55.18,0.02,24.03,9.596
2016-03-09,30.4,19.9,0.0,0.02578,5.32,28.64,16.79,21.62,44.17,0.0,24.04,9.575
2016-03-10,28.1,19.3,0.0,0.02401,4.73,26.52,16.29,20.51,54.96,0.41,14.6,9.579
2016-03-11,27.6,18.7,0.0,0.0241,4.67,26.07,16.21,20.4,53.03,0.01,15.36,9.576
2016-03-12,27.7,18.2,0.0,0.02271,4.44,24.34,15.59,19.03,65.84,0.28,17.47,9.589
2016-03-13,29.6,18.7,0.0,0.0246,4.98,26.1,14.51,19.94,61.18,0.06,16.43,9.59
2016-03-14,28.3,19.2,0.0,0.02346,4.55,26.77,15.92,20.3,54.56,0.0,13.04,9.583
2016-03-15,28.3,19.2,0.0,0.023219999999999998,4.52,27.04,16.08,20.88,48.29,0.01,15.18,9.58
2016-03-16,26.6,19.2,0.0,0.019649999999999997,3.81,25.37,15.2,19.66,56.6,0.01,13.85,9.565000000000001
2016-03-17,25.4,17.5,0.0,0.01704,3.24,24.26,14.67,18.36,62.24,0.01,12.11,9.584999999999999
2016-03-18,27.8,17.8,0.0,0.02379,4.61,25.9,14.54,19.18,46.86,0.0,23.2,9.561
2016-03-19,26.9,18.2,0.0,0.02323,4.37,25.04,14.95,19.13,48.07,0.0,20.09,9.565000000000001
2016-03-20,27.4,17.7,0.0,0.02352,4.49,25.81,14.73,19.47,47.18,0.0,15.27,9.573
2016-03-21,26.8,17.5,0.0,0.023329999999999997,4.37,26.05,14.76,19.3,48.58,0.0,14.55,9.586
2016-03-22,28.8,18.4,0.0,0.02323,4.58,26.25,15.46,20.05,46.89,0.0,17.3,9.571
2016-03-23,25.5,17.7,0.0,0.0179,3.33,23.97,14.71,18.44,59.0,0.0,11.91,9.579
2016-03-24,26.6,17.0,0.0,0.022,4.11,24.58,13.93,18.16,61.97,0.01,14.39,9.573
2016-03-25,29.6,16.8,0.0,0.02244,4.52,26.12,14.82,19.68,50.96,0.02,14.62,9.548
2016-03-26,25.9,17.5,0.0,0.01601,3.16,23.9,14.63,18.8,58.39,0.01,11.36,9.574
2016-03-27,26.4,17.6,0.0,0.02112,3.99,25.11,13.92,18.15,59.65,0.0,13.17,9.59
2016-03-28,25.6,17.4,0.0,0.02029,3.8,22.93,14.07,17.97,61.94,0.0,10.7,9.579
2016-03-29,24.7,17.5,0.0,0.01703,3.09,24.88,14.21,18.16,66.08,0.0,8.98,9.584999999999999
2016-03-30,23.7,16.4,0.0,0.014119999999999999,2.61,22.78,13.59,17.02,70.98,0.0,12.38,9.604000000000001
2016-03-31,26.5,16.2,0.0,0.01862,3.7,25.07,14.95,19.07,54.71,0.0,14.46,9.578
2016-04-01,23.9,17.4,0.0,0.01473,2.73,22.34,13.41,16.54,72.1,0.01,8.34,9.594
2016-04-02,24.7,16.3,0.0,0.01844,3.31,21.22,12.3,15.6,74.82,0.0,14.53,9.588
2016-04-03,19.1,14.5,0.0,0.01014,1.84,17.18,11.68,13.57,82.45,0.01,10.47,9.605
2016-04-04,23.5,14.0,0.0,0.01821,3.35,22.3,10.44,15.81,68.25,0.0,18.13,9.609
2016-04-05,23.6,17.9,0.4,0.01156,2.28,20.52,13.11,16.58,64.57,0.54,9.0,9.576
2016-04-06,23.4,15.7,0.1,0.01725,3.0,22.81,12.15,16.79,64.91,0.2,16.93,9.58
2016-04-07,24.5,16.0,0.0,0.01814,3.43,23.6,11.92,16.75,59.46,0.01,14.83,9.583
2016-04-08,22.5,14.9,0.0,0.01714,2.99,20.07,11.32,14.82,72.84,0.21,12.09,9.583
2016-04-09,22.5,13.4,0.0,0.01939,3.29,20.8,10.28,14.19,70.4,0.02,14.05,9.597
2016-04-10,26.0,14.8,0.0,0.01592,3.19,23.49,9.72,16.37,46.04,0.07,15.61,9.565999999999999
2016-04-11,24.7,17.6,0.0,0.01709,3.16,22.11,13.27,17.26,58.81,0.01,11.86,9.567
2016-04-12,22.4,15.6,0.0,0.012060000000000001,2.18,18.51,12.05,14.31,82.76,0.04,5.61,9.607
2016-04-13,22.4,14.8,1.2,0.00811,1.6,20.16,11.57,15.2,62.95,0.07,6.23,9.597
2016-04-14,21.8,17.1,7.8,0.00897,1.72,21.78,13.82,17.07,55.99,2.27,9.28,9.564
2016-04-15,21.4,18.0,6.9,0.0070599999999999994,1.36,19.66,15.26,16.78,81.11,28.51,7.38,9.552
2016-04-16,22.6,17.8,25.3,0.00877,1.63,19.5,14.39,16.41,88.11,10.64,9.67,9.562000000000001
2016-04-17,18.0,16.1,50.5,0.00217,0.49,16.51,12.11,14.31,90.74,30.36,2.62,9.586
2016-04-18,17.0,14.6,16.2,0.00608,1.06,15.45,11.35,12.74,88.74,7.23,8.73,9.611
2016-04-19,21.7,14.0,0.0,0.016489999999999998,2.71,21.66,10.07,14.99,65.79,0.01,17.17,9.608
2016-04-20,20.2,14.0,0.0,0.01704,2.67,19.96,11.49,14.73,61.02,0.04,14.68,9.6
2016-04-21,23.5,15.3,0.0,0.01747,2.97,23.05,11.68,16.34,60.37,0.0,15.21,9.578
2016-04-22,19.1,15.8,0.0,0.00604,1.11,18.95,11.92,14.31,77.76,0.01,5.97,9.577
2016-04-23,20.0,15.7,1.5,0.01126,1.94,18.91,11.64,14.65,79.42,3.77,10.07,9.586
2016-04-24,16.6,12.2,1.8,0.00925,1.63,12.83,8.26,11.37,84.66,3.02,10.2,9.611
2016-04-25,16.7,10.9,0.0,0.016730000000000002,2.5,16.34,7.16,10.93,70.89,0.38,16.9,9.618
2016-04-26,23.3,10.5,0.0,0.01763,3.19,21.6,7.89,14.05,45.7,0.0,17.39,9.584999999999999
2016-04-27,22.8,15.2,0.0,0.01199,2.21,21.81,13.21,16.05,49.42,0.0,7.96,9.575
2016-04-28,22.1,15.8,0.0,0.011630000000000001,2.08,21.77,13.06,16.21,57.62,0.0,11.86,9.59
2016-04-29,23.5,17.0,0.0,0.01578,2.79,22.89,13.08,17.03,55.35,0.0,16.37,9.597
2016-04-30,27.7,17.6,0.0,0.015710000000000002,3.03,26.94,15.56,19.86,49.28,0.06,14.93,9.539
2016-05-01,21.0,16.7,0.6,0.00738,1.39,19.51,14.09,15.65,76.75,0.13,5.66,9.586
2016-05-02,23.0,16.7,0.1,0.00724,1.48,23.47,13.29,17.81,60.68,0.17,8.93,9.6
2016-05-03,27.1,14.4,0.0,0.01466,2.72,23.82,15.39,18.08,55.65,0.01,12.82,9.58
2016-05-04,22.3,16.8,0.0,0.010490000000000001,1.86,20.41,13.55,16.04,68.06,0.02,6.69,9.576
2016-05-05,19.7,15.7,0.4,0.00747,1.28,18.96,12.15,14.69,74.84,0.01,8.6,9.6
2016-05-06,21.3,15.2,0.0,0.01291,2.12,19.79,12.33,15.03,66.31,0.0,11.78,9.594
2016-05-07,19.7,13.7,0.0,0.01154,1.82,18.27,10.82,13.77,78.46,0.04,6.4,9.591
2016-05-08,20.5,13.5,0.0,0.01148,1.87,18.87,10.08,13.57,75.0,0.0,11.69,9.584999999999999
2016-05-09,20.6,15.1,0.0,0.01077,1.81,19.0,11.82,14.21,70.39,0.01,9.35,9.581
2016-05-10,20.5,14.8,0.0,0.00852,1.47,18.45,11.48,14.1,74.31,0.12,6.78,9.578
2016-05-11,18.6,14.0,5.5,0.00464,0.88,18.65,12.5,14.23,76.28,7.18,4.6,9.604000000000001
2016-05-12,21.5,14.8,0.0,0.009800000000000001,1.82,20.0,12.87,15.62,65.15,0.01,9.17,9.597
2016-05-13,20.3,16.7,0.0,0.0074199999999999995,1.35,18.19,12.55,14.87,65.82,0.01,6.76,9.561
2016-05-14,18.9,12.6,3.3,0.00777,1.28,13.59,10.78,12.2,82.29,4.66,4.73,9.584
2016-05-15,21.3,14.3,0.0,0.01067,1.85,19.21,11.36,14.87,64.17,0.07,8.03,9.611
2016-05-16,20.6,15.1,0.0,0.0125,2.06,19.83,12.5,14.89,64.08,0.05,6.86,9.592
2016-05-17,20.5,14.7,0.2,0.01132,1.83,20.96,11.9,15.02,68.31,0.02,6.68,9.592
2016-05-18,17.3,13.5,0.0,0.00526,0.91,17.74,11.34,13.38,78.67,5.0,4.87,9.581999999999999
2016-05-19,19.1,13.4,0.0,0.00877,1.42,16.53,11.53,13.3,82.08,1.15,7.45,9.59
2016-05-20,19.1,13.8,2.3,0.01013,1.59,17.63,11.25,13.72,79.56,1.43,8.2,9.594
2016-05-21,17.5,13.1,3.0,0.009609999999999999,1.43,16.9,10.85,12.95,79.68,4.33,8.17,9.619
2016-05-22,23.0,11.5,0.0,0.01333,2.29,23.26,10.28,15.67,48.23,0.0,12.81,9.586
2016-05-23,22.9,16.1,0.0,0.01282,2.12,20.4,12.96,15.59,59.63,0.03,10.74,9.58
2016-05-24,21.0,12.0,0.0,0.01036,1.68,19.42,12.75,14.76,59.85,0.0,6.91,9.605
2016-05-25,19.9,11.8,0.0,0.011460000000000001,1.83,18.24,11.09,13.88,70.83,0.1,10.12,9.622
2016-05-26,18.8,9.5,0.0,0.00868,1.43,17.18,10.47,13.39,69.33,1.01,6.77,9.606
2016-05-27,20.1,14.6,0.0,0.0109,1.74,20.35,12.56,14.98,64.31,0.54,9.02,9.591
2016-05-28,19.3,11.1,0.0,0.00912,1.49,17.66,11.58,13.76,70.23,0.09,5.11,9.612
2016-05-29,17.0,13.5,15.2,0.0071200000000000005,1.11,16.5,10.72,12.81,80.38,5.93,7.15,9.622
2016-05-30,19.1,12.6,0.7,0.012119999999999999,1.82,17.33,9.7,12.89,76.25,0.1,12.47,9.608
2016-05-31,16.4,13.2,0.7,0.00885,1.33,15.59,9.64,11.37,83.05,0.01,9.64,9.588
2016-06-01,17.5,13.0,0.1,0.01082,1.67,15.53,8.82,11.35,79.37,0.04,10.91,9.615
2016-06-02,15.7,13.3,14.3,0.00227,0.58,15.96,9.18,11.65,72.33,10.5,3.36,9.591
2016-06-03,14.3,12.6,57.9,0.0016899999999999999,0.45,11.16,4.49,7.41,90.22,26.81,2.25,9.571
2016-06-04,16.0,11.7,2.6,0.00928,1.42,13.85,4.93,8.8,74.42,0.06,11.16,9.605
2016-06-05,15.3,10.7,0.0,0.01077,1.56,14.05,6.74,9.3,71.5,0.0,11.38,9.615
2016-06-06,16.8,7.7,0.0,0.0125,1.85,15.78,6.44,10.06,54.14,0.0,12.51,9.651
2016-06-07,20.3,8.0,0.0,0.01277,2.22,18.42,8.18,12.4,45.77,0.0,12.72,9.628
2016-06-08,21.1,6.8,0.0,0.01282,2.04,19.68,9.82,13.72,44.06,0.0,12.1,9.618
2016-06-09,20.0,9.6,0.0,0.00957,1.73,17.88,9.72,12.66,46.46,0.0,8.4,9.620999999999999
2016-06-10,19.4,12.3,0.0,0.01246,1.96,18.03,9.75,12.54,49.95,0.0,12.27,9.633
2016-06-11,20.0,9.8,0.0,0.01236,1.91,20.72,9.24,13.36,52.69,0.0,10.47,9.611
2016-06-12,22.5,11.0,0.1,0.0046,1.19,18.8,11.34,14.34,63.24,0.18,4.62,9.607
2016-06-13,19.5,15.2,0.0,0.00966,1.54,18.81,11.26,13.5,73.64,0.02,9.87,9.622
2016-06-14,19.7,10.3,0.0,0.01092,1.7,19.34,10.33,13.92,66.6,0.0,10.66,9.632
2016-06-15,18.6,13.3,0.0,0.01116,1.75,17.65,10.86,13.35,65.97,0.0,10.59,9.642
2016-06-16,22.1,9.9,0.0,0.011699999999999999,2.02,20.74,10.53,14.77,49.18,0.0,11.88,9.598
2016-06-17,21.3,11.6,0.0,0.012240000000000001,1.9,19.65,12.17,14.98,48.4,0.0,11.12,9.593
2016-06-18,20.6,8.4,0.0,0.01219,1.93,19.65,10.41,13.82,46.09,0.0,8.82,9.594
2016-06-19,18.0,12.5,0.0,0.00875,1.36,15.89,8.95,12.18,63.32,0.0,4.23,9.598
2016-06-20,17.2,11.6,0.0,0.010230000000000001,1.51,16.28,8.47,11.21,66.37,0.0,8.91,9.623000000000001
2016-06-21,20.3,6.0,0.0,0.012369999999999999,1.92,19.8,10.07,13.66,45.71,0.0,7.93,9.607
2016-06-22,18.1,10.3,0.0,0.01086,1.71,18.26,11.13,13.4,50.68,0.0,7.43,9.607
2016-06-23,16.1,10.5,0.0,0.00873,1.32,14.61,7.52,10.72,69.03,0.01,7.6,9.594
2016-06-24,15.5,8.7,0.0,0.00951,1.36,12.79,6.72,9.25,81.64,0.02,8.16,9.593
2016-06-25,15.0,10.4,0.0,0.00933,1.3,13.76,7.46,9.72,79.89,0.03,11.19,9.609
2016-06-26,17.3,7.9,0.0,0.01057,1.53,13.17,6.5,9.41,84.92,0.27,10.51,9.631
2016-06-27,20.9,10.2,0.0,0.01202,1.87,19.31,8.69,12.89,62.71,0.0,11.29,9.599
2016-06-28,21.3,12.0,0.0,0.01222,1.91,19.05,9.77,13.06,57.44,0.04,6.8,9.576
2016-06-29,18.1,11.4,0.2,0.00911,1.42,15.9,8.38,11.36,70.24,0.04,7.71,9.591
2016-06-30,18.1,12.4,0.0,0.0066,1.22,15.36,9.74,11.72,71.6,0.0,5.92,9.581
2016-07-01,18.1,13.3,0.0,0.00982,1.52,16.6,9.25,11.62,72.96,0.0,6.81,9.572
2016-07-02,14.4,11.3,0.7,0.00447,0.72,13.06,7.07,9.5,87.84,0.13,3.53,9.583
2016-07-03,15.8,11.4,11.5,0.00746,1.16,12.52,8.1,9.74,88.97,7.75,3.02,9.601
2016-07-04,18.1,9.1,0.2,0.012150000000000001,1.86,16.66,7.93,11.35,69.56,0.0,12.22,9.625
2016-07-05,16.8,9.1,0.0,0.01122,1.59,15.7,8.26,11.05,65.05,0.0,9.0,9.667
2016-07-06,18.3,5.6,0.0,0.0125,2.02,17.62,8.42,11.83,51.45,0.0,11.93,9.619
2016-07-07,20.2,9.6,0.0,0.01128,1.82,20.37,11.1,14.2,47.54,0.0,10.6,9.576
2016-07-08,16.8,11.7,0.1,0.00906,1.33,17.15,8.84,11.73,72.28,0.0,6.15,9.605
2016-07-09,17.7,11.0,0.0,0.01009,1.49,16.5,9.19,11.57,69.24,0.0,10.18,9.587
2016-07-10,15.8,12.1,2.3,0.00419,0.72,14.14,8.89,11.06,74.7,0.84,3.47,9.584999999999999
2016-07-11,14.7,12.0,17.4,0.00617,1.02,12.17,8.85,10.0,88.18,11.82,8.41,9.623000000000001
2016-07-12,15.5,7.9,0.8,0.0057,0.9,13.97,7.85,9.83,72.25,0.32,7.36,9.572
2016-07-13,15.0,9.6,18.1,0.00523,0.95,10.93,8.11,9.74,81.6,9.65,6.03,9.572
2016-07-14,16.8,10.2,2.2,0.01208,1.77,15.16,8.08,10.32,74.08,2.41,12.74,9.633
2016-07-15,18.1,7.9,0.0,0.01273,1.86,16.27,7.44,10.94,46.68,0.0,13.37,9.628
2016-07-16,20.5,5.4,0.0,0.00775,1.38,20.07,9.22,13.34,47.0,0.0,7.72,9.59
2016-07-17,15.9,10.9,0.0,0.00784,1.27,15.21,8.75,11.32,68.44,3.42,4.65,9.609
2016-07-18,19.7,10.8,0.0,0.0132,2.06,18.93,9.25,12.95,58.05,0.0,12.9,9.6
2016-07-19,15.6,12.0,1.0,0.0067,1.08,14.12,8.96,11.22,80.04,0.04,4.63,9.597
2016-07-20,19.5,10.3,0.5,0.01119,1.71,18.91,8.22,12.54,64.1,0.0,12.85,9.631
2016-07-21,22.6,10.8,0.0,0.01348,2.25,21.49,11.16,15.5,50.18,0.0,13.3,9.604000000000001
2016-07-22,19.0,13.6,0.0,0.01184,1.78,18.8,11.57,14.32,62.65,0.0,8.54,9.601
2016-07-23,19.3,12.3,0.0,0.01142,1.74,19.67,11.83,14.39,65.81,0.03,9.12,9.584999999999999
2016-07-24,16.5,12.7,11.2,0.0044,0.77,15.09,11.03,12.58,75.58,6.38,2.95,9.577
2016-07-25,13.5,11.1,18.3,0.00378,0.64,12.39,6.77,9.62,87.71,15.73,7.68,9.65
2016-07-26,21.4,5.5,0.0,0.014410000000000001,2.46,20.95,6.49,13.47,45.94,0.0,14.14,9.592
2016-07-27,20.9,15.1,0.0,0.01357,2.26,19.58,10.93,13.75,61.96,0.0,13.47,9.574
2016-07-28,19.2,12.8,0.0,0.01242,1.95,18.25,9.92,12.67,66.02,0.01,10.2,9.597
2016-07-29,17.8,6.2,0.0,0.013949999999999999,2.1,17.54,8.87,12.4,69.51,0.0,10.62,9.584999999999999
2016-07-30,16.8,8.8,0.0,0.01351,1.91,16.07,7.97,11.22,73.98,0.0,12.44,9.578
2016-07-31,16.7,9.8,0.9,0.01306,1.9,16.37,7.82,11.07,70.83,0.0,14.28,9.626999999999999
2016-08-01,20.8,11.8,0.0,0.01428,2.46,20.62,9.42,13.57,51.2,0.0,13.72,9.598
2016-08-02,19.7,11.8,0.0,0.01393,2.18,19.85,9.61,13.15,56.88,0.0,13.59,9.595
2016-08-03,18.6,10.4,0.0,0.013470000000000001,2.04,16.94,8.51,11.53,61.91,0.0,13.42,9.609
2016-08-04,18.1,11.8,0.0,0.015460000000000002,2.34,17.95,8.62,12.49,60.96,0.0,14.65,9.594
2016-08-05,17.4,7.9,0.0,0.015,2.16,17.19,8.06,11.52,68.87,0.0,15.49,9.617
2016-08-06,20.0,11.4,0.0,0.01533,2.4,19.61,8.43,12.65,56.13,0.0,15.68,9.625
2016-08-07,18.7,11.6,0.0,0.01,1.63,17.49,9.22,12.1,66.37,0.0,8.3,9.623000000000001
2016-08-08,22.0,11.8,0.0,0.01599,2.7,20.31,10.0,14.04,56.49,0.0,15.79,9.618
2016-08-09,24.1,8.9,0.0,0.01641,2.88,21.64,10.98,15.52,45.08,0.0,15.99,9.588
2016-08-10,20.5,13.8,0.0,0.01439,2.33,20.28,10.87,14.31,63.66,0.0,8.57,9.599
2016-08-11,20.8,10.3,0.0,0.016079999999999997,2.55,21.14,9.79,14.38,57.1,0.0,16.16,9.615
2016-08-12,20.5,12.1,0.0,0.01443,2.3,18.75,11.2,14.07,59.49,0.0,9.74,9.594
2016-08-13,21.9,9.7,0.0,0.013859999999999999,2.35,21.04,10.88,14.85,61.14,0.0,12.58,9.61
2016-08-14,21.0,10.6,0.0,0.01276,2.12,20.27,12.12,14.94,60.83,0.0,11.87,9.619
2016-08-15,24.8,15.6,0.0,0.0166,3.08,22.65,12.91,16.79,55.29,0.0,15.79,9.588
2016-08-16,19.7,13.1,0.0,0.01598,2.46,18.29,10.53,13.63,74.15,0.0,15.75,9.604000000000001
2016-08-17,18.9,12.1,0.0,0.0167,2.58,17.87,8.08,11.86,65.15,0.0,17.39,9.653
2016-08-18,18.9,10.9,0.0,0.01777,2.78,17.66,6.64,11.15,51.79,0.0,17.92,9.654
2016-08-19,15.6,7.2,0.0,0.01715,2.44,14.55,6.0,9.31,60.96,0.36,16.76,9.654
2016-08-20,19.7,8.5,0.0,0.01801,3.09,16.45,5.17,9.99,59.17,0.37,16.78,9.642
2016-08-21,25.9,10.9,0.0,0.01832,3.7,23.72,8.99,16.3,45.15,9.67,17.61,9.559000000000001
2016-08-22,22.4,12.4,0.0,0.01813,3.2,21.45,12.01,16.39,54.1,0.17,11.85,9.556999999999999
2016-08-23,20.6,13.9,0.0,0.01477,2.35,19.09,11.29,13.99,63.92,0.24,7.04,9.564
2016-08-24,16.8,12.9,0.1,0.00931,1.43,18.9,8.48,12.72,74.59,0.0,10.33,9.592
2016-08-25,19.0,10.9,0.0,0.016730000000000002,2.48,17.55,7.69,12.12,72.32,0.0,18.71,9.602
2016-08-26,18.0,10.8,0.0,0.01755,2.57,17.19,6.73,10.78,75.11,0.0,15.15,9.602
2016-08-27,15.5,10.8,0.7,0.01143,1.72,14.52,6.85,9.65,80.33,0.0,9.42,9.619
2016-08-28,17.6,9.4,0.0,0.01663,2.41,16.4,6.77,10.8,67.58,0.0,17.71,9.631
2016-08-29,20.7,11.9,0.0,0.0193,3.06,18.58,7.62,12.34,61.03,0.0,19.27,9.641
2016-08-30,21.0,11.9,0.0,0.018179999999999998,2.89,20.74,8.76,14.08,64.79,0.02,15.98,9.613
2016-08-31,16.2,10.6,0.0,0.01245,1.88,16.14,6.28,11.23,73.94,0.01,12.75,9.625
2016-09-01,15.9,8.8,0.0,0.01924,2.75,14.77,4.9,8.57,71.32,0.0,19.33,9.662
2016-09-02,16.7,9.0,0.0,0.02025,2.84,14.65,4.39,8.72,59.16,10.0,20.28,9.648
2016-09-03,17.5,6.7,0.0,0.019629999999999998,2.83,16.87,5.4,10.04,55.59,0.0,20.42,9.61
2016-09-04,16.9,8.9,0.1,0.01952,2.86,15.46,6.33,10.24,56.96,0.0,20.62,9.607
2016-09-05,20.7,10.0,0.0,0.02069,3.37,18.78,7.54,12.32,49.68,0.0,20.49,9.629999999999999
2016-09-06,25.1,11.9,0.0,0.02118,3.89,22.9,8.81,15.0,42.35,0.0,21.38,9.596
2016-09-07,24.1,14.8,0.0,0.020980000000000002,3.72,21.87,12.32,16.13,47.73,0.0,19.58,9.6
2016-09-08,24.8,14.9,0.0,0.020399999999999998,3.71,22.83,12.41,16.98,49.35,0.0,14.91,9.603
2016-09-09,26.7,16.6,0.0,0.02075,3.92,25.76,14.52,18.99,44.02,0.0,20.76,9.581
2016-09-10,23.4,15.1,0.0,0.02109,3.57,22.85,12.38,16.58,59.25,0.0,10.37,9.6
2016-09-11,17.7,12.6,0.0,0.01564,2.36,18.59,7.81,12.77,72.41,0.0,11.37,9.622
2016-09-12,17.4,10.8,0.0,0.0171,2.73,16.97,7.71,11.22,73.28,0.01,17.82,9.645999999999999
2016-09-13,23.5,12.4,0.0,0.02136,4.02,22.69,7.25,14.63,46.45,0.0,20.14,9.597
2016-09-14,19.5,11.9,0.0,0.01891,3.03,19.01,9.81,13.37,63.43,0.0,9.0,9.617
2016-09-15,21.8,10.8,0.0,0.019530000000000002,3.32,19.93,9.48,13.32,63.59,0.0,15.6,9.607
2016-09-16,20.9,13.1,0.2,0.019219999999999998,3.13,19.63,8.33,13.38,61.07,0.0,10.06,9.593
2016-09-17,20.9,12.0,0.0,0.02183,3.65,20.6,8.08,13.55,58.83,0.0,22.61,9.606
2016-09-18,27.5,15.1,0.0,0.023280000000000002,4.5,26.1,11.78,18.17,37.01,0.0,23.25,9.576
2016-09-19,25.4,17.0,0.0,0.0233,4.27,24.15,13.47,17.87,50.4,0.0,17.83,9.565000000000001
2016-09-20,25.2,16.2,0.0,0.023100000000000002,4.14,24.48,14.28,18.18,50.07,0.0,12.93,9.564
2016-09-21,24.2,15.3,0.0,0.02296,3.98,22.45,12.63,16.55,55.51,0.0,12.46,9.581
2016-09-22,26.6,15.2,0.0,0.02359,4.3,25.15,12.23,17.64,49.63,0.0,22.2,9.577
2016-09-23,23.1,13.2,0.0,0.023850000000000003,4.18,21.2,11.57,15.5,57.66,0.0,17.24,9.607
2016-09-24,23.9,14.7,0.0,0.02425,4.21,22.95,11.19,16.29,51.65,0.0,12.34,9.596
2016-09-25,22.1,13.4,0.0,0.023899999999999998,4.05,21.6,10.44,14.31,61.54,0.0,12.85,9.594
2016-09-26,24.3,13.8,0.0,0.02445,4.26,22.08,10.36,15.21,57.99,0.0,13.84,9.576
2016-09-27,23.7,12.5,0.0,0.024120000000000003,4.16,22.76,11.09,16.45,58.29,0.0,13.37,9.571
2016-09-28,20.8,14.4,0.0,0.01597,2.65,20.73,10.4,15.02,67.61,0.1,7.83,9.591
2016-09-29,18.6,12.6,0.0,0.01725,2.79,16.01,8.94,11.65,81.13,0.47,22.29,9.623999999999999
2016-09-30,22.8,12.6,0.0,0.0245,4.33,21.22,8.29,13.96,58.13,0.0,25.05,9.605
2016-10-01,22.4,13.0,0.0,0.024579999999999998,4.13,20.89,9.77,14.36,62.48,0.01,16.79,9.597
2016-10-02,25.1,14.5,0.0,0.02556,4.54,23.08,10.93,16.08,55.33,0.0,19.82,9.6
2016-10-03,23.6,12.1,0.0,0.02432,4.25,20.8,11.09,14.6,62.59,0.0,21.77,9.613
2016-10-04,24.2,13.2,0.7,0.02562,4.74,21.35,10.66,15.44,58.66,0.06,25.84,9.625
2016-10-05,27.0,16.1,0.0,0.02595,5.23,24.9,12.01,17.52,43.26,0.0,24.98,9.601
2016-10-06,25.8,15.4,0.0,0.02548,4.9,23.65,11.76,16.89,55.13,0.0,24.83,9.577
2016-10-07,23.4,13.0,0.0,0.02622,4.61,21.08,10.33,14.81,62.27,0.0,26.27,9.588
2016-10-08,24.8,14.2,0.0,0.026600000000000002,4.96,23.49,9.73,15.59,48.88,0.0,26.75,9.588
2016-10-09,24.3,15.4,0.0,0.02634,4.81,22.67,11.39,16.11,50.2,0.0,26.45,9.58
2016-10-10,24.7,13.8,0.0,0.02657,4.86,21.52,8.96,15.16,61.14,0.0,20.52,9.608
2016-10-11,25.0,15.8,0.0,0.023960000000000002,4.64,22.27,12.21,16.12,55.18,0.0,22.82,9.593
2016-10-12,20.2,16.0,0.3,0.01059,2.28,17.93,11.52,14.47,64.82,0.35,13.21,9.595
2016-10-13,22.6,13.7,0.0,0.02517,4.44,22.08,10.79,15.45,63.24,0.0,20.19,9.595
2016-10-14,22.4,14.3,0.0,0.01584,2.93,20.01,11.92,15.37,66.72,0.01,11.17,9.576
2016-10-15,20.4,14.5,15.1,0.01294,2.26,19.17,11.39,14.29,77.13,3.95,9.14,9.559000000000001
2016-10-16,16.5,12.7,14.5,0.01422,2.14,15.78,9.32,11.73,80.5,2.53,17.65,9.603
2016-10-17,16.5,11.1,0.2,0.01635,2.67,17.14,8.49,11.36,72.33,0.0,15.31,9.597
2016-10-18,15.8,10.0,0.7,0.01858,2.98,14.38,7.01,10.07,67.84,0.05,24.23,9.631
2016-10-19,18.1,10.3,0.0,0.02548,3.92,18.12,5.67,11.22,62.42,0.0,27.23,9.631
2016-10-20,24.0,12.0,0.0,0.02894,5.08,22.65,6.51,14.59,52.3,0.0,28.84,9.589
2016-10-21,24.7,15.0,0.0,0.02802,4.97,22.34,11.6,15.98,53.11,0.0,25.77,9.547
2016-10-22,19.9,13.5,0.0,0.01846,3.1,17.96,9.53,12.91,77.25,0.05,13.26,9.581999999999999
2016-10-23,19.1,12.3,0.0,0.01952,3.24,16.74,9.87,12.82,74.66,0.02,23.98,9.619
2016-10-24,21.7,8.8,0.0,0.02855,4.82,19.17,9.7,13.95,65.98,0.01,28.24,9.64
2016-10-25,25.7,12.9,0.0,0.02955,5.63,22.58,9.33,15.72,53.27,0.0,28.66,9.615
2016-10-26,29.4,15.0,0.0,0.02962,6.23,26.99,12.51,19.7,46.09,0.0,29.21,9.564
2016-10-27,26.3,17.7,0.0,0.02922,5.55,26.37,14.36,20.18,50.32,0.01,20.77,9.542
2016-10-28,23.8,15.7,0.0,0.02589,4.62,22.22,12.86,17.79,65.42,0.04,15.8,9.573
2016-10-29,24.6,14.6,0.0,0.026359999999999998,4.68,23.51,12.32,17.33,68.0,0.06,14.93,9.591
2016-10-30,22.7,15.9,1.6,0.02426,4.29,21.66,12.27,16.45,70.4,0.05,14.57,9.598
2016-10-31,21.2,12.6,0.0,0.02134,3.92,21.34,10.33,14.88,61.56,0.14,19.72,9.593
2016-11-01,22.7,10.6,0.0,0.030440000000000002,5.5,20.9,8.02,14.41,46.2,0.31,31.13,9.622
2016-11-02,26.5,14.6,0.0,0.030690000000000002,6.24,24.05,10.8,17.28,30.8,0.0,30.56,9.602
2016-11-03,34.7,17.5,0.0,0.030899999999999997,7.77,31.19,14.05,22.28,36.88,0.0,30.19,9.572
2016-11-04,28.9,20.1,0.0,0.03032,6.34,27.1,15.01,20.62,50.22,0.0,26.08,9.575
2016-11-05,28.2,18.8,0.0,0.03009,5.78,26.55,15.15,20.21,52.56,0.0,18.85,9.579
2016-11-06,27.6,17.4,0.0,0.02986,5.7,26.16,14.84,19.95,51.47,0.0,22.07,9.574
2016-11-07,29.1,16.8,0.0,0.0305,6.03,27.27,14.2,19.7,49.49,0.0,24.62,9.581999999999999
2016-11-08,25.4,15.4,0.0,0.03043,5.57,23.03,12.72,17.17,54.21,0.0,22.12,9.592
2016-11-09,28.0,16.7,0.0,0.031059999999999997,6.18,26.0,13.6,19.03,44.24,0.0,30.88,9.576
2016-11-10,28.2,17.9,0.0,0.03159,6.25,25.63,13.61,19.26,42.37,0.0,31.06,9.573
2016-11-11,27.6,18.3,0.0,0.031760000000000004,6.18,24.73,12.8,18.18,45.44,0.0,30.46,9.583
2016-11-12,26.1,17.1,0.0,0.02951,5.76,23.76,12.12,17.07,50.61,0.0,22.11,9.577
2016-11-13,25.5,15.8,0.0,0.02517,4.96,21.36,11.98,16.27,55.58,0.0,20.23,9.591
2016-11-14,26.3,15.3,0.0,0.03159,6.12,24.43,11.98,17.68,50.04,0.0,31.23,9.592
2016-11-15,26.5,15.5,0.0,0.03153,5.98,23.74,12.59,18.03,52.82,0.0,29.18,9.589
2016-11-16,27.9,17.2,0.0,0.03143,6.25,24.19,12.79,18.31,48.07,0.0,31.5,9.587
2016-11-17,33.4,17.8,0.0,0.03313,7.43,29.68,15.09,21.94,31.57,0.0,32.81,9.555
2016-11-18,27.6,18.8,0.0,0.032189999999999996,6.3,25.6,14.87,19.84,49.31,0.01,24.66,9.565000000000001
2016-11-19,25.2,16.1,0.0,0.02994,5.44,23.96,13.17,17.96,61.63,0.01,27.61,9.576
2016-11-20,24.2,15.0,0.0,0.03056,5.45,21.56,11.61,15.99,64.28,0.28,24.96,9.574
2016-11-21,24.8,13.9,0.0,0.029670000000000002,5.37,21.07,10.65,15.88,64.07,0.11,28.34,9.57
2016-11-22,23.8,14.2,0.1,0.02599,4.73,20.39,10.27,15.26,69.39,0.0,25.67,9.581999999999999
2016-11-23,22.5,15.0,0.0,0.019809999999999998,3.74,19.7,12.19,15.01,73.16,0.13,16.96,9.594
2016-11-24,26.4,15.4,0.0,0.032409999999999994,6.01,25.63,12.75,18.53,55.87,0.0,31.1,9.577
2016-11-25,22.2,15.3,0.0,0.02001,3.62,19.42,12.45,14.99,77.95,0.01,19.49,9.591
2016-11-26,24.9,15.3,0.0,0.03245,5.92,22.54,12.16,16.7,67.22,0.0,32.44,9.607
2016-11-27,24.7,13.9,0.1,0.03203,5.88,22.73,10.25,16.25,59.99,0.0,31.21,9.604000000000001
2016-11-28,31.0,16.5,0.0,0.03354,6.99,28.32,12.26,20.67,35.59,0.0,32.94,9.575
2016-11-29,29.7,19.5,0.0,0.03264,6.47,27.15,15.03,21.33,47.68,0.01,20.88,9.55
2016-11-30,27.4,17.5,0.0,0.03172,6.02,26.45,14.83,20.47,54.03,0.04,21.37,9.559000000000001
2016-12-01,27.5,16.2,0.0,0.03233,6.19,26.07,13.83,19.97,56.27,0.04,20.88,9.567
2016-12-02,27.3,17.9,0.0,0.031100000000000003,5.88,25.82,15.23,20.26,54.85,0.01,19.26,9.583
2016-12-03,26.5,17.3,0.0,0.02931,5.42,24.97,13.43,19.06,60.36,0.08,17.04,9.586
2016-12-04,23.5,15.4,0.9,0.02238,4.13,21.03,12.88,16.52,70.98,0.2,20.18,9.6
2016-12-05,26.2,14.6,0.0,0.03343,6.43,25.44,11.77,18.53,49.19,0.0,34.31,9.583
2016-12-06,26.8,17.0,0.0,0.033530000000000004,6.49,25.64,13.17,18.23,47.96,0.0,33.69,9.579
2016-12-07,25.3,16.1,0.0,0.03275,5.92,23.12,12.05,16.87,59.45,0.0,22.96,9.579
2016-12-08,24.9,15.7,3.1,0.03034,5.44,22.22,10.98,16.16,69.64,1.49,19.37,9.567
2016-12-09,22.7,15.7,13.1,0.014539999999999999,2.84,21.05,12.73,16.15,72.78,6.26,16.28,9.608
2016-12-10,25.7,16.8,0.0,0.03138,5.65,25.94,13.42,19.24,60.76,0.0,30.84,9.607
2016-12-11,29.8,19.1,0.0,0.03258,6.55,27.78,15.74,21.15,57.04,0.01,31.88,9.581
2016-12-12,26.8,17.4,0.0,0.03265,6.02,26.88,14.88,20.53,54.58,0.36,33.42,9.572
2016-12-13,30.3,18.4,0.0,0.03367,6.74,29.74,14.77,21.76,39.97,0.0,34.25,9.561
2016-12-14,30.4,20.9,0.0,0.033780000000000004,6.87,28.52,17.03,22.39,39.38,0.0,33.53,9.556999999999999
2016-12-15,27.6,19.5,0.0,0.03239,6.11,25.93,16.16,20.53,53.68,0.0,23.52,9.57
2016-12-16,26.8,17.1,0.0,0.02929,5.42,25.73,14.09,19.64,62.39,0.01,25.01,9.592
2016-12-17,26.1,15.9,0.0,0.03218,5.94,25.05,13.68,18.8,61.62,0.0,16.57,9.59
2016-12-18,28.3,16.0,0.0,0.033600000000000005,6.48,28.03,13.82,20.94,47.72,0.0,29.81,9.565999999999999
2016-12-19,28.0,18.0,0.0,0.03322,6.39,26.26,14.48,20.54,47.07,0.0,27.83,9.556000000000001
2016-12-20,27.6,16.7,0.0,0.033530000000000004,6.5,25.72,13.71,19.13,50.43,0.0,32.11,9.581999999999999
2016-12-21,27.1,16.4,0.0,0.03288,6.42,25.98,13.73,19.42,51.73,0.0,31.81,9.568999999999999
2016-12-22,26.3,15.8,0.0,0.03337,6.33,24.77,11.51,18.0,55.3,0.0,33.26,9.581
2016-12-23,26.4,16.5,0.0,0.033100000000000004,6.25,24.35,12.02,17.96,54.28,0.0,31.63,9.584999999999999
2016-12-24,25.7,15.2,0.0,0.033659999999999995,6.16,24.03,11.49,17.54,58.12,0.0,32.83,9.567
2016-12-25,23.3,14.3,0.0,0.030780000000000002,5.42,21.08,11.53,16.21,66.75,0.96,31.54,9.58
2016-12-26,23.3,15.5,1.5,0.026350000000000002,4.89,18.25,12.29,14.78,71.67,7.43,26.94,9.592
2016-12-27,29.6,16.2,0.0,0.0339,6.82,25.67,11.99,19.36,51.74,0.0,33.76,9.562000000000001
2016-12-28,28.5,18.7,0.0,0.0324,6.19,24.76,14.91,19.83,58.34,0.02,24.24,9.556000000000001
2016-12-29,26.8,16.6,0.0,0.030109999999999998,5.61,24.47,14.64,19.05,66.13,0.04,20.55,9.57
2016-12-30,27.3,16.4,0.0,0.03203,5.98,25.76,13.56,19.22,68.0,0.02,30.35,9.574
2016-12-31,26.3,15.7,0.0,0.03203,5.96,24.91,12.81,18.51,65.19,0.02,23.09,9.591
2017-01-01,24.0,13.9,0.0,0.03288,5.61,27.93,14.29,20.51,51.22,0.0,33.14,9.586
2017-01-02,23.9,13.7,0.0,0.03314,5.73,25.96,14.06,19.86,49.5,0.0,32.22,9.583
2017-01-03,24.1,12.6,0.0,0.03324,5.82,27.11,14.2,20.22,42.93,0.0,33.97,9.568000000000001
2017-01-04,23.4,11.4,0.0,0.03345,5.73,27.09,13.85,19.81,41.04,0.0,34.0,9.543000000000001
2017-01-05,22.6,14.4,0.0,0.03309,5.62,25.9,14.08,19.88,43.64,0.0,33.25,9.549
2017-01-06,23.2,13.7,0.0,0.0329,5.68,24.83,14.14,19.12,55.03,0.0,30.92,9.577
2017-01-07,23.2,13.6,0.0,0.0315,5.34,26.46,14.68,20.45,54.28,0.01,30.03,9.584999999999999
2017-01-08,23.2,14.9,0.0,0.032,5.31,26.66,15.21,20.63,55.38,0.03,25.47,9.574
2017-01-09,24.9,15.0,0.0,0.03131,5.47,27.12,14.35,20.46,53.81,0.02,31.85,9.577
2017-01-10,23.0,14.3,0.0,0.03215,5.48,25.23,14.1,19.2,56.73,0.0,30.8,9.581
2017-01-11,23.8,13.7,0.0,0.03236,5.56,27.84,14.72,20.94,45.26,0.0,32.17,9.564
2017-01-12,26.0,13.9,0.0,0.032490000000000005,5.79,28.86,15.53,21.98,46.26,0.0,31.77,9.559000000000001
2017-01-13,25.2,16.1,0.0,0.03226,5.7,30.1,17.49,22.87,42.04,0.0,31.22,9.558
2017-01-14,24.1,14.8,0.0,0.03089,5.36,26.98,15.18,20.71,48.48,0.0,26.44,9.549
2017-01-15,22.7,13.4,0.0,0.03194,5.38,26.28,14.9,20.29,44.79,0.0,30.41,9.556999999999999
2017-01-16,22.7,13.5,0.0,0.03105,5.12,26.15,14.74,20.41,46.4,0.0,26.68,9.578
2017-01-17,26.6,16.3,0.0,0.032380000000000006,5.92,31.29,17.37,23.56,36.53,0.0,32.86,9.55
2017-01-18,25.5,16.0,0.0,0.03257,5.89,29.06,17.88,22.72,37.26,0.0,33.07,9.553
2017-01-19,26.9,14.5,0.0,0.03225,5.75,30.56,17.88,23.53,36.31,0.0,31.33,9.565000000000001
2017-01-20,25.7,15.5,0.0,0.03187,5.73,32.04,18.96,24.94,34.73,0.0,31.41,9.549
2017-01-21,25.2,15.6,0.0,0.03028,5.32,28.11,17.23,23.01,46.53,0.0,29.4,9.567
2017-01-22,24.6,16.6,0.0,0.02995,5.11,26.63,15.58,21.18,50.78,0.01,27.8,9.581999999999999
2017-01-23,24.8,17.4,0.0,0.02979,5.29,26.35,14.88,20.63,53.27,0.24,25.55,9.586
2017-01-24,26.8,15.5,0.0,0.03132,5.82,30.79,16.84,23.3,40.93,0.0,29.08,9.558
2017-01-25,27.2,16.0,0.0,0.031420000000000003,5.92,30.3,18.73,24.36,40.36,0.0,30.03,9.547
2017-01-26,26.5,17.4,0.0,0.03065,5.55,28.79,19.39,23.92,50.6,0.0,26.49,9.565999999999999
2017-01-27,25.2,18.6,0.0,0.02843,5.03,26.47,18.13,22.39,61.83,0.0,29.64,9.575
2017-01-28,24.8,18.3,0.0,0.02786,4.83,25.57,17.41,21.71,61.36,0.0,22.78,9.555
2017-01-29,24.1,16.4,0.0,0.02786,4.79,27.66,17.29,22.09,55.84,0.0,21.07,9.551
2017-01-30,25.0,16.4,0.0,0.02896,5.14,28.65,17.47,22.72,49.9,0.0,24.19,9.565999999999999
2017-01-31,23.4,16.7,0.0,0.03019,5.13,27.77,16.65,21.89,46.8,0.0,27.0,9.568000000000001
2017-02-01,22.7,14.7,0.0,0.02949,4.94,27.45,16.2,21.27,48.3,0.0,22.91,9.561
2017-02-02,21.8,15.2,0.0,0.026719999999999997,4.47,25.55,14.15,19.06,57.86,0.01,22.12,9.559000000000001
2017-02-03,21.5,13.4,0.0,0.02314,3.97,23.13,13.91,17.01,66.52,0.01,17.63,9.565000000000001
2017-02-04,24.3,15.4,0.0,0.0296,5.27,22.85,13.59,18.21,66.07,0.38,28.8,9.588
2017-02-05,24.4,15.2,0.0,0.03043,5.34,28.74,15.72,21.63,42.68,0.0,30.38,9.559000000000001
2017-02-06,24.1,15.6,0.0,0.0296,5.13,26.86,15.59,20.6,50.92,0.0,24.25,9.554
2017-02-07,22.5,15.4,0.0,0.02741,4.62,25.31,13.75,19.12,60.72,0.08,25.41,9.561
2017-02-08,22.1,14.3,0.0,0.02677,4.57,25.27,12.99,18.27,56.6,0.02,29.58,9.581
2017-02-09,22.4,11.9,0.0,0.03024,5.07,25.54,12.65,18.95,52.23,0.0,29.76,9.576
2017-02-10,24.3,13.9,0.0,0.02885,4.99,24.47,14.78,19.19,53.29,0.01,24.23,9.575
2017-02-11,22.4,14.4,0.0,0.02884,4.78,25.72,14.12,19.63,51.75,0.02,26.28,9.584
2017-02-12,24.1,14.0,0.0,0.02856,4.89,25.77,15.23,20.26,52.59,0.0,23.64,9.562999999999999
2017-02-13,22.3,14.9,0.0,0.02538,4.28,25.01,16.16,20.16,60.02,0.11,19.66,9.553
2017-02-14,23.0,15.5,0.0,0.027059999999999997,4.61,25.04,15.64,20.03,60.15,0.0,22.89,9.573
2017-02-15,23.2,15.1,0.0,0.027600000000000003,4.73,26.33,15.48,20.4,61.38,0.0,27.13,9.6
2017-02-16,23.6,14.9,0.0,0.026789999999999998,4.57,25.88,15.24,19.53,67.37,0.0,24.8,9.6
2017-02-17,23.4,14.9,0.0,0.02647,4.52,24.06,14.82,18.96,64.74,0.0,23.34,9.591
2017-02-18,23.8,13.5,0.0,0.02844,5.08,25.87,14.29,19.6,47.49,0.0,28.7,9.6
2017-02-19,25.5,14.5,0.0,0.028300000000000002,5.12,27.05,15.32,20.84,49.93,0.0,28.37,9.581999999999999
2017-02-20,25.6,15.8,0.0,0.02784,4.97,26.6,16.58,21.51,54.82,0.0,25.85,9.577
2017-02-21,25.1,16.5,0.0,0.02641,4.52,28.07,18.39,23.11,54.19,0.0,21.81,9.565000000000001
2017-02-22,25.0,16.9,0.0,0.02384,4.2,28.06,18.34,22.7,58.38,0.08,18.66,9.547
2017-02-23,24.7,17.6,0.0,0.02484,4.42,25.57,17.74,21.37,67.54,0.08,22.39,9.553
2017-02-24,25.4,17.1,0.0,0.02425,4.38,25.52,18.04,21.6,64.12,0.58,20.46,9.559000000000001
2017-02-25,24.1,16.8,0.6,0.0221,3.95,25.22,17.31,21.25,64.98,0.07,16.3,9.555
2017-02-26,26.8,16.6,0.0,0.02135,4.12,28.56,17.4,22.3,64.41,0.0,22.12,9.562999999999999
2017-02-27,26.0,18.2,0.0,0.0242,4.47,27.4,18.39,22.01,66.57,0.03,25.42,9.581999999999999
2017-02-28,26.0,18.1,0.0,0.02534,4.6,28.11,17.56,21.56,67.37,0.01,25.91,9.573
2017-03-01,24.4,17.4,0.0,0.02511,4.4,26.89,16.17,20.8,65.67,0.0,26.03,9.552
2017-03-02,26.2,16.8,0.1,0.021920000000000002,4.09,26.77,15.81,20.3,66.54,0.0,24.2,9.568000000000001
2017-03-03,25.2,16.7,0.0,0.02461,4.55,24.87,14.16,18.88,63.73,0.0,23.86,9.575
2017-03-04,23.3,14.1,0.0,0.026019999999999998,4.53,25.58,12.77,18.66,56.1,0.0,26.14,9.573
2017-03-05,24.5,14.4,0.0,0.02568,4.61,26.85,15.3,20.13,43.67,0.0,26.2,9.554
2017-03-06,25.3,15.2,0.0,0.026019999999999998,4.77,29.61,16.1,22.02,35.19,0.0,26.79,9.552
2017-03-07,24.4,14.5,0.0,0.022269999999999998,4.01,23.18,14.55,19.37,49.48,0.0,19.64,9.556000000000001
2017-03-08,22.9,14.4,0.0,0.0245,4.26,24.9,13.4,18.39,50.53,0.01,24.66,9.568999999999999
2017-03-09,23.6,12.3,0.0,0.02494,4.42,24.82,13.23,18.47,46.63,0.15,25.68,9.591
2017-03-10,22.8,11.8,0.0,0.02583,4.52,25.39,12.49,18.37,37.99,0.0,26.17,9.581
2017-03-11,24.1,11.3,0.0,0.02548,4.48,26.81,12.24,19.0,37.57,3.03,25.52,9.59
2017-03-12,24.9,14.2,0.0,0.02571,4.83,31.94,15.56,22.21,26.5,0.0,26.07,9.546
2017-03-13,21.6,12.5,0.0,0.02488,4.05,26.12,15.33,20.2,47.9,0.02,19.52,9.546
2017-03-14,22.8,15.5,0.4,0.02182,3.9,23.0,13.15,17.17,68.25,0.11,20.34,9.57
2017-03-15,23.4,12.8,0.0,0.02419,4.01,26.88,13.84,19.4,51.29,0.18,20.2,9.583
2017-03-16,21.1,13.3,0.0,0.0233,3.77,24.08,14.59,18.6,52.73,0.0,15.02,9.588
2017-03-17,21.1,12.7,0.0,0.02149,3.49,25.04,14.77,19.29,54.4,0.0,15.44,9.591
2017-03-18,21.0,12.6,0.0,0.022760000000000002,3.63,25.56,15.69,19.93,56.15,0.0,16.0,9.581
2017-03-19,21.0,13.5,0.0,0.020210000000000002,3.31,24.19,14.85,18.67,63.93,0.0,15.72,9.598
2017-03-20,21.3,14.0,0.0,0.02136,3.51,23.99,13.61,18.57,59.85,0.0,17.57,9.591
2017-03-21,20.7,13.0,0.0,0.022170000000000002,3.54,25.29,14.7,19.2,53.69,0.0,14.13,9.579
2017-03-22,19.7,13.5,0.0,0.01774,2.83,23.83,15.29,19.0,57.69,0.01,12.6,9.584
2017-03-23,20.8,13.4,0.0,0.01504,2.49,24.33,14.01,18.85,63.94,0.01,11.01,9.586
2017-03-24,21.8,16.1,0.1,0.01426,2.59,22.63,13.37,17.13,74.6,0.02,12.84,9.583
2017-03-25,21.3,13.1,0.0,0.02117,3.54,22.59,13.01,16.79,73.11,0.0,19.95,9.586
2017-03-26,22.9,13.2,0.0,0.022350000000000002,3.95,23.69,13.53,17.27,58.63,0.0,21.97,9.587
2017-03-27,22.8,12.7,0.0,0.02195,3.7,24.74,13.8,18.22,57.3,0.02,21.05,9.581
2017-03-28,21.5,14.2,0.0,0.02154,3.53,23.57,13.02,17.54,65.32,0.02,18.94,9.587
2017-03-29,21.7,14.0,0.0,0.01769,3.12,19.47,12.47,15.39,76.33,0.15,19.39,9.603
2017-03-30,21.7,12.2,0.0,0.02157,3.57,22.99,12.58,16.81,57.05,0.0,20.89,9.571
2017-03-31,21.0,14.3,0.0,0.02038,3.29,22.95,11.31,16.26,66.37,0.0,19.06,9.587
2017-04-01,20.2,14.1,0.0,0.013699999999999999,2.41,21.03,11.02,14.91,73.14,0.04,18.43,9.622
2017-04-02,22.2,10.8,0.0,0.02095,3.52,23.71,10.94,16.99,53.97,0.0,21.85,9.602
2017-04-03,20.7,12.2,0.0,0.018,2.99,23.25,13.26,17.4,51.62,0.01,17.38,9.562999999999999
2017-04-04,19.4,13.1,0.0,0.0145,2.41,22.09,12.74,16.31,64.68,0.19,17.03,9.594
2017-04-05,22.3,10.9,0.0,0.020309999999999998,3.37,26.18,13.08,18.6,46.31,0.0,20.88,9.584999999999999
2017-04-06,21.7,12.1,0.0,0.02002,3.25,24.43,12.41,17.47,54.78,0.17,19.86,9.568999999999999
2017-04-07,19.6,13.6,0.6,0.01457,2.56,19.03,10.33,14.26,72.17,2.58,15.78,9.598
2017-04-08,19.0,9.5,0.0,0.01988,3.22,17.24,9.69,12.84,67.16,0.09,18.33,9.595
2017-04-09,20.1,10.0,0.0,0.019809999999999998,3.17,21.26,9.29,14.45,52.19,0.0,19.37,9.584
2017-04-10,22.5,10.3,0.0,0.019690000000000003,3.4,26.54,11.39,18.32,34.9,0.02,19.4,9.586
2017-04-11,21.8,13.7,0.0,0.019469999999999998,3.22,24.53,16.03,19.3,39.18,0.05,15.2,9.559999999999999
2017-04-12,20.3,12.4,0.1,0.01613,2.59,23.11,13.96,17.69,58.88,0.04,17.44,9.562999999999999
2017-04-13,21.5,11.7,0.0,0.01732,2.85,21.12,12.48,15.63,74.38,0.02,16.67,9.571
2017-04-14,20.9,11.6,0.0,0.01779,2.91,19.63,11.43,14.98,77.61,0.02,17.84,9.583
2017-04-15,19.9,13.3,0.0,0.00936,1.74,21.52,11.55,15.68,68.92,0.0,8.53,9.578
2017-04-16,19.7,13.2,0.0,0.01099,1.89,18.48,12.34,15.36,66.25,0.05,9.11,9.561
2017-04-17,19.4,13.2,0.1,0.01731,2.75,20.66,11.34,15.31,70.82,0.08,13.22,9.559999999999999
2017-04-18,22.4,12.7,3.9,0.01506,2.51,22.19,12.05,15.95,69.79,0.95,13.0,9.581999999999999
2017-04-19,21.1,11.9,0.0,0.01686,2.71,21.55,12.88,16.59,66.04,0.07,13.89,9.612
2017-04-20,23.7,15.2,0.2,0.008060000000000001,1.84,22.54,14.44,17.1,67.89,1.49,10.64,9.620999999999999
2017-04-21,22.2,14.5,0.0,0.01693,2.79,24.61,13.69,17.91,59.37,0.0,17.42,9.593
2017-04-22,21.8,13.2,0.0,0.01692,2.8,25.31,12.82,18.01,50.14,0.0,17.14,9.59
2017-04-23,21.1,12.5,0.0,0.01702,2.8,21.63,11.76,15.74,54.05,0.0,16.89,9.589
2017-04-24,18.7,9.7,0.2,0.014539999999999999,2.33,21.62,11.23,14.81,53.65,0.2,13.63,9.584
2017-04-25,19.0,9.7,0.5,0.01394,2.3,19.24,9.42,13.46,57.51,0.52,16.61,9.623000000000001
2017-04-26,21.0,9.0,0.0,0.0171,2.8,23.56,10.07,15.89,30.28,0.0,17.79,9.601
2017-04-27,20.2,11.3,0.0,0.01711,2.78,24.8,13.57,17.63,31.85,0.0,16.58,9.588
2017-04-28,20.5,11.1,0.0,0.01681,2.72,26.24,14.52,18.89,33.91,0.0,16.74,9.586
2017-04-29,22.3,12.8,0.0,0.01669,2.79,26.41,14.85,19.25,36.08,0.0,16.58,9.57
2017-04-30,19.0,11.7,0.0,0.016300000000000002,2.43,24.78,15.64,18.77,40.29,0.13,12.82,9.575
2017-05-01,18.7,12.0,0.1,0.01216,1.92,22.71,12.31,16.31,54.83,0.27,8.31,9.593
2017-05-02,19.5,10.5,0.0,0.01471,2.27,20.91,10.91,15.22,57.63,0.06,14.54,9.616
2017-05-03,19.6,10.2,0.0,0.01584,2.52,25.33,13.4,17.49,45.05,0.88,15.57,9.58
2017-05-04,18.7,10.3,0.0,0.01444,2.18,23.68,12.82,16.72,51.2,6.19,10.39,9.572
2017-05-05,16.7,9.6,0.0,0.0134,1.89,20.39,11.08,15.75,58.75,0.65,7.22,9.553
2017-05-06,18.9,10.8,0.2,0.00747,1.57,16.97,9.43,12.63,86.22,1.08,9.06,9.565000000000001
2017-05-07,17.5,12.2,12.8,0.0077,1.38,14.8,11.5,12.94,88.37,17.05,4.63,9.602
2017-05-08,20.5,12.2,3.4,0.013130000000000001,2.1,18.68,11.64,14.36,79.74,4.2,13.27,9.592
2017-05-09,18.0,11.0,0.0,0.010289999999999999,1.54,19.09,12.46,14.78,71.36,0.01,7.64,9.556999999999999
2017-05-10,19.9,11.6,3.7,0.01119,1.96,18.29,11.39,14.25,77.37,3.01,9.85,9.556999999999999
2017-05-11,15.4,13.4,54.7,0.0020800000000000003,1.08,13.32,9.69,11.41,88.85,52.31,2.67,9.556999999999999
2017-05-12,19.6,13.1,3.3,0.00588,1.54,15.05,10.49,12.47,79.3,4.04,5.61,9.562000000000001
2017-05-13,20.7,12.9,0.0,0.01264,2.14,18.81,11.51,14.27,77.53,0.09,12.73,9.602
2017-05-14,18.1,12.1,0.3,0.0062699999999999995,1.14,18.56,11.83,14.14,74.68,0.37,6.47,9.614
2017-05-15,16.4,10.0,0.0,0.011519999999999999,1.68,18.91,10.96,13.89,66.24,0.01,9.8,9.601
2017-05-16,16.5,10.4,0.0,0.005730000000000001,1.1,16.52,9.21,12.1,83.1,0.12,7.04,9.604000000000001
2017-05-17,17.2,12.1,1.3,0.00951,1.63,15.85,9.77,11.81,82.54,9.64,8.64,9.59
2017-05-18,14.2,10.0,19.0,0.00886,1.4,10.07,7.15,8.63,83.99,13.78,7.55,9.613
2017-05-19,15.3,5.3,0.0,0.01394,1.95,15.35,5.93,9.89,62.44,0.0,13.98,9.616
2017-05-20,15.9,5.1,0.0,0.01392,2.01,17.98,8.36,12.17,50.55,0.0,13.96,9.607
2017-05-21,16.9,6.9,0.0,0.01293,1.99,19.19,10.29,13.6,50.56,0.0,12.92,9.587
2017-05-22,15.3,8.6,0.0,0.0067,1.09,14.03,9.46,11.79,68.48,0.0,5.73,9.583
2017-05-23,14.7,8.7,0.0,0.00654,1.07,12.5,8.69,10.07,83.25,0.0,4.5,9.588
2017-05-24,13.4,9.3,1.3,0.0043,0.76,12.95,9.47,10.81,77.44,1.57,4.47,9.573
2017-05-25,17.3,10.0,8.4,0.009460000000000001,1.69,15.15,8.78,11.16,77.76,1.34,9.76,9.618
2017-05-26,18.4,8.6,0.0,0.01271,1.98,17.2,10.3,12.82,63.19,0.12,12.46,9.629000000000001
2017-05-27,17.3,8.5,0.0,0.01264,1.82,17.21,9.79,12.54,64.99,0.0,12.95,9.631
2017-05-28,16.0,9.2,0.0,0.01168,1.63,15.84,8.94,11.47,67.0,0.0,9.85,9.608
2017-05-29,15.7,8.3,0.0,0.01201,1.67,14.85,8.14,10.74,81.52,0.01,9.08,9.620000000000001
2017-05-30,16.4,7.5,0.0,0.01248,1.69,17.46,8.55,11.94,72.67,0.01,12.22,9.65
2017-05-31,16.3,9.3,0.0,0.01259,1.76,19.91,9.98,13.72,52.48,0.0,13.02,9.623999999999999
2017-06-01,15.9,8.8,0.0,0.012230000000000001,1.68,20.07,9.94,13.36,54.91,0.0,11.17,9.6
2017-06-02,15.2,7.2,0.0,0.011470000000000001,1.58,15.76,8.03,11.18,66.68,0.0,10.74,9.588
2017-06-03,16.0,5.6,0.0,0.01268,1.8,15.86,6.83,10.24,67.7,0.0,12.85,9.615
2017-06-04,14.7,5.5,0.0,0.01166,1.6,15.02,6.17,9.45,61.38,0.0,11.98,9.601
2017-06-05,13.9,4.9,0.0,0.01159,1.56,15.87,5.35,9.8,55.7,0.0,11.65,9.598
2017-06-06,14.5,4.8,0.0,0.01252,1.66,17.97,7.38,11.46,44.47,0.0,12.85,9.586
2017-06-07,13.4,5.7,1.9,0.0049900000000000005,0.98,12.07,7.38,9.55,74.7,12.88,4.25,9.626999999999999
2017-06-08,15.8,8.2,2.1,0.01073,1.65,14.39,8.06,10.05,78.66,5.58,9.0,9.689
2017-06-09,18.5,6.5,0.0,0.01233,1.89,18.07,8.82,12.13,58.4,0.0,12.35,9.642
2017-06-10,16.7,7.9,0.0,0.01243,1.8,20.97,11.14,14.38,49.28,0.0,12.76,9.578
2017-06-11,15.9,6.8,0.0,0.01216,1.65,19.45,10.34,13.5,48.86,0.0,11.62,9.593
2017-06-12,14.0,7.4,0.0,0.011130000000000001,1.4,19.28,10.1,13.28,52.71,0.0,8.02,9.584999999999999
2017-06-13,15.6,8.7,0.0,0.009470000000000001,1.37,18.16,10.14,12.98,57.18,0.0,7.74,9.588
2017-06-14,15.2,8.7,0.0,0.0077800000000000005,1.15,16.45,8.86,11.9,77.6,0.02,7.78,9.589
2017-06-15,17.1,6.5,0.0,0.00855,1.35,16.27,7.58,11.24,78.83,1.95,8.57,9.571
2017-06-16,17.6,9.5,44.6,0.0038900000000000002,0.91,14.1,8.4,12.11,85.23,35.07,3.93,9.556999999999999
2017-06-17,14.2,7.9,4.8,0.0059900000000000005,1.22,12.33,5.83,8.51,80.0,3.65,8.77,9.644
2017-06-18,14.4,3.6,0.0,0.01222,1.64,15.02,4.75,9.04,49.72,0.0,12.69,9.637
2017-06-19,16.6,3.8,0.1,0.00939,1.66,19.05,8.91,12.99,42.56,0.0,7.66,9.588
2017-06-20,14.5,9.7,0.0,0.005849999999999999,1.09,16.49,10.24,12.57,57.82,0.0,4.15,9.568999999999999
2017-06-21,16.0,7.3,0.0,0.008199999999999999,1.28,14.39,9.96,11.29,76.88,0.04,6.09,9.562999999999999
2017-06-22,14.6,10.9,0.7,0.00244,0.66,13.09,10.0,11.59,83.01,40.58,1.66,9.578
2017-06-23,17.4,10.1,0.6,0.00809,1.32,15.88,10.34,12.47,74.87,2.42,7.11,9.555
2017-06-24,16.9,10.0,0.0,0.00522,0.97,16.21,11.25,12.9,78.12,1.58,4.12,9.520999999999999
2017-06-25,17.2,10.8,16.1,0.00443,1.03,16.84,10.6,13.24,81.95,22.96,4.58,9.541
2017-06-26,13.8,11.1,40.2,0.00176,0.56,12.06,9.03,10.46,90.61,24.91,1.44,9.573
2017-06-27,19.2,9.0,1.9,0.011550000000000001,1.9,16.54,9.95,12.2,71.74,1.22,11.68,9.626000000000001
2017-06-28,16.2,6.5,0.0,0.011810000000000001,1.61,17.0,10.37,12.57,64.24,0.0,11.7,9.631
2017-06-29,16.8,8.0,0.0,0.01214,1.7,19.04,9.53,13.22,55.76,0.0,11.51,9.64
2017-06-30,20.5,7.2,0.0,0.012240000000000001,1.99,22.59,11.26,15.57,53.2,0.0,12.17,9.596
2017-07-01,17.1,8.6,0.2,0.01227,1.74,22.62,13.61,16.72,49.96,0.02,9.6,9.567
2017-07-02,14.3,8.7,0.4,0.0096,1.27,22.12,12.33,15.67,54.41,0.03,6.11,9.576
2017-07-03,15.0,10.4,1.1,0.0039900000000000005,0.79,12.97,8.2,10.69,82.2,0.84,4.02,9.597
2017-07-04,13.6,6.1,8.8,0.0067800000000000004,1.1,10.83,6.23,8.22,82.67,11.09,8.23,9.632
2017-07-05,13.9,4.9,0.9,0.00541,1.1,12.86,6.33,9.22,59.9,0.0,4.19,9.626000000000001
2017-07-06,16.5,4.4,0.0,0.01122,1.71,17.07,8.27,11.69,57.31,0.0,9.42,9.633
2017-07-07,17.6,6.9,0.0,0.012230000000000001,1.82,17.95,10.64,13.09,62.19,0.02,11.87,9.618
2017-07-08,15.4,8.2,0.1,0.009869999999999999,1.32,17.52,9.49,12.37,64.62,0.05,8.1,9.626000000000001
2017-07-09,15.9,9.2,0.0,0.01143,1.56,18.87,10.14,12.89,67.79,0.03,10.64,9.623000000000001
2017-07-10,16.7,8.6,0.0,0.011869999999999999,1.62,18.47,10.1,12.98,61.14,0.0,12.01,9.595
2017-07-11,16.4,8.5,0.0,0.01214,1.66,19.98,11.16,14.11,49.25,0.0,12.84,9.568999999999999
2017-07-12,14.9,8.8,0.0,0.00766,1.21,14.43,9.14,11.43,79.31,0.84,6.78,9.591
2017-07-13,14.3,9.4,4.1,0.00564,0.89,13.81,7.92,10.69,89.88,3.72,7.99,9.644
2017-07-14,13.5,7.6,0.0,0.00936,1.3,14.01,7.06,9.49,79.13,1.78,9.73,9.633
2017-07-15,12.4,4.4,15.1,0.01183,1.7,7.34,3.03,5.25,84.17,13.35,10.76,9.665000000000001
2017-07-16,13.8,2.0,0.0,0.01299,1.94,9.87,3.16,5.48,68.41,0.06,13.0,9.684999999999999
2017-07-17,14.7,0.9,0.0,0.013550000000000001,2.03,17.52,3.62,10.37,46.38,0.0,13.58,9.638
2017-07-18,14.8,6.2,0.0,0.01326,1.91,19.5,10.34,14.06,47.32,0.0,13.41,9.609
2017-07-19,16.9,6.0,0.0,0.013,1.88,20.49,11.13,14.64,49.38,0.0,13.4,9.602
2017-07-20,20.5,7.8,0.0,0.01317,2.16,22.43,12.43,16.35,47.47,0.0,12.68,9.574
2017-07-21,13.9,6.3,0.0,0.01132,1.48,20.71,11.76,15.34,56.59,0.01,7.48,9.573
2017-07-22,14.8,9.1,0.7,0.006,1.05,15.03,9.28,11.78,77.87,0.07,4.33,9.598
2017-07-23,15.5,7.5,0.7,0.00966,1.44,13.68,9.89,11.27,89.04,0.11,6.95,9.626999999999999
2017-07-24,15.1,8.6,0.0,0.009869999999999999,1.32,15.4,7.71,10.86,81.68,0.0,13.61,9.611
2017-07-25,12.9,7.1,0.0,0.009519999999999999,1.23,15.46,7.75,10.99,67.87,0.0,11.69,9.599
2017-07-26,16.1,6.3,0.0,0.01374,1.86,19.04,8.87,12.83,56.73,0.0,14.31,9.586
2017-07-27,12.8,6.9,0.0,0.00984,1.3,16.6,7.68,11.33,65.32,0.0,11.45,9.593
2017-07-28,13.9,5.0,0.0,0.012150000000000001,1.61,14.59,7.71,10.2,72.25,0.0,11.91,9.612
2017-07-29,13.2,7.6,0.0,0.0095,1.29,15.49,6.04,9.83,71.13,0.0,11.74,9.617
2017-07-30,13.9,6.5,0.0,0.01349,1.75,16.3,6.18,10.66,64.97,0.0,14.53,9.61
2017-07-31,14.2,6.7,0.0,0.01359,1.76,16.87,7.86,11.51,63.74,0.0,13.23,9.583
2017-08-01,13.0,6.7,1.7,0.0054800000000000005,0.95,9.68,6.51,8.28,88.96,0.0,7.78,9.626999999999999
2017-08-02,15.1,4.5,0.0,0.01471,1.97,18.14,5.93,11.67,66.32,0.0,15.23,9.629000000000001
2017-08-03,13.6,8.3,0.0,0.011699999999999999,1.63,18.36,9.07,12.71,58.3,0.0,11.07,9.603
2017-08-04,13.1,8.0,0.0,0.00767,1.09,15.82,6.9,10.79,69.41,0.01,7.33,9.609
2017-08-05,13.0,8.1,0.2,0.00975,1.36,14.46,5.39,9.58,79.07,0.01,11.32,9.620999999999999
2017-08-06,15.5,7.2,0.0,0.01209,1.69,15.36,8.48,11.16,71.46,0.0,11.15,9.611
2017-08-07,15.0,9.3,0.0,0.00922,1.38,15.43,7.47,10.33,78.02,0.0,12.12,9.623999999999999
2017-08-08,18.2,6.6,0.0,0.01494,2.27,19.31,7.5,12.24,59.9,0.0,14.39,9.581
2017-08-09,16.6,8.4,1.4,0.00894,1.67,15.44,7.87,11.01,77.06,15.06,8.84,9.578
2017-08-10,14.1,9.9,36.6,0.004,0.91,11.25,8.01,9.34,91.22,26.61,6.0,9.592
2017-08-11,11.6,7.3,10.0,0.00337,0.71,9.98,6.17,7.9,87.8,8.73,5.82,9.612
2017-08-12,14.2,5.6,0.0,0.01529,2.13,13.0,4.72,8.17,75.81,0.11,15.41,9.662
2017-08-13,12.8,4.9,0.0,0.00546,1.02,13.73,5.13,9.01,59.34,0.17,9.0,9.669
2017-08-14,16.1,4.7,0.0,0.01648,2.38,17.22,6.77,11.43,58.41,0.0,16.65,9.631
2017-08-15,15.0,8.2,0.0,0.01083,1.45,16.93,9.2,12.22,53.68,0.0,13.1,9.622
2017-08-16,15.9,7.1,0.0,0.01578,2.13,19.85,9.54,13.4,56.8,0.0,17.13,9.61
2017-08-17,15.8,7.9,0.0,0.01476,1.99,20.22,9.09,13.73,60.72,0.01,16.11,9.601
2017-08-18,14.0,9.1,4.2,0.01052,1.52,15.51,8.59,10.96,76.32,7.54,8.82,9.608
2017-08-19,16.1,8.0,2.1,0.0159,2.22,15.14,7.66,10.68,75.26,1.49,13.62,9.645
2017-08-20,16.4,6.7,0.0,0.01734,2.42,19.0,6.84,12.67,47.61,0.0,17.5,9.611
2017-08-21,17.6,8.6,0.0,0.01725,2.48,23.46,11.2,15.38,50.71,0.0,17.11,9.568999999999999
2017-08-22,14.4,8.2,0.1,0.01093,1.58,16.01,9.76,11.87,74.75,3.26,8.24,9.59
2017-08-23,16.5,8.0,0.0,0.01507,2.17,15.72,6.78,10.63,79.06,7.03,12.83,9.599
2017-08-24,14.4,9.6,0.3,0.013529999999999999,1.98,14.99,5.64,9.2,76.26,0.11,15.3,9.583
2017-08-25,16.0,6.7,0.0,0.0174,2.5,15.17,6.14,9.8,74.7,0.0,17.38,9.620000000000001
2017-08-26,15.3,6.4,0.0,0.01417,2.01,14.7,7.5,10.18,74.0,0.01,12.77,9.617
2017-08-27,15.2,8.0,0.0,0.01565,2.28,14.88,5.99,9.64,82.58,0.01,16.94,9.606
2017-08-28,15.2,6.5,1.9,0.01247,1.9,13.38,6.63,8.99,84.53,3.83,10.37,9.620999999999999
2017-08-29,16.4,6.6,0.0,0.01881,2.64,15.87,4.88,9.48,63.19,0.79,19.52,9.653
2017-08-30,15.3,7.6,0.0,0.01908,2.58,19.2,7.31,12.33,52.79,0.0,19.93,9.606
2017-08-31,14.0,6.9,0.0,0.01567,2.05,20.04,8.79,12.89,55.9,0.0,16.95,9.58
2017-09-01,17.6,7.7,0.3,0.01525,2.26,15.89,7.4,10.9,70.62,0.69,14.22,9.608
2017-09-02,16.3,6.3,0.0,0.01634,2.34,15.53,7.52,10.9,77.37,0.04,16.35,9.615
2017-09-03,14.9,9.8,0.0,0.01531,2.26,12.26,5.69,8.8,82.93,0.0,15.41,9.66
2017-09-04,16.9,5.0,0.0,0.02004,2.85,17.85,4.92,10.9,56.65,0.0,20.82,9.658
2017-09-05,15.8,8.3,0.0,0.01697,2.43,17.24,7.66,12.19,55.05,0.0,16.04,9.601
2017-09-06,15.4,5.6,0.0,0.01887,2.59,17.27,7.14,11.53,62.14,0.0,19.71,9.596
2017-09-07,15.7,9.1,0.0,0.01614,2.32,15.83,7.42,10.73,73.94,0.02,16.23,9.602
2017-09-08,13.2,9.3,0.0,0.00912,1.53,13.17,7.51,9.23,83.29,0.06,10.79,9.595
2017-09-09,14.3,9.1,0.0,0.01151,1.79,10.0,6.74,8.26,87.33,1.76,9.33,9.597
2017-09-10,14.1,9.0,2.0,0.01286,1.99,12.01,5.19,8.16,83.35,1.78,15.81,9.661
2017-09-11,14.8,4.7,0.0,0.02025,2.76,14.92,5.47,9.65,68.63,0.0,19.65,9.603
2017-09-12,15.7,8.2,0.0,0.016890000000000002,2.43,13.0,5.73,9.2,84.62,0.01,15.77,9.628
2017-09-13,16.1,9.1,0.8,0.01777,2.6,13.31,6.82,9.67,83.61,0.05,18.41,9.67
2017-09-14,16.3,8.5,0.0,0.01744,2.45,17.54,6.67,11.37,65.33,0.0,20.56,9.659
2017-09-15,18.9,7.0,0.0,0.02133,3.12,20.26,6.76,13.57,50.23,0.01,22.79,9.617
2017-09-16,21.4,9.2,0.0,0.02258,3.56,23.25,11.29,16.61,44.5,0.0,22.88,9.58
2017-09-17,16.8,8.2,0.3,0.01705,2.41,22.66,12.18,16.37,52.34,0.0,10.89,9.581999999999999
2017-09-18,14.9,9.2,0.5,0.010119999999999999,1.56,19.16,9.06,14.43,65.93,0.12,8.63,9.576
2017-09-19,17.0,11.0,0.2,0.01905,2.93,10.85,8.47,9.57,88.67,0.19,14.28,9.628
2017-09-20,17.7,10.3,0.0,0.02139,3.05,16.8,7.49,11.65,75.95,0.0,22.41,9.651
2017-09-21,18.5,8.3,0.0,0.02197,3.14,20.05,8.87,13.82,64.06,0.0,23.17,9.622
2017-09-22,19.2,8.9,0.0,0.02133,3.11,22.59,9.72,16.17,52.78,0.0,22.84,9.588
2017-09-23,17.2,9.4,0.0,0.020329999999999997,2.91,23.25,11.57,16.17,57.86,0.0,16.83,9.576
2017-09-24,16.9,9.6,0.0,0.01554,2.28,20.97,9.45,14.18,68.74,0.0,16.53,9.613
2017-09-25,18.4,9.7,0.0,0.021070000000000002,3.07,21.19,10.86,15.02,62.28,0.0,22.88,9.601
2017-09-26,17.4,8.9,0.0,0.019809999999999998,2.93,21.51,10.39,15.0,59.95,0.0,20.34,9.579
2017-09-27,17.8,9.3,0.0,0.01948,2.94,20.92,11.27,15.58,62.16,0.0,17.5,9.565999999999999
2017-09-28,18.0,9.8,0.0,0.013,1.96,20.96,10.51,14.25,70.98,0.01,12.11,9.588
2017-09-29,17.5,9.2,1.5,0.01865,2.73,20.17,11.01,14.71,63.99,0.0,18.65,9.602
2017-09-30,15.6,9.6,6.4,0.0062,1.13,14.16,8.41,11.63,82.02,8.3,8.63,9.59
2017-10-01,17.5,9.6,0.0,0.016649999999999998,2.52,16.7,7.2,11.09,70.42,0.01,22.26,9.620000000000001
2017-10-02,17.0,8.2,0.0,0.02275,3.27,18.26,7.34,12.71,54.98,0.0,22.74,9.613
2017-10-03,19.1,7.7,0.0,0.0223,3.34,21.99,10.45,15.28,54.33,0.0,22.43,9.594
2017-10-04,16.8,9.8,4.7,0.01726,2.71,16.12,9.5,12.42,78.42,19.87,17.14,9.575
2017-10-05,18.2,9.9,20.5,0.02148,3.31,16.35,6.79,11.25,79.49,6.56,20.59,9.626999999999999
2017-10-06,18.9,8.0,0.0,0.02541,3.76,23.4,9.84,16.08,50.63,0.01,26.48,9.588
2017-10-07,15.5,10.0,0.2,0.01099,1.78,16.64,9.48,12.53,75.05,0.66,10.21,9.620999999999999
2017-10-08,16.6,9.5,0.0,0.02309,3.24,18.88,7.62,12.4,72.25,0.03,25.94,9.629000000000001
2017-10-09,17.6,9.0,0.0,0.02123,2.98,20.0,7.68,13.04,66.56,0.02,26.07,9.597
2017-10-10,15.6,8.8,0.0,0.02286,3.24,16.74,6.39,11.21,69.1,0.01,21.13,9.607
2017-10-11,14.6,7.0,0.0,0.01886,2.79,13.64,4.58,8.57,78.08,0.07,17.97,9.616
2017-10-12,15.3,8.8,0.0,0.02472,3.44,16.86,3.79,10.35,69.2,0.06,25.09,9.639
2017-10-13,18.7,8.0,0.0,0.026719999999999997,3.93,19.23,7.46,13.05,60.79,0.0,23.03,9.615
2017-10-14,19.8,9.2,0.0,0.02637,3.93,22.52,8.93,15.8,55.97,0.01,21.56,9.556999999999999
2017-10-15,19.2,10.3,0.0,0.023,3.39,22.11,10.87,15.69,55.89,0.02,20.78,9.544
2017-10-16,15.8,9.9,0.0,0.01235,1.98,19.84,9.44,13.93,70.06,0.07,14.37,9.587
2017-10-17,18.1,8.9,0.0,0.02523,3.63,21.65,9.27,14.24,64.23,0.0,24.28,9.597
2017-10-18,18.9,10.2,0.0,0.023100000000000002,3.47,20.14,9.72,14.38,68.39,0.0,24.03,9.61
2017-10-19,19.7,10.5,0.0,0.02686,4.1,24.3,10.89,16.78,51.88,0.0,28.79,9.567
2017-10-20,17.3,9.8,0.0,0.018420000000000002,2.79,19.67,10.64,14.58,58.98,0.0,18.8,9.578
2017-10-21,19.9,8.2,0.0,0.028210000000000002,4.35,24.74,9.51,17.24,50.26,0.0,29.6,9.578
2017-10-22,21.0,11.3,0.0,0.02668,4.28,23.45,11.35,16.62,54.56,0.0,25.02,9.588
2017-10-23,19.4,10.1,0.0,0.02763,4.27,22.26,10.83,15.55,59.21,0.0,27.1,9.601
2017-10-24,18.4,9.3,0.0,0.026600000000000002,3.93,20.79,9.96,14.51,66.28,0.0,22.31,9.6
2017-10-25,17.6,9.9,0.0,0.02562,3.73,20.78,9.27,14.19,68.02,0.0,21.1,9.589
2017-10-26,18.3,10.8,0.1,0.0195,2.91,18.54,8.45,13.3,71.88,0.0,15.83,9.602
2017-10-27,17.6,8.5,0.0,0.02515,3.62,22.51,9.3,14.89,61.97,0.0,21.71,9.58
2017-10-28,18.2,11.6,0.3,0.02114,3.33,17.73,8.77,12.33,76.57,0.01,18.3,9.597
2017-10-29,16.4,10.7,0.1,0.02129,3.32,17.26,7.2,11.9,69.22,0.0,25.53,9.620999999999999
2017-10-30,17.9,5.9,0.0,0.02933,4.36,19.92,6.83,12.78,58.66,0.0,30.35,9.623999999999999
2017-10-31,17.2,7.5,0.0,0.027280000000000002,4.09,20.24,8.89,13.38,57.06,0.0,27.7,9.6
2017-11-01,20.3,7.2,0.0,0.019559999999999998,3.36,18.57,8.04,12.92,64.16,0.55,17.29,9.584999999999999
2017-11-02,18.1,11.8,2.3,0.0213,3.42,17.34,8.72,12.75,73.73,0.38,18.21,9.605
2017-11-03,17.4,10.2,0.0,0.0162,2.68,20.47,8.56,13.28,64.96,0.0,20.37,9.603
2017-11-04,17.8,10.0,0.0,0.01394,2.6,20.07,10.89,14.95,59.58,0.0,15.47,9.594
2017-11-05,21.3,9.7,0.0,0.02918,4.96,23.37,12.19,17.2,59.6,0.01,27.59,9.592
2017-11-06,18.5,12.7,0.0,0.014029999999999999,2.28,19.54,12.27,15.39,78.34,0.32,14.15,9.591
2017-11-07,20.1,13.2,0.0,0.02002,3.2,20.64,11.73,15.36,79.8,0.03,21.59,9.588
2017-11-08,22.0,13.4,0.0,0.0272,4.38,23.75,12.12,17.25,66.74,0.01,19.85,9.584
2017-11-09,23.1,12.7,0.0,0.02867,4.91,24.44,11.71,17.59,61.96,0.0,29.13,9.59
2017-11-10,24.3,12.9,0.0,0.03059,5.25,26.51,13.94,19.68,49.75,0.0,31.68,9.549
2017-11-11,22.1,12.2,0.0,0.03056,4.98,24.67,14.62,19.37,53.44,0.01,28.73,9.543000000000001
2017-11-12,21.7,12.1,0.0,0.02997,4.81,23.94,14.18,18.71,62.57,0.01,22.82,9.556000000000001
2017-11-13,20.3,12.3,0.0,0.027420000000000003,4.32,24.04,13.83,18.25,67.0,0.04,21.46,9.568999999999999
2017-11-14,18.8,12.4,0.0,0.02414,3.79,23.37,11.55,17.57,66.71,0.03,17.8,9.578
2017-11-15,20.2,12.6,0.0,0.028030000000000003,4.39,21.85,10.4,15.54,64.28,0.01,30.05,9.608
2017-11-16,20.6,10.2,0.0,0.03123,4.98,23.16,10.48,16.17,51.74,0.01,32.52,9.593
2017-11-17,20.7,10.7,0.0,0.03086,4.78,22.97,10.22,16.25,60.27,0.05,31.09,9.592
2017-11-18,19.0,10.0,0.0,0.03136,4.82,21.17,10.85,16.05,51.77,10.47,32.79,9.591
2017-11-19,20.6,10.1,0.0,0.03128,4.94,23.71,12.15,17.38,54.01,0.06,30.27,9.573
2017-11-20,18.9,11.7,0.0,0.02884,4.34,20.66,10.87,15.3,62.73,0.04,26.42,9.602
2017-11-21,21.8,10.1,0.0,0.03188,5.27,24.98,10.66,18.15,48.24,0.0,33.17,9.595
2017-11-22,21.8,12.0,0.0,0.032,5.25,25.46,13.55,18.85,47.84,0.0,32.49,9.565000000000001
2017-11-23,21.0,10.9,0.0,0.0316,4.91,24.42,11.93,17.68,56.07,0.0,22.35,9.574
2017-11-24,19.6,12.2,0.0,0.02388,3.79,20.56,10.78,15.25,66.5,0.06,26.04,9.611
2017-11-25,21.8,9.7,0.0,0.03159,5.12,25.33,11.79,18.24,53.43,0.01,32.49,9.58
2017-11-26,19.4,11.5,0.0,0.02995,4.53,23.47,13.33,17.63,62.85,0.03,18.73,9.575
2017-11-27,19.7,13.0,0.0,0.02714,4.21,22.0,13.38,17.59,64.45,0.06,18.16,9.558
2017-11-28,18.6,13.3,0.0,0.020489999999999998,3.28,21.89,10.96,16.27,67.57,0.14,13.94,9.579
2017-11-29,18.8,10.7,0.0,0.02472,3.86,22.38,10.57,16.17,65.11,0.02,22.08,9.596
2017-11-30,19.7,10.0,0.0,0.0257,4.01,23.2,11.65,17.27,61.12,0.0,21.98,9.559999999999999
2017-12-01,18.7,13.3,0.0,0.02026,3.34,20.91,12.27,16.62,66.81,0.73,16.21,9.556000000000001
2017-12-02,19.5,14.0,0.1,0.019559999999999998,3.25,20.26,11.05,15.37,72.71,1.29,14.97,9.58
2017-12-03,20.1,12.8,0.0,0.02922,4.66,21.74,10.46,16.04,68.63,0.12,29.83,9.583
2017-12-04,18.9,11.5,0.0,0.028329999999999998,4.34,21.54,12.34,16.73,66.71,0.39,21.22,9.558
2017-12-05,21.0,12.8,0.0,0.0298,4.81,23.13,11.72,17.27,65.51,0.13,21.95,9.57
2017-12-06,20.6,12.0,0.0,0.02739,4.37,24.24,12.85,17.93,59.93,0.14,24.69,9.579
2017-12-07,20.3,12.1,0.0,0.02682,4.21,24.91,13.08,18.22,58.14,0.01,18.6,9.573
2017-12-08,19.6,11.9,0.0,0.030760000000000003,4.75,25.0,13.11,18.46,53.93,0.0,22.57,9.581
2017-12-09,21.7,10.6,0.0,0.03272,5.16,26.45,13.11,19.81,47.0,0.0,29.28,9.581
2017-12-10,21.9,12.4,0.0,0.03151,5.06,25.24,15.25,20.13,51.52,0.01,25.92,9.565000000000001
2017-12-11,20.5,15.4,0.0,0.019289999999999998,3.37,22.83,13.1,17.85,68.65,0.04,14.47,9.574
2017-12-12,20.4,15.6,0.1,0.02145,3.81,21.1,12.34,16.16,75.92,0.06,20.11,9.601
2017-12-13,22.0,14.0,0.0,0.03153,5.15,24.28,12.12,18.15,61.1,0.0,32.6,9.613
2017-12-14,24.0,12.3,0.0,0.03153,5.37,29.4,14.5,21.81,41.93,0.0,30.34,9.571
2017-12-15,23.5,14.0,0.0,0.03225,5.4,28.93,16.07,21.95,44.46,0.0,27.68,9.546
2017-12-16,20.8,13.9,0.0,0.02305,3.77,25.6,15.17,19.88,51.33,0.0,23.49,9.565999999999999
2017-12-17,23.8,12.1,0.0,0.03234,5.44,27.46,14.59,20.36,39.45,0.0,33.56,9.561
2017-12-18,22.8,12.6,0.0,0.0268,4.55,22.68,13.79,18.13,52.01,0.0,24.93,9.57
2017-12-19,23.1,12.5,0.0,0.03254,5.42,27.24,13.59,20.47,46.58,0.0,31.48,9.559999999999999
2017-12-20,21.7,13.5,0.0,0.03075,4.98,25.39,14.17,19.82,51.65,0.0,23.92,9.565000000000001
2017-12-21,22.4,14.3,0.0,0.032369999999999996,5.32,26.58,14.21,20.31,47.99,0.0,27.7,9.565999999999999
2017-12-22,22.6,13.0,0.0,0.032619999999999996,5.54,25.01,13.26,18.78,48.77,0.0,33.64,9.579
2017-12-23,21.7,12.8,0.0,0.03293,5.41,24.91,13.18,18.84,44.92,0.17,34.06,9.577
2017-12-24,22.4,12.0,0.0,0.03284,5.45,25.28,12.19,19.09,43.15,0.01,33.09,9.572
2017-12-25,23.1,12.2,0.0,0.032780000000000004,5.45,26.24,13.92,19.45,49.46,0.08,23.5,9.565000000000001
2017-12-26,21.6,13.8,0.0,0.02878,4.71,25.39,13.32,19.29,57.69,0.05,25.39,9.59
2017-12-27,23.0,14.8,0.0,0.031219999999999998,5.33,26.53,14.34,20.21,52.08,0.38,32.55,9.588
2017-12-28,22.7,13.0,0.0,0.03204,5.32,27.66,14.95,21.13,47.89,0.01,31.58,9.576
2017-12-29,21.7,14.5,0.0,0.02957,4.73,28.36,15.14,20.82,52.07,0.01,26.79,9.574
2017-12-30,21.6,14.3,0.0,0.02915,4.73,26.75,14.46,20.21,53.47,0.02,23.11,9.583
2017-12-31,21.7,14.9,0.0,0.027899999999999998,4.66,23.7,13.5,17.82,69.64,0.0,22.64,9.588
2018-01-01,21.6,13.7,0.0,0.02929,4.9,23.46,12.55,18.17,58.24,0.0,24.73,9.604000000000001
2018-01-02,21.3,13.3,0.0,0.03074,5.0,24.67,13.58,18.87,51.36,0.0,31.83,9.604000000000001
2018-01-03,25.2,13.3,0.0,0.032479999999999995,5.64,26.1,14.36,19.78,52.82,0.0,24.93,9.581
2018-01-04,23.6,14.4,0.0,0.03015,5.02,26.76,14.81,20.49,54.83,0.0,29.83,9.578
2018-01-05,23.5,15.2,0.0,0.02916,5.08,25.8,14.14,19.54,52.59,0.0,32.39,9.593
2018-01-06,25.4,14.0,0.0,0.03228,5.88,28.34,15.16,21.86,38.0,0.0,33.99,9.567
2018-01-07,23.5,14.2,0.0,0.030789999999999998,5.27,25.38,15.72,20.34,54.85,0.0,28.03,9.568000000000001
2018-01-08,21.9,16.1,0.0,0.0217,3.78,24.21,14.11,18.62,70.41,0.17,24.59,9.581999999999999
2018-01-09,23.1,15.1,0.0,0.031190000000000002,5.32,24.59,14.49,19.23,66.3,0.0,30.77,9.568999999999999
2018-01-10,22.1,14.3,0.0,0.027440000000000003,4.55,24.27,15.25,19.65,61.96,0.03,17.7,9.573
2018-01-11,21.3,15.5,0.0,0.02063,3.53,25.48,15.37,20.19,61.5,0.09,18.13,9.578
2018-01-12,21.0,14.7,0.0,0.021,3.64,24.73,14.72,19.07,65.76,0.17,16.17,9.576
2018-01-13,21.6,16.0,0.0,0.019039999999999998,3.41,21.48,15.26,18.0,71.19,0.45,15.18,9.568999999999999
2018-01-14,20.3,15.2,0.0,0.013730000000000001,2.5,23.65,14.25,18.98,66.01,0.04,13.13,9.568000000000001
2018-01-15,22.7,16.2,0.0,0.02241,4.02,23.73,13.21,17.64,68.5,0.23,19.45,9.598
2018-01-16,21.3,13.8,0.0,0.02795,4.55,24.28,12.19,17.93,62.74,0.03,27.08,9.603
2018-01-17,23.1,12.5,0.0,0.03161,5.38,27.06,13.45,20.09,51.46,0.0,28.58,9.586
2018-01-18,23.5,14.3,0.0,0.03084,5.28,25.82,15.41,20.77,48.76,0.0,23.79,9.57
2018-01-19,23.4,14.7,0.0,0.02456,4.25,25.96,17.01,21.23,53.93,0.09,18.33,9.552
2018-01-20,22.2,16.1,0.0,0.02216,3.88,25.35,15.84,20.15,61.41,0.07,16.68,9.549
2018-01-21,23.4,16.4,0.0,0.02741,4.73,25.45,15.61,19.9,61.34,0.03,15.93,9.547
2018-01-22,22.8,13.7,0.0,0.02989,5.02,24.99,14.59,19.42,61.39,0.03,25.16,9.542
2018-01-23,23.0,15.2,0.0,0.026019999999999998,4.52,24.89,14.16,19.42,60.45,0.03,22.54,9.547
2018-01-24,22.3,13.2,0.0,0.0281,4.66,25.47,14.58,19.93,59.05,0.14,19.35,9.555
2018-01-25,22.2,14.8,0.0,0.026690000000000002,4.4,25.63,14.27,19.35,60.6,0.01,20.06,9.565000000000001
2018-01-26,21.0,13.0,0.0,0.027600000000000003,4.44,24.97,12.71,18.4,58.32,0.02,26.24,9.564
2018-01-27,24.5,12.4,0.0,0.030789999999999998,5.34,28.37,13.57,20.51,43.95,0.0,32.13,9.555
2018-01-28,24.5,14.5,0.0,0.0314,5.52,28.01,16.08,21.85,37.82,0.09,32.24,9.52
2018-01-29,21.7,14.5,0.0,0.02763,4.51,26.66,14.1,19.62,53.18,0.0,22.37,9.531
2018-01-30,21.8,13.5,0.0,0.0268,4.44,25.88,13.28,19.7,50.69,0.01,27.51,9.552
2018-01-31,23.1,13.6,0.0,0.02976,5.06,25.21,15.19,19.81,51.47,0.01,29.93,9.546
2018-02-01,22.7,13.9,0.0,0.03025,4.99,25.64,15.63,20.16,57.57,0.01,26.95,9.546
2018-02-02,22.8,14.9,0.0,0.027960000000000002,4.68,24.56,14.97,19.53,65.82,0.14,19.62,9.552
2018-02-03,22.7,16.5,0.3,0.02364,4.14,26.77,16.26,20.73,58.77,0.0,22.35,9.561
2018-02-04,23.0,16.1,0.0,0.02856,4.82,25.1,16.13,19.93,62.65,0.0,20.55,9.57
2018-02-05,23.6,16.5,0.0,0.0246,4.26,24.47,16.39,20.37,62.58,0.0,21.08,9.565000000000001
2018-02-06,22.9,16.2,0.1,0.02569,4.4,27.04,15.16,20.62,62.26,0.01,20.24,9.562999999999999
2018-02-07,22.2,15.6,0.0,0.025670000000000002,4.31,24.94,14.77,19.26,65.32,0.0,20.2,9.571
2018-02-08,22.5,15.1,0.0,0.02658,4.44,24.53,14.33,18.73,61.56,0.0,22.5,9.568000000000001
2018-02-09,24.2,14.6,0.0,0.02845,4.93,26.97,13.35,19.58,45.93,0.0,31.04,9.565999999999999
2018-02-10,24.0,13.6,0.0,0.02989,5.29,27.32,14.66,20.63,31.17,0.0,31.38,9.567
2018-02-11,24.0,13.1,0.0,0.02966,5.15,26.87,14.34,20.06,34.44,0.0,31.03,9.577
2018-02-12,23.4,14.4,0.0,0.02925,5.06,27.69,15.38,21.7,34.71,0.0,29.17,9.544
2018-02-13,23.0,13.5,0.0,0.027489999999999997,4.55,26.31,15.65,20.62,50.3,0.0,22.87,9.568999999999999
2018-02-14,22.8,14.8,0.0,0.02587,4.37,26.97,15.3,20.15,56.77,0.0,24.65,9.568999999999999
2018-02-15,22.0,15.2,0.0,0.02447,4.09,27.09,15.38,20.8,53.8,0.0,19.03,9.57
2018-02-16,21.4,13.1,0.0,0.02432,3.91,28.05,15.64,21.39,50.89,0.0,17.22,9.588
2018-02-17,21.3,13.0,0.1,0.0247,3.94,26.67,16.33,21.17,50.2,0.03,18.33,9.559999999999999
2018-02-18,22.9,14.2,0.0,0.02529,4.28,26.66,15.31,20.36,60.48,0.01,20.55,9.559000000000001
2018-02-19,22.5,15.7,0.0,0.02505,4.22,25.06,15.35,19.78,63.98,0.0,24.11,9.565000000000001
2018-02-20,25.5,14.3,0.0,0.027170000000000003,4.93,26.24,15.24,20.26,58.8,0.01,28.08,9.586
2018-02-21,23.2,15.8,0.0,0.02634,4.42,26.24,15.7,20.62,52.92,0.03,23.63,9.589
2018-02-22,22.5,14.5,0.0,0.026719999999999997,4.46,24.65,15.37,19.61,57.37,0.01,22.47,9.581
2018-02-23,22.9,14.8,0.0,0.02375,4.08,25.4,15.08,19.7,62.61,0.54,17.61,9.575
2018-02-24,22.2,15.4,0.0,0.0224,3.78,25.05,14.09,19.3,61.99,0.03,17.92,9.591
2018-02-25,21.0,14.0,0.0,0.02393,3.95,24.86,14.5,19.35,59.68,0.02,21.89,9.59
2018-02-26,22.2,13.7,0.0,0.0228,3.8,24.76,14.73,19.21,65.41,0.03,16.03,9.587
2018-02-27,21.8,15.8,0.1,0.0155,2.78,24.03,14.61,18.67,68.77,0.67,13.9,9.587
2018-02-28,22.2,14.5,0.0,0.0211,3.62,22.73,14.02,18.08,67.97,0.04,17.79,9.587
2018-03-01,22.1,13.4,0.0,0.02259,3.73,23.86,14.57,19.27,63.12,0.01,16.27,9.587
2018-03-02,21.8,14.7,0.1,0.02061,3.41,25.29,15.35,19.64,61.79,0.0,14.01,9.58
2018-03-03,21.0,15.1,0.0,0.01702,2.92,25.07,14.33,18.91,59.94,0.0,15.45,9.575
2018-03-04,21.5,13.4,0.0,0.02175,3.58,26.11,13.82,19.15,54.44,0.0,24.91,9.575
2018-03-05,22.8,14.3,0.0,0.02552,4.33,25.72,15.85,20.46,47.84,0.01,25.62,9.556999999999999
2018-03-06,22.0,12.8,0.0,0.02509,4.06,25.01,15.4,19.65,54.26,0.0,18.68,9.548
2018-03-07,22.0,15.9,0.0,0.01902,3.22,25.1,15.09,19.45,61.78,0.0,15.54,9.556999999999999
2018-03-08,22.4,14.5,0.0,0.023289999999999998,3.92,24.87,14.59,19.15,65.05,0.0,15.79,9.575
2018-03-09,21.8,13.8,0.0,0.02469,4.12,25.33,14.23,18.87,63.47,0.0,25.34,9.572
2018-03-10,22.5,12.7,0.0,0.02492,4.17,25.34,13.15,18.37,60.04,0.0,25.57,9.578
2018-03-11,24.6,11.9,0.0,0.0251,4.44,29.07,13.8,20.49,36.33,0.0,26.28,9.547
2018-03-12,23.4,12.6,0.0,0.0246,4.22,26.28,14.18,19.51,39.68,0.0,25.76,9.551
2018-03-13,21.9,12.7,0.0,0.02457,4.07,24.74,12.95,18.05,38.66,0.0,25.98,9.562000000000001
2018-03-14,21.4,11.3,0.0,0.02466,4.07,24.09,11.96,17.56,39.82,0.0,25.37,9.581999999999999
2018-03-15,21.4,11.7,0.0,0.02457,4.06,25.18,12.86,18.19,38.19,0.0,25.22,9.561
2018-03-16,22.0,12.5,0.0,0.02442,4.05,23.68,12.14,16.72,53.27,0.0,24.98,9.575
2018-03-17,23.1,10.5,0.1,0.023969999999999998,4.31,22.57,12.46,16.47,64.43,0.95,22.71,9.594
2018-03-18,22.4,13.8,0.3,0.0233,3.93,24.18,12.02,17.24,53.05,0.03,24.62,9.58
2018-03-19,20.7,12.3,0.0,0.023510000000000003,3.77,23.49,12.12,16.47,52.39,0.0,23.89,9.57
2018-03-20,21.4,10.8,0.0,0.023440000000000003,3.8,25.09,12.4,17.86,45.83,0.0,23.74,9.556999999999999
2018-03-21,20.2,11.7,0.0,0.02228,3.48,24.08,12.13,17.39,53.54,0.0,16.89,9.558
2018-03-22,22.3,11.3,0.0,0.02314,3.97,24.65,11.18,16.98,53.83,0.0,23.52,9.579
2018-03-23,22.6,12.0,0.0,0.02241,3.85,24.15,12.28,17.32,55.28,0.0,23.02,9.587
2018-03-24,23.9,13.1,0.0,0.02224,3.86,26.99,13.04,19.23,43.29,0.0,23.71,9.596
2018-03-25,22.6,12.7,0.0,0.02274,3.88,28.41,14.76,20.56,27.47,0.0,22.94,9.564
2018-03-26,21.0,11.9,0.0,0.02017,3.35,24.93,14.0,17.98,42.42,0.0,20.13,9.561
2018-03-27,21.2,10.3,0.0,0.02205,3.53,24.36,14.02,18.74,43.22,0.0,18.93,9.556000000000001
2018-03-28,20.6,11.9,0.0,0.020730000000000002,3.28,24.82,13.86,18.59,49.2,0.0,16.99,9.571
2018-03-29,21.8,11.3,0.0,0.02141,3.51,28.19,16.04,21.03,41.32,0.0,17.11,9.558
2018-03-30,22.7,13.6,0.0,0.02034,3.5,26.96,15.9,20.45,42.97,0.0,20.83,9.555
2018-03-31,19.8,12.9,0.0,0.019039999999999998,2.92,23.59,13.33,18.18,54.14,0.0,13.49,9.573
2018-04-01,19.1,11.9,0.0,0.01831,2.85,22.39,12.65,17.06,59.9,0.27,11.9,9.565000000000001
2018-04-02,19.0,12.4,0.0,0.01692,2.6,23.0,13.92,17.88,61.7,0.06,10.0,9.571
2018-04-03,21.2,11.4,0.0,0.02007,3.19,24.13,13.71,17.67,62.73,0.02,16.73,9.577
2018-04-04,19.5,12.0,0.0,0.01766,2.69,23.45,13.32,17.35,64.38,0.01,11.44,9.586
2018-04-05,20.3,11.8,0.0,0.0175,2.75,24.04,14.18,17.95,58.33,0.0,13.97,9.58
2018-04-06,19.8,11.8,0.0,0.01435,2.37,20.69,11.24,15.33,71.17,0.0,9.96,9.587
2018-04-07,19.9,12.3,0.0,0.01796,2.89,22.41,10.31,15.2,65.68,0.0,15.47,9.579
2018-04-08,20.6,10.7,0.0,0.01939,3.05,22.64,12.58,16.3,55.27,0.0,14.58,9.583
2018-04-09,19.4,12.2,0.0,0.01759,2.76,20.91,11.78,15.41,66.32,0.02,12.48,9.591
2018-04-10,21.2,12.0,0.0,0.01475,2.62,20.41,12.74,15.52,70.43,0.01,13.31,9.596
2018-04-11,21.4,12.3,0.0,0.01677,2.88,21.27,12.47,15.92,73.2,0.01,17.57,9.617
2018-04-12,19.6,11.2,0.0,0.018449999999999998,2.84,24.23,11.3,16.66,50.24,0.0,19.53,9.589
2018-04-13,18.2,10.9,0.0,0.016550000000000002,2.48,20.68,12.1,15.31,59.22,0.0,16.81,9.596
2018-04-14,17.9,10.5,0.0,0.01469,2.22,23.12,11.48,16.47,49.27,0.0,17.55,9.596
2018-04-15,19.3,10.3,0.0,0.015210000000000001,2.39,23.88,12.43,17.54,50.25,0.0,12.95,9.583
2018-04-16,18.6,11.4,0.0,0.013689999999999999,2.13,22.71,11.91,16.12,63.09,0.0,11.82,9.592
2018-04-17,20.5,12.1,0.0,0.01679,2.61,23.22,13.82,17.66,51.58,0.0,16.11,9.584999999999999
2018-04-18,18.6,11.5,0.0,0.01507,2.29,23.39,11.65,16.71,47.92,0.0,17.39,9.574
2018-04-19,19.1,8.8,0.0,0.01776,2.7,24.16,10.58,16.55,51.75,0.0,17.89,9.58
2018-04-20,20.2,11.0,0.0,0.01745,2.66,23.51,13.11,17.26,50.98,0.0,13.06,9.584
2018-04-21,18.9,11.9,0.0,0.01601,2.39,24.47,13.42,17.82,50.28,0.0,13.76,9.573
2018-04-22,18.8,12.8,0.0,0.015,2.26,24.38,13.27,17.45,51.42,0.0,12.98,9.589
2018-04-23,18.7,11.3,0.0,0.01257,1.96,21.79,12.99,16.46,53.61,0.0,9.88,9.589
2018-04-24,18.3,10.6,0.0,0.01569,2.31,21.7,11.24,15.56,51.36,0.0,12.89,9.609
2018-04-25,19.0,10.3,0.0,0.016390000000000002,2.42,23.71,11.96,16.6,41.88,0.0,17.04,9.581999999999999
2018-04-26,20.3,9.8,0.0,0.016739999999999998,2.77,21.15,10.42,14.65,55.6,0.01,17.3,9.6
2018-04-27,20.1,10.3,0.0,0.01592,2.7,23.61,12.48,16.83,46.25,0.0,16.13,9.586
2018-04-28,18.8,11.2,0.0,0.01323,2.09,23.15,13.17,16.96,49.88,0.0,11.3,9.584
2018-04-29,16.3,10.4,0.0,0.01396,2.03,22.37,11.46,15.6,54.95,0.0,8.66,9.599
2018-04-30,16.2,9.7,0.0,0.01194,1.8,20.56,10.96,14.52,53.98,0.0,10.07,9.611
2018-05-01,19.4,9.0,0.0,0.012960000000000001,2.16,22.53,11.45,15.72,50.32,0.1,10.62,9.605
2018-05-02,18.7,9.6,0.0,0.01466,2.26,21.07,10.5,14.73,59.02,0.04,15.73,9.605
2018-05-03,19.3,9.3,0.0,0.01495,2.31,23.45,12.1,16.17,48.91,0.01,15.55,9.587
2018-05-04,21.7,10.4,0.0,0.01512,2.54,23.15,12.81,16.84,48.25,0.01,12.2,9.568000000000001
2018-05-05,17.8,10.6,0.0,0.014410000000000001,2.06,21.89,13.48,16.6,56.51,0.02,9.8,9.575
2018-05-06,17.3,10.7,0.0,0.011980000000000001,1.79,19.22,12.01,14.76,73.49,0.07,10.18,9.599
2018-05-07,19.0,11.6,0.0,0.00895,1.54,18.13,11.39,13.82,82.5,0.02,11.85,9.606
2018-05-08,18.5,11.6,0.0,0.014039999999999999,2.16,18.53,9.87,13.56,75.36,0.0,10.02,9.587
2018-05-09,16.2,10.6,0.0,0.00851,1.41,16.09,11.12,13.06,74.29,0.27,10.16,9.617
2018-05-10,18.9,8.5,0.0,0.01421,2.21,19.31,11.25,14.62,64.52,0.1,14.6,9.648
2018-05-11,21.1,9.5,0.0,0.0145,2.37,25.25,13.3,17.56,37.49,0.0,14.99,9.584
2018-05-12,16.9,10.8,0.0,0.011460000000000001,1.66,22.73,11.76,15.88,57.71,0.02,8.82,9.583
2018-05-13,17.0,11.1,0.0,0.008960000000000001,1.47,16.11,10.97,12.76,71.15,0.02,6.95,9.593
2018-05-14,17.8,9.2,0.0,0.01008,1.59,17.41,9.83,13.08,61.36,0.01,9.78,9.606
2018-05-15,17.0,11.8,0.0,0.00515,1.04,24.08,10.68,14.8,46.64,0.0,5.43,9.597
2018-05-16,18.1,10.0,0.0,0.012289999999999999,1.9,21.56,11.91,14.93,52.2,0.0,13.06,9.594
2018-05-17,18.2,7.9,0.3,0.01278,1.96,19.4,10.08,13.86,53.99,0.0,12.79,9.606
2018-05-18,20.5,8.4,0.0,0.01368,2.21,22.29,10.87,15.2,35.43,0.0,14.39,9.613
2018-05-19,20.4,8.7,0.0,0.01328,2.39,25.27,13.23,17.46,23.3,0.0,13.62,9.592
2018-05-20,19.7,8.3,0.0,0.013130000000000001,2.09,24.18,11.56,16.41,36.62,0.0,13.24,9.589
2018-05-21,17.2,9.7,0.0,0.01255,1.77,20.98,11.09,14.65,49.19,0.0,12.8,9.605
2018-05-22,17.0,9.0,0.0,0.0128,1.8,21.07,10.98,14.76,39.15,0.0,12.69,9.588
2018-05-23,17.2,8.4,0.0,0.01307,1.93,21.56,11.16,15.14,38.46,0.0,13.2,9.602
2018-05-24,19.6,9.1,0.0,0.013130000000000001,2.01,22.87,12.58,16.41,31.8,0.0,13.62,9.601
2018-05-25,18.4,9.3,0.0,0.01304,1.92,22.08,11.21,15.58,43.71,0.04,8.7,9.588
2018-05-26,15.8,9.5,0.3,0.00992,1.51,18.24,9.44,12.62,55.19,0.1,8.26,9.6
2018-05-27,18.2,6.6,0.0,0.01225,1.96,18.95,9.97,13.14,53.22,0.01,12.39,9.588
2018-05-28,17.0,11.0,0.0,0.0040999999999999995,1.16,17.58,11.71,13.72,60.01,1.43,4.96,9.599
2018-05-29,15.7,11.4,33.2,0.0011,0.63,15.66,11.58,13.12,76.89,26.77,1.51,9.618
2018-05-30,13.5,10.8,0.0,0.00269,0.53,13.06,6.96,10.82,81.25,1.7,8.93,9.619
2018-05-31,13.3,6.6,0.0,0.01216,1.66,13.11,4.81,7.95,72.53,0.0,11.92,9.613
2018-06-01,13.6,3.9,0.0,0.0127,1.75,14.07,4.67,8.63,65.77,0.0,12.94,9.591
2018-06-02,12.6,3.1,0.0,0.01249,1.54,15.95,6.12,9.72,66.8,0.0,12.36,9.599
2018-06-03,14.3,5.0,0.0,0.012539999999999999,1.73,13.85,5.42,8.2,74.04,0.01,12.77,9.643
2018-06-04,13.9,4.2,0.0,0.00926,1.46,17.95,6.99,10.52,44.58,0.0,10.93,9.65
2018-06-05,13.6,6.6,0.0,0.0051600000000000005,1.21,18.69,9.12,12.78,40.89,0.0,4.28,9.623999999999999
2018-06-06,17.0,6.9,0.0,0.011980000000000001,1.95,20.51,9.4,13.54,42.47,0.0,12.66,9.596
2018-06-07,20.9,6.7,0.0,0.01219,2.22,22.91,10.59,15.15,35.64,0.0,12.54,9.588
2018-06-08,17.9,8.1,0.0,0.01041,1.73,20.77,11.66,14.74,45.69,0.0,11.05,9.571
2018-06-09,17.1,9.1,17.1,0.0055,1.19,14.58,8.84,11.66,78.43,10.1,4.38,9.531
2018-06-10,15.8,8.5,7.9,0.00835,1.66,12.57,6.98,9.34,85.21,7.94,7.35,9.571
2018-06-11,12.0,6.2,33.2,0.00738,1.24,9.04,3.71,6.31,79.41,22.83,6.11,9.638
2018-06-12,14.2,3.1,0.0,0.012150000000000001,1.85,13.53,1.69,6.78,52.02,0.0,12.18,9.667
2018-06-13,13.6,1.5,0.0,0.01214,1.86,15.27,5.09,8.85,46.88,0.0,12.04,9.636
2018-06-14,14.4,4.7,0.0,0.012029999999999999,1.8,15.35,5.36,9.74,49.69,0.0,11.88,9.64
2018-06-15,13.9,7.5,0.0,0.00726,1.24,19.66,9.91,13.67,47.56,0.0,6.84,9.622
2018-06-16,16.0,9.0,0.0,0.01182,1.8,21.84,11.18,15.4,44.16,0.02,12.0,9.606
2018-06-17,16.0,8.7,0.0,0.01173,1.6,22.22,14.2,16.81,44.41,0.06,7.27,9.603
2018-06-18,15.7,8.8,0.2,0.01129,1.49,22.01,14.52,17.22,43.65,0.05,6.68,9.581999999999999
2018-06-19,12.3,7.4,0.3,0.00637,0.83,21.28,12.58,15.38,50.94,0.01,4.83,9.609
2018-06-20,12.8,7.0,0.0,0.009689999999999999,1.19,19.04,10.01,13.52,56.57,0.01,7.43,9.623000000000001
2018-06-21,15.1,5.9,0.0,0.01166,1.54,21.2,10.17,13.88,46.49,0.0,11.46,9.611
2018-06-22,12.4,4.7,0.0,0.00845,1.03,18.57,8.04,11.65,52.59,0.0,10.91,9.593
2018-06-23,10.0,5.0,0.0,0.00318,0.53,16.01,8.8,11.44,57.79,0.13,4.73,9.608
2018-06-24,15.4,7.5,4.3,0.00977,1.35,12.93,7.99,9.69,79.35,0.26,8.06,9.622
2018-06-25,13.6,6.1,0.0,0.01106,1.4,17.07,7.84,11.19,58.14,0.0,10.67,9.631
2018-06-26,15.2,7.0,0.0,0.01137,1.51,17.76,9.39,12.56,50.19,0.0,11.78,9.611
2018-06-27,17.9,6.8,0.0,0.0116,1.73,21.77,11.32,14.99,56.54,0.0,11.74,9.572
2018-06-28,14.2,9.0,0.5,0.00426,0.7,17.26,9.69,12.58,70.61,0.0,5.06,9.599
2018-06-29,13.0,7.8,0.0,0.008,1.04,18.28,10.23,12.96,57.89,0.0,7.44,9.593
2018-06-30,12.2,7.9,0.6,0.00437,0.7,17.94,8.18,12.22,65.92,0.12,4.43,9.562999999999999
2018-07-01,13.3,6.5,11.0,0.00269,0.71,15.95,8.08,10.93,81.67,2.03,3.34,9.568000000000001
2018-07-02,17.3,6.9,0.0,0.01007,1.61,16.88,9.92,12.35,67.05,0.01,9.87,9.581999999999999
2018-07-03,15.9,7.7,0.0,0.00738,1.13,15.84,9.01,11.64,76.34,0.16,6.31,9.545
2018-07-04,18.6,9.3,14.2,0.0029,0.93,15.12,8.25,10.81,75.78,6.32,3.04,9.542
2018-07-05,18.6,8.6,16.3,0.00567,1.11,13.87,8.61,11.31,83.26,13.94,2.97,9.564
2018-07-06,15.9,9.6,13.2,0.00691,1.14,13.69,9.29,11.18,87.7,13.51,9.08,9.603
2018-07-07,17.5,6.3,0.0,0.01202,1.81,18.25,7.76,12.16,57.2,0.01,12.45,9.607
2018-07-08,15.4,8.0,0.0,0.011710000000000002,1.59,20.22,10.79,13.93,43.67,0.0,12.44,9.588
2018-07-09,12.6,6.2,0.0,0.010150000000000001,1.27,21.08,10.62,14.08,48.73,0.01,6.64,9.584
2018-07-10,12.5,6.9,0.2,0.00649,0.95,15.46,8.41,11.01,66.77,0.0,3.92,9.588
2018-07-11,13.4,6.6,0.0,0.01034,1.33,17.16,7.35,11.18,67.7,0.0,9.42,9.607
2018-07-12,15.1,7.0,0.0,0.01005,1.35,19.73,10.39,13.5,56.13,0.0,11.32,9.603
2018-07-13,17.7,5.8,0.0,0.01238,1.74,22.81,12.12,15.59,55.23,0.0,12.56,9.584999999999999
2018-07-14,14.1,8.7,0.1,0.00698,0.97,19.26,9.81,13.69,67.65,0.0,10.11,9.588
2018-07-15,14.6,9.5,0.1,0.0073,1.0,17.32,9.13,11.83,70.35,0.0,10.76,9.591
2018-07-16,13.9,8.7,0.4,0.00886,1.19,17.37,8.44,11.5,63.36,0.0,9.94,9.586
2018-07-17,11.8,6.7,0.0,0.00394,0.71,14.28,7.19,9.55,74.49,0.0,6.81,9.612
2018-07-18,11.7,3.5,0.1,0.01302,1.76,10.52,2.92,6.5,71.35,0.0,12.37,9.636
2018-07-19,11.5,1.4,0.0,0.01319,1.74,9.42,1.7,5.03,63.78,0.0,12.46,9.658
2018-07-20,15.2,1.1,0.0,0.013550000000000001,2.01,16.18,3.53,8.97,43.73,0.0,13.99,9.645
2018-07-21,13.4,6.0,0.0,0.011699999999999999,1.68,15.8,7.45,10.73,53.3,0.04,12.11,9.583
2018-07-22,15.1,4.4,0.0,0.01295,1.82,13.82,4.42,8.23,66.97,0.0,13.79,9.641
2018-07-23,12.9,4.5,0.0,0.013720000000000001,1.69,16.98,5.4,10.54,49.06,0.0,14.11,9.593
2018-07-24,11.9,3.6,0.0,0.01319,1.58,16.1,7.29,10.75,67.2,0.0,10.12,9.618
2018-07-25,12.0,3.8,0.0,0.00982,1.17,20.18,7.74,11.89,53.69,0.0,10.56,9.619
2018-07-26,10.7,5.3,0.0,0.00704,0.92,15.1,7.03,10.36,69.99,0.02,6.98,9.581999999999999
2018-07-27,11.7,5.8,3.8,0.005019999999999999,0.91,8.02,5.71,7.25,89.8,6.97,5.93,9.643
2018-07-28,14.7,3.3,0.0,0.01399,1.91,15.7,4.18,9.01,55.33,0.0,14.51,9.655
2018-07-29,12.6,4.3,0.0,0.01332,1.73,13.02,5.54,8.53,61.96,0.0,13.82,9.623000000000001
2018-07-30,14.9,2.8,0.0,0.01444,2.01,17.34,5.08,10.34,52.15,0.0,14.85,9.620000000000001
2018-07-31,13.0,3.9,0.0,0.013470000000000001,1.74,16.3,6.43,10.45,55.68,0.0,13.95,9.597
2018-08-01,13.0,4.8,0.0,0.01208,1.55,15.52,7.02,10.16,57.86,0.0,10.47,9.604000000000001
2018-08-02,10.5,4.8,0.0,0.006,0.9,12.94,5.4,8.53,70.82,0.04,5.68,9.622
2018-08-03,16.4,3.3,0.0,0.0146,2.05,16.71,3.97,9.74,59.35,0.0,15.39,9.636
2018-08-04,14.2,4.3,0.1,0.01453,1.93,18.44,8.91,12.58,45.55,0.0,13.55,9.602
2018-08-05,14.8,5.1,0.0,0.013460000000000001,1.8,19.19,9.25,13.01,52.55,0.01,10.76,9.612
2018-08-06,15.2,6.8,0.0,0.008,1.18,16.32,7.9,11.19,72.81,0.19,7.45,9.581999999999999
2018-08-07,15.8,6.9,10.6,0.01477,2.08,15.18,6.55,9.93,70.17,3.76,14.61,9.648
2018-08-08,22.5,4.4,0.0,0.01566,2.73,26.28,6.79,15.66,36.92,0.0,16.28,9.58
2018-08-09,19.2,8.6,0.0,0.01509,2.28,22.65,11.84,15.93,51.28,0.0,13.74,9.581
2018-08-10,18.0,8.1,0.0,0.01308,1.86,23.46,11.73,15.38,51.14,0.0,11.61,9.573
2018-08-11,15.5,8.6,0.0,0.01337,1.8,19.08,10.13,13.45,61.2,0.0,11.15,9.594
2018-08-12,14.6,8.6,0.0,0.01247,1.72,17.82,8.59,11.88,68.46,0.0,8.82,9.616
2018-08-13,18.2,7.7,0.0,0.01617,2.43,17.38,6.62,11.09,64.27,0.0,16.67,9.664
2018-08-14,17.1,6.8,0.0,0.016399999999999998,2.38,21.91,9.19,14.81,38.56,0.0,17.09,9.592
2018-08-15,17.6,8.6,0.0,0.01642,2.42,22.57,12.13,15.75,48.81,0.0,17.11,9.594
2018-08-16,15.9,6.6,0.0,0.01503,1.99,20.62,10.43,14.13,57.88,0.0,10.71,9.616
2018-08-17,14.0,8.4,0.1,0.00991,1.39,18.57,9.53,12.34,65.63,0.01,8.46,9.633
2018-08-18,17.2,7.2,0.0,0.01252,1.93,17.17,6.44,11.05,67.95,0.0,14.79,9.651
2018-08-19,14.8,5.8,0.0,0.01745,2.28,18.97,5.74,11.01,49.02,0.0,18.14,9.599
2018-08-20,14.7,3.2,0.0,0.01745,2.25,18.77,6.46,11.91,48.09,0.0,14.22,9.605
2018-08-21,12.9,4.9,0.0,0.01326,1.66,19.15,9.45,13.15,47.14,0.04,7.51,9.609
2018-08-22,12.0,6.9,0.0,0.009,1.26,16.74,7.64,11.08,65.27,0.17,6.97,9.602
2018-08-23,13.7,7.0,1.1,0.00957,1.59,11.84,4.43,8.23,81.31,2.97,13.29,9.656
2018-08-24,18.1,3.3,0.0,0.01812,2.68,15.62,2.49,8.86,53.36,0.0,18.87,9.666
2018-08-25,19.4,6.6,0.0,0.01808,2.85,21.12,8.03,14.25,44.78,0.0,18.57,9.587
2018-08-26,16.5,8.7,0.0,0.01819,2.52,23.77,11.05,16.47,48.79,0.06,12.58,9.568999999999999
2018-08-27,13.3,9.2,0.4,0.0079,1.17,21.52,11.7,15.28,53.37,0.38,7.92,9.587
2018-08-28,13.3,8.3,0.5,0.007730000000000001,1.17,20.18,9.11,13.81,59.49,0.49,9.35,9.592
2018-08-29,13.1,8.9,0.1,0.00922,1.3,19.26,8.73,12.56,65.55,0.0,12.49,9.59
2018-08-30,16.5,9.0,0.0,0.01262,1.88,17.48,9.14,12.34,72.7,0.26,7.15,9.592
2018-08-31,15.3,9.9,0.7,0.00826,1.33,12.95,6.87,9.86,86.16,0.29,7.61,9.606
2018-09-01,16.9,7.1,0.0,0.018600000000000002,2.58,17.17,6.57,11.31,70.03,0.0,18.52,9.633
2018-09-02,18.3,7.1,0.0,0.01898,2.75,21.38,8.73,14.24,52.28,0.0,19.89,9.620999999999999
2018-09-03,23.6,8.3,0.0,0.019760000000000003,3.43,27.56,12.43,18.92,34.5,0.0,20.7,9.562999999999999
2018-09-04,19.2,11.6,0.0,0.01993,2.92,27.07,11.32,17.95,44.87,0.0,19.17,9.546
2018-09-05,15.3,8.6,0.0,0.01672,2.31,19.36,8.94,12.66,67.16,0.0,15.1,9.604000000000001
2018-09-06,16.7,7.6,0.0,0.018879999999999997,2.63,21.18,8.84,13.87,54.25,0.0,20.53,9.597
2018-09-07,14.5,8.5,0.0,0.01209,1.72,19.22,8.92,13.04,55.79,0.0,19.27,9.609
2018-09-08,16.8,6.8,0.0,0.020489999999999998,2.88,21.07,8.42,14.03,51.37,0.0,21.05,9.592
2018-09-09,17.6,8.8,0.0,0.019100000000000002,2.78,21.6,10.86,15.27,51.36,0.0,16.76,9.596
2018-09-10,18.6,7.7,0.0,0.01966,2.96,23.08,12.13,16.3,48.21,0.0,19.07,9.58
2018-09-11,16.9,7.5,0.0,0.019850000000000003,2.82,20.44,10.24,14.03,61.05,0.0,17.67,9.603
2018-09-12,15.5,7.8,0.0,0.013730000000000001,1.93,18.48,8.59,12.54,67.86,0.0,13.42,9.606
2018-09-13,15.1,9.4,0.0,0.01259,1.85,18.12,8.25,12.18,67.03,0.05,10.58,9.596
2018-09-14,14.7,8.4,0.2,0.01298,1.9,19.01,8.63,12.57,65.99,0.01,7.39,9.584
2018-09-15,14.3,10.1,0.2,0.00873,1.5,15.4,7.18,10.23,80.91,0.01,9.24,9.6
2018-09-16,16.3,7.2,0.0,0.020300000000000002,2.94,17.52,6.92,11.45,68.11,0.0,21.62,9.622
2018-09-17,17.0,7.0,0.1,0.01824,2.71,20.99,8.87,13.07,60.37,1.89,15.59,9.594
2018-09-18,15.4,10.1,14.4,0.00915,1.39,12.02,8.16,10.2,89.94,15.04,11.8,9.606
2018-09-19,18.1,7.6,0.0,0.01729,2.74,18.68,7.5,12.56,64.23,0.0,19.2,9.607
2018-09-20,20.1,8.7,0.0,0.01748,2.86,20.57,10.58,14.98,50.56,0.0,20.8,9.599
2018-09-21,21.0,10.0,0.0,0.02299,3.7,25.07,11.78,16.97,48.43,0.0,22.67,9.562000000000001
2018-09-22,18.6,9.6,0.2,0.02052,3.08,19.49,10.32,13.93,69.97,0.01,17.91,9.593
2018-09-23,18.6,10.2,0.0,0.02111,3.19,21.12,8.85,14.01,66.3,0.0,22.99,9.601
2018-09-24,18.9,8.7,0.0,0.019989999999999997,3.04,22.02,9.21,14.35,54.05,0.0,17.82,9.572
2018-09-25,18.1,8.0,0.0,0.01773,2.77,21.49,10.1,14.68,58.48,0.0,19.54,9.565000000000001
2018-09-26,18.1,11.2,0.0,0.01483,2.41,19.99,10.71,14.13,68.76,0.0,10.31,9.565000000000001
2018-09-27,18.1,10.4,0.0,0.01209,1.99,19.25,10.78,14.13,65.58,0.0,14.1,9.583
2018-09-28,20.5,8.4,0.0,0.02149,3.4,20.65,11.36,14.55,69.03,0.06,18.58,9.579
2018-09-29,17.2,11.4,0.8,0.01274,2.11,15.35,9.61,12.05,82.93,2.57,15.91,9.6
2018-09-30,15.2,10.5,0.4,0.00858,1.57,16.39,8.01,11.36,73.43,0.0,11.14,9.612
2018-10-01,17.2,6.2,0.0,0.02425,3.43,19.69,6.32,12.31,56.92,0.0,25.67,9.612
2018-10-02,18.6,7.6,0.0,0.024730000000000002,3.65,21.94,8.87,14.53,43.85,0.0,26.27,9.602
2018-10-03,22.4,7.4,0.0,0.0255,4.24,26.04,9.95,17.28,33.64,0.0,26.79,9.576
2018-10-04,18.3,12.1,0.0,0.021929999999999998,3.23,23.04,12.64,17.13,45.48,0.02,19.19,9.573
2018-10-05,17.2,8.5,0.4,0.02241,3.19,22.33,10.21,15.27,57.36,0.1,17.29,9.592
2018-10-06,17.3,6.4,0.0,0.023989999999999997,3.34,23.27,10.75,15.97,52.17,0.08,16.28,9.58
2018-10-07,14.3,9.0,0.0,0.01616,2.34,19.92,10.67,14.11,61.14,0.05,12.21,9.586
2018-10-08,17.9,10.6,0.0,0.019350000000000003,3.03,17.57,9.74,13.22,71.23,0.05,19.37,9.629999999999999
2018-10-09,16.5,8.7,0.0,0.01688,2.55,19.66,9.4,13.66,62.01,0.0,16.91,9.611
2018-10-10,15.1,8.4,0.0,0.014150000000000001,2.11,18.05,7.81,12.89,60.13,0.0,13.59,9.581
2018-10-11,17.4,8.7,0.3,0.02115,3.25,17.62,7.62,11.93,71.14,0.0,20.76,9.609
2018-10-12,16.5,8.7,0.0,0.01927,2.9,18.6,7.21,11.85,70.05,0.0,15.88,9.637
2018-10-13,16.9,7.5,0.0,0.02207,3.24,16.68,5.87,11.06,71.8,0.27,18.22,9.634
2018-10-14,17.8,8.5,0.0,0.026629999999999997,3.81,19.69,7.23,12.97,67.27,0.03,22.49,9.623999999999999
2018-10-15,16.1,8.9,0.1,0.01405,2.16,19.12,9.05,13.3,61.5,0.06,13.06,9.589
2018-10-16,16.8,9.6,1.1,0.01791,2.74,15.91,8.86,11.96,71.9,0.03,15.32,9.583
2018-10-17,17.7,9.6,0.0,0.02115,3.28,18.2,8.02,12.52,76.25,0.06,23.41,9.603
2018-10-18,18.6,8.6,0.0,0.02725,4.11,21.05,8.73,13.77,64.29,0.0,27.94,9.609
2018-10-19,18.1,8.9,0.0,0.02757,4.11,20.33,7.9,13.35,63.16,0.0,27.99,9.609
2018-10-20,17.7,7.6,0.0,0.027710000000000002,4.06,21.04,6.01,12.95,63.2,0.01,27.78,9.613
2018-10-21,18.9,7.0,0.0,0.0269,4.05,23.35,7.85,15.09,46.9,0.0,28.23,9.584999999999999
2018-10-22,20.2,9.8,0.0,0.027780000000000003,4.36,22.47,10.08,15.39,50.41,0.01,28.49,9.577
2018-10-23,17.6,7.8,0.0,0.0238,3.53,19.62,9.8,14.21,61.11,0.0,18.37,9.596
2018-10-24,19.7,9.4,0.0,0.02341,3.8,21.11,8.5,14.17,59.22,0.0,22.61,9.612
2018-10-25,18.3,10.1,0.0,0.02157,3.33,21.45,8.9,14.33,60.73,0.0,17.95,9.611
2018-10-26,20.7,9.1,0.0,0.02793,4.5,24.87,10.09,16.49,50.65,0.0,27.21,9.596
2018-10-27,22.1,11.4,0.0,0.026010000000000002,4.22,24.18,11.92,17.42,51.07,0.0,23.02,9.581999999999999
2018-10-28,22.2,11.1,0.6,0.02214,3.68,23.63,13.09,17.2,55.65,0.04,17.61,9.579
2018-10-29,19.9,12.3,0.1,0.01802,2.99,21.76,13.01,16.32,68.22,3.08,16.16,9.575
2018-10-30,21.2,12.8,1.0,0.02493,4.09,21.59,11.15,15.71,72.63,1.22,25.26,9.601
2018-10-31,19.9,11.6,0.0,0.028030000000000003,4.35,22.83,10.17,15.69,63.99,0.0,22.16,9.605
2018-11-01,20.1,9.9,0.0,0.024079999999999997,3.85,22.83,11.29,16.46,54.48,0.0,27.1,9.573
2018-11-02,20.0,9.9,0.1,0.02141,3.57,21.35,11.6,16.03,60.76,0.01,26.52,9.59
2018-11-03,19.0,10.5,0.0,0.02835,4.27,23.43,11.31,16.14,54.14,0.0,26.63,9.589
2018-11-04,19.4,10.2,0.0,0.02809,4.39,22.3,9.81,15.82,56.75,0.0,28.8,9.604000000000001
2018-11-05,22.4,9.7,0.0,0.02984,4.9,26.68,11.71,18.73,45.04,0.0,30.71,9.593
2018-11-06,23.5,12.6,0.0,0.03009,5.13,27.13,15.8,20.81,34.83,0.0,31.32,9.578
2018-11-07,23.8,12.1,0.0,0.030359999999999998,5.16,27.4,14.64,20.56,41.97,0.02,30.77,9.556000000000001
2018-11-08,21.3,11.5,0.0,0.02894,4.7,26.49,14.2,19.34,43.77,0.0,29.99,9.559999999999999
2018-11-09,21.2,11.9,0.0,0.030969999999999998,5.06,24.45,11.97,17.76,47.26,0.0,27.77,9.573
2018-11-10,22.2,12.1,0.0,0.02889,4.79,22.59,11.86,16.81,60.91,0.01,28.2,9.573
2018-11-11,21.6,14.0,0.0,0.026760000000000003,4.53,19.41,11.79,14.96,73.58,0.03,29.6,9.577
2018-11-12,20.0,13.5,0.5,0.023030000000000002,3.92,17.91,10.58,13.86,68.74,0.19,25.05,9.61
2018-11-13,20.3,11.6,0.0,0.02857,4.7,21.27,10.36,15.15,54.81,0.06,30.83,9.625
2018-11-14,22.6,11.0,0.0,0.03082,5.3,26.59,10.96,18.53,35.66,0.0,31.86,9.588
2018-11-15,22.6,11.0,0.0,0.03089,5.13,25.59,12.23,18.67,45.38,0.0,31.7,9.576
2018-11-16,22.0,11.8,0.0,0.030510000000000002,5.03,23.71,12.76,17.69,53.86,0.0,31.47,9.584999999999999
2018-11-17,22.5,11.7,0.0,0.02951,4.95,22.79,11.89,17.42,52.36,0.0,31.76,9.605
2018-11-18,24.3,10.6,0.0,0.03136,5.4,29.02,14.22,21.08,29.83,0.0,32.78,9.559999999999999
2018-11-19,22.8,12.0,0.0,0.03135,5.2,26.56,14.24,19.91,42.83,0.0,32.04,9.568999999999999
2018-11-20,22.0,12.5,0.0,0.03095,5.05,27.15,14.66,20.38,43.9,0.0,31.65,9.579
2018-11-21,20.3,13.0,0.0,0.02924,4.61,24.64,12.99,18.12,56.73,0.0,27.94,9.594
2018-11-22,21.5,13.8,0.0,0.02999,4.82,26.06,13.67,19.45,53.61,0.01,25.06,9.581999999999999
2018-11-23,22.2,13.1,0.0,0.03105,5.13,24.91,14.37,19.18,51.43,0.02,31.87,9.579
2018-11-24,22.9,11.7,0.0,0.03185,5.36,25.91,14.1,19.67,40.7,0.0,33.11,9.57
2018-11-25,22.0,11.2,0.0,0.03197,5.3,25.0,12.33,18.33,45.9,0.0,30.38,9.575
2018-11-26,20.8,10.7,0.0,0.031059999999999997,4.89,23.79,12.51,17.51,53.81,0.0,25.7,9.595
2018-11-27,20.5,10.6,0.0,0.032310000000000005,5.11,25.14,12.99,18.86,46.24,0.14,30.46,9.577
2018-11-28,20.3,12.9,0.0,0.029679999999999998,4.73,23.88,12.65,17.88,57.15,0.08,21.75,9.581
2018-11-29,19.7,13.2,0.4,0.024480000000000002,3.94,23.2,11.9,17.44,62.59,0.05,19.53,9.598
2018-11-30,20.8,12.0,0.0,0.02847,4.51,24.58,12.77,18.29,60.59,0.02,21.57,9.587
2018-12-01,21.1,12.7,0.0,0.03073,4.87,24.21,14.53,19.11,55.3,0.0,22.04,9.583
2018-12-02,21.1,13.7,0.0,0.027059999999999997,4.35,24.72,14.51,19.33,51.49,0.0,18.8,9.576
2018-12-03,20.7,13.7,0.0,0.029,4.67,23.49,12.92,17.9,59.44,0.01,16.99,9.574
2018-12-04,21.6,14.3,0.2,0.02423,4.24,21.44,12.31,16.83,64.46,1.01,25.58,9.586
2018-12-05,22.2,12.5,0.0,0.03114,5.18,24.14,12.43,18.04,56.52,0.07,31.07,9.583
2018-12-06,21.9,13.1,0.0,0.03129,5.14,23.38,14.7,19.09,59.04,0.0,24.51,9.598
2018-12-07,21.2,14.6,0.2,0.023260000000000003,3.91,22.61,12.76,18.05,63.61,0.01,21.96,9.607
2018-12-08,21.9,14.0,0.0,0.03225,5.45,22.71,11.99,17.06,63.08,0.0,32.98,9.613
2018-12-09,23.3,11.3,0.0,0.03309,5.64,26.77,12.14,19.04,48.62,0.0,33.94,9.592
2018-12-10,21.8,13.2,0.0,0.0316,5.18,25.33,13.23,18.72,52.25,0.0,33.32,9.594
2018-12-11,23.4,13.5,0.0,0.03207,5.51,26.33,12.57,19.49,49.37,0.0,33.27,9.615
2018-12-12,22.6,14.7,0.0,0.03012,5.01,25.3,11.92,18.06,56.24,0.0,33.34,9.586
2018-12-13,20.8,13.1,0.0,0.03098,5.27,21.56,10.2,15.27,64.99,0.0,31.88,9.61
2018-12-14,21.5,10.6,0.0,0.03232,5.32,24.0,9.63,16.84,50.67,0.0,33.27,9.609
2018-12-15,22.0,11.7,0.0,0.03289,5.46,25.02,11.06,17.9,50.5,0.0,33.66,9.596
2018-12-16,22.5,12.4,0.0,0.03234,5.34,26.35,12.61,19.19,50.38,0.0,26.71,9.583
2018-12-17,21.4,14.5,0.0,0.0285,4.68,25.42,13.48,19.21,55.93,0.01,22.63,9.578
2018-12-18,21.7,14.3,0.0,0.02834,4.71,25.23,13.86,19.47,53.98,0.0,23.82,9.572
2018-12-19,20.6,13.8,0.0,0.02434,3.93,24.9,13.54,19.01,59.51,0.01,21.8,9.59
2018-12-20,21.5,10.9,0.0,0.030719999999999997,4.88,24.62,13.55,18.72,51.75,0.01,29.92,9.579
2018-12-21,22.4,12.7,0.0,0.0318,5.22,25.63,13.59,19.3,49.09,0.01,23.77,9.568000000000001
2018-12-22,21.4,14.6,0.0,0.023399999999999997,3.92,25.19,13.73,19.09,57.57,0.02,20.06,9.59
2018-12-23,20.9,12.3,0.0,0.030010000000000002,4.77,24.61,13.06,19.27,59.2,0.01,21.18,9.572
2018-12-24,20.8,13.7,0.1,0.02817,4.53,26.51,15.07,20.73,53.0,0.0,23.03,9.549
2018-12-25,21.4,14.1,0.1,0.02826,4.51,26.98,15.95,21.29,51.93,0.01,22.97,9.548
2018-12-26,21.6,13.9,0.0,0.02819,4.64,26.39,14.19,19.76,58.26,0.08,21.73,9.562999999999999
2018-12-27,21.0,13.1,0.0,0.02646,4.34,25.62,13.64,19.12,54.45,0.0,30.51,9.556000000000001
2018-12-28,21.3,12.4,0.0,0.0308,4.9,24.45,12.41,18.32,56.97,0.0,25.19,9.556999999999999
2018-12-29,21.0,13.0,0.0,0.030879999999999998,5.03,24.62,12.84,18.83,46.4,0.0,31.96,9.573
2018-12-30,22.3,11.0,0.0,0.033159999999999995,5.54,27.12,13.86,20.14,36.98,0.0,34.55,9.555
2018-12-31,22.0,12.1,0.0,0.033,5.44,26.04,12.94,19.04,43.94,0.0,33.13,9.549
2019-01-01,23.2,12.4,0.0,0.03196,5.41,26.71,12.66,19.92,45.87,0.0,30.81,9.55
2019-01-02,22.7,12.2,0.0,0.030920000000000003,5.23,25.98,13.88,20.05,42.32,0.0,31.53,9.553
2019-01-03,23.2,13.5,0.0,0.03315,5.71,28.93,16.79,22.33,29.63,0.0,34.56,9.534
2019-01-04,21.9,12.1,0.0,0.03232,5.22,27.04,15.38,20.26,44.84,0.0,26.14,9.544
2019-01-05,22.0,14.4,0.0,0.02624,4.4,25.78,14.35,19.68,54.67,0.01,22.8,9.556000000000001
2019-01-06,22.2,13.9,0.0,0.022359999999999998,3.96,24.59,13.21,18.19,65.58,0.04,23.8,9.568999999999999
2019-01-07,21.2,13.5,0.0,0.02176,3.72,22.67,12.76,17.14,67.67,0.03,26.4,9.576
2019-01-08,22.6,15.3,0.1,0.028210000000000002,4.77,23.29,12.04,17.42,60.96,0.01,33.14,9.602
2019-01-09,21.4,13.4,0.0,0.02505,4.28,20.64,11.94,16.17,62.6,0.01,22.73,9.604000000000001
2019-01-10,21.6,11.2,0.0,0.0322,5.34,23.87,11.87,17.68,52.06,0.0,32.8,9.581
2019-01-11,21.2,12.3,0.0,0.03153,5.18,23.66,11.91,17.54,56.15,0.0,32.85,9.6
2019-01-12,21.9,12.4,0.0,0.02929,4.88,23.66,12.21,17.6,62.73,0.01,29.22,9.603
2019-01-13,22.0,14.4,0.0,0.02912,4.92,23.56,13.07,17.83,64.91,0.24,28.84,9.593
2019-01-14,20.6,15.0,0.0,0.02052,3.5,24.24,12.33,17.58,65.66,0.14,28.47,9.59
2019-01-15,22.5,11.5,0.0,0.03209,5.25,26.83,13.42,20.06,50.44,0.0,26.02,9.586
2019-01-16,22.0,15.0,0.0,0.02955,4.98,25.05,13.33,18.86,54.14,0.0,27.94,9.596
2019-01-17,23.0,13.5,0.0,0.03134,5.34,25.66,11.54,18.84,53.26,0.02,31.89,9.592
2019-01-18,23.0,13.5,0.0,0.03209,5.34,27.48,15.84,21.42,44.08,0.17,26.91,9.561
2019-01-19,22.3,15.4,0.1,0.02413,4.09,26.81,15.9,21.09,49.91,0.03,25.17,9.57
2019-01-20,21.8,13.7,0.0,0.02752,4.57,25.34,14.77,19.39,57.34,0.05,20.84,9.57
2019-01-21,23.4,12.8,0.0,0.02991,5.04,28.66,15.86,21.57,47.83,0.0,25.38,9.562999999999999
2019-01-22,22.4,14.6,0.0,0.02619,4.43,25.53,15.08,20.28,46.73,0.0,23.8,9.562999999999999
2019-01-23,22.1,13.3,0.0,0.0285,4.72,26.33,15.0,20.24,51.83,0.03,27.36,9.551
2019-01-24,22.6,14.2,0.0,0.02554,4.37,27.11,14.64,20.35,56.39,0.19,25.88,9.556000000000001
2019-01-25,22.8,13.9,0.0,0.02643,4.47,25.15,15.94,20.71,52.13,0.02,22.79,9.562000000000001
2019-01-26,24.4,13.1,0.0,0.03091,5.29,30.71,17.6,24.05,38.24,0.0,31.07,9.549
2019-01-27,23.4,13.0,0.0,0.02698,4.55,26.9,16.57,21.5,45.22,0.0,25.45,9.549
2019-01-28,22.8,13.4,0.0,0.0285,4.79,27.2,15.99,21.51,40.17,0.0,28.82,9.545
2019-01-29,23.2,14.3,0.0,0.02822,4.75,25.58,14.58,19.72,53.95,0.0,22.47,9.579
2019-01-30,24.0,14.1,0.0,0.0297,5.1,26.0,15.47,20.85,53.58,0.0,25.62,9.576
2019-01-31,24.7,14.1,0.0,0.03006,5.31,29.48,16.25,22.23,44.61,0.01,28.21,9.559000000000001
2019-02-01,23.8,14.0,0.0,0.02972,4.95,26.9,17.09,21.59,45.57,0.17,24.35,9.576
2019-02-02,22.6,15.5,0.0,0.02512,4.16,27.34,16.82,22.06,51.23,0.32,23.24,9.562000000000001
2019-02-03,22.8,14.4,0.0,0.02589,4.35,28.45,17.87,22.99,48.31,0.0,22.92,9.552
2019-02-04,22.8,14.1,0.2,0.02336,3.92,28.59,17.8,22.82,47.04,0.01,20.55,9.554
2019-02-05,23.0,13.5,0.1,0.02174,3.65,29.15,17.25,22.78,49.15,0.0,19.37,9.544
2019-02-06,23.2,14.8,0.0,0.02384,4.1,29.01,17.86,23.08,45.45,0.0,21.3,9.541
2019-02-07,23.1,15.4,0.0,0.02479,4.27,28.3,17.07,21.41,50.62,0.0,20.07,9.549
2019-02-08,23.2,14.2,0.0,0.02702,4.57,28.08,15.68,21.21,48.74,0.0,26.54,9.55
2019-02-09,24.3,14.4,0.0,0.02789,4.91,27.51,16.54,21.5,49.5,0.0,26.97,9.561
2019-02-10,23.4,14.9,0.0,0.027530000000000002,4.7,27.15,16.19,20.93,51.81,0.16,23.49,9.556999999999999
2019-02-11,21.8,13.3,0.0,0.02501,4.18,24.55,14.47,19.06,58.63,0.02,21.9,9.556000000000001
2019-02-12,21.8,13.6,0.0,0.027219999999999998,4.49,24.62,13.37,18.86,55.44,0.0,27.57,9.562000000000001
2019-02-13,22.8,13.8,0.0,0.02939,5.12,24.77,12.27,18.45,58.9,0.0,30.23,9.596
2019-02-14,25.8,13.7,0.0,0.02913,5.22,29.71,15.84,22.79,40.95,0.0,29.37,9.543000000000001
2019-02-15,23.5,15.2,0.0,0.02429,4.21,27.3,17.19,21.58,53.89,0.0,20.02,9.552
2019-02-16,23.7,17.2,0.7,0.019379999999999998,3.61,26.06,15.82,20.31,63.29,0.0,16.5,9.58
2019-02-17,23.5,14.4,0.0,0.02682,4.58,26.73,15.32,20.03,63.28,0.0,26.79,9.564
2019-02-18,21.2,15.1,0.0,0.01923,3.24,26.23,15.21,20.46,58.15,0.0,14.89,9.578
2019-02-19,22.7,14.3,0.0,0.02401,4.04,27.11,16.64,21.1,54.68,0.02,16.88,9.574
2019-02-20,23.3,15.2,0.0,0.025929999999999998,4.49,26.82,16.51,21.13,56.84,0.0,21.36,9.567
2019-02-21,23.6,16.0,0.0,0.02597,4.46,25.67,15.06,19.8,64.2,0.0,22.94,9.587
2019-02-22,23.8,15.2,0.0,0.026359999999999998,4.5,26.72,14.29,20.18,64.37,0.0,24.12,9.581999999999999
2019-02-23,25.3,15.0,0.0,0.02677,4.75,28.55,15.77,21.08,50.81,0.0,24.54,9.545
2019-02-24,23.9,14.3,0.0,0.027219999999999998,4.74,26.74,15.02,19.9,46.76,0.0,28.87,9.555
2019-02-25,23.2,12.9,0.0,0.02718,4.67,25.92,15.22,19.36,41.73,0.0,28.39,9.574
2019-02-26,23.1,11.8,0.0,0.027120000000000002,4.64,26.42,15.3,20.23,37.94,0.0,28.16,9.572
2019-02-27,22.8,12.5,0.0,0.02686,4.52,26.47,16.13,20.72,39.66,0.0,22.93,9.57
2019-02-28,19.9,12.4,0.0,0.02392,3.77,25.89,15.55,19.89,52.19,0.0,21.33,9.574
2019-03-01,21.6,11.4,0.0,0.02357,3.9,26.73,15.38,19.78,52.78,0.0,21.03,9.578
2019-03-02,22.3,13.4,0.0,0.02463,4.08,25.93,15.53,19.96,53.92,0.01,18.53,9.581
2019-03-03,21.2,14.1,0.0,0.02136,3.57,24.84,13.85,18.46,57.05,0.0,21.99,9.576
2019-03-04,21.6,12.8,0.0,0.02542,4.24,24.29,13.09,18.7,52.94,0.0,26.07,9.584
2019-03-05,24.1,12.5,0.0,0.025920000000000002,4.58,27.14,15.71,20.79,38.99,0.1,27.17,9.577
2019-03-06,22.7,12.9,0.0,0.02586,4.4,26.93,14.47,19.76,45.07,0.0,26.78,9.583
2019-03-07,22.7,11.5,0.0,0.02532,4.29,27.66,14.15,19.88,49.3,0.0,24.82,9.581999999999999
2019-03-08,20.9,14.1,0.0,0.018670000000000003,3.23,20.27,12.9,15.91,70.17,0.61,18.2,9.554
2019-03-09,20.9,13.9,0.0,0.022269999999999998,3.76,23.52,12.21,17.29,60.06,0.1,25.12,9.543000000000001
2019-03-10,22.2,13.5,1.4,0.02447,4.26,22.56,12.43,17.35,64.75,0.0,25.18,9.562000000000001
2019-03-11,22.5,13.1,0.6,0.024329999999999997,4.06,26.05,13.28,18.93,58.44,0.01,20.37,9.572
2019-03-12,22.4,13.2,0.0,0.023100000000000002,3.84,27.97,16.04,21.18,42.8,0.11,17.53,9.562000000000001
2019-03-13,21.3,12.7,0.2,0.01948,3.19,25.52,15.3,19.95,54.65,0.07,14.12,9.556000000000001
2019-03-14,20.9,13.5,0.0,0.02071,3.39,25.38,14.65,19.29,53.79,0.02,18.23,9.57
2019-03-15,21.3,12.8,0.0,0.022539999999999998,3.69,24.58,14.19,18.41,51.53,0.5,20.68,9.578
2019-03-16,20.4,10.7,0.0,0.02075,3.35,24.42,13.24,17.87,53.77,0.15,19.74,9.578
2019-03-17,20.1,10.4,0.0,0.0225,3.5,24.69,12.37,18.07,51.31,0.3,18.9,9.577
2019-03-18,21.7,11.8,0.0,0.02246,3.66,25.72,13.41,18.35,45.91,0.85,22.42,9.58
2019-03-19,23.3,10.1,0.0,0.02395,4.15,26.87,12.14,18.7,30.66,0.0,24.74,9.583
2019-03-20,20.4,9.6,0.0,0.02348,3.79,23.95,13.06,17.84,35.78,0.0,23.15,9.576
2019-03-21,20.7,9.8,0.0,0.023010000000000003,3.73,26.01,12.3,18.58,37.26,0.0,22.19,9.58
2019-03-22,22.2,10.6,0.0,0.02289,3.79,27.34,14.91,20.06,37.13,0.0,21.98,9.57
2019-03-23,21.2,11.5,0.0,0.022019999999999998,3.5,24.73,14.33,18.83,44.44,0.0,19.53,9.588
2019-03-24,20.3,11.2,0.0,0.022260000000000002,3.46,23.99,14.33,18.66,47.61,0.0,19.32,9.581
2019-03-25,19.6,10.2,0.0,0.021,3.19,23.84,13.34,18.02,51.97,0.0,13.7,9.578
2019-03-26,18.0,9.1,0.0,0.019219999999999998,2.84,24.0,13.92,18.26,51.32,0.0,13.31,9.551
2019-03-27,18.9,9.1,0.0,0.0195,2.97,24.27,14.22,18.48,55.26,0.0,11.64,9.565000000000001
2019-03-28,19.0,10.7,0.0,0.019309999999999997,3.04,24.95,13.96,18.16,53.76,0.01,14.85,9.593
2019-03-29,17.6,10.3,0.3,0.0159,2.34,24.87,13.96,18.33,50.72,0.0,12.72,9.586
2019-03-30,18.8,10.5,1.1,0.00862,1.51,25.8,13.94,18.17,52.83,0.26,5.22,9.568999999999999
2019-03-31,20.4,12.8,6.9,0.01807,2.87,22.47,12.23,16.27,73.12,0.26,18.85,9.598
2019-04-01,18.9,10.7,0.0,0.01668,2.5,24.12,12.54,17.23,64.36,0.01,13.98,9.578
2019-04-02,19.3,12.8,0.0,0.01458,2.26,23.24,14.13,18.3,54.79,0.01,11.84,9.577
2019-04-03,19.3,13.8,1.0,0.00956,1.64,23.84,14.17,17.63,64.9,0.04,9.38,9.601
2019-04-04,20.8,12.0,0.0,0.019440000000000002,3.07,23.73,13.26,17.37,61.47,0.0,18.92,9.601
2019-04-05,23.0,12.4,0.0,0.020120000000000002,3.34,24.85,15.08,19.0,42.98,0.0,21.09,9.595
2019-04-06,24.4,11.5,0.0,0.02007,3.47,26.25,15.77,20.48,37.04,0.0,20.29,9.592
2019-04-07,22.7,13.4,0.0,0.019620000000000002,3.24,24.62,15.1,19.71,43.41,0.0,13.32,9.59
2019-04-08,17.4,12.4,0.8,0.01156,1.81,23.95,13.75,17.88,53.41,0.0,9.45,9.592
2019-04-09,18.2,10.9,0.5,0.013710000000000002,2.22,20.73,11.3,14.9,66.11,0.0,9.2,9.606
2019-04-10,20.9,9.0,0.0,0.019399999999999997,3.0,25.6,11.38,17.63,47.59,0.0,19.72,9.581999999999999
2019-04-11,17.4,11.9,0.1,0.013210000000000001,2.0,22.6,12.4,16.68,55.31,0.0,8.26,9.575
2019-04-12,17.4,10.7,0.0,0.01285,1.98,22.16,11.92,14.92,62.04,0.0,8.33,9.581
2019-04-13,17.1,10.3,0.0,0.01008,1.67,21.27,11.71,14.75,57.81,0.0,9.17,9.587
2019-04-14,19.7,10.0,0.0,0.01751,2.73,23.76,11.6,16.85,42.95,0.0,18.88,9.592
2019-04-15,21.0,9.4,0.0,0.018600000000000002,2.97,26.42,12.12,18.4,37.98,0.02,19.4,9.583
2019-04-16,21.7,9.8,0.0,0.01841,2.97,25.64,14.87,18.8,38.41,0.53,17.3,9.575
2019-04-17,19.9,10.5,0.0,0.01812,2.8,24.95,14.03,18.41,39.99,0.02,16.36,9.562999999999999
2019-04-18,17.5,10.6,0.0,0.01156,1.84,21.89,14.02,16.66,54.44,0.08,10.76,9.562999999999999
2019-04-19,18.3,11.7,0.0,0.013210000000000001,2.09,21.07,10.91,15.24,65.76,0.13,12.22,9.587
2019-04-20,18.4,10.2,0.0,0.01495,2.3,19.63,9.77,13.65,75.02,0.05,10.97,9.606
2019-04-21,17.5,9.1,0.0,0.01583,2.35,18.6,8.73,12.74,73.9,0.03,17.4,9.599
2019-04-22,17.4,9.3,0.0,0.01611,2.37,19.9,8.67,13.31,70.98,0.19,17.29,9.587
2019-04-23,16.3,9.0,0.0,0.01087,1.69,17.5,10.52,13.26,69.64,0.03,9.96,9.579
2019-04-24,17.5,10.8,7.0,0.00933,1.63,15.09,10.14,12.1,83.67,0.86,6.49,9.609
2019-04-25,18.0,8.9,0.0,0.01622,2.4,18.88,9.29,12.88,74.95,0.0,16.7,9.607
2019-04-26,17.7,8.7,0.0,0.01627,2.36,22.32,9.73,14.97,56.72,0.0,16.98,9.61
2019-04-27,17.4,8.7,0.0,0.01563,2.24,24.42,11.48,16.91,44.98,0.0,15.67,9.589
2019-04-28,19.4,9.6,0.0,0.01578,2.42,26.15,14.08,18.19,41.33,0.0,14.01,9.567
2019-04-29,16.7,11.4,0.0,0.010060000000000001,1.5,23.06,13.55,17.17,43.51,0.0,13.62,9.567
2019-04-30,18.9,8.9,0.0,0.015470000000000001,2.27,22.74,11.47,16.01,41.93,0.0,16.68,9.593
2019-05-01,19.7,8.5,0.0,0.01582,2.53,27.13,13.59,19.01,28.03,0.0,16.08,9.576
2019-05-02,21.5,8.6,0.0,0.013869999999999999,2.35,24.49,14.76,18.21,44.08,0.02,13.51,9.567
2019-05-03,17.3,11.3,0.0,0.01216,1.81,24.0,12.99,16.81,54.87,0.07,10.76,9.561
2019-05-04,19.5,10.3,0.0,0.013099999999999999,2.09,21.24,12.83,15.6,61.9,0.58,12.37,9.587
2019-05-05,18.1,12.4,0.0,0.01088,1.66,22.05,12.54,16.17,57.35,1.17,10.52,9.589
2019-05-06,17.9,12.3,0.0,0.01038,1.6,21.64,13.51,16.21,55.4,0.06,7.41,9.579
2019-05-07,15.9,10.1,0.2,0.01016,1.44,22.34,11.23,15.61,60.48,0.01,6.62,9.584999999999999
2019-05-08,14.2,9.4,0.1,0.005849999999999999,0.97,16.82,10.15,12.78,72.75,0.08,5.47,9.573
2019-05-09,17.0,8.4,0.2,0.01294,1.99,17.34,9.32,12.24,74.36,0.4,14.02,9.61
2019-05-10,16.3,7.4,0.0,0.01367,1.91,18.93,9.78,13.11,55.05,0.01,14.66,9.602
2019-05-11,16.5,8.0,0.0,0.01405,1.98,19.41,10.39,13.67,49.05,0.0,15.15,9.615
2019-05-12,17.7,7.4,0.0,0.01413,2.03,20.68,10.44,14.96,49.42,0.0,13.65,9.594
2019-05-13,18.5,9.0,0.1,0.01396,2.09,22.82,13.52,17.25,47.54,0.01,14.39,9.601
2019-05-14,17.7,9.0,0.0,0.01294,1.84,23.8,14.2,18.2,43.31,0.01,9.0,9.586
2019-05-15,14.5,8.3,0.0,0.01109,1.45,22.2,14.3,17.5,47.15,0.05,8.38,9.578
2019-05-16,15.9,9.8,0.4,0.01081,1.61,19.63,10.38,14.17,67.57,0.08,10.17,9.579
2019-05-17,17.8,8.9,0.2,0.011439999999999999,1.84,17.08,9.25,12.56,77.94,1.07,9.92,9.604000000000001
2019-05-18,18.1,9.4,0.0,0.01255,1.83,19.48,9.76,13.56,62.31,0.02,14.01,9.611
2019-05-19,15.0,8.3,0.0,0.00783,1.2,18.47,10.14,13.3,45.05,0.0,9.27,9.588
2019-05-20,14.9,7.3,0.0,0.01255,1.78,14.66,6.14,10.11,65.89,0.16,11.63,9.632
2019-05-21,15.5,4.6,0.0,0.012960000000000001,1.81,13.33,4.65,8.37,64.89,0.01,13.51,9.642
2019-05-22,16.5,4.1,0.0,0.013380000000000001,1.92,17.74,6.95,11.48,46.02,0.0,13.97,9.625
2019-05-23,17.9,6.2,0.0,0.01341,2.12,21.45,10.0,14.69,30.73,0.01,13.92,9.611
2019-05-24,17.8,8.8,0.0,0.00797,1.39,19.91,13.72,15.74,35.26,0.0,8.69,9.565999999999999
2019-05-25,17.2,8.7,0.3,0.007549999999999999,1.47,16.41,9.31,12.68,66.66,0.04,5.61,9.556999999999999
2019-05-26,17.0,8.9,0.9,0.009210000000000001,1.57,15.86,9.19,11.69,78.26,0.02,9.02,9.593
2019-05-27,17.2,7.7,0.0,0.01207,1.82,17.7,9.53,12.51,64.14,0.0,11.66,9.6
2019-05-28,19.3,7.8,0.0,0.01185,1.97,19.32,10.16,14.04,53.01,0.0,11.22,9.589
2019-05-29,16.1,10.5,5.4,0.00354,1.0,16.74,10.51,13.54,61.45,1.78,2.39,9.562999999999999
2019-05-30,17.9,10.7,0.7,0.00847,1.56,16.54,11.26,13.21,72.14,1.81,8.85,9.605
2019-05-31,17.1,10.9,0.9,0.005900000000000001,1.09,16.99,10.04,12.55,77.34,0.26,6.36,9.619
2019-06-01,18.3,7.7,0.0,0.01228,1.95,19.22,9.82,13.05,47.85,0.01,11.78,9.642
2019-06-02,19.9,7.8,0.0,0.01192,1.95,22.64,10.54,15.13,32.76,0.0,12.25,9.628
2019-06-03,18.0,10.3,0.0,0.01216,2.12,22.9,11.67,16.2,40.75,0.0,11.23,9.591
2019-06-04,15.0,7.8,0.0,0.009980000000000001,1.4,21.16,11.16,14.9,48.19,0.02,7.6,9.592
2019-06-05,18.1,6.8,0.0,0.01007,1.7,20.24,11.33,14.67,56.94,0.02,9.56,9.606
2019-06-06,16.8,8.5,0.0,0.01,1.48,15.47,7.58,11.43,75.09,0.01,9.21,9.649
2019-06-07,17.3,5.6,0.0,0.01219,1.76,19.25,6.68,11.98,38.51,0.0,12.76,9.617
2019-06-08,16.5,6.4,0.0,0.012240000000000001,1.76,22.03,10.42,14.65,37.41,0.0,12.21,9.593
2019-06-09,15.2,5.8,0.0,0.01193,1.65,20.17,10.25,13.63,47.42,0.0,12.18,9.586
2019-06-10,16.3,6.7,0.0,0.0092,1.4,18.77,10.85,13.72,45.77,0.0,9.66,9.583
2019-06-11,15.6,6.8,0.7,0.00611,1.07,15.02,9.66,11.98,71.64,0.26,4.97,9.564
2019-06-12,18.9,7.4,0.3,0.01031,1.72,16.29,8.22,11.83,80.79,7.58,8.21,9.587
2019-06-13,14.1,7.7,14.8,0.0061600000000000005,1.01,12.75,8.63,10.52,85.94,13.34,6.74,9.626000000000001
2019-06-14,14.4,5.9,0.8,0.00793,1.24,11.56,7.11,8.52,82.32,2.94,7.04,9.618
2019-06-15,14.5,5.7,0.0,0.01103,1.63,12.3,6.21,8.51,75.94,0.48,10.5,9.628
2019-06-16,14.5,4.6,0.0,0.0119,1.73,13.54,5.82,8.73,71.94,0.05,11.84,9.609
2019-06-17,11.3,4.0,6.1,0.0046,0.97,10.33,4.49,7.05,85.57,9.99,3.25,9.626999999999999
2019-06-18,16.7,2.9,0.0,0.012119999999999999,1.9,17.96,3.83,10.28,47.69,0.0,12.48,9.643
2019-06-19,20.9,5.7,0.0,0.00917,2.2,23.69,9.98,16.77,38.56,0.0,10.46,9.558
2019-06-20,15.2,9.5,0.0,0.00827,1.17,20.72,10.94,15.47,55.97,0.4,7.71,9.565999999999999
2019-06-21,15.6,9.0,0.1,0.0104,1.46,20.3,9.9,13.11,58.84,0.09,11.19,9.614
2019-06-22,16.4,7.3,0.0,0.01112,1.57,21.67,11.59,14.71,48.35,0.0,10.85,9.598
2019-06-23,15.1,6.2,0.0,0.01119,1.49,19.57,11.57,14.07,50.65,0.0,10.94,9.597
2019-06-24,12.1,6.0,9.6,0.00115,0.38,11.87,3.61,8.99,80.04,3.59,2.07,9.615
2019-06-25,13.4,2.6,0.0,0.01208,1.58,13.8,2.98,7.34,52.32,0.0,12.61,9.64
2019-06-26,12.8,3.3,0.0,0.01044,1.53,14.93,6.23,9.98,52.41,0.0,10.27,9.593
2019-06-27,15.4,6.4,0.0,0.00691,1.14,13.81,8.05,10.51,70.6,0.0,6.45,9.554
2019-06-28,14.3,6.5,0.1,0.00395,0.89,14.06,8.8,10.81,80.12,4.59,3.59,9.553
2019-06-29,13.8,6.8,16.3,0.00595,1.02,11.75,6.4,9.39,88.79,7.11,6.84,9.622
2019-06-30,12.9,4.0,0.0,0.0119,1.47,14.55,5.98,9.12,54.28,0.0,11.43,9.623999999999999
2019-07-01,13.8,3.6,0.0,0.012410000000000001,1.7,18.14,7.33,11.01,45.1,0.0,12.72,9.616
2019-07-02,13.3,3.9,0.0,0.0121,1.56,17.29,7.59,11.2,47.69,0.0,12.54,9.61
2019-07-03,15.0,3.8,0.0,0.01209,1.68,18.13,7.8,11.65,50.2,0.0,12.34,9.598
2019-07-04,13.6,5.4,0.0,0.011970000000000001,1.52,19.5,8.25,12.45,52.36,0.0,12.47,9.595
2019-07-05,17.9,6.0,0.0,0.01214,1.74,22.47,11.19,15.91,38.34,0.0,12.72,9.567
2019-07-06,13.4,6.1,0.0,0.00533,0.8,15.84,8.88,12.92,65.15,0.0,4.28,9.575
2019-07-07,15.7,8.8,0.0,0.00751,1.21,15.39,9.4,11.22,77.86,0.0,6.51,9.592
2019-07-08,14.7,8.9,0.1,0.008199999999999999,1.16,14.38,8.24,10.5,81.4,0.0,5.47,9.61
2019-07-09,14.7,8.9,0.0,0.01019,1.35,16.78,8.23,11.1,69.27,0.01,10.17,9.615
2019-07-10,14.9,5.8,0.0,0.008919999999999999,1.24,15.45,7.79,10.56,69.53,0.01,6.32,9.609
2019-07-11,14.6,7.5,0.0,0.0111,1.52,15.34,7.29,10.37,77.31,0.0,9.22,9.609
2019-07-12,14.2,5.5,0.0,0.01242,1.62,15.18,6.21,9.64,74.81,0.0,10.26,9.611
2019-07-13,15.7,4.3,0.0,0.0128,1.77,17.48,6.1,10.53,55.88,0.0,12.88,9.619
2019-07-14,14.8,4.2,0.0,0.01261,1.68,17.99,7.17,11.34,48.08,0.0,12.9,9.626000000000001
2019-07-15,16.0,6.0,0.0,0.0129,1.88,20.48,9.98,14.0,46.62,0.0,13.09,9.588
2019-07-16,15.6,5.6,0.0,0.01238,1.66,19.29,9.88,13.38,55.75,0.01,11.01,9.606
2019-07-17,12.6,5.4,0.0,0.005679999999999999,0.78,17.27,8.86,12.01,60.44,0.02,6.85,9.626000000000001
2019-07-18,15.8,7.1,0.0,0.01243,1.68,19.46,8.32,12.85,56.08,0.0,12.37,9.625
2019-07-19,15.7,8.0,0.0,0.01252,1.73,19.62,8.39,13.24,42.64,0.0,12.72,9.589
2019-07-20,14.6,6.7,0.0,0.01034,1.43,16.04,8.33,11.03,58.43,0.03,8.94,9.559000000000001
2019-07-21,12.0,5.5,5.4,0.00404,0.79,10.45,4.34,8.11,83.47,7.68,6.86,9.611
2019-07-22,13.3,3.3,0.0,0.013439999999999999,1.76,12.44,3.92,6.97,68.39,0.0,13.78,9.622
2019-07-23,12.5,3.8,0.0,0.013,1.62,11.78,3.89,7.07,65.96,0.0,13.08,9.636
2019-07-24,12.4,2.1,0.0,0.01192,1.54,16.37,4.66,9.36,60.03,0.0,12.57,9.623999999999999
2019-07-25,14.3,5.2,0.0,0.013,1.77,14.31,6.01,8.95,71.82,0.0,13.39,9.668000000000001
2019-07-26,14.5,3.7,0.0,0.01122,1.53,17.53,6.24,11.3,54.4,0.0,12.21,9.635
2019-07-27,15.3,7.2,0.0,0.01322,1.79,18.38,9.51,12.56,55.76,0.0,12.46,9.603
2019-07-28,13.7,7.3,0.3,0.01048,1.41,17.6,8.29,12.07,66.26,1.07,8.55,9.635
2019-07-29,18.8,8.7,0.6,0.013630000000000001,2.1,20.22,10.62,14.27,62.55,0.06,12.98,9.643
2019-07-30,20.6,9.5,0.0,0.01388,2.2,24.44,11.93,16.65,50.05,0.0,14.39,9.598
2019-07-31,15.1,9.5,0.0,0.0069900000000000006,1.06,17.04,5.87,11.79,70.08,0.0,9.75,9.616
2019-08-01,17.2,4.2,0.0,0.01455,2.46,15.32,4.64,8.59,60.96,0.0,15.16,9.666
2019-08-02,15.6,4.4,0.0,0.01499,2.16,19.92,5.22,12.14,40.23,0.0,15.42,9.638
2019-08-03,19.4,8.2,0.0,0.01497,2.43,23.54,11.52,16.33,38.38,0.0,15.07,9.599
2019-08-04,19.3,8.1,0.0,0.015359999999999999,2.59,23.5,13.1,16.97,38.2,0.0,15.75,9.574
2019-08-05,14.3,7.6,0.0,0.01332,1.78,18.74,6.32,12.22,59.3,0.01,10.35,9.601
2019-08-06,14.3,7.1,0.0,0.012029999999999999,1.65,15.39,6.02,9.44,72.33,0.01,14.25,9.639
2019-08-07,13.3,6.0,0.0,0.01456,1.86,14.11,4.45,8.14,72.06,0.0,15.7,9.643
2019-08-08,12.7,4.3,0.0,0.01502,1.96,11.27,3.87,6.9,71.8,0.0,14.08,9.647
2019-08-09,12.4,2.2,0.0,0.01572,1.93,14.85,4.21,8.78,57.6,0.0,15.49,9.662
2019-08-10,14.7,3.8,0.0,0.015619999999999998,2.08,18.94,6.2,11.06,52.08,0.0,15.72,9.614
2019-08-11,15.2,3.9,0.0,0.01579,2.14,15.96,5.35,9.32,70.74,0.0,16.13,9.65
2019-08-12,17.0,3.7,0.0,0.016390000000000002,2.4,20.04,4.17,11.39,43.94,0.0,16.11,9.648
2019-08-13,25.5,6.2,0.0,0.015560000000000001,3.12,26.38,11.42,18.64,28.1,0.0,14.98,9.554
2019-08-14,17.0,8.5,0.0,0.01575,2.27,21.98,13.92,17.72,42.62,0.0,11.3,9.562999999999999
2019-08-15,14.6,7.7,0.1,0.012039999999999999,1.64,20.05,9.63,14.19,62.12,0.0,7.97,9.6
2019-08-16,12.7,8.9,0.4,0.0074,1.12,16.42,7.35,10.82,72.51,0.01,6.34,9.607
2019-08-17,16.2,6.1,0.0,0.01345,2.01,16.55,7.58,10.9,68.14,0.0,13.88,9.628
2019-08-18,11.8,6.2,0.0,0.004940000000000001,0.78,15.86,7.43,10.86,67.21,0.0,5.62,9.612
2019-08-19,17.0,5.0,0.0,0.011890000000000001,1.8,18.3,8.51,13.16,55.77,0.0,10.25,9.606
2019-08-20,19.7,8.6,0.0,0.01638,2.48,23.4,9.6,15.34,56.94,0.0,12.98,9.593
2019-08-21,15.6,8.8,0.0,0.01259,1.83,19.23,9.72,13.72,57.27,0.0,12.14,9.619
2019-08-22,26.5,8.3,0.0,0.01761,3.09,26.24,11.56,16.68,47.34,0.0,18.02,9.603
2019-08-23,18.2,8.3,0.0,0.01695,2.55,23.16,11.79,15.85,50.16,0.0,15.01,9.597
2019-08-24,17.5,8.2,0.0,0.01635,2.37,23.58,13.0,17.03,47.92,0.0,14.6,9.598
2019-08-25,18.1,8.9,0.0,0.015189999999999999,2.3,21.23,11.61,15.47,53.15,0.0,13.45,9.608
2019-08-26,21.0,8.7,0.0,0.0179,2.96,22.73,11.85,16.54,46.76,0.0,17.66,9.619
2019-08-27,24.8,11.1,0.0,0.016890000000000002,3.25,26.16,14.97,19.36,40.08,0.0,16.61,9.574
2019-08-28,18.8,11.3,0.0,0.01738,2.55,24.66,12.23,17.89,48.13,0.0,13.85,9.588
2019-08-29,16.1,10.0,0.3,0.01576,2.2,19.98,9.68,14.35,61.49,0.0,13.87,9.607
2019-08-30,16.8,8.1,0.0,0.016730000000000002,2.36,20.11,8.18,12.98,55.76,0.0,19.18,9.615
2019-08-31,17.2,8.3,0.0,0.01896,2.68,21.26,9.22,14.02,35.8,0.0,19.84,9.61
2019-09-01,16.5,5.8,0.0,0.019469999999999998,2.73,21.28,9.54,14.0,35.46,0.0,19.99,9.592
2019-09-02,15.8,6.4,0.0,0.019960000000000002,2.77,20.11,8.87,13.45,33.28,0.0,20.67,9.583
2019-09-03,18.0,6.4,0.0,0.019719999999999998,3.02,21.3,8.48,14.22,34.94,0.0,18.58,9.568999999999999
2019-09-04,15.4,7.0,0.3,0.011859999999999999,1.94,19.26,9.1,13.98,52.43,0.0,9.14,9.561
2019-09-05,16.4,9.5,0.5,0.0091,1.69,15.12,8.49,10.95,76.11,0.0,8.76,9.596
2019-09-06,16.0,8.3,0.0,0.00872,1.54,16.56,8.12,11.19,71.73,0.0,16.17,9.592
2019-09-07,16.3,7.1,0.0,0.016550000000000002,2.43,16.64,7.32,11.07,72.9,0.03,15.46,9.618
2019-09-08,14.8,9.1,0.2,0.015349999999999999,2.33,16.55,5.58,9.64,75.56,0.09,18.2,9.619
2019-09-09,16.1,9.6,4.0,0.01453,2.52,12.86,7.32,9.68,76.41,1.44,10.42,9.626000000000001
2019-09-10,15.9,6.0,0.1,0.01783,2.54,15.16,6.47,10.12,76.09,2.06,18.79,9.617
2019-09-11,17.9,7.9,0.2,0.02082,3.09,17.14,6.57,11.01,67.68,1.7,21.25,9.651
2019-09-12,20.7,7.0,0.0,0.02168,3.52,22.56,8.17,14.75,40.97,0.0,22.19,9.587
2019-09-13,15.3,7.8,0.0,0.018699999999999998,2.53,20.5,9.69,14.09,56.49,0.0,13.45,9.575
2019-09-14,15.3,8.9,0.0,0.019629999999999998,2.79,16.97,7.65,11.34,74.44,0.0,15.85,9.59
2019-09-15,15.8,6.5,0.0,0.01973,2.85,16.59,6.95,10.95,75.42,0.0,19.14,9.632
2019-09-16,16.1,8.4,0.0,0.01961,2.8,17.48,7.13,10.78,70.03,0.0,21.35,9.619
2019-09-17,15.1,7.1,0.0,0.01871,2.66,15.52,6.55,10.68,74.57,0.0,18.33,9.622
2019-09-18,15.9,5.7,0.0,0.020579999999999998,2.83,19.67,5.79,11.55,70.83,0.0,18.0,9.589
2019-09-19,16.0,8.4,0.0,0.01549,2.36,17.27,6.49,11.03,62.79,0.0,17.33,9.620000000000001
2019-09-20,18.4,6.4,0.0,0.02296,3.42,20.52,6.23,12.75,42.1,0.0,24.38,9.628
2019-09-21,19.5,7.6,0.0,0.02332,3.66,25.59,9.14,16.42,28.1,0.0,23.52,9.595
2019-09-22,17.1,7.1,0.0,0.02308,3.23,21.29,9.28,15.04,50.27,0.0,15.86,9.604000000000001
2019-09-23,16.0,8.0,0.1,0.019960000000000002,2.89,20.43,9.0,13.64,57.45,0.0,18.23,9.618
2019-09-24,17.2,5.7,0.0,0.022269999999999998,3.22,24.0,10.25,16.29,52.4,0.0,16.77,9.594
2019-09-25,16.0,6.5,0.0,0.02293,3.11,24.35,12.6,16.89,48.01,0.0,13.29,9.581999999999999
2019-09-26,16.9,8.8,0.1,0.02093,3.0,22.83,11.22,16.43,55.23,0.0,13.39,9.568999999999999
2019-09-27,16.7,8.9,1.5,0.01526,2.39,19.96,9.47,13.4,69.51,0.02,19.66,9.606
2019-09-28,17.3,6.0,0.0,0.02431,3.5,23.36,10.09,15.63,48.85,0.01,22.96,9.595
2019-09-29,15.7,10.3,0.2,0.01557,2.34,20.93,9.05,14.4,60.95,0.04,10.52,9.591
2019-09-30,17.0,8.6,0.0,0.01886,2.9,16.9,8.38,11.62,76.9,0.4,19.2,9.602
2019-10-01,15.4,8.8,0.0,0.02085,3.22,12.75,5.61,9.02,70.32,1.24,22.0,9.626999999999999
2019-10-02,15.6,5.0,0.0,0.02497,3.54,16.32,4.32,9.66,61.14,0.01,25.49,9.625
2019-10-03,16.0,7.0,0.0,0.02437,3.49,16.12,5.14,9.92,62.41,0.0,25.24,9.649
2019-10-04,17.1,5.1,0.0,0.02537,3.62,18.79,4.9,11.16,47.63,0.0,26.49,9.648
2019-10-05,16.8,6.5,0.0,0.02493,3.66,19.79,6.25,12.62,45.38,0.0,25.44,9.645999999999999
2019-10-06,21.5,7.0,0.0,0.02476,4.19,24.42,9.6,16.5,37.53,0.0,24.3,9.626000000000001
2019-10-07,22.4,8.6,0.0,0.024149999999999998,3.99,24.86,13.15,18.18,42.65,0.57,24.49,9.604000000000001
2019-10-08,26.3,10.8,0.0,0.02513,4.87,29.93,14.9,21.59,29.12,0.0,25.97,9.573
2019-10-09,25.1,16.5,0.0,0.01948,3.86,28.29,17.01,20.72,30.71,0.0,21.04,9.561
2019-10-10,21.8,12.0,0.0,0.0206,3.56,24.46,15.63,19.39,33.5,0.0,17.92,9.553
2019-10-11,17.6,10.7,0.0,0.02423,3.45,26.87,13.18,18.67,29.05,0.0,15.94,9.556000000000001
2019-10-12,16.8,10.1,0.0,0.012,1.92,20.41,12.45,16.02,40.31,0.0,12.73,9.562999999999999
2019-10-13,17.6,11.6,0.0,0.0158,2.57,22.37,14.24,17.33,44.24,0.01,16.04,9.549
2019-10-14,20.0,11.7,9.8,0.01328,2.51,17.02,9.76,13.32,75.22,0.04,10.54,9.592
2019-10-15,18.6,11.3,0.0,0.02484,3.72,20.87,9.32,14.28,62.42,0.01,26.48,9.599
2019-10-16,16.2,11.1,0.0,0.013529999999999999,2.2,16.92,8.81,11.7,74.74,0.51,13.16,9.613
2019-10-17,17.5,9.7,0.0,0.023280000000000002,3.46,19.08,8.77,12.71,66.51,0.07,26.85,9.628
2019-10-18,18.3,9.2,0.0,0.027309999999999997,4.05,21.06,8.0,14.05,59.03,0.0,27.44,9.594
2019-10-19,14.7,10.8,0.2,0.01244,2.01,16.29,8.93,12.3,72.02,0.0,11.55,9.612
2019-10-20,19.7,10.0,0.2,0.02623,4.14,19.21,9.26,13.31,62.79,0.0,27.77,9.655
2019-10-21,21.4,6.7,0.0,0.02798,4.47,25.6,9.93,17.51,35.54,0.0,28.92,9.602
2019-10-22,20.9,10.6,0.0,0.028140000000000002,4.49,24.45,12.72,17.16,36.4,0.0,28.23,9.583
2019-10-23,18.5,9.2,0.0,0.027460000000000002,4.08,22.48,12.39,16.06,49.27,0.0,19.11,9.59
2019-10-24,18.7,9.7,0.0,0.027899999999999998,4.28,22.63,11.51,16.47,48.87,0.0,26.94,9.604000000000001
2019-10-25,21.8,8.3,0.0,0.02673,4.41,24.91,11.26,17.66,38.14,0.0,25.76,9.571
2019-10-26,20.0,10.8,0.3,0.02615,4.14,22.72,10.81,15.72,53.82,0.0,24.39,9.58
2019-10-27,20.0,11.1,0.0,0.026920000000000003,4.3,21.57,10.83,14.99,60.8,0.0,26.83,9.584
2019-10-28,19.0,11.5,0.0,0.02886,4.61,19.25,9.1,13.59,62.14,0.0,29.91,9.602
2019-10-29,19.6,8.8,0.0,0.02918,4.69,19.85,9.02,14.04,57.56,0.0,29.46,9.604000000000001
2019-10-30,21.2,10.1,0.0,0.0294,4.82,23.54,9.13,16.04,45.58,0.0,29.98,9.587
2019-10-31,18.3,10.5,0.0,0.028079999999999997,4.24,20.53,8.36,14.38,58.26,0.0,25.04,9.586
2019-11-01,20.4,9.5,0.0,0.02974,4.83,21.28,8.24,14.89,54.43,0.0,30.17,9.623999999999999
2019-11-02,21.2,10.7,0.0,0.02914,4.7,26.34,11.86,17.94,39.55,0.0,30.21,9.568000000000001
2019-11-03,18.2,11.6,0.0,0.025670000000000002,3.92,22.01,10.03,15.19,60.5,0.0,18.99,9.571
2019-11-04,18.6,10.5,0.0,0.024399999999999998,3.79,21.63,9.34,15.51,56.42,0.0,24.1,9.592
2019-11-05,20.1,10.4,0.0,0.02904,4.58,23.78,11.73,17.15,42.58,0.0,30.89,9.577
2019-11-06,21.7,8.5,0.0,0.030260000000000002,4.87,26.12,11.31,18.7,39.2,0.0,25.74,9.586
2019-11-07,23.0,11.5,0.0,0.03048,5.12,26.76,13.99,20.07,33.37,0.01,31.58,9.552
2019-11-08,20.8,11.2,0.0,0.02438,4.0,24.75,14.43,19.22,40.35,0.02,20.12,9.556000000000001
2019-11-09,22.2,11.6,0.0,0.02965,4.84,29.83,15.67,22.07,31.74,0.02,28.09,9.554
2019-11-10,21.3,11.5,0.0,0.02974,4.7,27.04,16.08,21.71,38.76,0.06,27.39,9.541
2019-11-11,20.5,12.9,0.1,0.024,3.91,24.87,13.45,18.82,58.22,0.17,14.74,9.567
2019-11-12,21.3,11.9,0.0,0.02907,4.59,24.44,13.23,18.68,59.59,0.44,17.53,9.581
2019-11-13,21.4,11.9,0.0,0.02791,4.44,25.11,13.31,18.97,54.25,0.26,19.25,9.594
2019-11-14,23.4,11.6,0.0,0.02986,5.18,28.59,14.69,20.8,41.49,0.07,27.33,9.578
2019-11-15,24.0,11.6,0.0,0.030690000000000002,5.11,30.05,15.25,22.12,37.72,0.0,29.88,9.573
2019-11-16,23.0,13.4,0.0,0.030019999999999998,5.07,26.21,12.91,19.78,49.3,0.0,25.84,9.581999999999999
2019-11-17,21.7,11.5,0.0,0.03082,5.16,25.34,12.23,18.39,43.35,0.0,32.0,9.584999999999999
2019-11-18,25.6,10.8,0.0,0.03014,5.55,30.82,14.68,22.55,27.41,0.0,31.04,9.551
2019-11-19,23.8,14.6,0.0,0.03144,5.42,27.37,16.7,21.64,39.47,0.0,31.16,9.565000000000001
2019-11-20,23.1,13.5,0.0,0.03096,5.18,29.08,16.67,22.3,32.41,0.0,28.98,9.57
2019-11-21,22.3,13.3,0.0,0.02413,4.06,24.46,14.32,20.12,46.66,0.05,22.35,9.576
2019-11-22,20.7,13.6,0.0,0.02739,4.38,23.69,13.4,18.51,62.33,0.06,30.65,9.575
2019-11-23,21.5,14.0,0.0,0.02077,3.72,21.08,11.58,15.76,72.29,0.2,24.58,9.581999999999999
2019-11-24,21.5,14.4,0.4,0.023,3.97,20.92,11.57,15.83,70.23,0.12,27.8,9.592
2019-11-25,21.3,13.2,0.0,0.02631,4.59,20.39,10.28,15.4,64.35,0.15,27.88,9.611
2019-11-26,21.5,8.8,0.0,0.0325,5.46,23.39,8.32,15.84,42.71,0.0,33.39,9.607
2019-11-27,24.1,9.7,0.0,0.032619999999999996,5.76,27.11,11.05,18.98,30.55,0.0,33.59,9.57
2019-11-28,22.3,10.8,0.0,0.03221,5.41,25.73,12.06,18.7,42.12,0.0,32.74,9.573
2019-11-29,22.1,9.7,0.0,0.03277,5.52,25.51,11.86,18.28,45.14,0.0,33.41,9.59
2019-11-30,23.1,11.2,0.0,0.032659999999999995,5.65,28.99,13.34,20.35,34.65,0.0,33.87,9.558
2019-12-01,21.1,11.0,0.0,0.03155,5.05,24.8,13.66,19.29,48.41,0.04,24.08,9.595
2019-12-02,21.1,12.3,0.0,0.02614,4.26,24.72,12.39,18.48,54.42,0.09,20.24,9.584
2019-12-03,22.2,12.3,0.0,0.03234,5.31,25.13,13.64,18.86,46.06,0.35,32.51,9.562000000000001
2019-12-04,22.0,10.5,0.0,0.033100000000000004,5.52,25.2,13.26,19.17,37.78,0.0,32.76,9.58
2019-12-05,23.3,10.5,0.0,0.03272,5.6,26.73,14.93,20.34,37.08,0.0,30.99,9.59
2019-12-06,21.0,11.7,0.0,0.03047,4.84,24.29,12.26,18.44,49.11,0.02,21.09,9.596
2019-12-07,19.7,12.1,0.0,0.026449999999999998,4.25,23.24,10.41,16.38,61.89,0.0,22.91,9.593
2019-12-08,20.8,10.5,0.0,0.030440000000000002,4.93,23.64,11.88,17.75,56.27,0.0,25.93,9.584999999999999
2019-12-09,20.1,10.8,0.0,0.03108,4.78,22.97,12.36,17.67,59.34,0.0,21.01,9.589
2019-12-10,20.4,10.9,0.0,0.03057,4.75,23.42,12.05,17.72,57.62,0.0,19.81,9.589
2019-12-11,20.4,12.4,0.0,0.0292,4.69,24.61,11.71,18.34,53.49,0.0,25.31,9.587
2019-12-12,25.7,12.3,0.0,0.03279,6.01,28.96,15.51,21.31,32.76,0.0,33.56,9.556000000000001
2019-12-13,22.1,11.3,0.0,0.03174,5.23,24.27,14.69,19.06,39.43,0.0,32.07,9.578
2019-12-14,22.7,12.1,0.3,0.02652,4.58,25.01,13.12,18.3,49.46,0.0,26.6,9.593
2019-12-15,22.5,10.9,0.0,0.032100000000000004,5.47,24.56,12.09,18.38,50.88,0.0,32.94,9.596
2019-12-16,22.7,11.1,0.0,0.032670000000000005,5.47,25.25,13.02,19.2,44.64,0.0,32.94,9.559999999999999
2019-12-17,23.7,11.5,0.0,0.03272,5.67,27.74,13.79,20.4,40.82,0.0,32.24,9.545
2019-12-18,23.6,12.1,0.0,0.03265,5.48,28.33,15.17,21.23,43.28,0.02,24.94,9.552
2019-12-19,20.1,13.6,0.0,0.02609,4.19,23.6,13.25,18.47,60.32,0.02,22.39,9.581
2019-12-20,24.7,13.7,0.0,0.0327,5.88,27.11,12.98,19.57,48.71,0.01,34.02,9.581
2019-12-21,24.4,12.2,0.0,0.03301,5.87,27.84,14.46,20.53,38.06,0.0,33.96,9.558
2019-12-22,24.1,11.7,0.0,0.03289,5.79,28.27,14.95,21.46,36.75,0.0,32.79,9.554
2019-12-23,24.5,13.1,0.0,0.0329,5.77,29.62,16.16,22.54,39.34,0.0,33.22,9.55
2019-12-24,23.0,13.4,0.0,0.02973,4.95,26.94,14.85,20.52,48.31,0.01,24.95,9.562999999999999
2019-12-25,23.1,12.8,0.0,0.032369999999999996,5.52,24.88,12.1,18.47,53.95,0.0,33.53,9.556999999999999
2019-12-26,23.3,11.6,0.0,0.03279,5.49,25.92,12.35,19.21,48.22,0.0,30.53,9.555
2019-12-27,22.7,12.1,0.0,0.03244,5.49,26.02,13.04,19.55,49.57,0.0,32.63,9.577
2019-12-28,24.6,12.7,0.0,0.032670000000000005,5.74,29.92,15.03,21.99,40.3,0.0,29.17,9.552
2019-12-29,22.0,13.8,0.0,0.02668,4.43,27.69,16.05,21.16,47.58,0.0,23.47,9.559000000000001
2019-12-30,22.3,12.4,0.0,0.02973,4.99,27.96,15.84,21.46,43.69,0.0,27.45,9.571
2019-12-31,22.5,12.0,0.0,0.032049999999999995,5.26,25.84,15.8,20.86,46.15,0.0,27.13,9.559999999999999
2020-01-01,21.6,13.6,0.0,0.02888,4.72,24.42,15.12,19.58,57.81,0.38,23.26,9.571
2020-01-02,21.0,12.4,0.0,0.02871,4.66,24.15,13.89,18.91,59.29,0.12,22.54,9.581999999999999
2020-01-03,21.1,12.1,0.0,0.027960000000000002,4.57,24.82,12.97,18.56,61.8,0.34,23.77,9.6
2020-01-04,22.5,13.5,0.0,0.028489999999999998,4.69,26.03,14.45,20.3,57.04,0.3,21.46,9.575
2020-01-05,20.7,14.7,0.0,0.02497,4.23,21.77,12.88,17.04,65.41,0.0,18.15,9.599
2020-01-06,22.4,13.0,0.0,0.03147,5.46,23.61,13.39,18.38,55.79,0.0,31.42,9.589
2020-01-07,23.9,13.4,0.0,0.03191,5.62,24.47,14.44,19.0,56.02,0.0,32.25,9.573
2020-01-08,22.6,14.7,0.0,0.02574,4.67,22.73,13.23,17.96,62.72,0.0,25.07,9.596
2020-01-09,23.3,12.9,0.0,0.032159999999999994,5.62,26.1,14.19,19.26,47.81,0.0,32.15,9.588
2020-01-10,24.2,13.4,0.0,0.03264,5.7,27.23,13.89,20.32,43.56,0.0,33.11,9.568000000000001
2020-01-11,23.5,12.8,0.0,0.03194,5.54,27.34,13.63,20.55,47.67,0.0,29.52,9.553
2020-01-12,21.2,13.3,0.0,0.02923,4.82,26.56,15.46,20.9,48.7,0.08,23.66,9.556999999999999
2020-01-13,21.1,13.9,0.3,0.02548,4.14,26.88,14.76,20.53,51.58,0.12,23.3,9.555
2020-01-14,22.0,14.2,0.0,0.02838,4.73,26.14,14.62,20.15,51.95,0.03,23.24,9.554
2020-01-15,24.1,13.1,0.0,0.03143,5.5,28.47,15.76,21.26,42.1,0.12,33.08,9.55
2020-01-16,24.0,12.5,0.0,0.03195,5.68,25.29,16.42,20.76,41.75,0.0,30.9,9.542
2020-01-17,22.8,13.7,0.0,0.02893,4.89,27.95,18.41,23.17,41.33,0.0,26.01,9.539
2020-01-18,24.5,14.3,0.0,0.02945,5.2,26.25,18.25,22.11,47.12,0.0,27.56,9.539
2020-01-19,22.1,15.4,0.2,0.023239999999999997,3.99,28.06,17.54,21.86,51.42,0.14,18.77,9.555
2020-01-20,24.6,14.1,0.0,0.030510000000000002,5.24,28.24,16.6,21.53,54.58,0.11,21.56,9.562000000000001
2020-01-21,22.2,14.1,0.3,0.02764,4.61,28.57,15.7,21.27,50.86,0.09,22.09,9.558
2020-01-22,23.0,14.6,0.0,0.02831,4.78,26.41,15.74,20.85,58.59,0.01,23.14,9.565000000000001
2020-01-23,24.6,15.5,0.0,0.02897,5.16,25.04,15.76,20.35,65.24,1.25,27.15,9.591
2020-01-24,25.0,16.1,0.0,0.02944,5.27,26.95,16.73,20.85,63.45,0.23,23.81,9.588
2020-01-25,25.5,16.5,0.0,0.02957,5.35,26.63,16.67,21.45,52.07,0.0,29.45,9.594
2020-01-26,26.7,15.5,0.0,0.03075,5.63,28.86,16.86,22.73,49.2,0.01,30.34,9.596
2020-01-27,24.5,15.4,0.2,0.02818,4.94,28.06,17.27,22.52,53.14,0.29,24.01,9.575
2020-01-28,23.5,15.9,0.0,0.02707,4.69,27.18,16.86,21.35,60.32,0.14,19.98,9.572
2020-01-29,22.8,15.6,0.0,0.02741,4.82,26.21,15.64,20.5,58.86,0.01,25.92,9.581999999999999
2020-01-30,23.7,13.9,0.0,0.02945,5.14,26.01,15.34,20.89,54.32,0.0,26.27,9.583
2020-01-31,23.3,14.2,0.0,0.02961,5.1,26.86,16.19,21.31,50.88,0.0,27.07,9.577
2020-02-01,23.6,14.5,0.0,0.02982,5.08,27.59,16.52,21.63,51.69,0.01,20.38,9.572
2020-02-02,24.1,15.6,0.0,0.02905,5.02,27.49,16.1,21.97,48.46,0.0,25.61,9.581999999999999
2020-02-03,24.7,14.2,0.0,0.02989,5.46,27.99,15.3,20.99,46.2,0.0,31.22,9.58
2020-02-04,24.1,13.6,0.0,0.0299,5.27,26.26,14.29,19.41,57.46,0.05,30.58,9.588
2020-02-05,21.6,13.8,0.0,0.02924,4.84,23.26,12.02,16.81,63.2,0.09,28.33,9.575
2020-02-06,22.1,12.4,0.0,0.02982,5.03,23.72,11.48,17.3,55.4,0.0,30.84,9.594
2020-02-07,23.7,13.6,0.0,0.02997,5.3,26.85,12.56,19.74,48.15,0.03,30.27,9.59
2020-02-08,23.8,12.8,0.0,0.02979,5.12,27.53,15.71,21.31,47.25,0.07,27.26,9.574
2020-02-09,22.2,15.0,0.0,0.027039999999999998,4.55,27.34,16.49,21.29,48.12,0.47,22.64,9.581999999999999
2020-02-10,22.5,12.8,0.0,0.0269,4.46,27.27,16.45,21.31,51.87,0.13,18.41,9.573
2020-02-11,22.1,13.8,0.0,0.0251,4.23,27.77,16.6,21.78,53.53,0.01,19.18,9.562000000000001
2020-02-12,23.2,14.7,0.0,0.02521,4.39,25.17,15.18,20.43,56.2,0.01,20.38,9.564
2020-02-13,23.6,13.2,0.0,0.02863,5.03,26.76,14.72,19.82,48.74,0.0,29.47,9.564
2020-02-14,24.6,12.4,0.0,0.0291,5.19,27.06,15.21,20.62,38.14,0.0,30.12,9.556999999999999
2020-02-15,23.9,12.3,0.0,0.027719999999999998,4.75,28.04,15.64,21.16,42.81,0.0,25.94,9.553
2020-02-16,22.1,14.3,0.0,0.02678,4.5,25.98,14.94,19.85,53.77,0.0,23.51,9.546
2020-02-17,24.2,14.3,0.0,0.027710000000000002,4.83,26.67,13.48,20.03,51.93,0.0,26.67,9.556000000000001
2020-02-18,25.5,13.7,0.0,0.028489999999999998,5.17,27.83,15.77,21.82,34.55,0.0,29.55,9.542
2020-02-19,24.0,11.7,0.0,0.028059999999999998,4.81,28.1,15.66,21.52,39.58,0.0,24.35,9.549
2020-02-20,22.5,12.1,0.0,0.027,4.49,26.78,16.79,21.29,47.16,0.0,20.55,9.547
2020-02-21,21.6,14.6,0.1,0.02418,3.98,25.9,16.02,20.52,52.4,0.0,19.19,9.568000000000001
2020-02-22,23.2,13.3,0.0,0.02763,4.75,26.25,15.22,20.16,52.34,0.0,20.79,9.584
2020-02-23,23.0,12.6,0.0,0.02757,4.72,25.74,14.23,18.68,56.65,0.0,19.42,9.587
2020-02-24,21.2,12.6,0.0,0.02425,4.0,24.47,13.51,18.09,56.34,0.0,16.92,9.589
2020-02-25,23.9,11.8,0.0,0.027329999999999997,4.74,27.4,13.54,19.94,49.1,0.0,27.48,9.587
2020-02-26,25.3,12.7,0.0,0.026699999999999998,4.71,26.79,16.14,21.4,41.13,0.0,24.34,9.579
2020-02-27,22.2,14.8,0.0,0.023739999999999997,3.95,26.93,16.28,21.08,44.42,0.0,20.05,9.584999999999999
2020-02-28,23.9,13.0,0.0,0.02647,4.53,27.24,17.19,21.73,42.59,0.06,17.76,9.589
2020-02-29,21.3,13.5,0.0,0.02111,3.41,27.08,16.7,20.77,56.04,0.33,14.66,9.578
2020-03-01,22.6,15.5,0.0,0.02298,3.91,26.0,16.25,20.59,57.78,0.01,15.9,9.583
2020-03-02,21.0,13.5,0.0,0.020739999999999998,3.42,25.5,15.51,20.16,57.55,0.0,16.55,9.581
2020-03-03,20.7,12.8,0.0,0.019559999999999998,3.17,25.68,15.26,20.29,56.94,0.0,14.18,9.572
2020-03-04,22.2,13.3,0.0,0.02137,3.55,26.07,15.73,20.6,54.84,0.0,18.95,9.567
2020-03-05,23.7,13.4,0.0,0.02476,4.33,30.25,17.29,23.14,43.47,0.0,22.21,9.556000000000001
2020-03-06,22.6,14.4,0.2,0.02122,3.61,26.75,16.3,20.9,54.0,0.0,20.74,9.565000000000001
2020-03-07,23.5,13.9,0.0,0.02191,3.74,27.03,15.15,20.51,56.28,0.0,17.94,9.559999999999999
2020-03-08,23.8,15.2,0.0,0.023350000000000003,4.08,26.99,14.83,20.27,54.53,0.0,20.27,9.571
2020-03-09,25.1,13.8,0.0,0.02393,4.23,29.08,15.97,21.63,47.98,0.0,22.25,9.583
2020-03-10,23.8,14.3,0.2,0.0229,4.0,27.18,15.35,20.22,54.18,0.0,21.27,9.581
2020-03-11,23.5,14.5,0.0,0.02373,4.08,27.26,16.22,21.29,48.96,0.0,19.15,9.559999999999999
2020-03-12,23.4,14.7,0.0,0.022260000000000002,3.84,26.0,15.54,20.12,56.03,0.0,16.42,9.564
2020-03-13,22.7,14.5,0.0,0.02286,3.87,26.66,15.03,19.82,59.78,0.01,18.46,9.592
2020-03-14,23.0,14.2,0.0,0.02205,3.75,26.13,15.67,19.93,52.19,0.0,23.64,9.58
2020-03-15,22.8,12.8,0.0,0.02386,4.04,25.66,14.95,19.6,49.94,0.0,23.36,9.577
2020-03-16,20.8,13.4,0.0,0.02027,3.35,23.83,13.19,17.7,61.32,0.0,15.49,9.577
2020-03-17,21.6,11.9,0.0,0.02281,3.75,24.07,12.89,17.72,63.23,0.0,20.08,9.593
2020-03-18,21.1,12.7,0.0,0.02238,3.61,24.5,13.6,18.15,58.62,0.0,14.97,9.6
2020-03-19,19.8,13.5,0.0,0.01711,2.79,23.87,13.89,18.33,52.27,0.0,15.42,9.597
2020-03-20,20.4,13.1,0.2,0.02075,3.33,24.35,13.25,17.76,59.35,0.0,17.32,9.571
2020-03-21,20.0,14.6,1.0,0.01245,2.34,21.77,12.9,16.13,68.76,0.08,14.64,9.586
2020-03-22,23.4,13.1,0.0,0.022010000000000002,3.94,22.74,12.27,16.43,69.78,0.09,22.19,9.603
2020-03-23,26.4,12.1,0.0,0.0228,4.23,26.39,13.06,18.9,50.68,0.0,23.36,9.605
2020-03-24,23.2,12.4,0.0,0.02253,3.91,26.42,14.57,19.43,47.96,0.9,20.59,9.594
2020-03-25,22.4,15.4,0.0,0.01872,3.19,24.38,13.76,18.44,67.17,1.89,14.04,9.573
2020-03-26,20.1,14.6,0.0,0.0123,2.12,23.67,15.08,18.61,63.46,0.24,9.17,9.556999999999999
2020-03-27,22.2,13.7,0.0,0.02019,3.52,23.5,13.6,17.82,67.43,0.03,10.27,9.561
2020-03-28,21.3,12.5,0.0,0.01797,3.06,23.38,12.61,17.42,68.89,0.03,10.61,9.574
2020-03-29,22.6,13.6,0.0,0.01918,3.34,25.4,13.83,18.88,58.52,0.0,19.81,9.581999999999999
2020-03-30,22.9,13.7,0.0,0.02051,3.54,25.83,14.77,19.36,54.45,0.0,19.49,9.575
2020-03-31,22.3,11.6,0.0,0.020640000000000002,3.5,26.04,14.96,19.24,52.92,0.01,20.11,9.576
2020-04-01,22.1,11.4,0.0,0.02077,3.42,27.33,14.51,20.12,42.22,0.0,21.6,9.583
2020-04-02,22.3,13.6,0.0,0.02115,3.55,27.69,15.91,20.86,40.07,0.02,21.55,9.562999999999999
2020-04-03,21.6,11.7,0.0,0.018269999999999998,3.02,24.84,16.32,19.75,44.38,0.0,16.11,9.55
2020-04-04,21.0,10.9,0.0,0.01769,2.85,25.11,14.16,19.12,46.18,0.0,14.73,9.541
2020-04-05,20.6,12.2,0.0,0.019190000000000002,3.11,22.88,12.9,17.28,55.48,0.0,17.46,9.588
2020-04-06,23.5,12.8,0.0,0.019960000000000002,3.48,27.65,15.6,20.6,32.96,0.0,20.44,9.578
2020-04-07,22.0,12.3,0.0,0.019370000000000002,3.28,24.89,15.93,19.45,45.28,0.0,19.13,9.559999999999999
2020-04-08,18.5,12.0,0.0,0.01524,2.36,23.84,14.27,18.6,55.54,0.0,8.66,9.574
2020-04-09,19.0,11.1,0.0,0.015189999999999999,2.42,22.28,13.29,16.87,64.77,0.0,8.34,9.587
2020-04-10,18.4,12.2,0.0,0.01478,2.38,21.15,12.29,15.94,67.97,0.01,12.15,9.584
2020-04-11,19.1,11.6,0.0,0.01199,1.96,17.78,11.77,14.23,76.46,0.34,9.93,9.595
2020-04-12,17.9,12.8,0.9,0.00888,1.54,19.07,10.69,13.79,75.43,3.35,7.3,9.616
2020-04-13,21.0,10.3,0.0,0.01875,3.03,22.87,10.12,15.83,54.1,0.03,18.88,9.616
2020-04-14,21.3,11.5,0.0,0.018420000000000002,3.01,22.91,12.75,16.81,46.64,0.0,17.99,9.592
2020-04-15,19.6,10.8,0.0,0.015960000000000002,2.56,21.01,12.86,16.21,53.4,0.01,14.52,9.609
2020-04-16,20.1,11.0,0.0,0.01653,2.57,22.26,12.98,17.06,51.99,0.0,15.08,9.625
2020-04-17,21.3,9.5,0.0,0.0173,2.72,25.36,14.06,18.95,47.75,0.0,14.95,9.602
2020-04-18,23.0,12.6,0.0,0.01648,2.75,26.33,15.93,19.87,51.31,0.0,13.33,9.593
2020-04-19,23.2,14.2,0.0,0.01611,2.72,26.79,16.81,20.75,50.46,0.0,16.88,9.592
2020-04-20,22.9,12.9,0.0,0.01607,2.69,26.16,16.39,20.43,44.8,0.0,16.69,9.584999999999999
2020-04-21,23.2,12.7,0.0,0.01578,2.69,24.31,17.37,20.15,43.8,0.09,15.23,9.579
2020-04-22,19.4,13.2,0.0,0.01228,1.98,24.48,15.38,18.74,50.83,0.07,9.08,9.574
2020-04-23,18.7,14.1,0.3,0.007690000000000001,1.56,21.57,12.69,16.24,72.95,1.54,5.43,9.57
2020-04-24,19.9,13.7,0.2,0.0123,2.12,19.08,11.86,14.68,83.93,3.92,7.87,9.579
2020-04-25,22.3,10.5,0.0,0.01651,2.84,20.44,11.37,14.91,78.05,0.53,16.74,9.602
2020-04-26,21.4,11.1,0.0,0.013689999999999999,2.49,18.72,11.19,14.0,77.19,0.03,15.0,9.61
2020-04-27,21.4,12.1,0.0,0.015960000000000002,2.72,19.3,10.9,14.4,71.79,0.08,14.44,9.625
2020-04-28,24.2,10.3,0.0,0.0165,3.01,25.28,9.5,16.71,41.9,0.0,17.0,9.61
2020-04-29,20.1,10.4,0.0,0.01636,2.68,24.16,11.71,16.68,40.99,0.0,17.0,9.59
2020-04-30,19.7,8.0,0.0,0.01593,2.48,24.05,10.95,16.23,40.79,0.0,16.45,9.607
2020-05-01,20.3,9.7,0.0,0.01595,2.53,22.43,11.35,16.44,49.84,0.0,11.74,9.598
2020-05-02,18.0,10.1,0.0,0.01493,2.24,19.98,10.46,14.21,66.62,0.0,13.08,9.609
2020-05-03,19.7,9.7,0.2,0.01507,2.32,22.2,11.73,15.56,53.21,0.0,12.71,9.6
2020-05-04,20.8,11.1,0.0,0.01434,2.35,22.77,12.24,16.41,44.05,0.0,14.24,9.593
2020-05-05,22.1,9.8,0.0,0.0152,2.51,26.61,13.45,18.76,35.27,0.0,15.16,9.578
2020-05-06,24.2,11.9,0.0,0.01543,2.76,27.44,15.22,20.26,25.09,0.0,15.55,9.564
2020-05-07,20.5,10.1,0.0,0.01495,2.32,25.12,16.31,19.5,31.13,0.01,12.15,9.574
2020-05-08,17.3,10.0,0.0,0.01235,1.75,24.41,14.73,18.36,43.25,0.01,8.27,9.581999999999999
2020-05-09,18.1,9.2,0.0,0.01427,2.1,23.94,12.75,17.35,50.38,0.01,9.2,9.591
2020-05-10,19.2,8.4,0.0,0.01431,2.23,20.27,11.86,14.99,58.18,0.0,14.28,9.604000000000001
2020-05-11,18.0,9.0,0.0,0.01402,2.1,20.04,9.61,13.57,52.77,0.0,14.75,9.595
2020-05-12,16.3,8.1,0.0,0.00851,1.44,18.1,9.57,12.67,50.46,0.0,9.6,9.617
2020-05-13,18.5,8.2,0.0,0.014119999999999999,2.19,22.31,10.44,14.82,36.09,0.0,14.55,9.620000000000001
2020-05-14,21.2,8.6,0.0,0.01394,2.44,23.2,10.97,16.29,35.29,0.0,14.38,9.616
2020-05-15,24.1,9.7,0.0,0.01359,2.71,26.56,14.54,19.4,38.65,0.0,13.84,9.584999999999999
2020-05-16,20.7,13.2,0.0,0.01354,2.3,26.45,15.9,20.0,36.45,0.0,9.95,9.556000000000001
2020-05-17,18.2,9.7,0.0,0.01083,1.6,26.28,15.95,19.65,35.31,0.01,9.48,9.565000000000001
2020-05-18,18.4,9.1,0.0,0.01317,1.97,23.78,13.62,17.38,47.06,0.01,7.2,9.586
2020-05-19,18.4,9.4,0.0,0.00707,1.2,20.36,11.47,15.0,62.3,0.02,5.39,9.589
2020-05-20,16.9,10.5,0.1,0.00663,1.2,16.46,10.16,12.74,79.62,2.62,5.82,9.61
2020-05-21,16.0,9.0,0.0,0.011869999999999999,1.74,15.27,8.45,10.79,68.91,0.1,12.8,9.631
2020-05-22,21.2,6.6,0.0,0.01326,2.36,19.77,8.3,13.83,40.17,0.0,13.55,9.634
2020-05-23,23.4,9.1,0.0,0.01334,2.59,25.4,13.39,18.25,26.38,0.0,13.26,9.597
2020-05-24,24.6,12.9,0.0,0.01314,2.72,28.82,16.16,21.01,27.08,0.0,13.34,9.581999999999999
2020-05-25,30.0,10.6,0.0,0.01289,3.07,31.25,18.46,23.12,27.51,0.04,12.71,9.551
2020-05-26,16.9,8.4,0.1,0.0070599999999999994,1.09,23.18,14.73,18.24,45.74,0.01,6.26,9.558
2020-05-27,18.1,10.4,0.0,0.00958,1.52,21.9,11.1,15.33,48.37,0.02,4.79,9.564
2020-05-28,19.0,10.4,0.0,0.009640000000000001,1.64,20.06,10.73,13.53,61.8,0.01,8.62,9.587
2020-05-29,16.3,10.9,1.4,0.0034100000000000003,0.7,16.59,11.0,13.08,66.26,0.0,4.68,9.608
2020-05-30,17.7,9.7,0.5,0.00976,1.5,19.12,11.2,13.88,61.57,0.0,9.77,9.604000000000001
2020-05-31,18.8,10.4,1.5,0.009640000000000001,1.5,18.79,11.41,14.03,59.98,0.0,11.91,9.615
2020-06-01,17.9,10.0,0.0,0.01077,1.57,18.12,10.17,13.16,61.1,0.0,11.61,9.644
2020-06-02,14.1,7.2,0.0,0.005719999999999999,0.92,17.29,8.49,11.91,64.02,0.81,5.43,9.605
2020-06-03,16.3,7.9,15.6,0.00667,1.41,12.23,5.69,8.83,77.62,3.27,6.93,9.596
2020-06-04,16.4,5.2,0.0,0.012150000000000001,1.9,14.45,6.32,9.27,70.95,0.0,12.28,9.634
2020-06-05,15.6,4.2,0.0,0.012289999999999999,1.69,15.26,6.18,9.86,66.44,0.0,11.92,9.620000000000001
2020-06-06,13.6,5.4,0.0,0.0079,1.14,17.85,8.85,11.86,52.67,0.0,6.9,9.597
2020-06-07,16.2,6.8,0.0,0.01193,1.72,16.09,8.83,11.3,58.96,0.01,10.45,9.620999999999999
2020-06-08,15.3,4.9,0.0,0.00738,1.18,15.79,8.1,10.78,59.18,0.0,8.0,9.633
2020-06-09,16.4,4.8,0.0,0.01218,1.81,19.1,8.18,12.1,50.39,0.0,12.26,9.602
2020-06-10,15.0,4.6,0.0,0.011470000000000001,1.61,17.12,7.97,11.26,55.92,0.0,11.28,9.592
2020-06-11,16.6,4.0,2.0,0.01007,1.63,15.56,7.31,10.9,71.07,1.05,8.9,9.604000000000001
2020-06-12,15.8,6.6,19.6,0.0057,1.22,12.63,7.57,10.06,77.85,17.93,7.97,9.644
2020-06-13,20.0,5.6,0.0,0.01216,2.09,22.19,8.09,14.26,38.53,0.0,12.51,9.591
2020-06-14,17.2,9.7,0.0,0.01139,1.68,19.68,9.43,14.19,52.85,0.0,11.13,9.544
2020-06-15,16.3,8.5,1.5,0.00495,0.93,13.22,7.52,10.38,93.08,0.06,5.45,9.576
2020-06-16,17.3,9.0,0.1,0.009550000000000001,1.51,15.09,8.74,11.27,89.73,2.22,5.82,9.562999999999999
2020-06-17,12.9,7.8,31.1,0.00289,0.81,11.65,8.06,9.58,86.12,8.88,4.23,9.597
2020-06-18,15.6,8.7,0.0,0.00535,1.06,14.08,9.07,11.32,64.56,0.02,5.61,9.607
2020-06-19,17.3,6.6,0.0,0.00707,1.44,15.77,9.71,12.02,82.85,5.67,7.68,9.613
2020-06-20,15.2,7.8,0.0,0.0044,0.81,14.68,9.05,11.35,77.14,0.08,4.28,9.601
2020-06-21,17.4,7.2,0.0,0.00908,1.49,17.77,8.89,11.75,70.12,0.02,8.32,9.605
2020-06-22,15.2,8.3,9.4,0.00534,0.98,18.0,9.66,12.01,69.37,9.17,4.77,9.581999999999999
2020-06-23,13.0,10.7,14.6,0.0022,0.51,11.42,8.17,9.74,90.17,18.54,5.35,9.587
2020-06-24,14.2,6.0,7.2,0.01027,1.46,11.12,4.72,8.11,80.36,6.95,10.97,9.620999999999999
2020-06-25,15.4,3.5,0.3,0.009720000000000001,1.54,14.34,3.29,8.71,50.36,0.0,10.18,9.613
2020-06-26,15.2,6.8,1.4,0.009689999999999999,1.47,16.95,9.39,11.78,56.48,0.04,10.45,9.619
2020-06-27,17.1,7.4,0.0,0.00683,1.29,17.06,10.09,12.64,54.76,0.0,6.9,9.58
2020-06-28,16.4,6.6,0.0,0.008369999999999999,1.42,17.36,9.95,12.05,69.54,0.13,6.55,9.555
2020-06-29,13.2,8.2,42.3,0.0023,0.58,11.15,7.28,9.76,92.27,24.09,5.98,9.586
2020-06-30,16.6,6.3,0.2,0.00977,1.57,16.96,5.82,10.4,62.01,0.16,9.89,9.643
2020-07-01,17.1,8.7,0.8,0.00319,0.99,17.42,8.5,12.48,67.47,2.76,7.25,9.626000000000001
2020-07-02,15.8,6.4,0.0,0.01191,1.57,18.15,9.93,12.77,64.24,0.01,11.89,9.612
2020-07-03,15.8,7.8,0.0,0.01094,1.5,17.16,9.18,11.94,63.84,0.21,11.53,9.589
2020-07-04,13.6,7.7,27.1,0.0017900000000000001,0.56,9.42,7.78,8.51,87.94,32.49,3.33,9.59
2020-07-05,15.4,7.5,2.6,0.01035,1.52,13.92,6.28,9.3,72.7,1.23,10.28,9.619
2020-07-06,14.4,6.3,0.0,0.00976,1.36,13.04,5.71,8.6,78.0,0.0,8.12,9.587
2020-07-07,14.6,4.9,0.0,0.01119,1.58,13.45,6.11,9.42,72.99,0.94,11.07,9.644
2020-07-08,16.6,7.1,0.7,0.00923,1.5,15.21,7.94,10.37,70.91,1.16,11.26,9.658
2020-07-09,16.0,5.3,0.0,0.01143,1.63,16.98,7.76,11.07,59.08,0.02,11.66,9.626000000000001
2020-07-10,16.2,6.6,0.0,0.010150000000000001,1.45,16.47,9.03,11.84,64.01,0.01,9.89,9.626000000000001
2020-07-11,14.2,8.8,0.0,0.01059,1.41,16.19,8.51,11.3,70.53,0.0,9.56,9.623000000000001
2020-07-12,18.5,7.2,0.0,0.011640000000000001,1.74,18.89,9.78,13.77,58.29,0.0,12.28,9.617
2020-07-13,21.6,9.7,0.0,0.01274,2.16,22.3,11.99,15.94,50.41,0.0,13.27,9.61
2020-07-14,25.3,9.0,0.0,0.01317,2.85,22.63,11.79,16.16,42.11,0.0,12.29,9.579
2020-07-15,13.8,8.7,0.0,0.01174,1.48,19.3,9.93,13.64,62.31,0.0,6.6,9.575
2020-07-16,15.0,7.7,0.0,0.01133,1.56,17.18,9.38,12.87,67.39,0.0,9.41,9.57
2020-07-17,15.9,6.5,0.0,0.00911,1.37,15.89,8.26,10.99,87.09,0.08,6.03,9.568999999999999
2020-07-18,16.9,9.2,0.0,0.00902,1.51,15.16,9.53,11.93,87.32,0.16,5.66,9.581999999999999
2020-07-19,16.5,8.8,0.0,0.012039999999999999,1.64,15.19,10.02,11.98,88.47,0.05,11.0,9.589
2020-07-20,16.6,8.5,0.0,0.01292,1.85,14.38,9.59,11.6,88.97,0.87,11.81,9.588
2020-07-21,12.8,8.5,18.0,0.00319,0.6,11.04,7.69,9.82,89.7,1.72,7.95,9.613
2020-07-22,14.4,6.7,0.1,0.01262,1.76,12.93,5.37,8.48,74.8,0.15,12.93,9.628
2020-07-23,14.6,4.2,0.0,0.01286,1.91,12.36,4.18,7.59,72.17,0.09,12.4,9.631
2020-07-24,15.2,3.5,0.0,0.013710000000000002,1.99,14.06,4.42,8.41,66.77,0.01,14.09,9.672
2020-07-25,16.2,4.1,0.0,0.01267,2.06,17.66,6.19,10.7,53.33,0.0,11.76,9.636
2020-07-26,16.5,8.6,0.0,0.0103,1.65,17.71,8.87,11.97,56.48,0.0,9.73,9.626000000000001
2020-07-27,16.6,7.0,0.0,0.01299,1.94,17.57,8.26,11.04,68.78,0.0,12.4,9.635
2020-07-28,15.9,6.0,0.0,0.014289999999999999,1.98,18.4,7.49,12.09,49.59,0.0,14.87,9.619
2020-07-29,17.7,7.8,0.0,0.01443,2.13,20.34,9.38,13.67,44.38,0.0,14.92,9.581
2020-07-30,15.6,6.3,0.0,0.01207,1.73,15.07,7.42,11.03,68.44,0.0,12.54,9.613
2020-07-31,21.1,6.8,0.3,0.01201,2.09,20.49,8.64,14.01,48.94,0.0,12.5,9.575
2020-08-01,14.8,7.8,0.0,0.01069,1.55,14.53,10.12,12.03,68.37,0.0,10.15,9.604000000000001
2020-08-02,18.4,6.2,0.0,0.01438,2.24,18.32,7.91,12.55,63.09,0.01,15.05,9.605
2020-08-03,15.7,8.2,0.0,0.00965,1.36,17.69,8.87,12.36,70.43,0.02,10.68,9.611
2020-08-04,16.8,10.1,0.0,0.01374,1.97,18.53,10.09,13.06,66.03,0.01,13.22,9.61
2020-08-05,18.4,9.3,0.0,0.011359999999999999,1.7,17.28,8.0,12.38,80.7,0.36,12.7,9.65
2020-08-06,14.8,8.5,0.0,0.0115,1.55,16.68,6.91,10.78,66.31,0.0,14.82,9.605
2020-08-07,15.5,7.4,0.0,0.013800000000000002,1.9,18.83,8.78,13.07,60.83,0.0,14.63,9.596
2020-08-08,17.7,8.0,0.0,0.01456,2.13,23.28,9.86,14.99,56.92,0.0,15.02,9.599
2020-08-09,13.5,7.3,0.3,0.0070999999999999995,1.01,17.34,7.58,12.33,68.53,0.0,11.83,9.616
2020-08-10,18.7,6.1,0.0,0.011869999999999999,1.83,17.51,6.69,10.66,60.62,0.0,14.19,9.622
2020-08-11,14.7,5.4,0.0,0.01626,2.15,17.5,5.97,10.32,49.48,0.0,16.76,9.58
2020-08-12,13.1,3.6,0.0,0.01585,1.99,13.9,3.28,7.94,66.04,0.0,15.95,9.598
2020-08-13,13.9,4.6,0.0,0.01623,2.07,15.37,5.22,9.16,66.88,0.0,15.77,9.594
2020-08-14,14.9,7.3,0.3,0.01549,2.06,14.76,4.82,8.56,76.09,0.09,15.89,9.615
2020-08-15,16.5,5.2,0.0,0.01647,2.27,16.32,3.25,9.26,59.38,0.0,17.3,9.602
2020-08-16,14.4,6.1,0.0,0.01679,2.21,17.07,6.75,10.5,52.0,0.0,17.52,9.597
2020-08-17,14.3,5.8,0.0,0.01675,2.18,16.54,6.4,9.89,62.27,0.0,17.12,9.6
2020-08-18,13.4,5.3,0.0,0.01205,1.68,13.98,6.31,9.08,74.41,0.07,6.9,9.633
2020-08-19,15.0,5.4,0.0,0.01694,2.23,16.32,5.45,10.25,65.87,0.03,17.31,9.64
2020-08-20,17.6,5.9,0.0,0.01773,2.61,19.57,8.52,13.28,45.92,0.0,18.29,9.620999999999999
2020-08-21,15.9,8.8,0.0,0.01799,2.47,20.45,9.47,14.25,43.19,0.0,15.39,9.584999999999999
2020-08-22,14.1,7.9,0.1,0.01048,1.53,20.02,8.78,14.2,56.73,0.03,8.99,9.548
2020-08-23,16.8,9.2,1.0,0.01477,2.31,15.59,7.47,10.41,83.67,0.19,13.49,9.555
2020-08-24,18.0,9.1,0.0,0.01686,2.99,16.49,6.3,10.55,80.97,1.6,13.2,9.551
2020-08-25,14.4,7.2,7.8,0.00734,1.37,11.8,7.79,9.43,88.08,2.18,7.07,9.59
2020-08-26,15.5,7.3,1.4,0.01541,2.22,15.02,6.53,10.12,78.32,0.41,17.29,9.626000000000001
2020-08-27,14.0,6.4,0.0,0.015099999999999999,2.09,13.31,4.64,8.47,74.43,0.0,15.69,9.629999999999999
2020-08-28,13.4,7.1,0.0,0.01061,1.69,14.56,6.43,9.38,66.85,0.09,11.07,9.635
2020-08-29,17.0,6.3,0.0,0.01884,2.73,16.01,6.92,10.29,66.93,0.08,18.47,9.649
2020-08-30,15.4,7.7,0.0,0.01865,2.48,17.28,5.86,10.32,56.81,0.0,19.84,9.598
2020-08-31,14.1,8.0,0.0,0.01233,1.83,13.93,5.4,8.81,77.96,0.0,10.57,9.614
2020-09-01,15.0,7.4,0.0,0.01431,2.1,12.66,5.11,8.01,83.42,0.02,14.02,9.645
2020-09-02,15.2,5.7,0.0,0.019219999999999998,2.64,16.18,4.68,9.37,73.95,0.01,19.36,9.638
2020-09-03,16.3,8.1,0.0,0.01924,2.67,18.0,5.85,11.02,64.84,0.01,19.64,9.61
2020-09-04,15.9,8.3,0.0,0.01651,2.33,16.8,7.29,11.17,68.63,0.0,11.89,9.586
2020-09-05,17.1,7.5,0.0,0.01651,2.51,16.18,5.73,10.35,74.12,0.06,19.72,9.631
2020-09-06,17.5,9.1,0.0,0.019559999999999998,2.93,19.78,8.26,12.71,55.53,0.0,18.95,9.603
2020-09-07,16.9,8.7,0.0,0.01955,2.72,19.83,6.36,12.11,66.34,0.0,17.06,9.595
2020-09-08,14.3,9.5,0.1,0.00722,1.26,17.09,7.39,10.84,72.64,0.01,10.32,9.611
2020-09-09,18.2,6.3,0.0,0.02048,3.11,20.83,9.17,13.71,59.26,0.0,20.91,9.629999999999999
2020-09-10,19.9,8.0,0.0,0.02017,3.06,21.2,9.03,13.76,64.82,0.01,20.79,9.61
2020-09-11,19.6,8.6,0.0,0.01862,2.84,21.53,6.71,13.23,54.98,0.0,21.23,9.593
2020-09-12,17.1,6.0,0.0,0.02091,2.93,19.65,8.25,13.03,48.32,0.0,22.41,9.593
2020-09-13,18.3,6.9,0.0,0.02069,3.03,21.3,7.12,13.61,49.04,0.0,22.58,9.611
2020-09-14,17.3,9.0,0.0,0.02188,3.13,22.04,8.98,14.96,53.23,0.0,22.04,9.58
2020-09-15,15.4,8.7,0.0,0.01221,1.82,18.31,8.12,12.23,68.57,0.0,9.16,9.615
2020-09-16,18.0,8.0,0.0,0.02125,3.06,20.14,8.69,13.56,61.27,0.0,17.82,9.623000000000001
2020-09-17,20.8,9.6,0.0,0.02097,3.26,24.28,10.69,16.58,53.06,0.0,20.95,9.602
2020-09-18,21.5,10.3,0.0,0.021920000000000002,3.51,23.82,11.61,16.64,45.71,0.0,23.25,9.583
2020-09-19,18.7,10.9,0.0,0.022629999999999997,3.32,22.76,12.72,16.93,44.87,0.0,21.98,9.583
2020-09-20,16.8,9.3,0.0,0.02115,2.98,22.0,12.58,16.25,52.65,0.0,11.81,9.588
2020-09-21,17.4,8.6,0.0,0.01912,2.71,22.64,12.03,16.18,55.59,0.0,12.24,9.587
2020-09-22,19.5,9.2,0.0,0.02209,3.37,22.91,11.07,16.35,54.62,0.0,16.7,9.593
2020-09-23,22.5,10.0,0.0,0.02109,3.66,23.85,12.51,16.79,48.44,0.0,20.1,9.578
2020-09-24,16.2,8.9,0.0,0.0185,2.65,20.85,9.4,14.51,61.86,0.05,11.54,9.583
2020-09-25,13.0,10.2,0.8,0.00819,1.43,13.71,7.16,9.64,82.87,0.33,8.48,9.620000000000001
2020-09-26,16.9,8.1,0.0,0.02312,3.35,18.09,7.15,11.64,63.15,0.43,24.58,9.638
2020-09-27,18.4,6.1,0.0,0.02428,3.59,19.9,8.42,13.56,49.64,0.33,25.1,9.607
2020-09-28,18.3,9.0,0.0,0.02289,3.36,21.49,8.06,13.65,54.48,0.0,18.52,9.554
2020-09-29,15.7,10.5,0.2,0.01566,2.46,15.79,6.01,10.5,74.3,0.0,19.89,9.599
2020-09-30,17.0,6.5,0.0,0.02414,3.49,16.96,4.6,10.03,71.86,0.0,23.97,9.616
2020-10-01,15.6,7.6,0.0,0.02431,3.41,17.39,4.31,10.09,68.73,0.0,25.27,9.607
2020-10-02,15.7,6.5,0.0,0.023530000000000002,3.33,15.65,4.45,9.48,71.48,0.0,22.14,9.609
2020-10-03,15.6,7.4,0.0,0.02489,3.61,14.75,5.44,9.1,73.22,0.0,24.9,9.629999999999999
2020-10-04,17.9,4.2,0.0,0.02573,3.84,18.16,4.72,10.78,59.74,0.0,26.71,9.618
2020-10-05,17.1,6.6,0.0,0.02465,3.66,15.9,6.53,10.94,68.03,0.01,24.73,9.593
2020-10-06,16.6,8.3,0.0,0.02035,2.97,17.77,6.65,11.81,70.43,0.04,22.89,9.615
2020-10-07,18.8,8.1,0.0,0.02605,3.92,20.44,9.05,13.85,56.67,0.01,26.71,9.623000000000001
2020-10-08,20.4,6.3,0.0,0.02632,4.05,22.18,7.56,14.17,52.42,0.0,27.25,9.635
2020-10-09,22.3,7.8,0.0,0.026449999999999998,4.31,23.93,9.6,16.49,45.57,0.0,27.1,9.588
2020-10-10,21.9,9.2,0.0,0.02518,4.09,25.12,10.64,17.56,43.09,0.0,26.23,9.584999999999999
2020-10-11,20.6,10.0,0.0,0.02678,4.27,24.28,12.25,17.28,38.92,0.0,27.62,9.577
2020-10-12,20.0,8.8,0.0,0.026,4.03,24.16,11.84,17.08,46.17,0.01,19.03,9.573
2020-10-13,16.1,9.2,0.0,0.01682,2.49,20.96,11.51,15.47,58.49,0.05,11.54,9.562999999999999
2020-10-14,19.0,11.1,0.0,0.02224,3.43,18.91,9.98,13.9,69.37,0.08,16.71,9.584
2020-10-15,18.8,9.2,0.0,0.02352,3.49,23.62,11.49,17.05,53.01,0.01,14.3,9.561
2020-10-16,18.4,10.7,0.0,0.02067,3.22,21.43,12.03,15.82,57.08,0.02,15.92,9.586
2020-10-17,18.4,9.1,0.0,0.02462,3.6,23.22,11.91,16.6,48.02,0.01,14.68,9.578
2020-10-18,18.9,10.0,0.2,0.02514,3.76,21.91,9.95,15.44,54.59,0.01,21.47,9.588
2020-10-19,19.3,8.7,0.0,0.02705,4.22,22.81,8.85,14.75,53.81,0.0,28.01,9.605
2020-10-20,20.3,9.2,0.0,0.02789,4.41,23.2,9.48,15.81,51.78,0.01,28.75,9.58
2020-10-21,17.6,9.8,0.0,0.022969999999999997,3.43,19.36,8.38,13.48,65.93,0.16,18.45,9.609
2020-10-22,16.5,9.4,0.0,0.021070000000000002,3.06,22.05,9.98,14.89,54.32,0.5,16.19,9.587
2020-10-23,17.2,9.6,0.0,0.02393,3.52,21.63,9.51,14.53,61.18,0.0,16.38,9.587
2020-10-24,17.4,9.5,0.0,0.02564,3.77,20.84,9.26,14.5,61.34,0.0,25.46,9.596
2020-10-25,19.4,10.9,0.0,0.02496,3.92,20.03,8.66,13.49,66.33,0.0,24.65,9.626999999999999
2020-10-26,19.4,8.2,0.0,0.028739999999999998,4.4,21.62,9.55,15.26,46.66,0.0,29.78,9.58
2020-10-27,16.7,8.3,0.0,0.01659,2.74,17.2,7.41,11.75,64.04,0.0,16.74,9.597
2020-10-28,20.9,7.9,0.0,0.02899,4.71,22.09,6.64,13.85,51.2,0.0,30.39,9.606
2020-10-29,19.7,10.2,0.0,0.02947,4.6,22.11,9.36,15.42,46.6,0.0,30.39,9.581999999999999
2020-10-30,18.9,8.1,0.0,0.02937,4.49,24.08,10.39,17.19,47.63,0.0,22.58,9.584999999999999
2020-10-31,17.9,8.8,0.0,0.026940000000000002,3.91,23.8,12.18,17.64,50.28,0.0,16.9,9.587
2020-11-01,18.4,9.4,0.2,0.02553,3.79,23.01,12.48,16.89,53.22,0.0,16.0,9.597
2020-11-02,16.5,8.4,0.0,0.02519,3.57,23.55,11.85,17.34,48.49,0.0,15.52,9.583
2020-11-03,19.1,10.1,0.1,0.02653,3.98,25.09,11.26,17.92,47.13,0.0,16.64,9.581999999999999
2020-11-04,18.2,12.2,0.5,0.01779,2.86,21.08,10.77,15.48,62.27,0.0,16.71,9.605
2020-11-05,20.7,10.7,0.0,0.02885,4.6,23.53,10.62,16.64,53.12,0.0,31.09,9.588
2020-11-06,20.1,10.0,0.0,0.02991,4.71,23.36,11.77,17.01,51.49,0.0,24.89,9.568999999999999
2020-11-07,20.6,10.0,0.0,0.030289999999999997,4.71,25.44,13.25,18.72,45.25,0.02,20.74,9.562999999999999
2020-11-08,19.1,11.6,0.1,0.02262,3.58,22.79,12.23,16.56,60.3,0.19,17.97,9.602
2020-11-09,18.9,9.9,0.0,0.02467,3.75,24.34,11.84,17.36,53.93,0.2,20.05,9.583
2020-11-10,18.7,11.3,0.0,0.027719999999999998,4.14,23.18,11.41,16.74,59.27,0.39,17.17,9.583
2020-11-11,19.2,11.4,0.0,0.02615,4.03,23.25,10.71,16.0,59.44,0.32,17.22,9.594
2020-11-12,18.5,10.5,0.0,0.02515,3.87,23.04,10.77,15.99,57.46,1.37,15.29,9.599
2020-11-13,18.9,12.6,0.4,0.01952,3.16,18.76,9.12,12.84,75.76,2.19,16.1,9.608
2020-11-14,19.8,11.6,0.0,0.02699,4.28,19.53,8.86,13.81,68.96,1.19,26.69,9.599
2020-11-15,19.5,10.2,0.0,0.0303,4.67,20.84,9.45,14.71,63.72,0.05,24.01,9.608
2020-11-16,17.9,9.7,0.0,0.02666,3.94,21.6,10.29,15.6,58.17,0.15,21.85,9.596
2020-11-17,18.1,12.1,0.4,0.01821,3.04,15.22,9.7,12.25,80.97,2.9,12.93,9.61
2020-11-18,18.7,9.5,0.0,0.024120000000000003,3.66,21.55,10.47,16.21,63.29,0.09,21.17,9.589
2020-11-19,17.7,12.5,0.3,0.0177,2.92,19.5,9.95,14.66,68.06,0.19,15.55,9.594
2020-11-20,19.9,11.9,0.0,0.02881,4.61,18.08,8.74,12.9,70.75,0.37,29.37,9.612
2020-11-21,22.0,8.3,0.0,0.03228,5.39,23.18,8.52,15.75,50.74,0.0,32.42,9.595
2020-11-22,21.7,10.4,0.0,0.031239999999999997,5.05,24.3,11.25,17.05,53.56,0.01,32.42,9.565999999999999
2020-11-23,20.8,12.0,0.0,0.03007,4.82,22.75,11.02,16.56,60.85,0.04,27.02,9.59
2020-11-24,22.3,12.3,0.0,0.0319,5.39,22.45,9.31,16.25,59.17,0.0,33.08,9.608
2020-11-25,24.9,10.2,0.0,0.032130000000000006,5.65,25.91,10.78,18.22,43.16,0.0,33.57,9.59
2020-11-26,24.9,12.7,0.0,0.03252,5.78,27.66,13.67,20.08,32.38,0.0,33.99,9.553
2020-11-27,20.3,10.0,0.0,0.031030000000000002,4.87,24.03,11.97,17.27,50.41,0.02,28.87,9.579
2020-11-28,20.2,11.6,0.0,0.031239999999999997,4.91,24.3,11.85,17.72,50.48,0.02,30.5,9.602
2020-11-29,23.4,10.5,0.0,0.03218,5.49,26.7,12.36,18.93,43.44,0.01,32.15,9.595
2020-11-30,22.7,11.5,0.0,0.0325,5.42,26.29,12.08,18.89,43.0,0.0,32.42,9.571
2020-12-01,19.1,10.4,0.0,0.02469,3.81,22.17,11.31,16.2,58.9,0.03,18.35,9.584999999999999
2020-12-02,20.7,11.6,0.0,0.0308,4.87,23.61,10.45,17.04,53.6,0.24,29.96,9.589
2020-12-03,23.0,10.0,0.0,0.03243,5.45,24.12,12.32,17.89,44.95,0.0,33.14,9.57
2020-12-04,20.5,9.9,0.0,0.03229,5.09,23.01,12.43,17.51,50.29,0.0,27.31,9.576
2020-12-05,19.5,10.1,0.0,0.02942,4.54,24.0,11.45,17.8,52.36,0.01,25.57,9.598
2020-12-06,19.9,10.0,0.0,0.02973,4.59,25.74,12.62,19.1,48.8,0.01,20.29,9.565999999999999
2020-12-07,18.7,10.4,0.0,0.028640000000000002,4.33,25.1,12.77,17.94,53.96,0.0,22.06,9.578
2020-12-08,20.4,9.6,0.0,0.027899999999999998,4.37,25.19,12.02,18.82,46.8,0.0,28.46,9.61
2020-12-09,22.9,11.2,0.0,0.032100000000000004,5.41,25.3,13.02,19.18,48.48,0.0,32.29,9.581
2020-12-10,20.9,11.7,0.0,0.0249,4.04,20.8,10.71,15.35,63.61,0.0,27.59,9.592
2020-12-11,22.4,10.1,0.0,0.03297,5.53,24.07,10.29,17.13,50.6,0.0,34.83,9.584999999999999
2020-12-12,23.0,10.5,0.0,0.03288,5.51,24.17,11.23,18.04,46.86,0.0,33.93,9.595
2020-12-13,25.5,10.9,0.0,0.03282,5.95,28.39,14.13,20.95,36.9,0.0,34.32,9.575
2020-12-14,23.7,12.5,0.0,0.033229999999999996,5.78,26.29,13.54,19.61,36.88,0.0,34.25,9.568000000000001
2020-12-15,22.3,12.4,0.0,0.03222,5.29,24.73,12.11,18.16,46.68,0.0,31.37,9.562000000000001
2020-12-16,22.4,10.8,0.0,0.0327,5.37,25.5,12.16,18.78,45.65,0.0,28.45,9.57
2020-12-17,20.0,11.7,0.0,0.030719999999999997,4.84,24.9,11.18,17.64,52.71,0.03,23.94,9.577
2020-12-18,19.9,12.1,0.4,0.02889,4.76,20.54,9.48,14.21,64.8,0.13,30.68,9.6
2020-12-19,21.5,9.3,0.0,0.032490000000000005,5.21,22.6,10.99,16.98,46.49,0.0,33.82,9.584999999999999
2020-12-20,22.8,10.4,0.0,0.03324,5.65,24.79,11.31,18.22,45.73,0.0,32.19,9.57
2020-12-21,22.7,11.3,0.0,0.032850000000000004,5.46,25.76,13.36,19.65,45.12,0.01,27.46,9.565999999999999
2020-12-22,21.0,12.0,0.0,0.02671,4.36,25.8,12.93,19.35,49.95,0.01,23.65,9.567
2020-12-23,21.0,12.0,0.0,0.0269,4.42,25.53,14.41,19.4,50.89,0.01,23.98,9.565000000000001
2020-12-24,22.4,12.4,0.0,0.032350000000000004,5.3,27.06,13.23,20.38,46.55,0.03,24.5,9.57
2020-12-25,23.2,12.4,0.0,0.03258,5.44,26.71,15.22,20.95,43.98,0.45,28.45,9.561
2020-12-26,21.5,12.4,0.0,0.02647,4.37,25.11,14.52,19.68,52.97,0.46,21.93,9.562999999999999
2020-12-27,22.3,13.6,0.0,0.031,5.21,25.37,11.87,18.73,61.63,0.79,29.39,9.58
2020-12-28,21.4,12.9,0.0,0.03118,5.08,25.75,13.84,19.68,55.43,0.05,22.92,9.591
2020-12-29,21.1,14.4,0.1,0.02609,4.27,24.68,13.21,18.7,61.06,0.04,24.53,9.605
2020-12-30,25.2,12.7,0.0,0.033,5.92,28.24,13.82,21.04,37.46,0.01,34.52,9.568000000000001
2020-12-31,24.0,13.0,0.0,0.032060000000000005,5.64,26.01,15.01,20.51,41.28,0.01,33.22,9.548
2021-01-01,22.9,13.4,0.0,0.03111,5.22,26.76,13.59,19.76,54.25,0.01,26.85,9.575
2021-01-02,22.1,13.9,0.0,0.02867,4.75,24.93,14.08,19.16,55.02,0.06,21.1,9.584999999999999
2021-01-03,23.2,12.4,0.0,0.02922,4.96,26.01,14.5,20.18,46.74,0.02,27.96,9.57
2021-01-04,23.2,12.6,0.0,0.03033,5.06,25.57,13.41,19.24,56.62,0.09,25.62,9.562000000000001
2021-01-05,21.0,11.7,0.0,0.03147,5.05,25.12,11.56,18.13,56.56,0.56,26.87,9.573
2021-01-06,22.1,12.2,0.0,0.030420000000000003,5.02,25.1,12.78,19.12,52.33,0.06,26.31,9.584
2021-01-07,22.9,12.9,0.0,0.030359999999999998,5.01,26.19,14.5,20.0,51.54,0.03,22.69,9.589
2021-01-08,21.0,13.7,0.0,0.02975,4.87,24.07,13.45,18.43,59.64,0.01,22.0,9.588
2021-01-09,20.8,11.6,0.0,0.0299,4.88,23.18,11.98,17.4,57.2,0.01,29.39,9.583
2021-01-10,22.3,11.3,0.0,0.03263,5.54,23.47,11.45,17.66,53.26,0.0,33.41,9.581999999999999
2021-01-11,23.5,11.2,0.0,0.03264,5.71,24.65,11.04,18.1,50.28,0.01,32.56,9.587
2021-01-12,23.2,11.4,0.0,0.03245,5.61,25.25,11.73,17.98,46.35,0.0,33.78,9.58
2021-01-13,21.9,12.3,0.0,0.03263,5.41,25.42,12.27,18.75,44.02,0.0,32.95,9.58
2021-01-14,21.1,11.8,0.0,0.03148,5.05,24.34,13.22,18.46,49.06,0.0,28.99,9.568000000000001
2021-01-15,24.5,11.1,0.0,0.03211,5.69,26.04,13.47,18.91,46.65,0.03,31.7,9.562000000000001
2021-01-16,22.2,12.1,0.0,0.0319,5.38,25.0,12.35,18.36,49.63,0.06,33.23,9.571
2021-01-17,24.0,12.3,0.0,0.03254,5.57,26.02,14.38,20.18,39.36,0.0,28.23,9.564
2021-01-18,22.0,12.5,0.0,0.030199999999999998,4.99,24.96,14.53,19.95,49.65,0.0,23.15,9.552
2021-01-19,21.9,13.5,0.0,0.02863,4.74,24.62,15.26,20.18,53.04,0.0,20.89,9.567
2021-01-20,21.7,14.3,0.0,0.027309999999999997,4.5,24.83,15.26,19.74,54.74,0.0,21.53,9.561
2021-01-21,22.2,12.8,0.0,0.02693,4.54,24.11,15.88,19.75,54.89,0.0,19.73,9.562000000000001
2021-01-22,22.6,13.5,0.0,0.02485,4.19,26.6,14.14,20.02,52.39,0.0,21.52,9.549
2021-01-23,23.2,14.8,0.0,0.02829,4.92,25.13,15.58,20.14,57.06,0.0,24.67,9.553
2021-01-24,24.4,15.0,0.0,0.02975,5.13,26.59,15.94,20.83,57.45,0.08,21.15,9.555
2021-01-25,22.0,15.0,0.0,0.02466,4.1,26.05,14.87,20.2,59.45,0.84,19.83,9.555
2021-01-26,22.6,14.4,0.0,0.0255,4.26,25.38,14.24,19.02,60.19,0.81,24.4,9.573
2021-01-27,22.5,11.6,0.0,0.03073,5.11,26.04,14.0,19.55,52.07,0.16,28.59,9.564
2021-01-28,24.4,12.9,0.0,0.03047,5.41,26.39,14.06,19.74,47.71,0.02,31.07,9.553
2021-01-29,24.9,14.4,1.1,0.02673,4.73,26.3,14.19,19.71,53.1,2.84,22.06,9.558
2021-01-30,22.9,16.7,11.9,0.02299,4.03,23.64,15.58,18.61,74.17,9.07,22.22,9.568999999999999
2021-01-31,24.8,17.0,1.5,0.027030000000000002,4.66,22.53,14.21,18.25,77.8,0.81,21.31,9.57
2021-02-01,21.4,15.1,0.4,0.02181,3.7,21.22,12.63,16.5,74.93,0.26,21.46,9.564
2021-02-02,21.2,13.3,0.0,0.02373,3.91,22.65,11.73,16.93,69.59,0.13,19.4,9.571
2021-02-03,22.3,12.7,0.0,0.027460000000000002,4.43,27.48,13.26,20.01,55.28,0.03,20.54,9.565999999999999
2021-02-04,21.7,13.2,0.0,0.026609999999999998,4.31,26.18,15.55,20.95,55.97,0.03,18.58,9.558
2021-02-05,22.2,15.2,0.5,0.022760000000000002,3.84,25.85,14.98,19.64,61.73,0.05,17.48,9.562000000000001
2021-02-06,22.0,14.0,0.0,0.024239999999999998,4.08,23.73,13.15,18.08,67.16,0.04,14.41,9.562000000000001
2021-02-07,22.2,12.8,0.0,0.02832,4.79,23.38,12.21,17.11,68.09,0.69,23.77,9.57
2021-02-08,23.1,12.0,0.0,0.02939,5.03,23.88,11.81,16.98,68.21,2.28,28.94,9.574
2021-02-09,22.2,12.2,0.0,0.02826,4.63,25.02,12.73,19.24,60.93,0.05,17.89,9.556999999999999
2021-02-10,23.4,15.0,0.0,0.02332,4.03,25.74,15.77,20.33,60.52,0.01,17.38,9.55
2021-02-11,22.2,16.9,0.6,0.015050000000000001,2.87,25.89,14.72,19.38,66.42,0.12,14.54,9.568999999999999
2021-02-12,23.2,14.3,0.0,0.02302,4.02,25.71,14.98,19.76,61.37,0.61,18.19,9.565999999999999
2021-02-13,23.4,14.4,0.0,0.0246,4.29,25.45,14.71,19.34,63.46,0.14,18.06,9.573
2021-02-14,21.0,13.9,0.2,0.019940000000000003,3.35,25.26,14.46,19.17,57.1,0.15,18.18,9.562000000000001
2021-02-15,22.2,14.5,0.0,0.02345,4.07,23.87,12.87,17.99,66.57,1.48,18.78,9.584
2021-02-16,22.6,13.6,0.0,0.02631,4.52,22.41,12.43,16.58,70.42,0.5,19.51,9.594
2021-02-17,21.9,13.1,0.0,0.027559999999999998,4.62,22.49,11.91,16.64,63.54,0.05,29.18,9.596
2021-02-18,21.9,12.7,0.0,0.027239999999999997,4.6,23.23,11.32,17.04,64.95,0.03,28.92,9.6
2021-02-19,23.9,12.3,0.0,0.02817,4.9,25.16,13.49,18.44,58.27,0.03,27.26,9.593
2021-02-20,23.7,13.6,0.0,0.02739,4.76,25.29,13.15,18.69,56.84,0.0,26.88,9.587
2021-02-21,21.9,14.0,0.0,0.02616,4.35,25.68,13.52,18.65,53.44,0.0,27.03,9.587
2021-02-22,22.2,12.4,0.0,0.027120000000000002,4.52,25.69,13.51,18.93,49.04,0.0,26.39,9.587
2021-02-23,24.1,11.7,0.0,0.02776,4.86,24.98,14.24,19.33,43.61,0.0,28.36,9.565000000000001
2021-02-24,22.4,12.9,0.0,0.02532,4.26,26.29,14.87,19.43,53.1,0.0,20.76,9.555
2021-02-25,22.6,13.0,0.0,0.02325,3.94,25.31,14.97,19.51,55.92,0.02,18.25,9.546
2021-02-26,21.1,13.3,0.0,0.018670000000000003,3.12,25.48,14.47,19.39,57.81,0.02,15.08,9.555
2021-02-27,23.0,12.1,0.0,0.02402,4.02,27.05,15.53,20.86,45.57,0.1,17.71,9.549
2021-02-28,24.1,13.3,0.0,0.02603,4.48,26.92,16.5,21.21,41.37,0.07,22.08,9.540000000000001
2021-03-01,21.3,13.4,1.3,0.01833,3.14,24.87,14.82,19.58,56.23,1.53,14.44,9.541
2021-03-02,20.9,14.9,0.1,0.0149,2.6,23.06,16.15,19.32,64.99,2.05,16.37,9.556999999999999
2021-03-03,22.4,14.0,0.0,0.02489,4.17,26.23,15.65,20.44,60.2,0.77,16.18,9.576
2021-03-04,22.6,13.8,0.0,0.02113,3.54,26.55,16.7,21.08,56.89,0.04,15.17,9.55
2021-03-05,21.6,15.2,0.0,0.016239999999999997,2.85,23.31,15.03,19.0,67.11,0.09,13.31,9.556999999999999
2021-03-06,22.7,14.6,0.0,0.02432,4.09,25.77,13.47,19.15,67.4,0.12,19.68,9.568000000000001
2021-03-07,22.1,13.2,0.0,0.022260000000000002,3.61,27.12,15.12,20.49,59.68,0.03,15.67,9.568999999999999
2021-03-08,24.6,14.7,0.0,0.02435,4.16,26.73,15.75,21.48,50.6,0.0,21.17,9.556000000000001
2021-03-09,21.0,14.5,0.0,0.01775,2.94,25.72,15.05,19.69,56.55,0.0,16.95,9.561
2021-03-10,22.1,12.7,0.0,0.0229,3.89,23.84,13.99,18.19,64.45,0.0,17.02,9.589
2021-03-11,22.8,13.3,0.0,0.02413,4.08,25.53,15.18,19.42,55.23,0.0,20.37,9.58
2021-03-12,21.7,14.0,0.0,0.02359,3.91,25.25,13.51,18.75,61.36,0.24,17.72,9.577
2021-03-13,21.6,14.8,0.4,0.01853,3.17,24.96,14.1,18.69,61.46,0.98,14.24,9.578
2021-03-14,20.7,13.2,0.0,0.018359999999999998,3.07,23.53,13.23,17.47,65.82,0.82,13.29,9.574
2021-03-15,21.9,14.8,1.2,0.01753,3.07,20.82,11.96,15.06,79.33,3.46,13.57,9.587
2021-03-16,22.3,13.7,1.0,0.02164,3.81,21.05,12.19,15.9,69.27,0.09,22.78,9.588
2021-03-17,21.0,13.1,0.0,0.02198,3.66,21.99,11.02,15.99,70.66,0.25,21.86,9.578
2021-03-18,20.6,13.0,0.0,0.02076,3.59,18.75,11.48,13.93,81.12,0.45,19.34,9.573
2021-03-19,20.3,13.3,0.0,0.01998,3.56,17.89,10.76,13.53,76.74,0.03,22.57,9.593
2021-03-20,22.8,10.7,0.0,0.023219999999999998,4.21,23.28,9.65,16.06,58.91,0.0,23.83,9.603
2021-03-21,21.8,13.4,0.0,0.02302,3.91,20.57,11.2,15.75,68.33,0.0,23.29,9.595
2021-03-22,24.6,10.4,0.0,0.02327,4.19,25.11,10.37,17.58,56.92,0.0,23.37,9.587
2021-03-23,22.1,13.7,0.0,0.02195,3.63,24.29,13.37,17.78,59.48,0.0,16.32,9.579
2021-03-24,21.7,13.1,0.0,0.020309999999999998,3.42,22.51,11.65,16.27,66.68,0.03,14.01,9.589
2021-03-25,20.0,12.0,0.0,0.020390000000000002,3.35,19.71,9.76,13.87,69.31,0.03,19.7,9.606
2021-03-26,22.9,9.6,0.0,0.02258,3.87,24.42,8.64,15.8,46.79,0.01,22.62,9.584999999999999
2021-03-27,24.7,12.4,0.0,0.02246,4.08,25.52,13.13,18.83,37.33,0.0,22.39,9.555
2021-03-28,20.5,11.0,0.0,0.02124,3.35,23.25,14.32,17.96,51.08,0.0,15.64,9.552
2021-03-29,19.7,11.0,0.0,0.01812,2.9,20.64,13.05,16.21,61.59,0.0,10.36,9.573
2021-03-30,19.7,10.4,0.0,0.020399999999999998,3.22,21.47,12.52,16.17,60.18,0.0,10.54,9.568000000000001
2021-03-31,19.3,11.2,0.0,0.01691,2.64,22.67,12.45,16.8,64.38,0.28,11.41,9.553
2021-04-01,19.9,11.9,0.0,0.01472,2.43,22.47,12.01,16.33,66.87,1.26,9.84,9.565000000000001
2021-04-02,20.2,10.9,0.0,0.01724,2.73,22.93,12.65,17.08,54.75,0.49,13.01,9.556999999999999
2021-04-03,22.1,11.6,0.0,0.01959,3.23,25.19,14.4,18.88,44.09,0.12,13.69,9.551
2021-04-04,20.2,12.4,0.0,0.014029999999999999,2.33,21.46,12.85,16.39,64.68,1.35,10.36,9.561
2021-04-05,22.5,12.0,0.0,0.01883,3.25,21.92,11.83,15.48,79.14,0.35,19.16,9.573
2021-04-06,22.5,12.8,0.0,0.019629999999999998,3.3,22.29,11.87,16.16,72.02,0.0,20.24,9.581999999999999
2021-04-07,21.9,12.8,0.0,0.019530000000000002,3.24,22.99,12.25,16.48,68.12,0.0,16.31,9.583
2021-04-08,20.8,12.8,0.0,0.01877,3.1,21.14,11.46,15.38,69.07,0.0,19.74,9.601
2021-04-09,20.2,10.8,0.0,0.01934,3.08,20.62,9.96,14.77,62.71,0.0,19.62,9.594
2021-04-10,20.6,10.9,0.0,0.01939,3.16,20.77,7.92,13.55,59.27,0.03,19.77,9.614
2021-04-11,23.7,10.3,0.0,0.019760000000000003,3.53,26.15,11.16,18.09,32.08,0.01,20.13,9.565999999999999
2021-04-12,22.2,11.2,0.0,0.01946,3.23,24.97,15.0,19.39,38.48,0.0,17.3,9.565000000000001
2021-04-13,20.6,13.0,0.0,0.01912,3.01,24.62,15.82,19.59,43.71,0.04,12.12,9.551
2021-04-14,17.9,11.3,0.3,0.01151,1.81,24.31,14.11,17.93,53.23,0.08,9.66,9.568000000000001
2021-04-15,19.5,10.9,0.0,0.01525,2.38,23.62,13.86,17.69,51.79,0.01,14.02,9.568999999999999
2021-04-16,19.2,12.2,0.0,0.01528,2.31,22.43,12.41,16.95,56.28,0.0,10.77,9.581999999999999
2021-04-17,19.8,11.3,0.0,0.01696,2.68,21.55,11.64,15.44,65.1,0.0,8.64,9.589
2021-04-18,20.3,9.3,0.0,0.01731,2.7,22.68,11.78,16.1,55.31,0.0,11.88,9.576
2021-04-19,19.3,10.9,0.0,0.01558,2.42,21.94,11.44,15.75,62.93,0.0,7.71,9.578
2021-04-20,22.5,11.3,4.5,0.01659,3.07,20.06,10.81,14.38,79.9,0.09,11.52,9.576
2021-04-21,21.6,11.6,0.0,0.01392,2.43,19.39,12.26,14.84,79.03,0.19,14.45,9.599
2021-04-22,17.6,11.9,0.0,0.00942,1.6,19.85,11.27,14.65,67.53,0.09,8.18,9.576
2021-04-23,18.7,11.1,0.5,0.01248,2.06,18.46,10.14,13.6,73.28,0.1,10.53,9.602
2021-04-24,19.2,9.4,0.0,0.01691,2.53,21.7,11.62,15.63,51.11,0.0,15.52,9.599
2021-04-25,18.6,9.7,0.0,0.015519999999999999,2.28,22.42,12.78,16.57,49.01,0.01,13.75,9.584999999999999
2021-04-26,18.9,9.6,0.0,0.01576,2.31,22.38,13.43,16.72,50.54,0.0,8.82,9.58
2021-04-27,17.4,10.9,0.0,0.012150000000000001,1.84,21.29,12.5,15.84,56.5,0.0,7.81,9.594
2021-04-28,17.7,10.7,0.0,0.01297,1.86,23.23,12.82,16.68,50.5,0.0,12.26,9.591
2021-04-29,17.6,10.3,0.5,0.011810000000000001,1.83,19.52,11.52,15.56,67.62,0.01,9.22,9.602
2021-04-30,20.1,11.0,0.0,0.01533,2.52,17.67,10.68,13.34,81.07,0.01,15.66,9.605
2021-05-01,20.3,10.2,0.0,0.013779999999999999,2.33,19.76,10.99,14.18,66.51,0.0,12.35,9.605
2021-05-02,20.7,10.7,0.0,0.01324,2.2,19.58,11.67,14.46,69.49,0.0,13.16,9.587
2021-05-03,19.9,9.8,0.0,0.01498,2.49,18.6,11.48,14.2,75.57,0.02,15.06,9.594
2021-05-04,19.5,9.9,0.0,0.01265,2.13,19.2,11.53,14.4,76.65,0.0,10.86,9.620999999999999
2021-05-05,20.6,10.3,0.0,0.0148,2.42,21.49,11.79,15.82,55.91,0.0,15.16,9.623000000000001
2021-05-06,24.3,10.4,0.0,0.01541,2.71,24.72,13.48,17.82,40.98,0.0,15.44,9.571
2021-05-07,20.2,11.0,0.0,0.009380000000000001,1.79,18.06,11.0,13.71,83.0,0.0,8.17,9.601
2021-05-08,19.0,11.6,0.0,0.009779999999999999,1.68,17.3,11.13,13.39,81.62,0.0,9.95,9.620000000000001
2021-05-09,19.3,10.3,0.0,0.014410000000000001,2.18,21.07,10.75,14.77,61.83,0.0,14.81,9.608
2021-05-10,18.4,9.9,0.0,0.01408,2.06,20.79,11.74,15.14,50.74,0.0,13.89,9.589
2021-05-11,19.6,7.4,0.0,0.01461,2.16,23.36,11.95,16.55,35.4,0.0,14.81,9.581999999999999
2021-05-12,20.2,7.2,0.0,0.013980000000000001,2.09,23.25,12.23,16.24,36.11,0.0,14.77,9.568000000000001
2021-05-13,19.8,9.1,0.0,0.01072,1.72,22.64,12.31,16.25,49.82,0.01,12.02,9.59
2021-05-14,16.7,8.5,0.0,0.01139,1.6,22.39,12.86,16.45,54.84,0.01,9.15,9.588
2021-05-15,17.0,10.3,0.0,0.0058,1.01,21.59,13.43,16.43,47.55,0.01,6.69,9.592
2021-05-16,21.2,8.3,0.0,0.01227,2.07,25.61,12.6,18.41,36.34,0.0,12.63,9.583
2021-05-17,19.0,10.5,0.0,0.01286,1.91,23.84,14.09,18.01,46.0,0.0,9.43,9.579
2021-05-18,16.2,11.9,1.4,0.00478,0.94,16.46,11.08,13.52,78.32,0.25,5.01,9.581999999999999
2021-05-19,18.9,12.1,1.4,0.01116,1.81,17.38,11.75,13.88,81.47,0.99,11.49,9.592
2021-05-20,16.5,9.5,9.8,0.00954,1.45,14.6,9.68,11.9,85.78,3.86,6.94,9.593
2021-05-21,16.7,8.3,7.3,0.01274,1.92,14.84,7.63,10.65,71.56,1.13,12.98,9.649
2021-05-22,18.3,5.8,0.0,0.013460000000000001,2.08,18.95,6.69,11.94,37.95,0.0,13.97,9.632
2021-05-23,18.3,6.6,0.0,0.01316,2.17,23.22,10.51,15.82,31.15,0.0,13.12,9.598
2021-05-24,17.2,7.0,0.0,0.01307,1.92,21.66,11.91,15.33,40.34,0.01,13.46,9.605
2021-05-25,18.8,10.7,0.0,0.01311,2.06,23.58,11.73,16.23,40.32,0.0,13.51,9.601
2021-05-26,20.5,9.9,0.0,0.01298,2.04,24.52,11.98,16.68,37.54,0.01,13.29,9.599
2021-05-27,16.6,8.0,0.0,0.01236,1.75,22.1,12.6,15.52,51.36,0.05,8.55,9.587
2021-05-28,17.7,9.7,0.4,0.01196,1.74,19.56,10.45,13.76,65.48,0.01,10.95,9.611
2021-05-29,16.2,10.0,0.0,0.009130000000000001,1.3,20.21,10.29,13.93,53.43,0.0,9.8,9.611
2021-05-30,18.2,9.2,0.0,0.012240000000000001,1.8,22.59,11.21,15.64,37.43,0.0,12.85,9.625
2021-05-31,22.1,8.8,0.0,0.01201,2.15,24.33,12.71,17.06,41.95,0.0,12.21,9.626000000000001
2021-06-01,18.0,10.0,0.0,0.0095,1.49,23.16,14.0,17.32,52.82,0.0,7.45,9.61
2021-06-02,19.6,11.0,0.0,0.01175,1.75,24.12,14.29,17.74,54.4,0.0,11.57,9.574
2021-06-03,19.6,10.0,0.0,0.01142,1.76,23.44,14.4,17.71,51.29,0.0,11.91,9.562999999999999
2021-06-04,16.4,12.3,0.1,0.00519,0.88,19.01,11.29,14.28,69.56,0.01,6.84,9.584
2021-06-05,16.8,10.1,0.0,0.01075,1.52,19.59,9.92,13.67,61.57,0.0,10.47,9.599
2021-06-06,14.0,8.2,0.0,0.00807,1.17,19.41,9.41,13.17,52.04,0.0,7.16,9.596
2021-06-07,17.9,8.5,0.0,0.0121,1.8,20.82,11.4,15.0,42.26,0.0,12.27,9.594
2021-06-08,19.3,9.0,0.0,0.01218,2.04,21.41,11.4,14.8,47.86,0.0,12.19,9.592
2021-06-09,18.4,8.1,0.0,0.01063,1.7,18.54,10.3,13.21,66.16,0.05,8.98,9.645999999999999
2021-06-10,19.7,8.8,0.0,0.01192,1.87,21.1,11.69,14.81,43.86,0.0,11.77,9.649
2021-06-11,22.3,7.6,0.0,0.01211,2.12,24.08,12.44,17.09,32.34,0.0,12.11,9.59
2021-06-12,17.6,11.3,0.2,0.011810000000000001,1.78,22.7,12.4,16.21,47.87,0.15,7.65,9.572
2021-06-13,14.8,8.5,0.2,0.00843,1.17,21.4,12.03,15.21,51.32,0.09,6.11,9.584999999999999
2021-06-14,16.3,7.1,0.0,0.011,1.51,20.78,11.95,15.47,47.36,0.02,6.37,9.583
2021-06-15,17.7,9.1,1.5,0.00747,1.3,17.05,11.02,13.14,65.84,0.04,7.39,9.594
2021-06-16,17.9,9.6,1.9,0.01104,1.72,16.98,11.02,12.98,77.68,0.08,10.69,9.619
2021-06-17,16.1,8.1,0.0,0.01143,1.6,17.86,9.65,12.59,63.27,0.0,8.97,9.588
2021-06-18,15.8,8.4,0.0,0.008199999999999999,1.21,16.4,9.16,11.67,71.6,0.05,8.13,9.611
2021-06-19,16.7,6.7,0.0,0.011550000000000001,1.61,19.8,8.67,12.61,55.82,0.0,11.7,9.609
2021-06-20,14.5,6.8,0.1,0.01039,1.47,15.62,6.84,10.54,67.74,0.0,10.99,9.623999999999999
2021-06-21,19.1,6.3,0.0,0.011859999999999999,1.95,19.61,8.81,13.08,39.29,0.0,12.17,9.61
2021-06-22,16.8,7.6,0.0,0.01074,1.68,16.47,9.76,12.51,65.23,0.09,9.6,9.559000000000001
2021-06-23,13.3,9.6,19.3,0.00171,0.6,12.27,9.05,10.28,90.39,7.09,3.53,9.613
2021-06-24,17.1,5.7,0.0,0.01021,1.62,18.11,9.01,12.01,61.58,0.08,10.98,9.64
2021-06-25,13.3,8.0,12.2,0.0020299999999999997,0.54,13.03,8.09,10.18,80.58,4.38,4.59,9.623000000000001
2021-06-26,14.2,5.8,0.0,0.0105,1.48,12.57,5.43,8.2,73.42,0.0,11.22,9.648
2021-06-27,15.6,2.1,0.0,0.01239,1.78,15.57,4.9,9.31,39.63,0.0,12.6,9.632
2021-06-28,18.1,5.4,0.0,0.01268,2.18,20.63,8.67,13.79,28.4,0.0,12.57,9.619
2021-06-29,19.5,9.0,0.0,0.01131,2.14,20.82,12.43,15.53,33.05,0.0,10.78,9.598
2021-06-30,13.2,5.9,0.0,0.009720000000000001,1.24,18.37,9.44,12.46,57.66,0.0,8.78,9.588
2021-07-01,15.4,4.7,0.0,0.011890000000000001,1.56,16.53,8.84,11.68,59.56,0.0,10.59,9.620999999999999
2021-07-02,15.9,4.1,0.0,0.012150000000000001,1.67,19.93,7.47,12.71,46.44,0.0,11.84,9.632
2021-07-03,14.5,7.5,0.0,0.01035,1.43,16.22,9.63,12.25,50.93,0.0,10.31,9.592
2021-07-04,14.4,4.4,0.0,0.01213,1.57,19.37,8.77,12.88,51.49,0.0,9.64,9.61
2021-07-05,12.6,4.2,0.0,0.00939,1.16,19.93,7.78,13.3,53.93,0.01,5.68,9.59
2021-07-06,15.6,6.5,3.0,0.00756,1.12,13.81,7.21,9.42,84.44,0.06,6.37,9.629999999999999
2021-07-07,17.0,5.4,0.0,0.012289999999999999,1.82,19.35,7.49,12.69,48.89,0.0,12.82,9.59
2021-07-08,14.6,6.4,0.0,0.01158,1.57,19.92,9.58,13.34,55.76,0.0,9.77,9.583
2021-07-09,16.8,5.6,0.0,0.01185,1.67,17.37,7.57,11.46,67.47,0.0,12.16,9.631
2021-07-10,16.2,6.7,0.0,0.01272,1.79,22.66,8.92,14.06,38.14,0.0,13.16,9.581
2021-07-11,13.2,8.4,0.0,0.009779999999999999,1.24,18.04,9.09,12.74,48.75,0.0,10.55,9.552
2021-07-12,13.7,8.5,0.5,0.00535,0.85,13.16,7.04,9.64,75.17,0.08,5.35,9.597
2021-07-13,14.7,6.6,0.0,0.0116,1.58,14.42,6.45,9.21,83.23,0.03,10.45,9.615
2021-07-14,13.7,5.9,0.0,0.011980000000000001,1.48,16.19,5.86,9.99,69.31,0.03,11.59,9.637
2021-07-15,14.2,5.0,0.0,0.012960000000000001,1.69,18.21,8.2,11.56,41.41,0.0,13.22,9.618
2021-07-16,15.6,3.1,0.0,0.01308,1.77,15.98,5.21,10.16,54.78,0.0,13.33,9.643
2021-07-17,17.2,4.3,0.0,0.01354,2.16,22.07,8.05,13.71,27.25,0.0,13.87,9.623000000000001
2021-07-18,17.9,6.1,0.0,0.013800000000000002,2.6,22.76,11.27,15.43,26.17,0.0,13.89,9.59
2021-07-19,16.4,4.7,0.0,0.01311,1.84,20.31,10.9,14.68,30.89,0.0,13.61,9.581
2021-07-20,18.5,7.8,0.0,0.01367,2.1,22.79,12.03,16.78,28.51,0.0,13.45,9.559000000000001
2021-07-21,15.1,4.9,0.0,0.01276,1.68,22.62,13.72,16.69,34.72,0.01,7.91,9.576
2021-07-22,12.7,6.7,0.2,0.01059,1.29,24.49,11.97,16.03,38.42,0.0,8.43,9.583
2021-07-23,13.2,6.0,0.1,0.01074,1.39,20.0,8.47,13.75,56.25,0.01,6.91,9.579
2021-07-24,14.0,7.1,1.3,0.0046,0.86,10.01,7.3,8.36,90.77,0.17,6.44,9.613
2021-07-25,16.2,6.6,5.5,0.01292,1.88,15.17,7.32,10.5,75.22,0.69,11.62,9.625
2021-07-26,15.5,6.2,0.2,0.0129,1.74,15.5,6.97,10.46,64.67,0.09,12.08,9.66
2021-07-27,14.8,6.0,0.0,0.01416,1.94,16.67,6.48,10.53,41.69,0.0,14.66,9.64
2021-07-28,18.0,8.5,0.0,0.01464,2.26,19.8,7.49,12.77,33.13,0.0,14.81,9.603
2021-07-29,13.9,5.1,0.0,0.013359999999999999,1.72,19.91,9.5,13.42,35.68,0.0,10.78,9.579
2021-07-30,12.7,5.4,0.0,0.0109,1.35,19.29,8.27,12.55,47.87,0.0,8.28,9.603
2021-07-31,15.1,6.3,0.0,0.01345,1.82,20.81,9.75,14.35,38.2,0.0,12.63,9.620000000000001
2021-08-01,20.0,6.9,0.0,0.01481,2.31,23.41,11.91,16.33,31.06,0.0,14.99,9.603
2021-08-02,16.4,8.9,0.0,0.015009999999999999,2.19,21.69,12.41,15.93,34.99,0.0,12.15,9.601
2021-08-03,13.1,6.9,0.0,0.00786,1.07,23.49,11.84,16.41,33.9,0.02,8.05,9.589
2021-08-04,14.0,6.9,0.6,0.010539999999999999,1.4,21.73,10.45,15.66,41.0,0.0,7.98,9.59
2021-08-05,16.0,7.5,0.1,0.01288,1.84,19.16,10.73,14.06,53.42,0.02,10.34,9.617
2021-08-06,14.7,6.8,0.0,0.01213,1.67,18.5,7.61,12.25,65.05,0.03,8.1,9.603
2021-08-07,14.8,8.6,0.4,0.01156,1.64,14.67,7.04,9.89,81.08,0.06,6.58,9.602
2021-08-08,15.0,7.9,0.1,0.00967,1.49,12.03,6.29,8.83,84.1,0.07,8.7,9.651
2021-08-09,14.3,6.5,0.0,0.013710000000000002,1.83,15.52,5.3,9.56,73.27,0.0,12.51,9.65
2021-08-10,15.1,4.9,0.0,0.01597,2.09,19.24,6.45,11.8,46.17,0.0,14.31,9.626999999999999
2021-08-11,13.4,5.8,0.0,0.01475,1.88,17.48,7.17,11.64,50.43,0.0,11.36,9.602
2021-08-12,13.2,6.1,0.0,0.0115,1.53,17.14,6.58,10.85,58.5,0.0,6.9,9.623999999999999
2021-08-13,13.3,4.4,0.0,0.015470000000000001,1.95,18.79,6.37,11.26,49.13,0.0,13.22,9.634
2021-08-14,12.6,5.9,0.0,0.01185,1.54,19.62,8.35,12.23,45.57,0.0,10.61,9.615
2021-08-15,12.2,8.7,0.1,0.00404,0.75,16.66,8.1,11.18,64.38,0.0,5.01,9.607
2021-08-16,17.4,7.1,0.0,0.01483,2.29,17.94,8.33,12.42,74.67,0.12,14.54,9.608
2021-08-17,18.9,8.9,0.0,0.01529,2.44,19.81,11.63,14.46,73.09,0.81,14.8,9.61
2021-08-18,16.6,11.9,17.2,0.00605,1.05,18.05,10.43,13.82,79.53,2.51,6.21,9.604000000000001
2021-08-19,14.1,10.6,10.0,0.006019999999999999,0.99,13.03,9.06,10.75,77.98,0.22,10.78,9.637
2021-08-20,17.6,7.0,0.0,0.014320000000000001,2.25,18.8,5.8,12.01,55.4,0.0,16.31,9.603
2021-08-21,16.9,7.1,10.0,0.00951,1.54,16.05,8.61,11.35,72.5,0.21,8.56,9.591
2021-08-22,16.0,6.0,0.0,0.01475,2.11,18.0,7.23,11.42,60.9,0.0,16.1,9.598
2021-08-23,12.5,6.8,0.9,0.00477,0.88,14.42,6.96,9.96,66.12,0.0,8.53,9.565999999999999
2021-08-24,14.9,6.9,0.0,0.01601,2.2,15.07,6.79,10.33,65.95,0.0,17.14,9.587
2021-08-25,14.4,6.6,0.0,0.01374,1.94,14.8,5.5,8.94,66.69,0.0,15.39,9.662
2021-08-26,15.9,3.6,0.0,0.01846,2.49,18.18,5.23,10.81,45.48,0.0,19.14,9.626999999999999
2021-08-27,14.5,5.8,0.0,0.01278,1.84,18.24,8.56,11.66,55.18,0.0,11.47,9.616
2021-08-28,17.5,8.5,0.0,0.01643,2.37,23.51,8.66,15.55,43.26,0.0,17.76,9.607
2021-08-29,16.4,8.2,0.0,0.01526,2.12,21.98,10.46,15.57,55.72,0.01,11.12,9.575
2021-08-30,15.4,10.0,0.3,0.01193,1.79,18.21,8.85,12.56,75.5,0.02,8.99,9.596
2021-08-31,16.6,9.9,0.0,0.01795,2.6,17.39,7.54,11.51,73.53,0.01,19.4,9.612
2021-09-01,15.9,7.9,0.8,0.01154,1.71,18.94,8.85,12.99,60.87,0.0,13.63,9.605
2021-09-02,14.7,8.0,0.0,0.011980000000000001,1.68,19.95,8.4,13.05,70.44,0.02,12.1,9.614
2021-09-03,13.3,8.5,0.0,0.008199999999999999,1.26,17.88,7.24,11.3,74.8,0.08,9.52,9.61
2021-09-04,18.0,6.0,0.0,0.020059999999999998,3.02,19.54,6.27,11.78,60.13,0.0,20.46,9.617
2021-09-05,16.6,6.6,0.0,0.01991,2.84,17.29,7.7,11.39,65.96,0.02,18.6,9.603
2021-09-06,16.6,9.3,0.0,0.0165,2.54,15.83,6.57,10.1,75.35,0.04,17.85,9.632
2021-09-07,14.6,8.1,0.2,0.01643,2.42,13.13,5.5,8.56,72.12,0.25,18.11,9.666
2021-09-08,18.1,4.7,0.0,0.02085,3.17,19.22,4.94,11.7,40.6,0.0,21.11,9.633
2021-09-09,18.1,6.6,0.0,0.02085,3.16,21.79,8.42,14.07,44.84,0.0,20.64,9.587
2021-09-10,15.8,7.6,0.0,0.01781,2.48,21.13,10.07,14.68,56.53,0.02,11.11,9.559999999999999
2021-09-11,16.7,10.9,2.2,0.00936,1.98,14.8,9.38,11.37,81.66,3.52,6.92,9.567
2021-09-12,14.7,10.4,11.7,0.009210000000000001,1.54,15.72,7.16,10.89,76.19,1.6,15.28,9.629999999999999
2021-09-13,15.1,5.8,1.4,0.0159,2.32,12.88,6.19,9.44,70.3,0.24,20.16,9.661
2021-09-14,17.8,5.5,0.0,0.02239,3.35,21.26,5.65,12.37,39.78,0.0,22.89,9.619
2021-09-15,16.8,8.1,0.0,0.02115,2.95,19.54,6.78,12.84,44.44,0.0,22.03,9.631
2021-09-16,18.1,8.6,0.0,0.02206,3.18,20.79,9.86,14.48,46.58,0.01,18.9,9.606
2021-09-17,16.4,9.7,0.1,0.01632,2.34,21.38,8.67,13.42,58.9,0.03,12.29,9.609
2021-09-18,16.4,9.8,0.2,0.01795,2.54,19.41,7.25,12.35,67.12,0.0,16.48,9.596
2021-09-19,15.5,9.1,0.0,0.01409,2.1,16.62,5.98,10.6,70.23,0.0,16.08,9.625
2021-09-20,19.1,7.6,0.0,0.0229,3.42,20.4,6.22,12.89,50.59,0.0,23.61,9.603
2021-09-21,16.2,9.4,0.8,0.011890000000000001,1.9,17.69,8.14,12.1,68.02,0.0,9.67,9.6
2021-09-22,17.2,8.5,0.6,0.0175,2.66,18.44,7.36,11.49,66.63,0.0,22.31,9.645999999999999
2021-09-23,19.8,5.7,0.0,0.02382,3.7,24.39,9.29,16.34,34.3,0.0,24.21,9.588
2021-09-24,18.7,11.7,0.0,0.023379999999999998,3.38,24.68,12.63,17.74,42.62,0.0,15.75,9.565000000000001
2021-09-25,18.1,9.0,0.8,0.01932,2.95,19.06,8.88,13.48,66.76,0.0,20.46,9.626000000000001
2021-09-26,18.6,7.0,0.0,0.023870000000000002,3.52,21.93,8.77,14.1,51.87,0.0,24.77,9.602
2021-09-27,21.5,7.7,0.0,0.024079999999999997,3.88,24.76,9.98,16.92,38.35,0.0,25.04,9.597
2021-09-28,21.6,10.4,0.0,0.02459,4.08,23.74,10.76,16.35,41.43,0.0,22.34,9.599
2021-09-29,17.6,9.1,0.0,0.01762,2.78,22.39,8.39,14.69,43.65,0.0,15.7,9.584
2021-09-30,18.0,8.7,0.0,0.02432,3.62,19.16,6.6,12.24,58.04,0.02,24.83,9.625
2021-10-01,18.8,6.5,0.0,0.02487,3.83,20.69,8.12,13.3,51.09,0.0,25.56,9.607
2021-10-02,17.5,6.3,0.0,0.02343,3.38,17.96,6.97,11.96,57.96,0.02,25.15,9.613
2021-10-03,17.1,6.1,0.0,0.02535,3.69,20.17,7.15,12.94,43.91,0.0,26.32,9.592
2021-10-04,18.0,8.4,0.0,0.02565,3.74,21.03,8.25,14.0,44.26,0.0,25.83,9.576
2021-10-05,17.4,7.1,0.0,0.02518,3.6,20.81,8.06,14.24,49.67,0.0,19.19,9.575
2021-10-06,19.9,8.2,0.0,0.02604,4.08,22.54,10.27,15.68,42.11,0.0,25.38,9.562999999999999
2021-10-07,17.2,9.1,0.8,0.02438,3.6,18.43,8.83,12.64,67.8,0.33,17.99,9.571
2021-10-08,17.4,10.3,0.2,0.019280000000000002,3.14,16.8,8.28,11.59,72.61,1.15,18.54,9.601
2021-10-09,16.7,9.8,0.0,0.023260000000000003,3.42,16.7,8.24,11.97,68.72,0.22,25.27,9.595
2021-10-10,18.6,8.6,0.0,0.02572,3.93,21.02,7.8,14.4,60.21,0.09,25.55,9.611
2021-10-11,18.3,9.7,0.0,0.02513,3.64,22.78,9.53,15.37,56.28,0.05,19.94,9.573
2021-10-12,17.2,11.9,0.2,0.01749,2.84,16.28,9.11,11.71,79.86,0.17,17.25,9.6
2021-10-13,18.3,9.2,0.0,0.02493,3.89,20.46,8.1,13.37,65.8,0.07,26.83,9.607
2021-10-14,19.1,8.9,0.2,0.01989,3.4,18.22,7.65,11.86,60.5,1.54,25.13,9.625
2021-10-15,19.0,6.6,0.0,0.02656,4.04,20.43,5.77,12.53,43.98,0.0,28.4,9.622
2021-10-16,19.1,7.1,0.0,0.02664,4.1,21.17,8.13,13.92,42.57,0.0,28.07,9.626999999999999
2021-10-17,20.3,7.7,0.0,0.02677,4.2,22.98,9.13,15.59,41.19,0.0,28.64,9.619
2021-10-18,21.2,10.0,0.0,0.027440000000000003,4.4,25.05,11.32,17.94,37.19,0.0,27.68,9.583
2021-10-19,17.6,9.9,0.0,0.024329999999999997,3.58,23.32,13.29,17.7,45.75,0.0,16.61,9.574
2021-10-20,17.4,10.9,0.9,0.01453,2.49,21.22,10.67,15.21,59.54,0.0,11.7,9.615
2021-10-21,18.8,8.0,0.0,0.02691,4.04,21.18,9.22,14.2,59.2,0.0,26.84,9.605
2021-10-22,18.9,10.0,0.0,0.02339,3.66,20.01,8.31,13.3,63.66,0.0,21.83,9.603
2021-10-23,19.0,7.2,0.0,0.027350000000000003,4.19,21.28,6.43,13.82,50.29,0.0,28.75,9.623000000000001
2021-10-24,22.9,8.0,0.0,0.027719999999999998,4.8,26.43,10.05,18.28,34.77,0.0,29.54,9.594
2021-10-25,22.7,9.0,0.0,0.02795,4.68,27.34,13.09,19.2,37.81,0.0,29.84,9.577
2021-10-26,19.4,11.3,0.0,0.023190000000000002,3.61,21.11,10.69,15.92,56.0,0.01,16.97,9.589
2021-10-27,19.2,10.1,0.0,0.02123,3.32,20.36,10.49,15.66,60.24,0.01,19.55,9.609
2021-10-28,22.4,10.4,0.0,0.027260000000000003,4.65,26.64,13.53,19.41,44.59,0.0,23.75,9.592
2021-10-29,19.6,9.8,0.0,0.02699,4.2,24.8,13.75,18.76,42.81,0.0,19.95,9.589
2021-10-30,20.9,10.1,0.0,0.027239999999999997,4.37,24.95,13.48,19.26,40.12,0.0,25.98,9.556999999999999
2021-10-31,17.8,10.9,0.0,0.019579999999999997,3.11,21.96,12.43,17.14,54.58,0.53,14.27,9.58
2021-11-01,18.5,10.3,0.0,0.01576,2.62,22.04,11.46,15.91,60.08,0.06,13.99,9.598
2021-11-02,19.4,10.7,0.0,0.02589,3.99,24.01,11.12,17.34,54.12,0.03,18.7,9.592
2021-11-03,18.6,10.5,0.0,0.02147,3.39,21.29,10.5,15.98,60.52,0.1,20.78,9.596
2021-11-04,20.6,11.4,0.0,0.02818,4.54,22.14,9.08,14.72,55.78,0.06,28.75,9.601
2021-11-05,18.7,9.4,0.0,0.0292,4.48,21.09,9.45,14.81,54.62,0.98,30.8,9.597
2021-11-06,18.7,10.6,0.0,0.02673,4.11,22.29,9.48,15.04,55.02,0.04,28.43,9.615
2021-11-07,18.5,9.0,0.0,0.0263,3.94,23.31,9.22,16.38,51.46,0.06,21.83,9.591
2021-11-08,21.2,10.9,0.0,0.02884,4.63,25.65,12.5,18.6,42.54,0.04,22.64,9.574
2021-11-09,17.4,11.7,0.4,0.01732,2.79,21.47,11.76,16.67,57.34,0.2,21.88,9.591
2021-11-10,18.8,10.7,0.0,0.02571,3.95,21.54,10.39,16.04,61.64,0.3,20.83,9.599
2021-11-11,18.3,9.8,0.0,0.02407,3.69,22.21,11.0,16.2,57.68,0.24,22.42,9.599
2021-11-12,19.0,10.2,0.0,0.027710000000000002,4.24,22.52,10.29,15.87,61.79,0.28,27.3,9.606
2021-11-13,20.2,11.5,0.0,0.02897,4.6,22.27,10.08,15.54,54.57,0.26,32.19,9.615
2021-11-14,21.7,7.9,0.0,0.030629999999999998,4.93,24.25,10.02,16.57,38.41,0.02,32.88,9.577
2021-11-15,21.2,8.8,0.0,0.030420000000000003,4.91,23.38,9.61,16.22,45.81,0.03,32.23,9.599
2021-11-16,19.6,8.7,0.0,0.03107,4.87,24.05,11.29,17.29,39.88,0.01,32.94,9.575
2021-11-17,19.9,9.5,0.0,0.030510000000000002,4.8,24.02,11.36,17.23,45.4,0.0,27.2,9.584999999999999
2021-11-18,19.6,10.0,0.0,0.02795,4.23,25.87,13.34,18.74,41.06,0.0,22.39,9.574
2021-11-19,19.5,11.3,0.0,0.02476,3.89,23.15,12.4,17.32,54.73,0.0,20.67,9.584
2021-11-20,19.5,10.3,0.0,0.027239999999999997,4.21,24.16,11.08,17.83,53.69,0.0,19.24,9.586
2021-11-21,20.1,10.5,0.0,0.026109999999999998,4.12,25.9,13.01,19.2,47.12,0.11,19.0,9.571
2021-11-22,19.9,11.1,0.0,0.02802,4.36,26.43,15.0,20.36,41.65,0.53,23.47,9.554
2021-11-23,20.4,12.6,0.3,0.020829999999999998,3.54,24.41,13.76,19.2,53.19,0.7,17.77,9.562000000000001
2021-11-24,20.6,13.2,1.3,0.02436,4.22,22.4,11.49,16.78,61.18,1.46,24.21,9.6
2021-11-25,21.1,10.9,0.0,0.03021,4.78,26.08,12.72,19.05,43.36,0.39,32.3,9.58
2021-11-26,20.4,12.7,0.8,0.01948,3.31,23.44,11.92,17.52,61.69,1.2,19.88,9.578
2021-11-27,20.7,12.6,0.2,0.02492,4.19,22.21,10.71,15.93,64.21,0.42,27.89,9.605
2021-11-28,24.4,9.4,0.0,0.03159,5.53,26.36,11.71,18.45,40.47,0.0,33.86,9.575
2021-11-29,20.5,10.7,0.0,0.029920000000000002,4.75,23.66,12.16,17.31,49.76,0.0,27.29,9.572
2021-11-30,19.7,10.8,0.0,0.030170000000000002,4.78,23.0,10.17,16.01,59.07,0.02,28.52,9.581999999999999
2021-12-01,20.7,11.1,0.0,0.027510000000000003,4.49,22.76,9.95,16.04,59.31,0.06,27.01,9.586
2021-12-02,20.6,10.1,0.0,0.03075,4.89,23.97,10.98,17.52,55.86,0.03,25.15,9.581
2021-12-03,21.2,11.7,0.0,0.02895,4.69,23.14,10.84,17.11,58.06,0.01,26.89,9.588
2021-12-04,23.0,10.6,0.0,0.03179,5.38,26.56,12.68,19.94,43.24,0.06,30.81,9.564
2021-12-05,20.7,12.1,0.0,0.02911,4.62,26.55,16.27,21.17,44.94,0.05,23.21,9.558
2021-12-06,20.4,12.3,0.1,0.02207,3.69,24.45,13.94,19.0,57.89,0.54,20.32,9.571
2021-12-07,21.3,13.1,0.0,0.02361,4.18,24.82,11.82,17.64,59.33,0.1,27.2,9.588
2021-12-08,21.5,10.6,0.0,0.028730000000000002,4.73,25.57,12.94,19.06,49.69,0.1,28.65,9.571
2021-12-09,20.3,12.4,0.2,0.022690000000000002,3.72,25.12,13.87,18.87,55.93,0.32,22.34,9.544
2021-12-10,20.2,12.7,0.1,0.02077,3.65,24.19,13.1,18.18,61.14,0.09,15.81,9.559999999999999
2021-12-11,22.1,14.9,0.0,0.0251,4.39,21.76,12.07,16.14,71.89,0.18,20.25,9.581999999999999
2021-12-12,21.5,14.2,0.0,0.023370000000000002,4.16,20.92,10.72,15.5,67.13,0.08,30.64,9.579
2021-12-13,20.4,12.8,0.0,0.03019,4.86,22.22,9.69,15.57,63.2,0.01,28.21,9.594
2021-12-14,21.0,11.6,0.0,0.0316,5.13,23.04,10.6,16.83,57.41,0.0,33.56,9.6
2021-12-15,21.6,12.1,0.0,0.030920000000000003,5.07,24.18,11.87,17.92,57.49,0.01,27.84,9.584
2021-12-16,20.4,12.4,0.1,0.02465,4.1,23.53,11.32,17.09,62.27,0.16,23.41,9.584999999999999
2021-12-17,21.6,11.2,0.0,0.03086,5.12,24.85,11.14,18.04,57.84,0.33,33.85,9.586
2021-12-18,21.8,11.7,0.0,0.03048,5.02,26.18,13.17,19.56,50.91,0.08,27.84,9.574
2021-12-19,21.7,13.2,0.0,0.02553,4.25,27.53,14.39,20.92,46.85,0.45,21.66,9.561
2021-12-20,21.1,13.2,0.0,0.022629999999999997,3.82,28.16,16.04,21.56,41.84,0.55,21.25,9.559999999999999
2021-12-21,21.9,12.9,0.3,0.02498,4.22,26.77,15.21,20.89,42.49,0.18,26.24,9.551
2021-12-22,21.5,13.2,0.0,0.02525,4.18,22.96,13.82,18.38,57.41,0.24,25.82,9.562000000000001
2021-12-23,23.0,14.5,0.0,0.028140000000000002,4.91,24.96,13.32,18.62,60.66,0.02,25.59,9.598
2021-12-24,22.6,13.7,0.0,0.030109999999999998,5.03,27.8,12.72,19.89,53.39,0.0,24.41,9.577
2021-12-25,22.6,14.0,0.0,0.02802,4.75,27.15,15.47,21.18,49.98,0.01,24.56,9.573
2021-12-26,22.8,13.8,0.0,0.02699,4.57,26.43,16.76,21.25,47.62,0.01,23.56,9.576
2021-12-27,21.6,14.5,0.0,0.02469,4.17,27.4,16.78,21.89,48.03,0.25,21.94,9.571
2021-12-28,22.0,14.8,0.0,0.02569,4.37,25.89,15.55,20.49,58.6,0.61,20.21,9.565999999999999
2021-12-29,21.0,15.1,0.8,0.0167,3.16,24.3,13.8,18.28,66.92,0.08,21.51,9.593
2021-12-30,23.0,12.2,0.0,0.03127,5.31,27.0,13.38,19.96,51.76,0.0,33.72,9.59
2021-12-31,23.0,12.7,0.0,0.03156,5.32,26.75,13.21,19.44,45.85,0.0,32.47,9.562999999999999
2022-01-01,22.8,11.4,0.0,0.03245,5.49,24.33,11.98,18.02,50.44,0.0,33.84,9.568999999999999
2022-01-02,23.2,11.9,0.0,0.03175,5.45,25.96,12.97,19.3,47.36,0.0,33.87,9.587
2022-01-03,23.8,12.6,0.0,0.030899999999999997,5.22,27.36,14.28,20.12,54.25,0.0,25.77,9.589
2022-01-04,23.9,13.6,0.0,0.02956,5.06,27.05,14.61,20.29,54.55,0.01,30.71,9.565000000000001
2022-01-05,22.3,14.0,0.0,0.02885,4.89,23.77,14.09,18.64,62.85,0.01,25.09,9.562999999999999
2022-01-06,21.6,13.7,0.0,0.023190000000000002,4.02,25.5,13.05,18.92,61.66,0.01,26.19,9.564
2022-01-07,22.6,12.1,0.0,0.03057,5.13,26.25,13.2,19.91,56.2,0.01,24.16,9.559000000000001
2022-01-08,22.3,14.4,0.8,0.02195,3.86,25.88,14.85,19.63,63.71,0.01,18.55,9.572
2022-01-09,23.4,16.2,0.1,0.0218,4.1,24.68,14.16,19.14,65.39,0.28,20.51,9.598
2022-01-10,23.9,15.2,0.0,0.029769999999999998,5.27,24.43,14.51,18.85,66.61,2.17,29.93,9.603
2022-01-11,22.7,14.8,0.0,0.02435,4.23,23.78,15.61,19.46,67.49,2.21,27.54,9.591
2022-01-12,22.7,15.4,0.0,0.02209,3.99,23.91,14.57,18.94,70.27,0.7,20.65,9.587
2022-01-13,22.7,15.7,0.0,0.02156,3.92,24.82,14.07,18.8,69.18,0.0,22.04,9.583
2022-01-14,24.0,13.5,0.0,0.029920000000000002,5.23,25.89,13.62,19.42,63.33,0.07,32.0,9.57
2022-01-15,24.5,16.7,0.2,0.02143,4.01,24.79,14.18,18.98,68.04,0.19,23.03,9.588
2022-01-16,21.7,15.7,0.0,0.01732,3.29,22.04,13.15,16.93,69.32,0.0,15.31,9.599
2022-01-17,22.1,14.8,0.0,0.02102,4.07,22.22,11.97,16.74,58.7,0.0,31.1,9.599
2022-01-18,22.3,11.2,0.0,0.031,5.41,22.75,10.34,16.32,51.86,0.0,32.67,9.577
2022-01-19,21.5,13.1,0.0,0.03114,5.22,22.84,9.81,16.12,54.49,0.0,31.51,9.593
2022-01-20,22.0,12.3,0.0,0.03137,5.39,22.72,9.76,16.17,54.91,0.0,32.45,9.584999999999999
2022-01-21,22.8,12.1,0.0,0.03136,5.37,24.99,11.93,17.7,51.26,0.0,32.91,9.57
2022-01-22,23.4,11.2,0.0,0.03048,5.27,25.71,11.05,18.18,54.72,0.0,32.6,9.583
2022-01-23,22.9,13.0,0.0,0.030010000000000002,5.17,26.53,13.59,19.54,47.22,0.0,32.42,9.579
2022-01-24,23.8,12.0,0.0,0.03082,5.26,26.71,13.88,19.76,47.95,0.02,31.71,9.559000000000001
2022-01-25,21.9,13.2,0.0,0.02684,4.55,24.45,14.12,18.91,57.25,0.34,28.33,9.568000000000001
2022-01-26,21.3,13.7,0.0,0.02359,4.02,24.71,13.1,18.56,56.99,0.37,24.66,9.578
2022-01-27,22.0,12.5,0.0,0.02232,3.9,22.33,13.59,17.85,65.43,1.99,19.77,9.58
2022-01-28,22.1,15.1,0.0,0.02172,3.85,24.52,12.6,18.07,65.92,0.12,20.56,9.575
2022-01-29,21.8,13.9,0.0,0.02395,4.23,23.78,12.1,17.49,68.09,0.31,25.21,9.586
2022-01-30,22.4,14.6,0.0,0.02643,4.51,24.02,12.03,17.88,66.01,0.02,22.78,9.584999999999999
2022-01-31,22.9,13.8,0.0,0.02702,4.62,24.59,13.4,18.36,59.3,0.01,26.88,9.568999999999999
2022-02-01,22.2,14.9,0.0,0.02442,4.24,25.29,13.7,18.81,57.27,0.22,21.98,9.576
2022-02-02,22.9,13.6,0.0,0.02911,5.03,25.08,14.23,19.37,59.71,0.16,29.75,9.583
2022-02-03,23.1,13.5,0.0,0.027329999999999997,4.76,24.15,14.33,18.9,60.75,0.15,26.93,9.581
2022-02-04,23.3,14.8,0.0,0.025589999999999998,4.49,25.04,13.41,19.05,61.6,0.01,27.04,9.59
2022-02-05,24.3,13.9,0.0,0.027719999999999998,4.83,27.39,15.5,20.92,49.33,0.01,25.31,9.571
2022-02-06,22.5,14.1,0.0,0.02723,4.59,26.72,16.48,21.26,50.06,0.04,20.77,9.558
2022-02-07,22.4,14.3,0.0,0.023280000000000002,4.02,26.63,16.02,20.91,52.47,0.03,18.46,9.572
2022-02-08,22.6,13.0,0.0,0.02452,4.18,26.58,16.16,21.25,49.53,0.01,19.69,9.559000000000001
2022-02-09,22.3,14.1,0.0,0.0233,4.04,25.24,15.68,20.12,60.63,0.02,18.86,9.555
2022-02-10,21.5,15.8,0.3,0.0155,2.84,23.85,14.26,19.0,67.72,0.72,16.27,9.559999999999999
2022-02-11,23.0,13.3,0.0,0.02755,4.71,26.24,15.02,20.12,59.62,0.53,24.76,9.568000000000001
2022-02-12,23.4,13.1,0.0,0.027579999999999997,4.87,26.0,16.09,20.68,49.72,0.25,27.09,9.549
2022-02-13,23.8,14.5,0.0,0.02619,4.68,25.3,14.96,19.65,60.53,0.0,21.41,9.572
2022-02-14,22.6,14.7,0.0,0.02103,3.73,26.35,14.15,19.84,61.91,0.0,25.83,9.576
2022-02-15,21.8,14.0,0.0,0.01758,3.21,25.64,14.69,19.44,58.43,0.0,22.86,9.581
2022-02-16,22.6,13.0,0.0,0.020579999999999998,3.61,28.79,14.59,21.31,45.12,0.0,21.84,9.584999999999999
2022-02-17,24.0,13.4,0.0,0.024640000000000002,4.29,28.11,15.86,21.98,44.24,0.0,22.5,9.559000000000001
2022-02-18,22.1,14.1,0.0,0.0233,3.99,26.37,13.94,19.59,49.58,0.0,22.61,9.568000000000001
2022-02-19,23.1,11.9,0.0,0.0273,4.65,26.21,13.75,19.53,47.57,0.0,28.48,9.58
2022-02-20,22.3,13.6,0.0,0.025589999999999998,4.26,24.31,13.46,18.59,57.32,0.01,26.36,9.573
2022-02-21,21.5,12.1,0.0,0.02622,4.45,21.99,12.29,16.72,68.74,0.47,28.08,9.565000000000001
2022-02-22,23.0,13.1,0.0,0.02556,4.57,22.55,12.6,16.74,68.55,0.52,26.58,9.575
2022-02-23,23.2,14.5,1.4,0.024030000000000003,4.25,20.74,12.22,16.16,74.16,1.05,25.51,9.597
2022-02-24,25.2,13.0,0.0,0.026690000000000002,4.97,25.56,12.69,18.51,51.38,0.0,28.48,9.591
2022-02-25,24.9,14.7,0.0,0.025929999999999998,4.65,26.6,13.9,19.51,53.01,0.0,27.4,9.59
2022-02-26,25.2,13.6,0.0,0.02628,4.85,27.19,14.59,19.89,49.96,0.0,28.07,9.592
2022-02-27,24.0,13.9,0.0,0.02552,4.57,25.74,12.72,18.44,58.14,0.0,28.1,9.6
2022-02-28,23.7,11.5,0.0,0.02628,4.6,26.96,13.24,19.66,42.02,0.0,28.61,9.572
2022-03-01,23.4,11.7,0.0,0.02623,4.6,26.53,15.3,19.79,40.11,0.02,27.23,9.568999999999999
2022-03-02,23.7,11.9,0.0,0.02551,4.47,26.18,15.45,20.03,47.61,0.0,24.94,9.549
2022-03-03,24.2,14.0,0.0,0.02519,4.47,25.58,15.02,19.27,61.98,0.0,21.89,9.576
2022-03-04,22.2,13.9,0.0,0.02155,3.61,24.79,15.7,19.06,61.09,0.0,17.4,9.591
2022-03-05,23.8,12.7,0.0,0.023129999999999998,4.14,24.34,13.76,18.26,58.57,0.0,24.56,9.579
2022-03-06,21.1,11.7,0.0,0.024730000000000002,4.2,23.02,12.83,17.16,56.38,0.0,26.26,9.578
2022-03-07,25.2,10.8,0.0,0.0254,4.56,28.1,13.2,19.56,38.28,0.0,27.15,9.565999999999999
2022-03-08,21.2,11.4,0.0,0.02407,4.01,23.67,12.38,17.5,53.47,0.0,26.41,9.594
2022-03-09,22.6,11.2,0.0,0.0247,4.22,25.93,13.25,18.73,44.62,0.0,24.99,9.58
2022-03-10,23.1,11.4,0.0,0.024480000000000002,4.2,26.28,14.37,19.7,38.75,0.0,25.86,9.564
2022-03-11,22.1,11.0,0.0,0.0241,3.98,24.94,13.84,18.89,49.14,0.01,18.25,9.549
2022-03-12,22.6,12.6,0.0,0.02165,3.74,24.89,14.36,18.93,55.07,0.01,18.43,9.579
2022-03-13,20.5,12.1,0.0,0.019559999999999998,3.13,24.37,15.48,19.51,51.85,0.1,14.82,9.579
2022-03-14,20.9,11.5,0.0,0.01714,2.83,25.57,15.83,20.35,47.38,0.0,13.03,9.578
2022-03-15,21.2,13.9,0.0,0.018510000000000002,3.09,25.5,16.3,20.23,51.42,0.0,12.99,9.578
2022-03-16,22.6,13.8,0.0,0.0202,3.48,25.95,15.63,19.81,57.13,0.01,13.93,9.575
2022-03-17,21.6,12.5,0.0,0.0192,3.2,24.42,13.83,18.7,62.16,0.0,13.91,9.587
2022-03-18,24.6,11.5,0.0,0.02316,4.2,28.0,13.69,20.1,48.19,0.0,24.33,9.583
2022-03-19,24.3,12.3,0.0,0.015349999999999999,2.97,26.25,14.93,19.72,38.65,0.0,17.94,9.561
2022-03-20,20.6,12.1,0.0,0.021929999999999998,3.61,24.23,12.5,17.84,52.53,0.0,20.71,9.573
2022-03-21,22.6,9.8,0.0,0.02257,3.85,24.93,12.45,17.55,49.29,0.0,23.49,9.578
2022-03-22,22.5,11.2,0.0,0.02221,3.71,23.83,11.63,17.16,55.1,0.0,21.95,9.561
2022-03-23,21.4,10.5,0.0,0.02148,3.59,21.78,10.93,15.6,58.98,0.0,22.53,9.597
2022-03-24,23.7,10.2,0.0,0.02234,3.93,26.78,11.95,18.99,28.61,0.0,24.09,9.564
2022-03-25,21.4,13.1,0.0,0.02186,3.57,26.03,14.62,19.59,36.47,0.0,22.59,9.544
2022-03-26,20.5,12.1,0.9,0.01584,2.72,23.36,12.63,16.87,50.63,0.0,11.67,9.579
2022-03-27,20.7,9.7,0.0,0.02048,3.27,25.79,13.06,18.38,39.12,0.0,21.87,9.575
2022-03-28,20.2,10.1,0.0,0.02097,3.32,24.81,12.66,17.57,44.19,0.0,19.06,9.588
2022-03-29,22.4,8.7,0.0,0.02119,3.62,24.95,11.28,17.24,36.57,0.0,22.53,9.592
2022-03-30,22.7,12.0,0.0,0.02164,3.84,25.87,12.35,17.94,22.4,0.0,22.48,9.562000000000001
2022-03-31,21.6,10.3,0.0,0.02139,3.55,25.38,13.03,18.22,26.87,0.0,22.05,9.567
2022-04-01,19.2,9.0,0.0,0.020239999999999998,3.08,24.3,12.86,17.6,36.58,0.0,17.1,9.559999999999999
2022-04-02,18.4,10.1,0.0,0.018789999999999998,2.82,23.12,11.97,16.65,46.51,0.0,13.87,9.578
2022-04-03,20.1,9.5,0.0,0.018789999999999998,2.98,23.36,11.08,16.51,49.65,0.0,19.39,9.588
2022-04-04,20.7,9.9,0.0,0.01998,3.26,24.52,12.91,17.74,37.52,0.0,21.14,9.565000000000001
2022-04-05,20.9,9.5,0.0,0.01986,3.29,25.12,14.77,18.7,36.14,0.0,18.0,9.57
2022-04-06,19.1,8.8,0.0,0.016730000000000002,2.59,25.24,14.21,18.66,39.08,0.01,13.15,9.573
2022-04-07,19.9,9.6,0.0,0.01783,2.72,25.57,14.07,18.47,41.5,0.01,14.85,9.577
2022-04-08,18.9,10.1,0.0,0.01727,2.57,23.8,12.53,17.61,51.2,0.01,12.11,9.565999999999999
2022-04-09,18.9,10.6,0.0,0.015439999999999999,2.42,21.99,11.37,15.73,61.44,0.01,18.84,9.584
2022-04-10,19.4,9.7,0.0,0.01795,2.8,20.49,10.43,14.47,60.76,0.01,18.55,9.595
2022-04-11,18.5,8.2,0.0,0.01844,2.83,21.51,9.48,14.2,52.18,0.0,19.63,9.591
2022-04-12,19.0,8.0,0.0,0.0183,2.92,21.07,8.94,14.43,41.64,0.0,18.47,9.588
2022-04-13,22.1,11.7,0.0,0.01844,3.11,22.49,12.43,16.71,36.52,0.0,18.7,9.565000000000001
2022-04-14,17.8,9.5,0.0,0.01598,2.47,21.56,12.01,15.63,56.92,0.0,12.08,9.565000000000001
2022-04-15,18.5,10.1,0.2,0.011779999999999999,1.96,19.83,9.87,14.01,70.57,0.0,11.44,9.593
2022-04-16,17.5,8.2,0.0,0.01366,2.0,21.62,10.96,15.55,55.17,0.0,14.07,9.584999999999999
2022-04-17,15.9,8.6,0.0,0.01056,1.58,22.23,12.81,16.33,50.4,0.0,9.57,9.579
2022-04-18,17.1,8.3,0.0,0.01489,2.18,22.27,11.41,15.41,49.28,0.0,9.13,9.576
2022-04-19,18.0,10.3,0.0,0.01392,2.16,22.09,11.56,15.34,54.84,0.0,10.89,9.588
2022-04-20,19.3,8.6,0.0,0.016550000000000002,2.54,21.9,11.36,15.35,53.69,0.0,15.66,9.618
2022-04-21,17.8,9.9,0.0,0.012539999999999999,1.97,21.14,11.43,15.15,45.55,0.0,14.02,9.629000000000001
2022-04-22,21.3,10.0,0.5,0.013710000000000002,2.4,21.44,12.13,16.03,48.53,0.11,15.17,9.603
2022-04-23,19.5,11.3,0.0,0.01436,2.2,23.86,13.33,17.23,51.03,0.01,16.26,9.565999999999999
2022-04-24,18.7,10.9,0.0,0.00879,1.53,19.83,13.07,15.69,63.93,0.06,12.61,9.575
2022-04-25,20.8,10.7,0.0,0.01533,2.53,21.3,12.9,15.78,72.99,0.03,12.57,9.578
2022-04-26,20.8,11.6,26.5,0.01055,2.07,16.29,12.29,13.77,84.5,10.94,8.48,9.58
2022-04-27,17.8,10.1,4.6,0.0104,1.83,17.27,9.68,13.05,72.06,0.28,12.49,9.617
2022-04-28,19.3,7.6,0.0,0.01591,2.51,23.93,9.73,15.65,42.35,0.0,17.13,9.59
2022-04-29,18.1,8.9,0.0,0.015179999999999999,2.2,22.4,11.0,15.68,47.14,0.0,16.41,9.587
2022-04-30,16.9,7.6,0.0,0.01446,2.06,22.58,10.93,15.31,48.11,0.0,16.34,9.584999999999999
2022-05-01,16.9,9.0,0.0,0.0147,2.09,19.55,10.58,13.85,53.39,0.0,16.2,9.57
2022-05-02,18.2,8.6,0.0,0.01492,2.17,20.89,9.62,14.59,47.75,0.0,16.02,9.596
2022-05-03,19.9,11.1,0.0,0.01494,2.34,25.55,14.03,18.47,34.63,0.0,15.74,9.568999999999999
2022-05-04,18.4,8.8,0.0,0.013949999999999999,2.02,21.41,13.8,17.15,49.1,0.0,8.78,9.565999999999999
2022-05-05,16.6,9.7,0.0,0.00777,1.24,23.56,13.35,17.42,46.31,0.0,5.31,9.599
2022-05-06,17.2,9.6,0.0,0.01143,1.65,24.59,13.89,17.91,39.56,0.0,8.82,9.587
2022-05-07,15.8,9.3,0.7,0.00731,1.14,19.42,10.65,14.87,54.26,0.0,5.79,9.59
2022-05-08,17.9,9.6,0.1,0.00931,1.53,17.28,9.14,12.17,69.17,0.0,8.89,9.626999999999999
2022-05-09,18.2,8.0,0.0,0.01374,2.02,20.15,9.34,14.19,56.8,0.0,14.61,9.602
2022-05-10,15.7,10.6,0.0,0.009210000000000001,1.31,22.66,11.82,16.37,46.36,0.0,8.78,9.579
2022-05-11,17.1,9.6,0.0,0.01222,1.74,23.41,13.44,17.07,42.53,0.0,7.04,9.578
2022-05-12,17.0,9.8,0.0,0.00939,1.48,18.51,12.53,14.57,49.21,0.0,8.18,9.572
2022-05-13,17.9,8.5,0.0,0.01329,1.93,20.87,10.78,14.57,52.66,0.0,12.86,9.58
2022-05-14,18.3,8.5,0.0,0.01102,1.57,21.75,11.94,15.47,45.05,0.0,11.23,9.581
2022-05-15,16.4,9.7,0.0,0.013009999999999999,1.81,21.86,12.8,16.29,37.85,0.0,9.82,9.581999999999999
2022-05-16,15.2,7.4,0.0,0.009269999999999999,1.34,22.04,13.3,16.11,34.54,0.0,7.16,9.603
2022-05-17,13.7,7.8,0.1,0.00731,1.04,20.95,12.65,16.11,36.68,0.0,6.84,9.593
2022-05-18,16.5,7.6,0.0,0.01142,1.63,23.93,9.99,15.13,49.03,0.0,9.25,9.584999999999999
2022-05-19,17.5,7.8,0.1,0.01134,1.75,19.0,11.75,14.47,61.08,0.0,10.09,9.606
2022-05-20,19.6,9.5,0.0,0.009949999999999999,1.72,19.19,11.05,14.18,67.54,0.03,9.94,9.622
2022-05-21,19.4,9.0,0.0,0.0127,1.96,22.05,10.3,14.87,42.72,0.0,13.34,9.620000000000001
2022-05-22,17.5,10.1,0.0,0.01051,1.62,19.67,10.43,13.89,44.78,0.0,10.41,9.637
2022-05-23,20.2,9.7,0.0,0.00924,1.71,20.62,11.14,14.95,51.96,0.0,9.75,9.609
2022-05-24,18.9,11.0,0.0,0.01,1.59,21.15,12.26,15.37,55.88,0.0,9.6,9.605
2022-05-25,16.7,8.6,0.0,0.01207,1.7,21.77,10.74,14.87,51.98,0.0,11.29,9.601
2022-05-26,14.9,6.5,0.0,0.00721,1.08,17.05,9.4,12.77,54.57,0.0,9.39,9.604000000000001
2022-05-27,14.1,6.2,0.0,0.00791,1.17,16.59,8.84,12.08,45.45,0.0,8.28,9.597
2022-05-28,13.0,6.2,0.0,0.00766,1.16,14.61,9.16,11.18,45.95,0.0,7.96,9.59
2022-05-29,13.8,4.6,0.0,0.012029999999999999,1.64,16.12,7.07,10.46,51.5,0.0,12.25,9.595
2022-05-30,13.3,3.3,0.0,0.01209,1.59,15.94,6.58,10.11,44.64,0.0,12.72,9.594
2022-05-31,13.2,3.9,0.0,0.01201,1.71,15.69,6.19,9.58,48.39,0.0,11.34,9.584
2022-06-01,13.3,2.5,0.8,0.011130000000000001,1.61,13.61,5.84,8.88,66.75,0.57,10.86,9.601
2022-06-02,16.1,7.7,0.6,0.008919999999999999,1.49,15.96,7.53,10.87,70.49,0.48,8.41,9.598
2022-06-03,15.2,9.8,25.1,0.00136,0.67,14.11,9.48,11.62,60.26,0.74,2.37,9.571
2022-06-04,15.8,10.6,0.7,0.0042699999999999995,1.02,18.36,11.32,13.82,61.46,0.27,2.38,9.556999999999999
2022-06-05,17.1,8.3,0.9,0.00887,1.52,17.9,10.7,13.02,63.4,0.13,10.37,9.608
2022-06-06,16.4,6.2,0.0,0.011470000000000001,1.65,20.04,10.13,13.71,46.79,0.0,11.23,9.609
2022-06-07,14.5,9.4,0.0,0.006889999999999999,0.95,20.77,10.26,14.01,44.91,0.0,8.51,9.584
2022-06-08,16.2,9.9,0.0,0.00951,1.38,18.71,9.35,12.83,61.54,0.01,6.0,9.623000000000001
2022-06-09,15.0,9.2,0.0,0.009980000000000001,1.31,20.03,8.85,13.7,43.13,0.0,11.67,9.628
2022-06-10,17.9,9.5,0.0,0.01107,1.6,20.86,12.84,15.54,32.34,0.0,11.58,9.592
2022-06-11,11.8,7.7,0.1,0.005860000000000001,0.78,19.74,11.24,14.44,43.88,0.0,6.79,9.596
2022-06-12,12.3,7.8,0.0,0.00554,0.79,18.18,9.45,12.96,58.9,0.0,8.0,9.592
2022-06-13,12.8,7.5,0.0,0.00613,0.9,17.24,8.51,11.55,66.54,0.0,6.04,9.575
2022-06-14,16.3,7.7,0.0,0.01079,1.57,15.57,9.31,11.49,78.34,0.0,10.4,9.604000000000001
2022-06-15,15.8,5.5,0.0,0.01115,1.56,15.57,8.69,11.02,81.28,0.0,10.63,9.612
2022-06-16,15.1,7.1,0.0,0.01008,1.45,13.65,7.92,9.88,80.53,0.01,9.5,9.648
2022-06-17,15.5,4.8,0.0,0.01148,1.66,18.63,8.16,12.31,45.4,0.0,11.95,9.637
2022-06-18,14.9,5.2,0.0,0.01102,1.59,19.47,9.17,12.77,42.43,0.0,10.83,9.596
2022-06-19,14.9,7.0,0.0,0.0072,1.08,16.68,9.43,11.97,48.05,0.0,8.07,9.602
2022-06-20,14.5,6.6,0.2,0.00696,1.07,14.64,8.84,11.08,57.33,0.0,5.98,9.572
2022-06-21,15.8,8.4,0.2,0.00652,1.14,15.27,8.04,10.39,79.73,0.02,6.64,9.556000000000001
2022-06-22,17.5,9.2,7.4,0.007549999999999999,1.36,15.05,7.73,10.58,79.13,5.87,7.2,9.528
2022-06-23,14.0,10.0,39.2,0.00392,0.74,12.04,8.96,10.37,87.91,3.36,5.49,9.575
2022-06-24,15.3,8.7,0.0,0.00497,0.9,15.77,10.54,12.34,69.93,0.25,5.69,9.603
2022-06-25,16.2,7.3,0.0,0.01,1.42,17.87,9.24,12.47,68.84,0.0,8.6,9.587
2022-06-26,16.2,7.4,0.0,0.00901,1.35,15.78,7.55,11.28,76.04,0.0,8.12,9.604000000000001
2022-06-27,13.9,5.4,5.8,0.006730000000000001,1.09,16.01,8.02,10.9,79.52,0.14,6.73,9.638
2022-06-28,17.1,4.2,0.0,0.011380000000000001,1.75,19.33,7.17,12.26,49.39,0.0,11.85,9.655
2022-06-29,16.6,4.9,0.0,0.0111,1.67,19.68,10.08,13.3,53.09,0.0,11.61,9.622
2022-06-30,16.3,7.3,0.0,0.011359999999999999,1.63,20.41,8.0,13.24,57.9,0.0,8.11,9.578
2022-07-01,12.0,6.6,21.3,0.00155,0.48,11.34,6.86,9.04,83.89,5.69,5.64,9.604000000000001
2022-07-02,14.6,4.0,0.0,0.01131,1.63,12.96,5.68,8.53,68.16,0.0,12.1,9.620000000000001
2022-07-03,13.2,5.4,0.0,0.00555,0.97,14.38,7.94,10.16,47.99,0.0,7.5,9.61
2022-07-04,15.6,4.8,0.0,0.01166,1.69,16.02,6.59,10.09,55.44,0.0,12.41,9.642
2022-07-05,13.7,3.6,0.0,0.011619999999999998,1.56,15.59,5.38,9.32,59.26,0.0,12.53,9.622
2022-07-06,16.2,3.5,0.0,0.00805,1.37,13.69,6.52,9.34,69.61,0.03,8.41,9.620999999999999
2022-07-07,15.6,3.2,0.0,0.011869999999999999,1.71,19.46,6.74,11.37,51.48,0.0,12.62,9.568000000000001
2022-07-08,13.9,6.8,0.8,0.006030000000000001,0.94,17.73,6.6,11.03,79.72,0.17,6.56,9.568000000000001
2022-07-09,14.9,5.4,18.0,0.00411,0.75,14.72,6.25,9.32,88.1,6.82,4.0,9.558
2022-07-10,13.2,9.1,20.2,0.00422,0.91,10.1,5.67,7.47,84.03,5.18,3.39,9.588
2022-07-11,15.2,6.2,0.6,0.009460000000000001,1.54,11.62,5.99,7.69,75.02,0.36,11.21,9.651
2022-07-12,15.4,3.9,0.0,0.011949999999999999,1.74,17.06,5.95,10.84,49.69,0.0,12.82,9.604000000000001
2022-07-13,14.0,5.2,0.9,0.007,1.17,15.62,8.03,11.05,68.83,7.94,4.87,9.555
2022-07-14,14.1,8.2,36.4,0.00688,1.13,10.0,3.12,7.01,82.44,16.73,7.48,9.571
2022-07-15,12.3,6.5,18.6,0.00622,1.0,6.01,3.79,4.99,90.47,10.55,5.7,9.591
2022-07-16,13.4,3.5,0.2,0.01199,1.69,12.13,3.38,6.75,72.25,0.12,11.7,9.669
2022-07-17,13.8,3.2,0.0,0.01111,1.84,15.78,5.28,9.85,51.92,0.0,11.4,9.623999999999999
2022-07-18,16.1,4.8,0.0,0.01255,2.01,18.5,8.59,12.6,50.66,0.0,12.89,9.614
2022-07-19,15.4,6.1,0.0,0.0127,1.76,19.55,9.81,13.43,47.39,0.0,12.86,9.587
2022-07-20,13.1,5.9,0.0,0.009269999999999999,1.22,18.87,9.82,12.97,54.17,0.01,11.01,9.584
2022-07-21,14.5,7.7,0.0,0.01026,1.33,19.54,9.42,13.21,52.01,0.0,11.31,9.598
2022-07-22,13.9,7.0,0.0,0.01099,1.43,21.62,10.99,14.56,52.33,0.01,9.76,9.581
2022-07-23,15.6,8.7,0.0,0.009460000000000001,1.37,19.13,9.92,12.97,66.43,0.04,8.18,9.587
2022-07-24,15.0,9.3,0.0,0.00833,1.23,18.02,8.83,12.0,75.75,0.04,5.65,9.591
2022-07-25,15.7,9.2,0.0,0.00717,1.26,14.68,8.39,10.49,87.26,0.1,10.37,9.593
2022-07-26,17.5,5.3,0.0,0.012240000000000001,1.85,14.66,7.86,10.83,87.68,0.02,12.13,9.629000000000001
2022-07-27,15.1,6.1,0.0,0.01173,1.64,14.72,8.24,10.71,85.53,0.01,10.94,9.651
2022-07-28,16.3,5.8,0.0,0.01312,1.83,16.82,6.66,11.01,61.89,0.0,14.55,9.625
2022-07-29,14.5,5.9,0.0,0.00906,1.3,20.37,9.35,13.96,48.86,0.0,9.79,9.561
2022-07-30,14.9,9.7,0.0,0.006,1.02,16.09,7.92,11.03,70.52,0.0,6.29,9.592
2022-07-31,15.4,6.2,0.0,0.012410000000000001,1.73,17.05,7.84,11.31,66.71,0.0,12.76,9.604000000000001
2022-08-01,13.3,9.1,0.4,0.00544,0.9,15.66,6.66,10.16,77.69,0.0,6.11,9.595
2022-08-02,14.1,7.4,0.0,0.01243,1.68,15.59,5.57,9.67,78.32,0.0,13.11,9.595
2022-08-03,13.4,7.3,0.0,0.00708,1.14,14.18,5.94,8.89,79.39,0.0,9.16,9.631
2022-08-04,15.4,4.3,0.0,0.014060000000000001,1.89,17.35,6.02,10.57,59.65,0.0,15.09,9.620999999999999
2022-08-05,14.5,7.8,0.0,0.013720000000000001,1.83,16.88,6.6,10.31,63.23,0.03,15.16,9.595
2022-08-06,14.2,8.1,24.3,0.00471,0.91,13.39,5.68,8.87,86.39,5.11,7.11,9.605
2022-08-07,14.2,6.5,4.9,0.01115,1.65,11.64,5.46,8.01,77.05,0.19,10.56,9.642
2022-08-08,15.7,4.2,0.0,0.01503,2.11,17.25,5.07,10.27,47.45,0.0,15.98,9.626000000000001
2022-08-09,19.1,5.6,0.0,0.0155,2.53,23.12,8.46,15.11,34.36,0.0,16.2,9.601
2022-08-10,12.8,6.9,0.0,0.00929,1.2,19.02,8.7,13.07,53.06,0.0,12.63,9.598
2022-08-11,12.9,7.8,0.0,0.00975,1.28,17.41,7.08,11.05,60.75,0.0,8.54,9.598
2022-08-12,15.6,7.0,0.0,0.013980000000000001,2.01,15.38,5.88,9.49,71.43,0.0,15.77,9.631
2022-08-13,16.0,5.1,0.0,0.01531,2.14,17.67,7.34,10.95,58.47,0.01,16.74,9.619
2022-08-14,15.6,5.4,16.6,0.00975,1.51,12.9,7.62,9.86,77.65,2.68,10.14,9.629999999999999
2022-08-15,15.2,6.9,4.9,0.01314,1.92,14.47,7.24,9.78,71.13,1.28,15.6,9.658
2022-08-16,14.9,4.7,1.8,0.01315,1.95,18.19,5.88,11.57,60.82,5.09,13.31,9.615
2022-08-17,15.9,7.8,0.4,0.013130000000000001,1.91,14.8,5.37,9.93,66.01,0.19,16.68,9.634
2022-08-18,17.3,7.0,0.0,0.01635,2.4,18.65,4.78,11.37,39.41,0.0,17.69,9.628
2022-08-19,18.5,9.7,0.0,0.01656,2.56,22.02,11.14,15.67,42.06,0.0,17.34,9.584999999999999
2022-08-20,16.3,6.4,0.0,0.015560000000000001,2.09,21.79,11.51,15.54,48.54,0.0,13.13,9.587
2022-08-21,13.2,8.0,0.1,0.00807,1.12,21.01,10.08,14.21,53.71,0.0,7.28,9.571
2022-08-22,14.0,9.2,0.4,0.0073,1.14,18.87,9.77,12.87,56.41,0.0,7.1,9.59
2022-08-23,15.3,8.9,0.0,0.01252,1.73,19.57,8.09,12.96,56.5,0.0,12.2,9.604000000000001
2022-08-24,15.7,7.8,0.0,0.01116,1.59,20.27,9.82,13.69,51.82,0.0,12.67,9.594
2022-08-25,17.7,7.6,0.0,0.016489999999999998,2.31,22.2,9.3,14.46,46.73,0.0,17.2,9.593
2022-08-26,14.4,7.4,0.0,0.01062,1.52,16.11,7.87,12.13,61.61,0.0,11.53,9.608
2022-08-27,16.7,6.7,0.0,0.0161,2.23,21.76,7.42,13.84,46.06,0.0,18.41,9.618
2022-08-28,22.3,9.1,0.0,0.01815,3.03,25.72,11.26,17.17,31.43,0.0,19.32,9.577
2022-08-29,13.8,7.9,0.0,0.01085,1.48,23.54,11.35,16.1,41.74,0.0,9.03,9.578
2022-08-30,13.4,9.5,0.6,0.00818,1.25,20.72,8.84,13.63,53.2,0.0,7.56,9.586
2022-08-31,13.2,9.8,1.3,0.00479,0.9,15.36,6.95,10.43,71.06,0.0,6.86,9.605
2022-09-01,15.1,7.0,0.0,0.01488,2.11,16.32,5.15,10.38,70.94,0.0,13.18,9.642
2022-09-02,17.3,6.1,0.0,0.01874,2.66,21.26,8.09,14.19,44.36,0.0,19.3,9.602
2022-09-03,17.7,8.3,0.0,0.01878,2.61,22.54,8.55,14.76,40.54,0.0,13.87,9.598
2022-09-04,17.8,8.3,0.0,0.01706,2.41,23.2,11.18,16.29,36.37,0.0,12.74,9.581
2022-09-05,16.1,7.8,0.0,0.01816,2.44,24.1,11.57,16.68,37.36,0.0,11.44,9.584999999999999
2022-09-06,14.1,7.2,0.0,0.01261,1.71,22.48,8.81,14.82,49.9,0.0,9.02,9.581
2022-09-07,15.9,8.8,1.8,0.01165,1.94,15.07,6.77,9.98,77.55,1.55,14.19,9.598
2022-09-08,14.7,6.3,2.0,0.01192,1.79,12.95,5.85,8.38,70.59,1.66,16.76,9.632
2022-09-09,16.1,4.5,0.0,0.02007,2.88,19.96,5.89,12.3,43.96,0.0,21.55,9.605
2022-09-10,14.8,6.6,0.6,0.0103,1.55,17.78,7.62,12.08,63.81,0.03,9.26,9.61
2022-09-11,15.3,8.0,0.1,0.00887,1.51,14.62,6.99,9.86,79.49,0.21,15.9,9.651
2022-09-12,14.6,5.6,0.0,0.015550000000000001,2.22,15.65,6.6,10.26,68.03,0.01,14.31,9.620999999999999
2022-09-13,16.5,8.5,0.0,0.01627,2.49,15.96,7.19,10.69,69.67,0.0,20.12,9.642
2022-09-14,18.2,7.3,0.0,0.021,3.1,21.96,8.24,14.57,45.12,0.0,22.01,9.612
2022-09-15,16.3,8.2,0.0,0.01298,1.88,21.52,10.5,14.78,51.5,0.0,12.57,9.575
2022-09-16,14.0,10.0,0.0,0.00827,1.36,16.98,9.79,12.59,72.75,0.0,9.85,9.577
2022-09-17,17.5,9.4,0.3,0.01009,1.77,11.47,8.85,10.15,90.46,0.13,12.52,9.608
2022-09-18,14.2,9.2,0.1,0.01039,1.65,11.32,4.98,8.53,81.29,0.05,14.74,9.638
2022-09-19,15.5,5.0,0.0,0.020329999999999997,2.78,17.24,4.09,9.92,63.31,0.0,21.69,9.616
2022-09-20,14.6,8.0,0.0,0.01143,2.03,14.66,5.26,8.99,71.46,0.03,17.66,9.656
2022-09-21,16.5,4.2,0.0,0.02219,3.25,15.6,3.53,9.14,56.37,0.0,23.77,9.678
2022-09-22,23.1,6.0,0.0,0.022609999999999998,4.01,20.92,6.2,13.39,41.82,0.0,23.74,9.609
2022-09-23,18.0,7.9,0.0,0.01806,2.7,19.07,8.22,12.45,63.59,0.01,16.87,9.6
2022-09-24,13.7,11.4,0.7,0.00512,1.01,16.19,7.33,10.75,80.48,0.04,11.83,9.626000000000001
2022-09-25,16.9,8.8,0.0,0.01914,2.81,17.36,6.78,11.37,70.25,0.0,19.52,9.629999999999999
2022-09-26,16.2,7.3,0.0,0.01765,2.58,18.38,7.88,12.28,56.8,0.0,19.36,9.607
2022-09-27,17.5,7.9,0.0,0.02088,3.06,19.59,8.56,13.56,56.83,0.51,16.7,9.607
2022-09-28,15.8,9.4,0.2,0.011380000000000001,1.76,20.15,9.32,13.7,60.62,0.52,10.53,9.61
2022-09-29,16.9,8.0,0.2,0.016149999999999998,2.33,20.32,9.89,14.11,62.77,0.11,9.43,9.61
2022-09-30,18.0,8.7,0.0,0.02149,3.07,21.72,9.54,15.35,52.02,0.02,16.97,9.596
2022-10-01,16.6,10.3,0.1,0.013380000000000001,2.03,21.91,11.19,16.1,53.69,0.06,13.39,9.595
2022-10-02,15.1,9.0,0.2,0.01319,1.92,22.19,11.04,16.0,53.08,0.02,11.8,9.584
2022-10-03,13.9,10.0,1.6,0.00929,1.53,17.82,7.78,12.01,71.26,0.04,13.47,9.592
2022-10-04,16.6,6.7,0.0,0.02126,3.11,17.2,7.88,11.58,73.06,0.04,23.42,9.599
2022-10-05,17.9,11.4,0.7,0.019469999999999998,3.0,16.51,7.86,11.59,75.9,0.57,18.2,9.635
2022-10-06,21.1,8.0,0.0,0.02373,3.75,22.22,7.16,14.94,51.67,0.0,25.4,9.622
2022-10-07,19.6,9.9,0.0,0.02413,3.6,23.58,10.72,16.3,56.02,0.0,19.01,9.593
2022-10-08,18.7,10.1,0.0,0.023809999999999998,3.57,21.25,8.98,14.52,54.07,0.0,25.1,9.607
2022-10-09,19.5,9.2,0.0,0.02556,3.82,22.82,9.92,15.43,33.89,0.0,27.32,9.573
2022-10-10,16.7,6.0,0.0,0.02367,3.38,19.0,8.25,13.03,53.66,0.0,16.95,9.61
2022-10-11,17.5,8.1,0.0,0.02088,2.98,20.72,7.99,13.44,51.94,0.0,19.34,9.629999999999999
2022-10-12,20.3,8.2,0.0,0.02514,3.73,22.78,8.61,14.86,50.54,0.0,25.16,9.613
2022-10-13,18.5,8.7,0.0,0.02481,3.68,22.87,9.66,15.44,41.81,0.0,27.6,9.61
2022-10-14,22.3,7.7,0.0,0.02621,4.31,24.18,11.04,17.13,32.73,0.0,28.06,9.589
2022-10-15,18.2,8.6,0.0,0.02533,3.64,23.53,12.22,17.0,39.78,0.0,19.0,9.594
2022-10-16,16.8,8.7,0.0,0.02312,3.22,23.48,10.86,16.64,44.47,0.0,16.38,9.592
2022-10-17,16.1,8.8,0.0,0.01788,2.7,18.81,8.76,13.04,68.0,0.43,17.01,9.591
2022-10-18,18.3,8.5,0.0,0.026449999999999998,3.99,18.77,8.67,12.69,67.29,0.38,27.04,9.602
2022-10-19,19.0,9.0,0.0,0.02557,3.91,20.14,7.99,13.58,61.15,0.19,24.68,9.623999999999999
2022-10-20,22.8,8.0,0.0,0.027059999999999997,4.56,24.82,10.6,17.08,42.27,0.0,27.23,9.611
2022-10-21,19.4,9.0,0.0,0.02702,4.06,23.04,11.25,16.42,45.68,0.02,24.93,9.593
2022-10-22,17.9,9.1,0.0,0.02618,3.84,22.25,10.51,15.36,52.9,0.01,18.26,9.589
2022-10-23,16.4,8.9,0.0,0.0188,2.84,22.89,10.16,15.41,52.43,0.0,20.23,9.603
2022-10-24,18.4,7.3,0.0,0.027510000000000003,4.12,22.8,10.26,15.78,46.17,0.0,27.9,9.586
2022-10-25,19.0,11.0,0.2,0.02125,3.43,19.34,8.6,13.26,69.0,0.01,21.73,9.603
2022-10-26,20.7,8.8,0.0,0.027899999999999998,4.46,23.37,8.15,15.4,51.53,0.0,29.79,9.609
2022-10-27,19.4,11.2,0.0,0.02501,3.79,22.57,10.55,15.74,54.8,0.0,21.27,9.596
2022-10-28,19.0,10.8,0.0,0.02535,3.87,22.32,10.17,15.9,51.33,0.0,27.41,9.606
2022-10-29,20.2,10.1,0.0,0.027170000000000003,4.24,24.75,11.62,17.87,50.66,0.0,21.89,9.584
2022-10-30,18.6,11.1,0.0,0.02487,3.97,20.94,8.57,14.32,52.05,0.0,27.58,9.597
2022-10-31,23.1,8.2,0.0,0.02893,5.14,24.35,8.34,16.94,28.92,0.0,30.61,9.581999999999999
2022-11-01,22.0,11.9,0.0,0.0298,5.24,27.49,11.23,18.93,27.28,0.0,30.75,9.58
2022-11-02,20.3,10.5,0.0,0.02854,4.44,23.68,12.03,17.68,37.13,0.0,27.05,9.584
2022-11-03,18.1,10.6,0.1,0.020460000000000002,3.17,24.41,11.96,17.42,45.52,0.0,20.41,9.581
2022-11-04,17.9,10.2,0.0,0.02,3.23,21.18,10.46,15.82,53.19,0.0,19.52,9.587
2022-11-05,18.6,8.8,0.0,0.02585,4.01,22.35,9.37,15.96,55.6,0.0,25.66,9.598
2022-11-06,18.6,10.1,0.0,0.02019,3.27,23.56,10.37,17.05,53.1,0.0,20.28,9.59
2022-11-07,18.9,10.6,0.0,0.02096,3.34,24.77,12.37,18.37,50.86,0.01,18.41,9.584
2022-11-08,17.1,10.9,0.6,0.01033,1.93,21.22,11.98,16.63,59.75,0.02,12.56,9.568000000000001
2022-11-09,19.6,11.4,1.6,0.01214,2.42,14.91,10.36,12.59,82.58,0.11,14.75,9.596
2022-11-10,19.6,9.8,0.0,0.02515,4.02,20.84,10.4,14.8,68.75,0.0,23.48,9.591
2022-11-11,18.6,11.8,0.0,0.01812,3.09,17.41,10.63,13.24,79.43,0.02,17.52,9.589
2022-11-12,19.4,12.2,1.5,0.02105,3.42,15.29,10.79,12.57,81.27,0.11,20.18,9.594
2022-11-13,20.8,9.5,0.0,0.02922,4.77,22.0,9.3,15.23,59.23,0.0,29.56,9.612
2022-11-14,23.7,9.8,0.0,0.03015,5.17,26.63,10.93,19.45,36.52,0.0,30.54,9.57
2022-11-15,23.4,13.0,0.0,0.02948,4.99,27.34,15.04,21.12,40.7,0.0,25.61,9.574
2022-11-16,21.2,13.3,0.0,0.02721,4.35,26.83,14.41,20.27,50.2,0.0,21.44,9.59
2022-11-17,21.2,12.7,0.0,0.02398,3.84,26.23,13.77,19.3,55.23,0.01,21.49,9.588
2022-11-18,22.8,12.1,0.0,0.02721,4.58,27.34,13.26,19.56,50.48,0.01,24.08,9.575
2022-11-19,20.5,13.3,0.0,0.023170000000000003,3.77,24.28,11.8,17.08,60.91,0.0,24.14,9.575
2022-11-20,22.8,10.7,0.0,0.03084,5.2,25.44,12.64,18.38,42.94,0.0,32.33,9.568000000000001
2022-11-21,24.2,9.6,0.0,0.0315,5.48,27.07,12.89,19.66,34.19,0.0,32.32,9.559999999999999
2022-11-22,21.4,11.0,0.0,0.03068,4.92,26.0,14.97,20.22,36.82,0.02,26.02,9.564
2022-11-23,21.3,11.7,0.0,0.026199999999999998,4.2,24.97,14.32,19.18,47.84,0.04,19.52,9.572
2022-11-24,21.5,12.5,0.0,0.0285,4.65,23.77,14.59,19.37,56.1,0.04,21.74,9.575
2022-11-25,20.3,13.3,0.0,0.02693,4.17,25.0,15.59,20.11,53.64,0.88,18.95,9.576
2022-11-26,19.8,11.7,0.0,0.02588,4.0,28.56,16.54,21.96,45.66,0.18,20.6,9.568999999999999
2022-11-27,21.0,12.6,0.0,0.026,4.17,26.05,16.04,20.81,49.23,0.08,19.28,9.568000000000001
2022-11-28,19.4,13.0,0.0,0.02148,3.53,25.94,14.68,19.98,52.92,0.1,17.18,9.568000000000001
2022-11-29,19.3,12.4,0.4,0.0144,2.59,24.8,12.54,18.52,49.46,0.05,15.24,9.572
2022-11-30,20.1,12.3,0.2,0.019129999999999998,3.16,23.06,11.18,16.59,55.31,0.01,21.34,9.588
2022-12-01,20.6,10.4,0.0,0.02964,4.66,22.84,10.76,16.88,53.21,0.01,21.54,9.576
2022-12-02,20.8,11.5,0.0,0.02919,4.66,24.13,10.99,17.49,51.69,0.0,23.22,9.58
2022-12-03,20.9,11.6,0.0,0.02976,4.74,25.83,11.71,18.84,52.09,0.0,27.27,9.588
2022-12-04,24.7,13.2,0.0,0.03086,5.4,27.61,13.47,20.46,47.33,0.0,30.34,9.558
2022-12-05,21.4,12.7,0.0,0.030379999999999997,4.91,26.44,13.96,19.73,50.37,0.0,26.64,9.565999999999999
2022-12-06,24.8,13.0,0.0,0.03177,5.7,29.88,15.64,22.37,34.95,0.01,33.49,9.572
2022-12-07,20.9,13.4,0.0,0.02955,4.68,27.85,15.34,21.2,39.58,0.0,24.54,9.583
2022-12-08,21.7,12.5,0.0,0.029079999999999998,4.74,28.48,14.86,21.28,46.63,0.0,24.46,9.567
2022-12-09,23.3,15.6,0.1,0.027260000000000003,4.6,27.25,15.12,20.83,59.74,0.0,24.14,9.571
2022-12-10,23.9,14.1,0.0,0.02981,5.16,29.22,14.45,21.2,49.37,0.0,29.94,9.562999999999999
2022-12-11,24.8,13.8,0.0,0.030850000000000002,5.6,30.4,15.95,22.34,34.26,0.0,33.43,9.556000000000001
2022-12-12,24.3,13.2,0.0,0.031920000000000004,5.62,27.3,14.55,20.65,35.97,0.0,34.18,9.565000000000001
2022-12-13,25.8,12.3,0.0,0.03199,5.75,27.03,15.86,20.88,39.79,0.0,33.33,9.555
2022-12-14,22.1,13.1,0.0,0.031039999999999998,5.07,26.04,14.65,20.76,45.03,0.0,26.9,9.583
2022-12-15,26.7,13.6,0.0,0.03236,5.9,31.47,16.53,23.59,31.64,0.0,33.91,9.546
2022-12-16,22.3,12.4,0.0,0.02755,4.66,25.46,14.33,19.91,47.62,0.01,24.34,9.543000000000001
2022-12-17,19.8,12.4,0.3,0.01822,3.09,22.54,13.17,17.37,56.4,0.26,19.94,9.556000000000001
2022-12-18,21.4,10.8,0.0,0.0315,5.07,24.47,13.07,18.69,52.83,0.16,26.3,9.559999999999999
2022-12-19,21.4,13.6,0.0,0.03046,4.99,24.04,12.56,18.24,59.02,0.03,32.03,9.58
2022-12-20,24.3,12.1,0.0,0.032119999999999996,5.79,27.16,13.59,20.01,49.57,0.04,33.69,9.59
2022-12-21,23.2,14.5,0.0,0.03187,5.42,27.35,13.32,20.02,52.83,0.01,27.92,9.579
2022-12-22,24.8,13.2,0.0,0.031920000000000004,5.73,27.09,12.87,19.49,53.96,0.0,33.59,9.592
2022-12-23,23.2,14.5,0.0,0.02966,5.14,24.72,12.83,18.31,53.73,0.0,33.06,9.583
2022-12-24,23.2,12.7,0.0,0.032060000000000005,5.45,23.78,13.55,19.18,45.06,0.02,33.37,9.545
2022-12-25,21.9,12.5,0.0,0.028399999999999998,4.74,25.6,14.84,20.03,48.87,0.07,22.06,9.539
2022-12-26,23.1,14.1,0.0,0.026940000000000002,4.89,24.03,12.83,18.34,62.02,0.0,29.75,9.587
2022-12-27,24.1,14.6,0.0,0.0315,5.55,25.88,13.44,19.75,57.15,0.07,31.34,9.604000000000001
2022-12-28,23.6,13.9,0.0,0.03015,5.17,26.89,15.4,21.15,46.71,0.01,27.42,9.591
2022-12-29,22.1,12.9,0.0,0.03065,4.97,26.25,15.81,21.08,47.68,0.0,24.03,9.565999999999999
2022-12-30,22.1,15.3,0.2,0.02104,3.79,25.44,15.07,19.89,60.91,0.06,20.82,9.568999999999999
2022-12-31,21.9,15.2,7.0,0.01414,2.74,23.03,14.11,18.04,70.21,0.22,14.2,9.603
2023-01-01,23.5,12.1,0.0,0.03177,5.29,26.08,13.67,19.95,50.69,0.0,32.71,9.618
2023-01-02,21.8,13.0,0.0,0.03033,4.91,24.37,13.26,18.56,50.23,0.0,29.31,9.607
2023-01-03,23.3,12.1,0.0,0.03178,5.44,26.71,13.04,19.87,45.46,0.0,32.58,9.57
2023-01-04,22.7,13.5,0.0,0.028399999999999998,4.71,26.35,15.7,20.73,52.24,0.0,25.11,9.565999999999999
2023-01-05,23.1,16.2,0.1,0.023489999999999997,4.16,24.72,14.72,19.21,64.45,0.0,23.14,9.594
2023-01-06,23.2,15.8,3.1,0.023719999999999998,4.22,24.94,14.44,19.17,69.35,0.74,28.72,9.591
2023-01-07,23.6,15.3,0.0,0.02885,5.01,24.88,15.49,20.19,64.52,0.13,28.49,9.595
2023-01-08,22.2,15.6,0.0,0.022109999999999998,3.9,25.94,15.43,20.38,62.78,0.69,26.13,9.588
2023-01-09,20.9,14.5,0.2,0.01557,2.94,24.56,14.03,18.91,69.34,1.53,16.72,9.588
2023-01-10,24.2,14.0,0.0,0.02682,4.77,25.93,13.77,19.8,61.63,0.03,24.8,9.593
2023-01-11,24.4,15.1,0.0,0.02856,5.15,27.16,15.31,20.41,48.65,0.0,29.8,9.594
2023-01-12,22.6,12.2,0.0,0.02866,4.94,24.32,13.16,18.57,50.02,0.17,29.64,9.586
2023-01-13,22.9,11.7,0.0,0.03168,5.33,25.68,13.67,19.35,47.59,0.02,26.39,9.568000000000001
2023-01-14,21.4,12.5,0.0,0.02698,4.51,24.55,11.68,18.16,53.27,0.01,27.49,9.581999999999999
2023-01-15,23.2,12.1,0.0,0.03102,5.29,25.8,12.61,19.11,52.56,0.0,27.33,9.581
2023-01-16,22.3,13.2,0.0,0.027649999999999997,4.72,24.22,13.06,18.39,56.12,0.12,25.24,9.575
2023-01-17,22.1,13.1,0.0,0.027489999999999997,4.72,24.76,12.58,18.85,56.9,0.76,25.55,9.584999999999999
2023-01-18,21.9,11.9,0.0,0.02795,4.66,24.83,14.79,19.51,57.53,1.17,23.69,9.567
2023-01-19,20.6,14.5,1.5,0.01589,2.94,22.87,13.2,17.75,69.47,1.03,15.16,9.584
2023-01-20,23.1,11.8,0.0,0.03032,5.24,24.07,11.79,18.0,64.53,0.56,27.14,9.584
2023-01-21,23.6,12.4,0.0,0.02827,4.81,25.81,14.35,19.62,53.09,0.0,22.74,9.57
2023-01-22,23.5,13.2,0.0,0.02851,5.0,26.34,14.08,20.11,52.04,0.0,26.35,9.551
2023-01-23,23.6,14.3,0.0,0.0281,4.89,26.19,14.89,20.17,61.06,0.0,24.32,9.562999999999999
2023-01-24,25.1,14.6,0.0,0.02911,5.23,29.4,15.18,21.98,51.89,0.0,28.93,9.564
2023-01-25,22.8,13.9,0.0,0.02964,5.03,25.72,14.14,19.19,56.05,0.06,29.81,9.556999999999999
2023-01-26,21.9,12.0,0.0,0.0297,4.98,25.14,13.04,18.56,53.42,0.0,31.57,9.565000000000001
2023-01-27,24.9,13.0,0.0,0.03048,5.43,27.42,13.28,20.31,47.23,0.01,29.82,9.559999999999999
2023-01-28,25.0,12.3,0.0,0.030359999999999998,5.47,27.2,16.46,21.7,41.57,0.01,30.97,9.543000000000001
2023-01-29,23.2,12.6,0.0,0.02947,5.0,26.34,14.99,20.67,55.08,0.27,20.94,9.549
2023-01-30,22.6,13.4,0.1,0.022109999999999998,3.9,27.06,13.89,20.13,59.14,0.05,24.42,9.540000000000001
2023-01-31,23.3,13.8,0.0,0.02457,4.23,23.96,13.66,18.78,63.54,0.18,20.81,9.558
2023-02-01,22.5,13.9,0.0,0.02576,4.3,26.62,13.04,19.72,52.69,0.27,26.44,9.576
2023-02-02,24.8,13.4,0.0,0.02961,5.25,28.76,15.97,21.94,42.1,0.01,29.34,9.553
2023-02-03,22.9,13.0,0.0,0.02852,4.81,26.66,17.48,21.88,51.04,0.0,25.12,9.538
2023-02-04,24.0,14.6,0.0,0.028489999999999998,5.0,26.33,17.08,21.73,54.33,0.0,24.51,9.556999999999999
2023-02-05,25.9,15.3,0.0,0.02832,5.19,26.43,16.09,20.74,57.05,0.0,28.45,9.573
2023-02-06,23.9,14.7,0.0,0.027510000000000003,4.72,25.66,15.75,20.44,57.73,0.0,20.46,9.558
2023-02-07,24.4,14.5,0.4,0.02195,3.89,26.68,16.86,21.46,51.88,0.06,21.2,9.551
2023-02-08,24.5,14.7,0.0,0.02499,4.36,29.02,17.49,22.62,43.46,0.63,20.56,9.546
2023-02-09,24.3,14.7,0.0,0.02723,4.71,29.15,18.65,23.24,36.48,0.01,22.55,9.540000000000001
2023-02-10,24.5,14.5,0.0,0.02571,4.53,29.61,17.72,22.74,40.07,0.34,28.88,9.545
2023-02-11,26.1,14.9,0.0,0.02675,4.87,28.4,17.01,21.89,45.09,0.0,27.58,9.537
2023-02-12,23.9,13.7,0.0,0.02788,4.82,27.28,15.63,20.55,50.45,0.01,23.86,9.554
2023-02-13,26.4,14.6,0.0,0.027739999999999997,5.16,28.25,15.12,20.68,47.22,0.0,30.02,9.556000000000001
2023-02-14,26.1,12.6,0.0,0.028050000000000002,5.14,28.75,14.87,21.03,40.67,0.0,29.84,9.553
2023-02-15,25.5,13.3,0.0,0.027579999999999997,4.79,26.53,15.45,20.59,46.15,0.0,28.12,9.544
2023-02-16,22.7,13.7,0.0,0.02489,4.19,25.29,14.38,19.0,53.32,0.0,19.74,9.556999999999999
2023-02-17,24.7,13.4,0.0,0.02718,4.93,26.75,15.05,20.58,44.58,0.0,27.82,9.541
2023-02-18,25.0,14.9,0.0,0.026969999999999997,4.95,27.42,16.99,21.64,44.62,0.0,27.74,9.565000000000001
2023-02-19,25.0,15.1,0.0,0.02687,4.77,28.21,16.03,21.46,45.71,0.0,26.16,9.574
2023-02-20,25.6,13.5,0.0,0.02683,4.87,27.64,17.22,21.93,41.62,0.0,21.41,9.551
2023-02-21,22.7,13.3,0.0,0.025589999999999998,4.32,26.81,16.55,21.18,44.98,0.0,22.56,9.547
2023-02-22,22.9,13.2,0.0,0.02253,3.86,26.41,16.3,20.54,49.54,0.0,20.05,9.584
2023-02-23,22.4,12.1,0.0,0.02417,4.02,26.98,16.53,21.14,46.53,0.0,19.64,9.587
2023-02-24,22.5,13.3,0.0,0.02253,3.84,24.92,15.73,19.9,55.16,0.0,16.07,9.586
2023-02-25,22.4,13.1,0.0,0.022670000000000003,3.83,25.67,14.32,19.78,56.6,0.01,20.73,9.59
2023-02-26,25.6,13.7,0.0,0.026109999999999998,4.77,29.47,16.27,22.14,38.06,0.04,27.98,9.568000000000001
2023-02-27,23.7,12.4,0.0,0.0258,4.41,27.26,16.31,21.41,43.19,0.0,24.37,9.561
2023-02-28,22.3,12.7,0.0,0.02291,3.89,27.44,15.27,20.99,42.09,0.0,20.66,9.573
2023-03-01,23.8,11.3,0.0,0.02605,4.51,28.61,16.7,21.88,39.5,0.03,24.43,9.558
2023-03-02,22.7,13.0,0.0,0.02265,3.83,27.08,14.85,20.47,49.26,0.0,21.26,9.529
2023-03-03,22.6,14.7,0.1,0.02158,3.82,26.08,13.99,19.4,58.79,0.17,20.63,9.551
2023-03-04,25.5,13.1,0.0,0.02489,4.46,28.13,16.2,22.23,46.87,0.19,18.26,9.540000000000001
2023-03-05,23.1,13.9,0.0,0.02194,3.76,27.19,17.12,21.67,50.42,0.0,19.45,9.542
2023-03-06,23.1,15.8,0.1,0.01805,3.17,25.76,16.46,20.71,55.25,0.0,15.69,9.568999999999999
2023-03-07,22.9,13.7,0.1,0.02114,3.59,26.27,15.72,20.47,54.93,0.01,17.06,9.564
2023-03-08,23.6,14.4,0.0,0.023600000000000003,4.15,26.0,15.77,20.09,55.81,0.0,25.19,9.584999999999999
2023-03-09,23.1,13.8,0.0,0.02323,3.91,25.98,14.61,19.5,59.77,0.06,19.18,9.578
2023-03-10,21.9,14.1,0.0,0.02152,3.64,25.21,15.29,19.42,59.44,0.01,15.93,9.57
2023-03-11,23.5,14.0,0.0,0.020640000000000002,3.71,25.02,13.9,18.56,65.01,0.16,18.36,9.584999999999999
2023-03-12,22.9,13.3,0.0,0.02253,3.99,24.71,14.25,18.75,64.69,0.6,23.92,9.587
2023-03-13,23.6,14.1,0.0,0.02152,3.78,25.97,14.32,19.43,65.17,1.49,19.32,9.583
2023-03-14,23.6,15.8,0.0,0.020399999999999998,3.61,25.73,14.94,19.82,58.09,0.03,23.42,9.583
2023-03-15,25.6,14.4,0.0,0.02309,4.42,25.9,15.41,19.94,53.6,0.05,24.6,9.601
2023-03-16,25.0,15.6,0.0,0.023010000000000003,4.26,25.45,14.63,19.61,59.97,0.61,22.87,9.593
2023-03-17,23.0,15.4,0.0,0.018510000000000002,3.26,26.31,15.38,19.98,59.33,0.01,20.32,9.59
2023-03-18,23.9,14.6,0.0,0.02205,3.85,28.48,15.65,21.21,51.4,0.0,19.79,9.565000000000001
2023-03-19,23.8,14.4,0.0,0.02133,3.67,27.6,16.73,21.35,54.18,0.0,17.8,9.561
2023-03-20,23.0,15.1,0.2,0.01601,2.87,25.56,15.01,19.75,57.33,0.0,13.54,9.578
2023-03-21,23.8,13.2,0.0,0.019379999999999998,3.32,27.02,15.69,20.68,50.59,0.02,19.29,9.579
2023-03-22,24.8,13.0,0.0,0.02197,3.88,27.96,17.18,21.55,41.74,0.02,17.49,9.575
2023-03-23,26.0,13.9,0.0,0.02206,4.03,28.1,17.35,22.03,38.44,0.03,19.99,9.559999999999999
2023-03-24,26.1,13.5,0.0,0.02186,4.06,30.31,17.74,22.73,36.1,0.08,22.46,9.568999999999999
2023-03-25,23.6,13.4,0.0,0.02153,3.79,27.65,16.28,21.43,36.78,0.0,22.58,9.57
2023-03-26,22.1,13.7,0.0,0.01857,3.18,24.06,14.84,19.23,57.05,0.01,13.85,9.565000000000001
2023-03-27,21.1,12.9,0.0,0.01685,2.87,25.94,13.79,18.82,57.85,0.0,14.28,9.559000000000001
2023-03-28,20.9,12.4,0.0,0.01856,3.07,26.09,14.61,19.09,47.09,0.0,17.09,9.565000000000001
2023-03-29,23.9,11.9,0.0,0.02016,3.57,24.46,14.63,18.86,44.79,0.0,21.19,9.572
2023-03-30,23.5,10.6,0.0,0.02116,3.75,27.28,15.92,20.65,31.4,0.0,22.47,9.572
2023-03-31,27.1,13.2,0.0,0.02145,4.3,28.36,16.18,21.41,26.02,0.0,22.4,9.565000000000001
2023-04-01,22.1,12.3,0.0,0.019960000000000002,3.44,28.01,16.37,21.02,30.07,0.0,20.48,9.556999999999999
2023-04-02,24.8,12.5,0.0,0.020300000000000002,3.68,28.09,16.75,21.16,36.03,0.0,20.79,9.558
2023-04-03,23.6,12.7,0.0,0.01684,3.0,24.67,15.73,19.46,43.96,0.0,16.75,9.554
2023-04-04,22.8,12.7,0.0,0.019690000000000003,3.35,25.87,15.99,19.87,40.64,0.0,19.89,9.541
2023-04-05,20.1,12.9,0.0,0.01524,2.58,24.87,14.78,18.57,44.92,0.0,17.68,9.565999999999999
2023-04-06,22.7,10.8,0.0,0.018170000000000002,3.22,27.2,15.83,20.19,35.7,0.0,18.88,9.565999999999999
2023-04-07,22.3,12.4,0.0,0.01954,3.24,26.05,15.28,19.81,39.24,0.0,17.72,9.554
2023-04-08,20.9,11.5,0.0,0.016079999999999997,2.6,25.43,15.55,19.53,37.23,0.0,16.97,9.565000000000001
2023-04-09,20.9,11.2,0.0,0.01726,2.79,24.69,14.42,18.61,40.22,0.0,17.54,9.576
2023-04-10,24.2,12.8,0.0,0.018940000000000002,3.28,25.62,15.94,19.96,37.93,0.0,19.17,9.562000000000001
2023-04-11,20.7,11.4,0.0,0.01762,2.81,25.6,14.38,18.77,50.5,0.01,15.39,9.57
2023-04-12,20.1,13.7,0.0,0.01358,2.22,22.47,13.02,16.84,62.53,0.01,12.36,9.562999999999999
2023-04-13,21.1,12.4,0.0,0.01525,2.56,22.43,11.02,15.51,70.88,0.02,18.88,9.562999999999999
2023-04-14,20.8,11.6,0.0,0.01466,2.46,20.73,10.65,14.54,68.52,0.02,16.6,9.578
2023-04-15,19.3,10.5,0.0,0.013009999999999999,2.12,20.54,10.25,14.25,72.76,0.0,13.86,9.587
2023-04-16,19.8,11.7,0.0,0.01462,2.48,20.59,9.94,14.16,66.59,0.01,16.04,9.608
2023-04-17,17.9,10.0,0.0,0.016030000000000003,2.4,20.33,9.58,13.95,45.07,0.0,17.72,9.596
2023-04-18,20.4,8.9,0.0,0.01737,2.86,21.69,9.98,14.96,34.63,0.0,17.74,9.604000000000001
2023-04-19,26.5,11.8,0.0,0.0174,3.45,25.43,13.18,18.39,36.05,0.03,18.25,9.556999999999999
2023-04-20,18.4,9.6,0.0,0.01194,1.89,23.43,13.37,16.78,60.42,0.07,11.06,9.568000000000001
2023-04-21,22.0,13.3,0.0,0.01614,2.79,20.67,12.44,15.29,74.28,0.0,16.71,9.587
2023-04-22,19.3,11.5,0.0,0.01457,2.23,21.04,12.45,15.65,64.89,0.1,10.03,9.584
2023-04-23,18.9,11.0,0.2,0.01078,1.74,20.0,12.71,15.53,66.32,0.25,8.03,9.593
2023-04-24,18.0,10.2,0.2,0.01524,2.31,22.77,12.5,16.32,54.69,0.01,10.63,9.597
2023-04-25,15.2,9.5,0.0,0.00741,1.1,23.83,13.35,17.31,43.56,0.0,7.72,9.573
2023-04-26,19.4,9.8,0.2,0.01455,2.27,23.64,14.21,17.46,43.46,0.01,11.06,9.581
2023-04-27,18.9,12.4,0.9,0.00951,1.62,23.71,12.91,16.5,47.91,0.02,8.36,9.576
2023-04-28,21.0,10.9,0.0,0.01417,2.55,21.45,13.17,16.08,59.48,0.76,11.55,9.568000000000001
2023-04-29,18.2,14.5,11.5,0.004200000000000001,0.98,19.57,13.78,15.9,77.35,2.79,6.51,9.598
2023-04-30,20.7,10.7,3.8,0.0135,2.47,18.33,10.16,14.02,71.09,0.21,13.91,9.637
2023-05-01,17.3,9.2,0.0,0.015189999999999999,2.26,19.12,9.0,12.64,49.74,0.0,16.65,9.612
2023-05-02,16.7,8.1,0.0,0.01534,2.22,20.62,8.6,13.44,40.3,0.0,16.51,9.579
2023-05-03,15.9,8.4,0.0,0.01478,2.06,19.45,9.37,13.19,53.37,0.03,14.17,9.564
2023-05-04,16.0,7.4,0.0,0.01435,1.97,19.41,8.65,13.14,53.51,0.08,8.93,9.579
2023-05-05,16.7,9.3,0.0,0.011359999999999999,1.67,18.33,11.17,13.7,52.71,0.1,8.82,9.567
2023-05-06,17.1,8.3,0.2,0.00891,1.44,17.98,10.56,13.29,60.67,0.0,10.71,9.577
2023-05-07,17.0,6.8,0.0,0.01434,2.0,22.08,10.43,15.34,40.41,0.0,14.49,9.596
2023-05-08,16.6,7.8,0.0,0.013130000000000001,1.84,24.36,12.74,17.29,33.13,0.0,11.47,9.587
2023-05-09,20.8,7.7,0.0,0.01375,2.15,25.98,13.73,19.29,26.85,0.0,13.07,9.58
2023-05-10,21.5,11.6,0.0,0.01306,2.22,26.17,16.72,20.14,32.1,0.0,12.59,9.583
2023-05-11,21.8,9.4,0.0,0.01351,2.38,28.17,16.02,20.8,33.86,0.0,13.74,9.571
2023-05-12,25.5,13.0,0.0,0.01332,2.92,29.23,16.98,21.68,31.2,0.0,13.15,9.553
2023-05-13,20.2,10.4,0.0,0.01351,2.13,22.98,15.3,18.99,36.74,0.0,11.61,9.55
2023-05-14,17.8,10.9,0.0,0.00751,1.19,24.71,16.13,19.39,39.09,0.0,6.32,9.562999999999999
2023-05-15,21.4,13.5,0.0,0.0112,1.9,22.93,12.55,16.85,55.28,0.01,7.57,9.59
2023-05-16,20.4,13.0,0.1,0.0103,1.8,20.87,11.75,14.87,70.94,0.06,8.16,9.584999999999999
2023-05-17,19.7,11.0,0.6,0.01128,1.9,15.22,11.35,12.77,83.92,0.06,10.49,9.613
2023-05-18,19.3,10.1,0.0,0.01199,1.9,19.76,10.51,14.13,59.5,0.0,12.31,9.596
2023-05-19,18.7,9.9,0.0,0.01246,1.87,22.37,10.53,15.31,52.16,0.0,13.0,9.597
2023-05-20,18.0,10.1,0.0,0.009460000000000001,1.39,20.16,9.71,13.91,52.95,0.0,11.3,9.581999999999999
2023-05-21,16.9,8.5,4.1,0.00843,1.35,19.07,9.46,13.94,58.13,3.03,5.15,9.586
2023-05-22,19.9,12.3,5.7,0.007679999999999999,1.82,20.5,11.88,14.61,75.47,9.44,7.13,9.581
2023-05-23,19.5,11.0,0.1,0.008119999999999999,1.44,16.58,11.57,13.67,78.77,0.03,6.71,9.594
2023-05-24,17.6,12.1,0.0,0.00666,1.16,15.4,10.53,12.76,79.23,0.02,5.89,9.596
2023-05-25,16.1,11.0,0.0,0.00468,0.85,15.13,9.04,12.14,74.31,0.0,4.53,9.595
2023-05-26,19.1,7.4,0.0,0.01199,1.91,18.87,9.31,13.48,57.82,0.0,12.92,9.626000000000001
2023-05-27,17.9,9.4,0.0,0.01188,1.74,19.22,9.61,13.23,56.14,0.0,12.75,9.611
2023-05-28,14.0,8.9,0.0,0.004940000000000001,0.76,21.33,10.5,14.12,52.48,0.0,6.15,9.606
2023-05-29,18.3,9.3,0.1,0.011630000000000001,1.7,22.93,11.94,16.39,45.84,0.0,12.72,9.595
2023-05-30,18.5,8.4,0.0,0.00795,1.29,20.3,12.62,15.52,48.98,0.0,7.58,9.6
2023-05-31,20.7,7.8,0.0,0.01185,1.97,24.1,13.88,17.55,42.69,0.0,12.69,9.594
2023-06-01,18.5,10.4,0.0,0.00903,1.43,20.43,12.81,15.54,59.67,0.03,9.75,9.581
2023-06-02,20.3,9.2,0.0,0.009970000000000001,1.72,19.16,13.04,15.13,69.44,0.34,10.29,9.601
2023-06-03,17.4,10.4,0.0,0.0062,1.05,18.44,11.89,14.44,68.94,0.0,6.33,9.617
2023-06-04,20.4,8.9,0.0,0.01148,1.8,22.03,11.73,15.79,39.83,0.0,11.57,9.59
2023-06-05,18.3,9.1,0.0,0.01078,1.6,23.06,14.1,16.98,42.9,0.0,12.02,9.58
2023-06-06,18.8,8.2,0.0,0.01056,1.63,22.71,12.99,16.9,50.35,0.01,9.43,9.579
2023-06-07,17.8,9.1,0.0,0.00985,1.46,22.56,13.25,16.9,54.06,0.01,8.21,9.591
2023-06-08,18.5,11.3,0.0,0.00868,1.39,21.09,11.53,15.14,60.9,0.22,6.84,9.615
2023-06-09,16.0,11.7,6.0,0.00375,0.82,16.67,8.69,12.63,71.23,1.36,5.91,9.632
2023-06-10,15.9,7.2,0.0,0.01005,1.45,16.05,6.66,10.29,60.36,0.0,11.45,9.635
2023-06-11,12.1,4.7,0.0,0.01074,1.34,14.96,5.99,8.92,48.99,0.0,11.19,9.634
2023-06-12,12.3,2.5,0.0,0.01158,1.39,17.06,5.65,10.03,37.95,0.0,10.69,9.619
2023-06-13,13.9,2.4,0.0,0.011800000000000001,1.48,20.16,5.39,11.46,32.37,0.0,12.35,9.619
2023-06-14,13.6,3.0,0.0,0.01111,1.55,20.22,9.83,13.85,28.27,0.0,11.36,9.604000000000001
2023-06-15,17.4,8.2,0.0,0.01131,1.89,22.3,11.83,15.49,38.18,0.0,11.56,9.59
2023-06-16,20.4,9.2,0.0,0.011009999999999999,1.89,23.26,12.71,16.58,42.67,0.0,11.61,9.584999999999999
2023-06-17,18.2,8.8,0.0,0.01133,1.71,24.75,13.5,17.63,37.0,0.0,10.27,9.564
2023-06-18,15.1,7.9,0.3,0.0041600000000000005,0.78,20.97,10.32,15.16,50.52,0.36,5.29,9.558
2023-06-19,19.3,9.2,0.6,0.01061,1.74,18.7,10.01,13.6,70.79,0.12,10.94,9.584
2023-06-20,16.6,9.1,0.1,0.00519,0.95,17.87,11.11,13.5,68.73,0.04,5.43,9.571
2023-06-21,17.0,8.9,0.3,0.0053,0.94,21.13,11.34,14.76,61.89,5.73,4.05,9.59
2023-06-22,18.6,12.7,14.0,0.00377,1.0,19.16,12.7,15.52,73.54,6.51,4.53,9.608
2023-06-23,21.1,13.8,14.6,0.00323,0.88,21.54,14.3,17.32,68.11,1.37,3.67,9.615
2023-06-24,19.8,13.2,0.0,0.00984,1.53,23.18,13.7,16.91,59.72,0.17,9.04,9.605
2023-06-25,18.8,11.7,0.0,0.008289999999999999,1.3,20.8,12.06,15.45,68.21,0.39,8.94,9.612
2023-06-26,18.7,11.9,0.0,0.00736,1.17,17.45,8.61,13.16,78.06,0.27,8.22,9.614
2023-06-27,17.2,8.9,0.0,0.00698,1.16,15.35,8.16,10.86,66.28,0.01,7.1,9.628
2023-06-28,16.5,7.9,0.0,0.010060000000000001,1.5,15.57,8.9,12.3,49.78,0.0,10.24,9.592
2023-06-29,19.1,7.3,0.0,0.01088,1.65,21.46,10.3,14.67,46.78,0.0,12.16,9.596
2023-06-30,22.6,10.4,0.0,0.01159,2.16,23.94,12.31,16.7,39.53,0.0,12.31,9.581
2023-07-01,16.6,9.7,0.0,0.01025,1.61,21.13,10.39,15.6,51.42,0.0,8.09,9.553
2023-07-02,16.6,8.5,0.0,0.00904,1.32,17.6,10.22,12.65,66.18,0.0,7.3,9.597
2023-07-03,19.1,7.8,0.0,0.011470000000000001,1.79,19.07,10.25,13.02,68.94,0.0,11.95,9.611
2023-07-04,18.3,7.5,0.0,0.01133,1.82,17.13,9.44,12.23,72.67,0.0,11.8,9.644
2023-07-05,18.6,6.7,0.0,0.01148,1.81,17.01,9.17,12.06,66.61,0.0,11.48,9.636
2023-07-06,16.8,6.1,0.0,0.011,1.63,16.5,8.47,11.58,67.59,0.01,10.91,9.601
2023-07-07,14.0,6.1,0.9,0.0044599999999999996,0.79,15.49,8.27,10.87,69.83,0.01,6.87,9.586
2023-07-08,17.9,5.5,0.0,0.01143,1.75,17.09,8.13,11.67,70.2,0.06,11.5,9.618
2023-07-09,17.6,7.0,0.0,0.01148,1.7,17.1,9.16,12.08,59.66,0.0,11.19,9.603
2023-07-10,16.3,6.9,0.3,0.00907,1.41,18.92,7.74,12.69,58.52,0.0,6.57,9.549
2023-07-11,15.9,7.5,25.6,0.00381,0.87,15.45,7.63,10.27,83.84,8.94,3.46,9.562000000000001
2023-07-12,17.6,9.6,13.4,0.00861,1.47,14.14,7.63,9.89,80.04,3.46,8.41,9.645999999999999
2023-07-13,17.5,6.9,0.0,0.011550000000000001,1.8,19.4,8.75,13.34,41.22,0.0,12.2,9.595
2023-07-14,15.4,6.9,0.0,0.00936,1.37,18.59,10.64,13.43,47.4,0.0,10.54,9.577
2023-07-15,16.1,7.6,0.0,0.01064,1.51,18.18,10.15,13.05,49.83,0.0,12.29,9.593
2023-07-16,16.7,7.0,0.0,0.01173,1.66,19.71,10.12,13.64,48.48,0.0,12.8,9.584
2023-07-17,15.4,5.6,0.0,0.00707,1.06,18.19,9.73,12.78,52.46,0.0,8.15,9.604000000000001
2023-07-18,21.4,9.9,0.0,0.01104,2.04,22.7,11.49,15.96,50.1,0.0,9.65,9.594
2023-07-19,20.1,11.1,0.0,0.008150000000000001,1.48,22.29,13.16,16.84,50.95,0.0,8.74,9.579
2023-07-20,15.2,7.5,0.0,0.00824,1.15,18.53,10.67,14.38,59.91,0.04,7.52,9.562999999999999
2023-07-21,17.0,10.3,0.0,0.00523,1.09,16.27,10.76,12.93,82.75,6.77,4.95,9.575
2023-07-22,15.9,10.5,30.7,0.0057,0.96,13.27,9.03,10.99,90.46,12.62,7.47,9.618
2023-07-23,15.7,6.9,0.0,0.01085,1.57,14.36,7.19,10.08,72.02,0.0,9.04,9.607
2023-07-24,17.1,7.1,0.0,0.01288,1.85,19.75,7.52,12.11,57.14,0.0,13.75,9.626999999999999
2023-07-25,16.7,7.4,0.0,0.01099,1.63,17.78,8.55,12.17,66.0,0.02,11.6,9.628
2023-07-26,16.0,7.1,0.0,0.01071,1.49,18.41,9.39,12.73,55.81,0.0,9.08,9.602
2023-07-27,16.5,7.7,0.0,0.01167,1.61,20.81,8.51,13.87,51.37,0.0,13.73,9.606
2023-07-28,22.0,8.0,0.0,0.01286,2.05,25.97,11.79,18.19,47.68,0.01,10.02,9.59
2023-07-29,18.3,8.5,0.0,0.011800000000000001,1.77,21.4,13.01,16.22,59.73,0.01,13.59,9.586
2023-07-30,17.6,9.6,0.0,0.01072,1.59,24.95,13.34,18.05,51.68,0.0,8.98,9.578
2023-07-31,15.9,10.9,0.2,0.007980000000000001,1.18,23.9,12.08,16.0,57.25,0.0,9.55,9.598
2023-08-01,19.1,10.8,0.0,0.0116,1.8,25.5,12.39,17.32,46.98,0.0,14.12,9.588
2023-08-02,19.6,9.2,0.0,0.01337,2.09,24.51,14.4,17.97,46.97,0.0,14.78,9.584999999999999
2023-08-03,15.7,9.1,0.0,0.01045,1.46,23.57,13.58,17.2,47.0,0.0,10.32,9.587
2023-08-04,18.4,9.7,0.1,0.01365,1.95,24.72,13.28,17.41,43.9,0.0,10.07,9.568999999999999
2023-08-05,14.8,10.1,1.2,0.00618,1.09,20.44,10.72,14.4,63.8,0.02,4.83,9.573
2023-08-06,17.7,8.9,0.0,0.01286,1.97,18.31,10.44,13.1,74.76,0.02,13.72,9.618
2023-08-07,16.7,8.0,0.4,0.01072,1.6,17.63,11.56,13.91,55.77,0.0,9.56,9.587
2023-08-08,17.7,7.8,0.0,0.013529999999999999,1.99,21.34,11.57,15.29,59.06,0.0,7.11,9.606
2023-08-09,16.6,10.1,0.2,0.0051600000000000005,0.94,18.52,9.44,13.82,66.88,0.54,5.79,9.58
2023-08-10,17.4,8.1,16.3,0.0103,1.72,15.23,8.77,11.06,85.84,9.05,11.9,9.64
2023-08-11,17.8,6.8,0.0,0.01456,2.09,20.98,7.47,13.28,52.82,0.0,15.78,9.620999999999999
2023-08-12,20.1,6.7,0.0,0.01481,2.29,23.58,10.09,16.36,48.8,0.0,15.26,9.594
2023-08-13,25.3,10.7,0.0,0.01543,2.96,27.16,14.36,19.44,42.09,0.0,16.36,9.572
2023-08-14,18.6,9.9,0.0,0.01423,2.14,25.2,14.14,18.54,45.8,0.01,12.15,9.559000000000001
2023-08-15,16.7,11.5,0.0,0.00688,1.2,18.19,12.41,14.82,65.74,0.04,7.52,9.572
2023-08-16,16.4,10.4,0.5,0.00785,1.3,17.72,11.17,13.39,80.03,0.11,7.52,9.603
2023-08-17,17.1,9.4,0.3,0.00915,1.45,17.24,8.76,12.22,80.83,0.35,11.41,9.629000000000001
2023-08-18,17.2,7.4,0.0,0.01339,2.02,17.4,8.32,12.05,62.22,0.0,13.19,9.625
2023-08-19,17.5,11.0,7.1,0.00437,1.04,13.59,9.07,11.16,76.42,11.99,7.17,9.620999999999999
2023-08-20,18.8,10.3,0.0,0.0112,1.88,18.73,11.03,14.17,71.72,0.63,10.7,9.59
2023-08-21,19.1,11.2,0.0,0.01151,1.85,17.84,9.66,13.26,76.81,0.42,13.79,9.551
2023-08-22,16.5,12.6,38.8,0.00431,1.1,15.2,10.49,12.4,83.3,15.21,6.56,9.547
2023-08-23,13.3,10.5,42.7,0.0033599999999999997,0.65,14.19,8.4,10.99,82.18,2.17,8.06,9.593
2023-08-24,16.6,7.3,0.0,0.01609,2.32,16.22,6.88,10.67,70.46,0.0,16.51,9.623999999999999
2023-08-25,16.9,5.5,0.0,0.01716,2.35,18.08,5.29,10.92,62.54,0.0,18.9,9.638
2023-08-26,17.0,5.5,0.0,0.01714,2.46,18.64,9.0,12.47,50.74,0.0,18.04,9.612
2023-08-27,21.5,6.1,0.0,0.01799,2.93,22.63,9.01,14.41,45.4,0.0,19.12,9.572
2023-08-28,18.8,10.5,0.4,0.01592,2.49,18.87,9.93,13.4,56.37,0.0,15.29,9.606
2023-08-29,18.2,7.0,0.0,0.01812,2.75,20.86,8.36,13.44,55.78,0.0,19.15,9.618
2023-08-30,19.7,9.8,0.0,0.016059999999999998,2.48,20.83,7.45,13.17,58.25,0.0,19.25,9.625
2023-08-31,16.4,8.2,0.0,0.016579999999999998,2.32,19.7,10.55,14.06,52.44,0.0,17.69,9.574
2023-09-01,15.4,9.8,0.0,0.0067,1.18,15.92,9.09,12.11,65.67,0.0,7.81,9.581
2023-09-02,15.7,9.7,1.6,0.00624,1.17,15.24,9.66,11.7,80.62,0.03,5.57,9.559000000000001
2023-09-03,17.6,9.2,0.3,0.01447,2.26,17.06,9.21,12.02,80.58,0.04,15.11,9.603
2023-09-04,17.2,9.8,0.0,0.00784,1.46,15.97,9.78,12.44,72.91,0.08,10.73,9.633
2023-09-05,18.4,8.9,0.0,0.01103,1.79,19.94,10.77,14.38,65.47,0.44,9.47,9.595
2023-09-06,16.8,10.8,19.0,0.0062,1.12,14.95,10.08,12.48,81.0,2.82,6.49,9.607
2023-09-07,18.1,9.2,0.5,0.01486,2.28,18.64,7.5,12.28,65.6,0.05,17.73,9.625
2023-09-08,17.3,9.0,0.0,0.01705,2.56,19.29,9.49,13.7,60.42,0.31,18.12,9.604000000000001
2023-09-09,17.3,10.3,0.0,0.01114,1.85,19.97,11.75,14.65,62.07,0.28,9.28,9.606
2023-09-10,19.1,11.0,0.0,0.009179999999999999,1.69,17.99,11.55,14.13,71.36,5.25,8.26,9.59
2023-09-11,18.7,9.8,16.6,0.01939,2.91,18.58,7.38,12.42,72.67,8.0,20.43,9.618
2023-09-12,16.2,7.7,0.0,0.018170000000000002,2.58,16.72,5.73,10.4,66.31,0.0,19.83,9.632
2023-09-13,15.1,6.8,0.0,0.01268,1.87,17.02,6.69,10.61,59.39,0.0,14.73,9.657
2023-09-14,20.8,7.5,0.0,0.02002,3.15,22.8,8.34,15.26,54.92,0.0,21.51,9.613
2023-09-15,20.8,10.8,0.0,0.01921,2.94,24.4,11.35,16.96,53.83,0.0,21.28,9.562999999999999
2023-09-16,17.5,10.9,0.0,0.01576,2.29,20.78,10.11,14.19,70.67,0.0,16.92,9.584
2023-09-17,15.2,8.9,0.0,0.009380000000000001,1.57,16.55,8.84,12.12,72.12,0.0,12.77,9.608
2023-09-18,16.1,7.5,0.0,0.01307,1.99,15.64,7.63,11.26,70.94,0.0,14.11,9.593
2023-09-19,19.5,9.8,0.0,0.01828,2.9,21.69,9.82,14.99,60.31,0.0,18.22,9.553
2023-09-20,16.1,9.5,1.1,0.00789,1.5,17.39,9.93,12.71,73.39,0.0,13.73,9.58
2023-09-21,18.3,6.9,0.0,0.01891,2.95,18.41,8.54,13.14,71.82,0.0,18.28,9.596
2023-09-22,16.8,9.2,0.0,0.01337,2.08,17.45,9.59,12.78,77.3,0.0,11.55,9.59
2023-09-23,15.6,10.0,0.0,0.01439,2.08,19.82,7.99,13.01,69.5,0.0,18.74,9.592
2023-09-24,17.6,6.9,0.0,0.02161,3.06,19.27,7.51,12.59,62.28,0.0,23.87,9.597
2023-09-25,16.6,9.2,0.0,0.02191,3.12,17.47,7.43,11.74,70.09,0.01,23.52,9.620999999999999
2023-09-26,18.4,7.1,0.0,0.02265,3.28,18.8,7.98,12.26,65.47,0.0,24.28,9.631
2023-09-27,16.6,7.0,0.0,0.02206,3.11,19.32,7.82,12.81,59.21,0.0,24.62,9.594
2023-09-28,17.4,7.5,0.0,0.02129,3.0,19.66,7.36,13.11,63.98,0.0,23.99,9.597
2023-09-29,17.5,8.0,0.0,0.02305,3.28,21.12,10.11,14.88,57.96,0.0,22.17,9.565999999999999
2023-09-30,17.7,7.8,0.0,0.0211,3.04,21.38,10.62,15.24,60.37,0.0,12.83,9.572
2023-10-01,16.4,10.3,0.5,0.01125,1.85,17.89,9.2,12.47,72.41,0.01,9.1,9.578
2023-10-02,17.2,11.0,0.0,0.01878,2.88,17.26,8.7,11.89,76.81,0.16,22.06,9.581
2023-10-03,18.2,9.6,1.0,0.02305,3.5,15.64,8.49,11.2,77.81,0.38,23.34,9.619
2023-10-04,18.0,7.7,0.0,0.02409,3.47,19.47,7.3,12.55,62.15,0.0,25.48,9.595
2023-10-05,16.6,9.4,0.0,0.02127,3.12,19.18,7.1,12.14,67.22,0.0,21.61,9.578
2023-10-06,17.4,9.0,0.0,0.02307,3.53,17.8,6.88,11.84,66.36,0.01,25.39,9.634
2023-10-07,19.4,7.2,0.0,0.02478,3.73,20.3,8.42,13.82,53.59,0.0,26.5,9.632
2023-10-08,18.8,9.1,0.0,0.02266,3.39,22.81,9.01,15.63,49.15,0.0,24.48,9.61
2023-10-09,18.9,10.0,0.0,0.02531,3.76,23.0,11.41,16.2,51.12,0.0,24.48,9.574
2023-10-10,17.0,9.3,0.0,0.02146,3.19,19.73,8.59,13.7,62.87,0.0,13.44,9.605
2023-10-11,16.8,5.3,0.0,0.0256,3.62,20.51,7.23,13.16,61.37,0.0,25.3,9.617
2023-10-12,20.2,7.6,0.0,0.026199999999999998,4.06,23.75,8.24,15.42,49.36,0.0,27.04,9.588
2023-10-13,19.3,9.1,0.0,0.02526,3.8,24.13,10.97,15.91,45.49,0.0,26.34,9.577
2023-10-14,18.6,8.0,0.0,0.02605,3.83,23.21,10.87,16.12,46.37,0.0,19.74,9.592
2023-10-15,18.1,8.0,0.0,0.024059999999999998,3.52,21.84,9.63,14.74,53.0,0.0,21.28,9.599
2023-10-16,19.0,6.8,0.0,0.0265,3.99,22.82,9.62,15.3,48.7,0.0,28.0,9.587
2023-10-17,19.5,9.8,0.0,0.02646,4.02,22.02,10.17,15.55,55.33,0.0,26.53,9.558
2023-10-18,20.2,8.9,1.6,0.019399999999999997,3.35,20.52,10.19,14.48,61.89,0.0,25.17,9.611
2023-10-19,19.9,7.0,0.0,0.023989999999999997,3.72,23.76,11.59,16.94,41.34,0.0,22.88,9.562999999999999
2023-10-20,18.3,10.3,0.0,0.01973,3.09,19.93,11.24,15.0,64.88,0.0,10.53,9.564
2023-10-21,16.2,12.2,0.0,0.00738,1.45,17.88,10.77,13.87,74.43,0.0,11.92,9.581999999999999
2023-10-22,18.5,10.9,0.0,0.01853,2.89,19.05,10.24,13.98,75.08,0.1,12.0,9.59
2023-10-23,19.5,10.3,0.0,0.02072,3.21,20.37,9.59,14.41,69.03,0.12,18.32,9.625
2023-10-24,18.4,9.0,0.0,0.02513,3.72,21.38,9.11,14.49,64.16,0.02,17.93,9.599
2023-10-25,18.5,10.7,0.0,0.02409,3.61,21.64,9.39,14.86,64.24,0.01,18.61,9.565000000000001
2023-10-26,17.8,10.7,0.0,0.0256,3.94,20.26,8.13,13.58,64.65,0.02,18.91,9.562000000000001
2023-10-27,18.8,7.8,0.0,0.02048,3.34,18.58,8.32,12.54,65.88,0.05,17.25,9.584
2023-10-28,16.7,9.6,1.4,0.01377,2.52,19.07,9.95,13.51,59.99,0.08,14.2,9.589
2023-10-29,20.1,10.6,2.4,0.019149999999999997,3.29,18.92,10.2,13.85,74.53,1.74,19.88,9.620999999999999
2023-10-30,18.2,10.5,0.0,0.01979,3.21,20.12,10.39,14.2,61.06,0.0,19.49,9.61
2023-10-31,19.1,6.8,0.0,0.02861,4.34,21.51,8.38,14.16,53.77,0.0,28.7,9.59
2023-11-01,16.3,6.3,6.6,0.01598,2.52,17.67,8.02,12.21,61.21,0.0,15.53,9.591
2023-11-02,18.2,6.9,0.2,0.02549,3.89,16.25,6.56,11.62,64.87,0.18,26.5,9.622
2023-11-03,26.4,7.6,0.0,0.02966,5.48,27.32,8.71,18.28,36.46,0.0,31.02,9.57
2023-11-04,20.2,10.9,0.0,0.02082,3.44,20.8,9.94,15.22,62.94,0.07,22.08,9.562000000000001
2023-11-05,19.6,12.5,0.0,0.02716,4.34,22.29,10.22,15.56,56.68,0.04,30.6,9.574
2023-11-06,18.6,9.7,0.0,0.02248,3.62,21.85,10.57,15.25,57.36,0.0,20.66,9.577
2023-11-07,23.2,9.3,0.0,0.02932,5.04,24.35,9.77,16.88,54.03,0.0,30.87,9.605
2023-11-08,23.9,8.9,0.0,0.02983,5.13,25.18,11.24,18.37,42.33,0.0,31.57,9.565000000000001
2023-11-09,20.2,11.3,0.1,0.02111,3.57,24.37,12.91,17.73,47.83,0.67,20.59,9.536
2023-11-10,18.3,12.7,17.0,0.00875,1.62,18.26,10.52,14.62,71.04,2.05,6.89,9.562999999999999
2023-11-11,18.3,12.4,0.2,0.01703,2.86,20.36,9.97,14.07,68.66,0.03,19.56,9.584
2023-11-12,17.2,9.2,0.0,0.02197,3.36,17.06,7.93,12.43,67.49,0.0,20.56,9.597
2023-11-13,18.9,7.5,0.0,0.03033,4.51,21.88,5.84,14.27,55.32,0.0,31.58,9.584
2023-11-14,18.5,7.8,0.0,0.02795,4.16,20.87,9.92,14.83,52.33,0.0,27.92,9.565000000000001
2023-11-15,17.3,7.8,0.0,0.02784,4.07,20.04,8.63,13.7,53.07,0.0,25.12,9.59
2023-11-16,17.5,6.5,0.0,0.03082,4.49,21.11,8.22,14.31,51.84,0.0,30.61,9.58
2023-11-17,19.1,10.3,0.0,0.01516,2.73,20.0,8.73,14.15,59.08,0.01,18.49,9.602
2023-11-18,21.4,8.6,0.0,0.030359999999999998,4.85,24.06,11.41,17.47,44.0,0.0,29.31,9.592
2023-11-19,20.6,8.9,0.0,0.030199999999999998,4.73,24.65,11.48,17.57,45.24,0.0,30.86,9.593
2023-11-20,20.9,9.0,0.0,0.03039,4.83,24.29,10.49,17.48,49.11,0.0,29.44,9.591
2023-11-21,20.2,10.2,0.0,0.02887,4.55,22.5,11.47,16.75,56.38,0.0,24.76,9.59
2023-11-22,21.3,9.6,0.0,0.03055,4.93,22.97,9.97,16.5,50.65,0.0,31.41,9.598
2023-11-23,22.8,10.7,0.0,0.03102,5.22,25.15,13.46,19.1,43.84,0.0,32.17,9.579
2023-11-24,20.5,10.6,0.0,0.02939,4.67,24.29,12.2,17.79,55.65,0.09,25.43,9.601
2023-11-25,20.3,10.8,0.0,0.02133,3.47,24.42,10.91,17.67,58.31,0.1,19.04,9.577
2023-11-26,20.9,12.5,0.1,0.020739999999999998,3.48,23.02,12.94,17.77,59.46,0.65,18.22,9.554
2023-11-27,21.9,13.6,0.1,0.02214,3.95,23.7,12.07,17.58,59.39,0.05,16.88,9.572
2023-11-28,19.6,12.7,0.3,0.0175,3.05,22.38,11.21,16.1,61.7,0.02,17.53,9.592
2023-11-29,23.6,9.4,0.0,0.03133,5.4,26.74,10.57,18.53,49.27,0.0,32.73,9.562999999999999
2023-11-30,21.0,10.9,0.0,0.02666,4.46,23.57,11.78,17.38,57.1,0.03,19.03,9.562999999999999
2023-12-01,20.7,13.1,0.1,0.02497,4.13,23.1,11.04,16.58,59.18,0.03,25.1,9.6
2023-12-02,21.5,9.9,0.0,0.03096,4.98,23.15,10.36,16.7,53.15,0.02,32.2,9.597
2023-12-03,22.3,9.7,0.0,0.03164,5.31,25.76,11.79,18.49,39.12,0.0,32.84,9.558
2023-12-04,21.5,10.1,0.0,0.03177,5.11,23.36,11.34,17.36,50.17,0.01,24.56,9.553
2023-12-05,20.2,12.2,0.0,0.02841,4.74,22.08,10.22,15.79,59.16,0.05,25.37,9.584999999999999
2023-12-06,20.9,9.3,0.0,0.032119999999999996,5.02,24.47,10.66,17.57,46.35,0.06,28.87,9.593
2023-12-07,22.9,10.8,0.0,0.03053,5.13,28.0,13.56,20.21,39.09,0.01,23.08,9.568999999999999
2023-12-08,20.4,11.6,0.0,0.02411,3.91,24.63,12.39,18.13,54.48,0.07,19.57,9.58
2023-12-09,26.4,10.4,0.0,0.03158,5.89,28.63,12.66,20.83,37.33,0.0,33.73,9.565000000000001
2023-12-10,23.2,14.8,0.0,0.032060000000000005,5.59,27.71,13.4,21.45,43.33,0.08,30.51,9.519
2023-12-11,21.1,13.9,0.5,0.0248,4.24,25.56,11.69,18.55,55.83,0.01,22.55,9.551
2023-12-12,22.6,10.7,0.0,0.03178,5.33,26.76,13.4,19.77,47.19,0.0,30.81,9.549
2023-12-13,23.3,11.1,0.0,0.03209,5.54,27.19,13.37,19.81,45.65,0.0,32.66,9.532
2023-12-14,20.8,12.7,0.2,0.02996,4.94,24.27,11.72,17.29,57.42,0.0,28.93,9.539
2023-12-15,20.4,11.3,0.0,0.02804,4.58,24.52,11.69,17.49,53.39,0.0,27.96,9.534
2023-12-16,19.9,11.6,0.0,0.02481,4.17,19.78,10.0,14.31,69.61,0.0,21.25,9.574
2023-12-17,21.8,10.3,0.0,0.03189,5.37,23.0,9.8,16.37,59.35,0.01,32.95,9.592
2023-12-18,22.9,10.4,0.0,0.03236,5.48,26.2,10.16,18.06,49.25,0.0,33.74,9.554
2023-12-19,19.7,12.0,0.0,0.0291,4.74,21.81,10.91,15.76,62.74,0.0,29.49,9.577
2023-12-20,21.7,9.8,0.0,0.03222,5.24,24.64,10.17,17.73,51.09,0.0,33.27,9.568000000000001
2023-12-21,21.4,11.6,0.0,0.03136,5.07,24.84,11.93,18.09,56.6,0.01,21.61,9.574
2023-12-22,21.8,11.6,0.0,0.02902,4.8,25.91,12.51,19.44,51.66,0.02,23.85,9.568000000000001
2023-12-23,21.3,12.0,0.0,0.02889,4.71,26.86,14.86,20.34,48.05,0.04,22.22,9.567
2023-12-24,20.2,12.0,0.2,0.0211,3.58,25.72,13.32,19.78,51.12,0.04,21.39,9.587
2023-12-25,23.7,10.3,0.0,0.03196,5.32,31.37,17.07,23.94,30.2,0.01,25.86,9.55
2023-12-26,22.1,13.2,0.9,0.01824,3.31,27.27,16.12,21.35,51.08,0.02,17.56,9.568999999999999
2023-12-27,21.5,15.1,0.0,0.02091,3.69,25.14,14.69,19.17,64.77,0.01,26.98,9.562999999999999
2023-12-28,21.9,15.1,0.2,0.01476,2.88,21.26,13.01,16.88,70.32,0.02,13.02,9.605
2023-12-29,23.3,14.2,0.0,0.03148,5.39,25.33,13.37,18.65,61.27,0.04,31.53,9.599
2023-12-30,22.4,15.2,0.1,0.02143,3.87,24.42,12.81,17.58,67.66,0.05,24.56,9.602
2023-12-31,22.7,13.4,0.0,0.03127,5.39,25.18,11.52,18.11,58.73,0.0,33.13,9.606
2024-01-01,22.4,12.0,0.0,0.031129999999999998,5.2,26.67,12.57,19.28,53.54,0.0,31.08,9.594
2024-01-02,22.9,13.2,0.0,0.030109999999999998,5.13,27.95,12.78,20.26,53.34,0.02,22.57,9.583
2024-01-03,22.9,14.1,0.1,0.0247,4.31,27.33,14.93,20.73,50.3,0.05,22.29,9.572
2024-01-04,23.9,14.2,0.4,0.02401,4.19,26.01,14.49,20.17,55.11,0.02,20.0,9.588
2024-01-05,22.9,14.1,0.3,0.023100000000000002,4.05,25.15,15.17,19.77,59.93,0.03,18.88,9.592
2024-01-06,23.0,13.6,0.0,0.02375,4.15,24.6,13.82,18.67,67.16,0.02,20.03,9.581
2024-01-07,25.4,13.2,0.0,0.03082,5.66,26.83,12.88,19.9,55.34,0.0,32.88,9.572
2024-01-08,25.2,12.2,0.0,0.0319,5.72,26.63,14.53,19.78,50.44,0.0,33.5,9.573
2024-01-09,23.2,12.3,0.0,0.031920000000000004,5.42,25.59,13.56,18.73,55.61,0.0,30.48,9.584
2024-01-10,23.7,12.9,0.0,0.03126,5.39,24.51,12.12,18.17,57.1,0.01,28.57,9.581999999999999
2024-01-11,23.0,13.8,0.0,0.030440000000000002,5.2,25.3,13.58,18.98,51.47,0.01,28.62,9.589
2024-01-12,22.4,14.2,0.0,0.0251,4.35,25.28,13.5,18.68,55.8,0.29,23.94,9.581999999999999
2024-01-13,22.3,13.6,0.0,0.02831,4.87,24.18,12.72,18.15,57.89,0.04,25.59,9.596
2024-01-14,26.6,11.7,0.0,0.03207,6.06,29.99,13.88,21.58,36.03,0.0,33.59,9.58
2024-01-15,23.4,12.0,0.0,0.03182,5.39,26.67,13.46,19.84,48.96,0.01,25.76,9.568999999999999
2024-01-16,24.1,12.1,0.0,0.03146,5.62,27.83,11.5,20.32,45.09,0.0,31.87,9.564
2024-01-17,22.3,12.9,0.0,0.02576,4.41,25.6,15.2,20.34,53.49,0.0,21.12,9.555
2024-01-18,24.4,12.3,0.0,0.03059,5.41,28.25,14.4,21.09,48.88,0.0,30.8,9.57
2024-01-19,24.5,12.6,0.0,0.03127,5.51,28.58,16.37,21.8,41.6,0.0,32.42,9.553
2024-01-20,23.8,12.5,0.0,0.03068,5.23,27.05,15.78,20.52,50.0,0.01,26.65,9.556000000000001
2024-01-21,22.9,12.8,0.0,0.02809,4.81,28.51,14.64,21.52,42.66,0.06,25.4,9.564
2024-01-22,22.5,12.1,0.0,0.02934,4.86,27.74,16.89,22.18,49.93,1.62,21.46,9.554
2024-01-23,22.7,13.5,0.0,0.02451,4.21,28.17,17.47,22.42,50.77,0.09,20.21,9.559999999999999
2024-01-24,22.5,12.8,0.0,0.02739,4.57,27.98,17.92,22.56,46.79,0.04,21.05,9.546
2024-01-25,23.2,13.9,0.0,0.02496,4.3,27.5,17.72,22.31,50.49,0.03,16.61,9.556000000000001
2024-01-26,23.9,14.6,0.0,0.02526,4.5,27.22,17.05,21.73,49.0,0.0,20.36,9.583
2024-01-27,23.3,14.4,0.0,0.02555,4.39,27.62,16.16,21.58,54.44,0.22,19.83,9.561
2024-01-28,24.0,15.5,0.1,0.019960000000000002,3.61,26.39,16.66,21.03,59.46,0.51,17.7,9.576
2024-01-29,22.4,13.3,0.0,0.0217,3.77,27.64,17.34,21.82,53.3,0.1,19.83,9.578
2024-01-30,24.8,13.6,0.0,0.02481,4.49,32.54,17.38,24.84,36.5,0.0,24.63,9.562000000000001
2024-01-31,27.0,13.1,0.0,0.030010000000000002,5.64,31.2,18.97,24.58,36.34,0.28,28.8,9.565000000000001
2024-02-01,25.0,13.5,0.0,0.02955,5.24,28.96,17.57,23.24,41.86,0.62,27.75,9.568000000000001
2024-02-02,28.5,13.6,0.0,0.02831,5.47,32.66,16.68,24.2,43.09,0.16,27.36,9.575
2024-02-03,29.5,15.1,0.0,0.02985,5.93,32.73,17.99,24.52,37.7,0.3,31.45,9.540000000000001
2024-02-04,23.8,14.8,0.0,0.02336,4.19,26.89,17.15,21.62,56.7,0.01,23.98,9.546
2024-02-05,24.2,14.4,0.0,0.02862,5.02,29.77,16.69,22.37,51.45,0.14,25.82,9.565999999999999
2024-02-06,23.5,14.8,0.0,0.02447,4.31,26.51,16.37,21.26,55.68,1.35,21.98,9.58
2024-02-07,25.5,14.2,0.0,0.027579999999999997,4.8,29.92,17.55,23.14,48.39,0.01,21.82,9.562999999999999
2024-02-08,24.9,16.0,0.0,0.02652,4.87,27.41,17.26,21.82,59.91,0.62,26.29,9.562999999999999
2024-02-09,23.8,16.0,0.0,0.0265,4.7,27.06,16.13,21.09,56.72,0.15,26.16,9.579
2024-02-10,24.2,13.2,0.0,0.02786,4.88,28.04,15.7,21.28,53.43,0.02,25.55,9.575
2024-02-11,22.5,13.9,0.0,0.023129999999999998,3.98,26.91,15.78,20.59,56.32,0.05,21.08,9.578
2024-02-12,26.3,13.6,0.0,0.02811,5.25,31.33,16.34,23.42,40.59,0.0,29.28,9.551
2024-02-13,23.3,13.6,0.3,0.021,3.69,26.94,16.31,21.25,51.72,0.04,21.95,9.559000000000001
2024-02-14,24.8,13.9,0.0,0.026539999999999998,4.67,27.86,16.48,21.24,56.69,0.02,22.24,9.565999999999999
2024-02-15,23.1,15.2,0.0,0.0198,3.53,27.78,17.54,22.03,55.09,0.01,17.21,9.562000000000001
2024-02-16,22.0,14.7,0.0,0.01803,3.16,27.27,16.82,20.97,55.69,0.02,14.93,9.573
2024-02-17,25.9,12.9,0.0,0.02725,4.92,30.1,16.26,22.55,43.43,0.0,25.53,9.556999999999999
2024-02-18,24.0,13.8,0.0,0.026949999999999998,4.64,26.51,16.91,21.7,51.04,0.05,22.38,9.545
2024-02-19,22.9,15.5,0.4,0.01653,3.1,26.05,16.22,20.15,61.29,0.01,14.46,9.565999999999999
2024-02-20,24.9,16.1,0.0,0.026010000000000002,4.73,25.46,15.37,19.86,65.49,0.01,25.55,9.587
2024-02-21,24.7,15.7,0.0,0.023940000000000003,4.45,23.96,14.74,18.92,70.5,0.5,25.06,9.58
2024-02-22,20.6,17.2,2.3,0.006,1.37,21.8,14.4,17.43,74.06,0.34,7.86,9.597
2024-02-23,27.3,15.6,0.0,0.02287,4.53,25.86,14.23,20.05,62.04,0.5,24.0,9.59
2024-02-24,25.6,16.4,0.0,0.025929999999999998,4.72,25.9,16.09,20.14,61.03,0.09,22.57,9.592
2024-02-25,23.8,14.3,0.0,0.0256,4.41,26.97,16.55,20.85,58.44,0.03,19.01,9.597
2024-02-26,23.6,14.9,0.0,0.02468,4.31,28.28,16.11,21.6,51.28,0.0,24.12,9.59
2024-02-27,23.9,14.2,0.0,0.02497,4.36,26.32,15.53,20.47,55.53,0.01,17.97,9.573
2024-02-28,25.3,14.0,0.0,0.02517,4.54,28.74,14.96,21.55,50.73,0.01,23.68,9.57
2024-02-29,25.2,15.1,0.0,0.023170000000000003,4.19,28.02,16.7,21.62,50.48,0.03,21.46,9.57
2024-03-01,22.7,13.6,0.0,0.02041,3.63,26.39,14.89,20.17,51.8,0.0,18.62,9.581
2024-03-02,24.6,14.6,0.0,0.022719999999999997,4.18,28.15,16.5,21.2,44.2,0.0,24.54,9.583
2024-03-03,24.9,13.9,0.0,0.02453,4.43,26.43,16.48,20.85,47.42,0.0,24.58,9.587
2024-03-04,24.6,13.0,0.0,0.02513,4.46,28.2,16.87,21.92,37.93,0.0,25.47,9.568000000000001
2024-03-05,21.8,13.3,0.0,0.01973,3.38,26.2,16.82,20.57,47.74,0.0,16.75,9.562000000000001
2024-03-06,22.8,13.4,0.0,0.020489999999999998,3.57,26.46,14.91,20.32,47.78,0.0,19.12,9.562000000000001
2024-03-07,22.7,12.8,0.0,0.023960000000000002,4.21,24.9,13.51,18.55,49.57,0.0,23.16,9.584
2024-03-08,24.1,10.9,0.0,0.02504,4.5,26.41,13.13,19.04,47.39,0.0,26.16,9.594
2024-03-09,24.6,10.7,0.0,0.02475,4.44,27.84,14.56,19.97,45.97,0.0,25.27,9.574
2024-03-10,22.6,12.3,0.0,0.02137,3.74,25.08,14.21,18.47,57.56,0.0,18.52,9.576
2024-03-11,21.7,12.6,0.0,0.019760000000000003,3.42,25.23,13.47,18.37,58.78,0.0,21.33,9.588
2024-03-12,24.3,11.0,0.0,0.024149999999999998,4.32,26.91,12.46,18.9,55.22,0.0,25.32,9.592
2024-03-13,22.8,13.3,0.0,0.022010000000000002,3.85,25.58,13.45,18.71,53.75,0.0,24.58,9.583
2024-03-14,23.2,11.2,0.0,0.023829999999999997,4.16,26.54,13.89,18.95,44.8,0.0,25.2,9.565000000000001
2024-03-15,21.9,11.8,0.0,0.02283,3.87,24.29,12.74,17.34,51.73,0.0,24.87,9.565000000000001
2024-03-16,22.3,10.2,0.0,0.023469999999999998,4.01,25.85,12.35,18.25,44.24,0.0,24.79,9.564
2024-03-17,22.9,10.9,0.0,0.022940000000000002,3.92,26.67,13.45,18.93,42.3,0.0,22.83,9.547
2024-03-18,24.1,10.8,0.0,0.022920000000000003,4.12,27.24,14.93,20.13,38.07,0.0,23.71,9.539
2024-03-19,21.8,12.1,0.0,0.02255,3.68,25.41,14.17,19.18,53.76,0.01,18.11,9.561
2024-03-20,21.4,11.9,0.1,0.01218,2.34,20.71,13.82,16.66,68.46,0.08,12.21,9.584999999999999
2024-03-21,26.7,13.0,0.0,0.022010000000000002,4.2,27.18,14.97,20.32,46.94,0.01,21.76,9.581
2024-03-22,24.6,13.3,0.0,0.02169,3.88,27.92,17.18,21.8,42.95,0.0,21.87,9.584999999999999
2024-03-23,23.0,12.0,0.0,0.02109,3.55,27.65,16.94,21.19,49.19,0.01,16.06,9.584999999999999
2024-03-24,22.6,13.1,0.0,0.019399999999999997,3.29,27.98,17.04,21.47,48.72,0.0,18.41,9.558
2024-03-25,21.7,13.6,0.0,0.01473,2.58,25.11,15.84,20.2,55.04,0.01,11.38,9.559999999999999
2024-03-26,22.2,13.1,0.0,0.0173,2.96,27.59,16.03,21.11,52.33,0.01,14.31,9.58
2024-03-27,23.2,13.5,0.0,0.020399999999999998,3.46,26.02,16.12,20.46,53.79,0.08,13.44,9.595
2024-03-28,22.5,13.9,0.0,0.019469999999999998,3.24,24.03,16.22,19.37,55.41,0.94,12.99,9.581
2024-03-29,22.7,13.7,0.0,0.016640000000000002,2.86,26.34,15.66,20.31,51.01,0.04,11.97,9.592
2024-03-30,24.3,13.3,0.0,0.018920000000000003,3.42,29.57,17.16,22.3,39.5,0.01,19.14,9.574
2024-03-31,26.3,13.4,0.0,0.02034,3.95,26.68,16.44,20.58,34.35,0.02,21.17,9.592
2024-04-01,23.2,11.4,0.0,0.01899,3.42,24.86,13.37,17.97,42.67,0.0,19.9,9.587
2024-04-02,22.6,11.2,0.0,0.01993,3.6,24.01,13.26,18.12,47.99,0.01,19.59,9.579
2024-04-03,22.8,12.2,0.0,0.01858,3.21,24.33,13.86,17.89,56.59,0.02,17.62,9.597
2024-04-04,22.2,11.4,0.0,0.01898,3.25,24.85,13.28,18.02,50.86,0.0,20.26,9.599
2024-04-05,22.0,12.3,0.0,0.01961,3.33,24.13,12.88,18.06,48.92,0.01,20.2,9.601
2024-04-06,19.8,11.8,0.0,0.01872,2.91,23.33,11.26,16.83,54.56,0.0,19.62,9.603
2024-04-07,21.3,10.8,0.0,0.019399999999999997,3.17,25.17,13.83,18.67,43.54,0.0,20.09,9.558
2024-04-08,20.2,11.7,0.0,0.01781,2.82,24.91,12.84,17.68,49.7,0.0,12.09,9.574
2024-04-09,20.5,10.1,0.0,0.01774,2.75,23.64,14.07,18.13,42.64,0.0,12.61,9.575
2024-04-10,20.0,10.6,0.0,0.01786,2.79,23.42,12.89,17.2,46.64,0.0,15.4,9.558
2024-04-11,19.0,9.8,0.0,0.01376,2.37,20.85,11.96,15.16,60.69,0.01,13.5,9.584999999999999
2024-04-12,18.8,11.5,0.0,0.007980000000000001,1.52,17.66,10.54,13.33,75.49,0.05,9.83,9.574
2024-04-13,20.2,8.8,0.0,0.01662,2.76,16.87,10.09,12.74,81.15,0.86,17.23,9.565999999999999
2024-04-14,21.0,11.0,0.1,0.015449999999999998,2.61,18.84,10.77,14.04,75.21,0.16,15.58,9.573
2024-04-15,21.8,12.8,0.0,0.01423,2.48,20.3,11.84,14.8,69.23,0.02,13.42,9.61
2024-04-16,23.8,10.4,0.0,0.01772,3.2,23.98,11.06,16.48,44.11,0.0,18.73,9.623000000000001
2024-04-17,26.8,11.3,0.0,0.01778,3.5,29.68,13.76,20.81,24.21,0.0,18.74,9.576
2024-04-18,23.0,13.3,0.0,0.017329999999999998,3.02,28.39,15.34,20.49,35.55,0.0,17.44,9.554
2024-04-19,21.0,10.3,0.0,0.01569,2.57,25.1,14.86,18.45,43.3,0.0,14.96,9.578
2024-04-20,19.0,11.9,0.0,0.01103,1.82,21.51,13.39,16.22,53.73,0.0,11.2,9.578
2024-04-21,20.3,12.6,0.0,0.00594,1.49,18.51,12.35,14.77,73.63,0.31,7.46,9.581999999999999
2024-04-22,21.1,11.5,0.0,0.013529999999999999,2.31,20.48,11.33,14.68,81.0,0.25,12.91,9.602
2024-04-23,21.6,10.5,0.0,0.016329999999999997,2.76,23.33,11.15,16.03,57.32,0.0,17.52,9.594
2024-04-24,20.7,9.6,0.0,0.016079999999999997,2.52,21.29,11.33,14.9,54.82,0.0,15.79,9.598
2024-04-25,22.4,7.6,0.0,0.01531,2.84,22.3,11.68,15.29,49.13,0.0,15.51,9.591
2024-04-26,20.3,9.1,0.0,0.015609999999999999,2.59,20.18,10.78,14.27,63.28,0.0,16.79,9.607
2024-04-27,19.2,7.7,0.0,0.01587,2.55,21.16,9.19,13.82,50.44,0.0,17.14,9.615
2024-04-28,17.2,7.1,0.0,0.013640000000000001,2.14,18.02,9.4,12.54,45.5,0.0,13.76,9.576
2024-04-29,18.3,6.2,0.0,0.015359999999999999,2.62,17.36,9.27,12.58,59.9,0.06,16.16,9.588
2024-04-30,19.8,9.4,0.0,0.01451,2.58,19.45,11.04,13.84,67.01,1.16,14.8,9.604000000000001
2024-05-01,18.1,9.0,0.0,0.012119999999999999,1.98,16.05,7.87,11.73,63.11,0.0,12.32,9.599
2024-05-02,15.5,6.1,0.0,0.01192,1.8,17.19,6.94,10.64,45.33,0.0,12.53,9.576
2024-05-03,16.9,6.4,0.0,0.0149,2.29,17.24,6.34,10.81,52.85,0.0,15.79,9.599
2024-05-04,20.2,5.4,0.0,0.01478,2.56,19.19,8.54,12.99,46.89,0.0,15.37,9.594
2024-05-05,18.1,8.7,0.0,0.01071,1.75,17.8,9.01,12.97,54.75,0.0,11.18,9.583
2024-05-06,17.0,6.2,0.0,0.01426,2.2,17.48,8.71,12.02,62.38,0.0,15.05,9.573
2024-05-07,15.8,6.1,42.0,0.00443,1.05,12.76,4.91,8.58,76.41,4.1,3.07,9.591
2024-05-08,17.5,4.0,0.0,0.01431,2.16,21.06,4.77,11.95,41.22,0.0,15.48,9.607
2024-05-09,15.8,6.8,0.0,0.014039999999999999,1.93,18.95,8.3,12.18,46.39,0.0,15.14,9.579
2024-05-10,16.2,5.5,0.0,0.01196,1.76,15.27,7.02,10.56,67.99,0.01,9.77,9.616
2024-05-11,15.9,5.5,0.0,0.01326,1.87,16.0,5.55,9.48,73.08,0.0,13.9,9.619
2024-05-12,16.1,3.8,0.0,0.013710000000000002,1.97,15.06,5.93,9.53,61.9,0.03,14.37,9.623999999999999
2024-05-13,15.2,7.0,0.0,0.013710000000000002,1.87,17.1,5.83,10.46,43.3,0.04,14.65,9.608
2024-05-14,14.5,6.6,0.0,0.01262,1.73,15.84,8.01,10.56,52.31,0.01,13.82,9.578
2024-05-15,14.7,6.1,0.0,0.0075,1.3,13.21,7.08,9.26,77.12,0.0,7.44,9.593
2024-05-16,17.0,4.3,0.0,0.01324,2.14,15.89,6.98,10.09,59.76,0.0,14.1,9.608
2024-05-17,16.8,4.6,0.0,0.013,1.94,15.03,5.56,9.5,62.61,0.0,13.5,9.623999999999999
2024-05-18,16.1,4.6,0.0,0.013009999999999999,1.95,16.89,6.61,10.57,54.42,0.0,13.75,9.652
2024-05-19,18.0,4.6,0.0,0.01111,1.83,20.68,8.48,13.26,29.75,0.0,11.99,9.608
2024-05-20,14.6,9.3,16.6,0.00312,0.87,17.21,11.5,13.86,54.45,0.59,1.79,9.575
2024-05-21,16.1,9.4,2.3,0.01067,1.56,17.68,10.31,12.77,74.32,11.34,10.37,9.568000000000001
2024-05-22,12.4,10.3,7.0,0.00186,0.47,14.18,6.07,10.55,83.67,5.19,3.25,9.586
2024-05-23,16.2,7.2,9.3,0.01194,1.74,14.19,4.53,8.96,69.65,1.46,12.89,9.645999999999999
2024-05-24,17.9,6.2,0.0,0.00495,1.14,18.79,9.37,13.56,47.22,0.0,5.76,9.591
2024-05-25,16.2,8.0,0.0,0.00824,1.32,17.11,7.59,12.18,72.96,0.03,7.46,9.598
2024-05-26,18.1,7.4,7.6,0.01086,1.73,16.22,7.16,11.09,77.3,0.23,12.09,9.622
2024-05-27,16.5,6.8,0.0,0.00725,1.25,16.58,9.59,12.73,48.36,0.0,8.64,9.61
2024-05-28,15.4,8.6,0.0,0.01025,1.49,21.33,11.43,14.46,49.97,0.01,9.66,9.601
2024-05-29,17.3,8.3,0.0,0.01062,1.55,21.23,11.64,15.09,47.14,0.01,11.84,9.616
2024-05-30,19.0,8.5,0.0,0.0114,1.76,21.82,13.04,16.37,49.47,0.0,8.99,9.584999999999999
2024-05-31,14.9,9.3,0.0,0.00671,1.0,17.55,10.81,14.37,54.84,0.0,4.8,9.591
2024-06-01,19.1,8.2,0.0,0.01104,1.74,21.58,11.49,15.12,51.8,0.0,10.84,9.586
2024-06-02,20.1,10.2,0.0,0.00809,1.32,22.17,11.78,16.14,49.97,0.0,8.33,9.564
2024-06-03,14.1,8.5,0.0,0.0039,0.65,18.75,11.65,14.96,63.54,0.0,3.79,9.572
2024-06-04,14.1,9.2,0.8,0.00217,0.51,18.38,12.57,14.88,55.12,0.0,4.16,9.571
2024-06-05,16.3,9.1,0.0,0.00441,0.83,17.05,13.79,15.18,56.61,0.0,4.38,9.587
2024-06-06,18.0,10.3,0.0,0.00297,0.78,20.61,13.31,15.84,61.32,0.0,5.77,9.608
2024-06-07,24.5,10.5,0.0,0.01017,1.96,21.75,13.35,16.45,56.77,0.0,9.3,9.565000000000001
2024-06-08,17.4,10.1,3.3,0.005889999999999999,1.12,16.15,10.98,13.58,76.41,3.75,8.03,9.565000000000001
2024-06-09,16.0,11.0,28.2,0.00391,0.82,16.0,10.38,12.7,82.88,0.34,4.48,9.594
2024-06-10,16.8,10.9,0.8,0.00408,0.86,16.68,10.23,13.19,75.26,0.0,4.43,9.575
2024-06-11,17.5,10.3,1.0,0.00591,1.05,19.75,11.34,15.0,62.45,0.01,5.63,9.556000000000001
2024-06-12,17.5,9.3,0.0,0.00658,1.31,19.18,11.58,14.56,65.99,4.74,5.63,9.525
2024-06-13,14.3,11.8,67.7,0.00181,0.59,14.67,10.31,11.9,85.59,20.64,2.51,9.543000000000001
2024-06-14,17.7,9.1,32.0,0.00874,1.46,14.71,10.37,11.74,85.22,2.21,8.81,9.618
2024-06-15,16.7,7.5,0.0,0.00879,1.4,15.06,9.87,11.92,76.4,0.0,8.66,9.628
2024-06-16,14.8,8.2,0.0,0.00905,1.22,16.23,8.44,11.09,78.58,0.01,7.97,9.620999999999999
2024-06-17,17.1,7.1,2.3,0.00966,1.46,16.52,8.2,11.44,68.25,0.22,11.01,9.603
2024-06-18,16.9,9.5,25.0,0.00666,1.27,14.32,10.16,11.67,86.87,1.58,3.9,9.583
2024-06-19,16.6,8.2,5.6,0.01067,1.53,16.23,8.57,11.36,79.3,0.27,10.95,9.595
2024-06-20,16.0,8.5,0.0,0.0064,1.08,12.41,8.65,10.4,81.8,1.09,5.85,9.573
2024-06-21,13.4,9.4,52.1,0.00055,0.52,13.67,8.07,10.86,82.86,21.59,1.64,9.571
2024-06-22,12.3,8.8,19.2,0.00182,0.53,10.4,7.93,8.81,89.15,1.15,3.07,9.623999999999999
2024-06-23,13.9,6.8,0.0,0.00897,1.28,12.3,6.44,8.72,78.76,0.0,9.02,9.623000000000001
2024-06-24,10.0,6.2,0.0,0.0019199999999999998,0.46,11.71,4.82,7.84,77.36,0.81,4.48,9.616
2024-06-25,13.2,2.9,0.0,0.01035,1.45,12.91,2.75,7.14,69.86,0.0,11.8,9.661
2024-06-26,16.0,3.3,0.0,0.01126,1.63,19.85,5.07,12.17,43.77,0.0,11.85,9.637
2024-06-27,16.8,9.3,0.0,0.01055,1.52,18.86,10.19,13.65,64.05,0.0,8.92,9.592
2024-06-28,14.7,8.8,0.0,0.01019,1.33,19.9,7.97,12.92,60.08,0.0,11.85,9.607
2024-06-29,17.3,7.7,0.0,0.009640000000000001,1.39,20.59,11.67,14.75,43.04,0.0,10.01,9.612
2024-06-30,17.8,7.8,0.0,0.01151,1.72,21.4,11.57,15.1,45.78,0.0,12.33,9.615
2024-07-01,20.3,8.9,0.0,0.011380000000000001,1.78,21.24,12.54,15.43,44.58,0.0,12.32,9.606
2024-07-02,19.1,8.9,0.0,0.01141,1.8,20.51,11.69,14.83,46.62,0.0,12.2,9.606
2024-07-03,16.9,8.7,0.0,0.01059,1.65,21.54,11.27,14.63,47.81,0.0,11.6,9.593
2024-07-04,12.8,5.7,0.0,0.00932,1.17,17.5,8.03,11.9,49.28,0.0,11.71,9.6
2024-07-05,13.1,4.5,0.0,0.01128,1.37,17.12,7.77,11.21,45.26,0.0,12.27,9.6
2024-07-06,11.9,4.4,0.0,0.01041,1.23,16.13,5.96,10.19,48.25,0.0,12.49,9.626999999999999
2024-07-07,13.1,3.7,0.0,0.01176,1.46,16.91,6.88,10.42,51.56,0.0,12.61,9.623000000000001
2024-07-08,11.7,3.6,0.0,0.01141,1.34,15.81,6.17,9.88,52.77,0.0,12.79,9.601
2024-07-09,11.3,4.2,0.0,0.010490000000000001,1.27,14.06,3.39,8.21,58.62,0.0,10.33,9.599
2024-07-10,12.7,2.2,0.0,0.011789999999999998,1.54,11.23,2.45,6.29,72.38,0.0,12.55,9.594
2024-07-11,13.0,2.5,0.0,0.0111,1.43,13.22,5.38,8.26,56.53,0.0,12.33,9.618
2024-07-12,12.5,2.4,0.0,0.009380000000000001,1.18,15.84,4.96,9.64,54.05,0.0,10.39,9.626999999999999
2024-07-13,12.4,1.7,0.0,0.011699999999999999,1.39,16.36,7.89,10.79,50.62,0.0,11.22,9.637
2024-07-14,10.5,5.5,0.0,0.00785,0.96,17.14,7.52,10.93,50.16,0.0,7.55,9.616
2024-07-15,10.9,4.4,0.0,0.00977,1.18,15.73,8.17,10.93,53.16,0.01,6.22,9.606
2024-07-16,14.0,4.0,0.0,0.01247,1.64,21.07,7.56,13.91,45.67,0.0,13.13,9.6
2024-07-17,13.8,5.3,0.0,0.011720000000000001,1.54,19.86,11.07,14.55,50.68,0.0,10.24,9.578
2024-07-18,14.4,5.8,0.0,0.00845,1.21,18.23,8.73,11.99,69.14,0.0,5.94,9.605
2024-07-19,13.4,7.7,0.0,0.00888,1.17,15.03,8.03,10.7,69.48,0.0,9.37,9.589
2024-07-20,13.2,7.6,0.0,0.00868,1.15,16.44,6.93,10.82,67.28,0.0,5.44,9.589
2024-07-21,16.4,8.0,0.0,0.01051,1.63,14.47,6.76,10.05,84.32,0.02,10.02,9.616
2024-07-22,16.4,7.3,0.0,0.01287,1.87,19.54,8.81,12.28,64.39,0.02,13.36,9.57
2024-07-23,15.4,8.1,0.3,0.00766,1.23,14.2,7.55,10.59,82.43,0.36,9.65,9.620999999999999
2024-07-24,18.9,6.4,0.0,0.01297,1.94,18.48,8.82,12.74,60.05,0.09,13.83,9.665000000000001
2024-07-25,14.3,7.9,0.0,0.011779999999999999,1.64,20.42,10.44,14.25,49.07,0.0,11.21,9.629999999999999
2024-07-26,13.8,7.4,0.0,0.009880000000000002,1.33,16.61,8.74,11.48,60.28,0.0,9.19,9.629999999999999
2024-07-27,14.5,6.5,0.0,0.011699999999999999,1.53,19.97,7.46,11.9,51.44,0.0,14.25,9.612
2024-07-28,13.9,4.7,0.0,0.013460000000000001,1.71,20.01,7.03,12.43,46.07,0.0,14.2,9.599
2024-07-29,19.7,6.6,0.0,0.01307,1.98,22.89,10.82,15.63,39.74,0.0,14.39,9.567
2024-07-30,13.9,6.9,0.0,0.005889999999999999,0.88,20.94,13.5,15.86,45.51,0.0,4.76,9.554
2024-07-31,12.7,9.3,0.6,0.0016,0.48,17.32,10.27,13.38,63.18,0.0,3.72,9.541
2024-08-01,14.2,11.0,3.5,0.00165,0.57,18.36,9.54,13.87,68.82,0.0,3.35,9.501999999999999
2024-08-02,14.7,9.3,75.4,0.004860000000000001,1.02,13.1,6.3,9.68,82.57,0.0,6.15,9.576
2024-08-03,17.7,6.3,14.5,0.013380000000000001,2.13,17.33,8.38,11.42,66.38,0.0,13.97,9.615
2024-08-04,16.9,7.2,0.0,0.011779999999999999,1.78,16.16,7.45,10.87,65.98,0.01,11.38,9.609
2024-08-05,14.7,8.7,26.1,0.00478,0.93,14.89,5.54,9.52,77.6,11.18,4.44,9.620999999999999
2024-08-06,14.6,6.3,4.5,0.013529999999999999,1.85,13.66,4.5,8.05,75.38,0.33,14.46,9.658
2024-08-07,11.8,3.5,0.0,0.01063,1.45,12.58,2.84,6.77,71.94,0.0,12.98,9.647
2024-08-08,15.3,3.6,0.0,0.01504,2.04,16.17,4.0,9.26,49.11,0.0,15.97,9.635
2024-08-09,16.6,2.8,0.0,0.01548,2.43,19.08,8.06,12.62,40.9,0.0,15.82,9.631
2024-08-10,17.5,5.4,0.0,0.01474,2.2,20.01,8.74,13.17,47.05,0.0,15.53,9.633
2024-08-11,18.4,8.2,0.0,0.01476,2.27,23.06,9.75,15.56,48.53,0.0,15.92,9.61
2024-08-12,18.0,9.8,0.0,0.01506,2.25,22.97,12.84,16.74,48.17,0.0,16.0,9.565999999999999
2024-08-13,13.8,8.3,0.0,0.0076100000000000004,1.08,22.38,11.9,15.81,58.01,0.0,6.58,9.578
2024-08-14,15.5,9.9,0.1,0.0070999999999999995,1.07,19.26,9.99,13.83,66.46,0.0,7.99,9.599
2024-08-15,15.9,9.7,0.0,0.01022,1.49,16.7,8.85,11.6,75.23,0.0,8.33,9.620000000000001
2024-08-16,13.9,9.2,0.0,0.00789,1.17,14.15,7.63,10.28,73.45,0.0,9.25,9.613
2024-08-17,14.2,8.1,0.0,0.01285,1.79,18.13,7.48,11.28,59.44,0.0,12.91,9.603
2024-08-18,13.2,6.6,0.0,0.00857,1.28,16.21,7.98,10.81,59.14,0.0,7.57,9.603
2024-08-19,13.0,5.2,0.0,0.01533,2.04,14.48,6.19,9.47,68.38,0.02,13.92,9.622
2024-08-20,12.6,5.8,0.0,0.01068,1.51,13.21,4.56,7.71,71.93,0.03,10.23,9.626000000000001
2024-08-21,14.2,2.8,6.6,0.01564,2.1,12.02,2.87,7.2,71.7,0.24,14.59,9.645999999999999
2024-08-22,14.9,4.3,0.0,0.016649999999999998,2.34,13.92,5.19,8.44,68.68,0.02,17.33,9.656
2024-08-23,13.8,3.6,0.7,0.01384,1.95,11.79,3.83,7.14,72.24,0.35,17.03,9.677
2024-08-24,17.2,2.7,0.0,0.01763,2.62,21.24,4.78,13.26,27.39,0.0,18.78,9.631
2024-08-25,16.8,7.8,0.0,0.01716,2.44,21.57,7.57,13.71,45.42,0.0,17.25,9.622
2024-08-26,16.4,7.9,0.0,0.01754,2.48,21.04,7.39,12.87,47.42,0.0,18.26,9.634
2024-08-27,15.2,7.2,0.0,0.01716,2.34,19.97,8.45,12.9,47.69,0.0,15.96,9.591
2024-08-28,13.1,7.4,0.0,0.00754,1.19,16.9,6.34,10.79,69.22,0.01,6.29,9.589
2024-08-29,12.9,9.4,0.6,0.00642,1.09,14.93,6.67,9.95,75.8,0.17,8.73,9.612
2024-08-30,15.6,6.9,3.7,0.01272,1.89,14.48,6.53,9.57,75.52,1.25,15.88,9.657
2024-08-31,19.2,5.0,0.0,0.018420000000000002,2.77,21.75,8.86,14.45,44.44,0.0,18.65,9.626000000000001
2024-09-01,19.0,8.5,0.0,0.01835,2.74,23.99,10.73,16.38,42.17,0.0,13.68,9.601
2024-09-02,16.8,7.6,0.1,0.01473,2.19,17.15,7.95,11.93,69.06,0.02,17.29,9.628
2024-09-03,15.7,7.8,0.2,0.01451,2.06,19.79,7.79,12.29,46.66,0.0,18.06,9.628
2024-09-04,16.7,6.6,0.0,0.01803,2.46,21.54,7.36,13.56,36.85,0.01,21.12,9.620000000000001
2024-09-05,16.8,7.9,0.0,0.017,2.44,23.97,9.4,15.87,35.74,0.0,18.08,9.594
2024-09-06,15.4,8.1,0.0,0.0162,2.23,20.94,9.89,14.67,49.14,0.05,14.65,9.597
2024-09-07,16.0,8.5,0.0,0.01458,2.03,19.12,7.99,12.81,54.16,0.02,16.04,9.606
2024-09-08,16.8,7.5,0.0,0.01768,2.56,20.2,10.0,13.91,41.07,0.0,19.54,9.6
2024-09-09,19.4,8.6,0.0,0.01769,2.78,23.73,9.34,15.79,42.57,0.0,18.98,9.594
2024-09-10,18.1,8.1,0.0,0.01816,2.71,19.9,9.77,13.64,60.86,0.03,19.29,9.593
2024-09-11,16.2,7.0,0.0,0.01905,2.65,20.11,8.09,12.88,62.64,0.02,21.38,9.597
2024-09-12,13.7,9.6,0.2,0.00825,1.35,17.18,6.59,11.12,64.55,0.11,10.92,9.6
2024-09-13,15.7,5.9,0.0,0.02053,2.78,19.03,5.43,11.92,58.16,0.07,20.29,9.629999999999999
2024-09-14,18.0,7.9,0.0,0.02084,3.05,21.58,9.71,14.67,38.25,0.0,22.29,9.609
2024-09-15,20.3,8.6,0.0,0.02086,3.29,23.87,10.08,16.17,31.95,0.01,22.0,9.603
2024-09-16,21.0,9.0,0.0,0.01804,3.21,24.08,10.72,16.43,41.77,0.06,16.63,9.547
2024-09-17,16.8,8.7,0.0,0.0189,2.72,21.81,10.0,15.43,42.62,0.12,18.96,9.581
2024-09-18,15.3,8.6,0.1,0.01086,1.69,17.66,7.98,13.61,54.9,0.68,9.29,9.552
2024-09-19,17.7,7.5,6.8,0.01669,2.67,17.26,8.44,11.98,72.9,0.98,18.65,9.613
2024-09-20,16.4,7.2,0.0,0.01584,2.3,18.37,9.02,13.02,46.34,0.0,15.26,9.581
2024-09-21,16.4,7.4,0.0,0.018670000000000003,2.7,19.55,8.25,12.67,50.98,0.01,17.73,9.578
2024-09-22,14.5,7.8,0.0,0.004019999999999999,0.88,15.92,8.04,11.81,55.75,1.19,6.52,9.61
2024-09-23,15.9,9.5,0.0,0.0089,1.5,18.58,8.61,12.67,63.1,1.42,13.38,9.616
2024-09-24,16.2,6.0,0.0,0.0212,2.94,19.67,6.4,12.39,59.16,0.0,23.82,9.623000000000001
2024-09-25,17.4,7.4,0.0,0.019809999999999998,2.86,19.92,7.67,12.95,46.5,0.06,24.22,9.626000000000001
2024-09-26,21.7,7.3,0.0,0.02379,3.84,22.6,9.65,15.77,34.13,0.1,24.65,9.597
2024-09-27,16.9,6.7,0.0,0.01934,2.77,22.49,10.28,15.27,40.84,0.23,17.53,9.603
2024-09-28,21.3,8.5,0.0,0.02238,3.55,24.56,12.62,16.99,38.53,0.1,23.22,9.58
2024-09-29,17.5,7.1,0.2,0.018170000000000002,2.68,20.59,9.84,14.55,62.81,0.34,11.41,9.58
2024-09-30,16.9,10.2,0.0,0.01317,2.11,18.71,9.85,12.93,75.33,0.22,16.61,9.609
2024-10-01,18.4,7.8,0.0,0.023489999999999997,3.43,19.92,8.82,13.48,61.64,0.01,24.61,9.626999999999999
2024-10-02,19.3,7.4,0.0,0.02352,3.57,20.85,8.28,13.85,48.36,0.0,25.51,9.6
2024-10-03,21.0,7.7,0.0,0.024149999999999998,3.85,23.9,11.35,16.56,43.02,0.0,25.43,9.583
2024-10-04,18.7,7.7,0.0,0.02417,3.57,23.85,11.5,16.69,48.54,0.0,17.82,9.584999999999999
2024-10-05,18.9,8.0,0.0,0.02286,3.46,25.28,12.01,18.2,41.72,0.0,19.35,9.574
2024-10-06,17.6,10.5,0.0,0.00879,1.53,21.04,14.17,18.12,51.58,0.03,8.99,9.562999999999999
2024-10-07,19.0,11.2,0.1,0.02206,3.4,23.79,12.86,17.01,63.36,2.71,20.4,9.568000000000001
2024-10-08,19.4,12.7,5.6,0.01666,2.88,16.62,10.74,13.53,78.82,1.44,16.39,9.597
2024-10-09,19.8,10.3,5.4,0.02054,3.11,17.79,11.01,13.82,79.09,0.77,15.49,9.620000000000001
2024-10-10,16.7,12.0,0.2,0.009949999999999999,1.7,19.49,10.33,14.15,75.04,0.21,9.06,9.629000000000001
2024-10-11,17.1,11.1,0.0,0.01325,2.11,21.11,9.04,14.12,68.9,0.06,14.3,9.617
2024-10-12,18.4,11.0,0.0,0.01685,2.68,18.24,9.2,13.54,66.46,0.01,15.92,9.599
2024-10-13,20.2,9.4,0.0,0.02309,3.62,22.6,9.13,14.97,60.34,0.01,21.72,9.622
2024-10-14,18.3,7.3,0.0,0.020239999999999998,3.11,22.2,10.13,15.1,55.7,0.01,20.02,9.617
2024-10-15,22.5,9.6,0.0,0.02632,4.25,25.64,13.25,18.03,42.22,0.03,19.24,9.583
2024-10-16,16.8,9.4,0.8,0.01559,2.49,20.23,10.31,14.57,59.67,0.08,16.6,9.613
2024-10-17,20.8,7.4,0.0,0.02668,4.16,25.71,11.18,17.73,44.31,0.01,27.46,9.587
2024-10-18,18.4,10.3,0.0,0.02425,3.55,26.17,11.62,18.35,48.36,0.02,17.54,9.568999999999999
2024-10-19,15.7,11.4,1.1,0.010539999999999999,1.76,22.09,9.86,15.99,59.03,0.26,11.5,9.543000000000001
2024-10-20,18.8,12.8,0.4,0.017839999999999998,2.96,18.68,9.54,13.22,75.87,0.18,22.35,9.58
2024-10-21,21.1,9.2,0.0,0.027039999999999998,4.26,22.19,9.47,15.34,65.62,0.01,27.99,9.589
2024-10-22,17.3,11.3,1.1,0.01298,2.13,20.58,11.14,15.34,71.28,0.88,9.54,9.593
2024-10-23,18.5,11.4,0.0,0.01738,2.92,18.67,10.66,13.96,72.4,0.16,24.12,9.620999999999999
2024-10-24,21.8,8.0,0.0,0.02782,4.44,25.01,10.63,16.73,49.67,0.0,27.0,9.604000000000001
2024-10-25,21.9,9.6,0.0,0.026949999999999998,4.45,24.95,9.17,17.28,45.4,0.0,29.32,9.584999999999999
2024-10-26,20.3,11.3,0.0,0.0282,4.55,24.62,13.03,18.21,37.83,0.0,29.86,9.565000000000001
2024-10-27,18.4,9.5,0.0,0.02291,3.46,25.52,12.47,18.83,40.85,0.0,22.7,9.578
2024-10-28,19.6,9.1,0.0,0.026940000000000002,4.04,27.34,15.36,20.64,37.34,0.0,19.21,9.547
2024-10-29,19.5,11.6,0.6,0.01774,2.9,24.49,13.51,19.36,50.42,0.09,14.25,9.572
2024-10-30,18.8,11.1,0.1,0.01657,2.69,25.79,12.55,18.44,54.63,0.03,16.28,9.571
2024-10-31,18.7,10.6,0.2,0.020460000000000002,3.24,25.06,11.93,17.94,50.0,0.01,15.83,9.555
2024-11-01,17.3,10.6,1.0,0.01491,2.49,20.2,9.84,14.62,62.25,0.02,18.55,9.587
2024-11-02,21.5,7.8,0.0,0.02915,4.65,24.04,9.3,16.42,53.17,0.0,30.58,9.594
2024-11-03,19.9,10.3,0.0,0.02664,4.17,20.84,9.37,15.11,52.8,0.0,25.23,9.607
2024-11-04,21.9,7.5,0.0,0.029670000000000002,4.81,23.92,9.35,16.04,42.29,0.0,31.6,9.620999999999999
2024-11-05,23.8,9.6,0.0,0.02981,5.14,25.54,10.99,17.8,38.0,0.0,31.62,9.592
2024-11-06,21.8,9.0,0.0,0.029670000000000002,4.88,25.08,11.79,18.02,42.19,0.0,30.62,9.586
2024-11-07,22.7,9.9,0.1,0.025929999999999998,4.31,25.21,13.11,18.39,44.98,0.02,24.1,9.584999999999999
2024-11-08,25.2,10.6,0.0,0.0293,5.3,28.03,14.3,20.55,40.79,0.02,30.66,9.573
2024-11-09,21.4,11.1,0.0,0.02937,4.72,26.71,12.43,19.1,54.25,5.7,23.42,9.573
2024-11-10,21.3,12.4,0.0,0.02716,4.58,22.87,11.04,16.4,65.24,0.35,29.73,9.623999999999999
2024-11-11,24.3,9.5,0.0,0.030170000000000002,5.31,26.06,11.16,18.22,42.45,0.09,32.12,9.608
2024-11-12,25.9,9.9,0.0,0.03007,5.37,29.09,13.73,21.24,35.19,0.0,31.34,9.552
2024-11-13,20.6,10.6,0.0,0.025929999999999998,4.07,24.15,12.61,18.66,52.21,0.0,23.7,9.559999999999999
2024-11-14,18.9,10.4,0.0,0.02361,3.61,23.4,12.32,17.42,57.35,0.0,20.76,9.575
2024-11-15,19.0,11.8,0.1,0.01847,2.9,23.06,11.16,16.75,59.25,0.0,21.85,9.57
2024-11-16,18.4,11.1,0.0,0.02357,3.63,22.12,9.89,15.52,59.47,0.0,22.36,9.596
2024-11-17,19.8,7.8,0.0,0.03021,4.69,23.79,9.63,16.15,49.46,0.0,30.72,9.594
2024-11-18,18.3,8.8,0.0,0.028079999999999997,4.13,22.54,10.98,16.51,50.3,0.03,23.76,9.58
2024-11-19,19.3,9.0,0.0,0.02574,3.8,22.16,10.51,16.42,53.74,0.0,26.37,9.587
2024-11-20,19.3,9.3,0.0,0.02658,4.06,23.74,11.98,17.59,47.44,0.0,23.63,9.6
2024-11-21,19.0,9.7,0.0,0.0282,4.2,24.12,11.63,17.82,50.92,0.0,24.36,9.609
2024-11-22,20.3,11.1,0.0,0.02895,4.54,23.99,10.97,17.44,54.56,0.0,31.65,9.603
2024-11-23,22.6,10.7,0.0,0.030899999999999997,4.98,26.26,11.79,18.61,50.76,0.0,29.23,9.584
2024-11-24,23.0,11.7,0.0,0.03086,5.01,25.98,12.05,18.89,50.88,0.03,30.16,9.594
2024-11-25,22.5,10.5,0.0,0.0313,5.25,24.5,12.48,18.13,48.33,0.0,33.01,9.601
2024-11-26,21.6,10.7,0.0,0.03147,5.01,24.12,11.48,17.09,51.54,0.0,33.67,9.593
2024-11-27,19.7,8.4,0.0,0.03145,4.87,21.58,9.99,15.59,56.34,0.0,32.95,9.588
2024-11-28,20.4,8.9,0.0,0.03133,4.97,22.59,9.54,16.26,51.19,0.0,32.99,9.589
2024-11-29,22.2,9.3,0.0,0.03144,5.15,23.73,11.32,17.25,50.18,0.0,31.73,9.584
2024-11-30,19.5,9.7,0.0,0.03091,4.68,22.95,10.69,16.53,53.48,0.0,26.95,9.587
2024-12-01,21.2,10.9,0.0,0.03125,5.07,23.23,9.38,16.4,51.57,0.0,33.0,9.602
2024-12-02,20.6,9.5,0.0,0.03168,4.97,22.9,10.4,16.28,50.76,0.0,33.27,9.578
2024-12-03,19.6,10.1,0.0,0.02951,4.58,22.35,10.61,16.09,57.28,0.0,29.74,9.589
2024-12-04,18.8,10.3,0.0,0.02666,4.07,22.81,10.22,16.0,61.71,0.0,26.66,9.594
2024-12-05,20.3,11.1,0.0,0.028050000000000002,4.51,21.22,9.8,15.12,60.35,0.0,31.24,9.592
2024-12-06,21.1,9.5,0.0,0.032,5.08,22.31,9.8,16.18,53.08,0.0,33.44,9.576
2024-12-07,21.0,10.2,0.0,0.03123,4.88,22.99,11.69,16.74,52.59,0.0,30.69,9.58
2024-12-08,20.0,10.4,0.0,0.03165,4.93,21.82,9.56,15.77,55.65,0.0,33.1,9.593
2024-12-09,21.2,8.8,0.0,0.03193,5.1,26.4,11.68,19.07,39.15,0.0,33.09,9.565999999999999
2024-12-10,19.5,10.1,0.0,0.02493,3.94,25.48,12.94,18.62,45.98,0.0,22.83,9.553
2024-12-11,21.2,10.6,0.0,0.03046,4.91,26.28,12.31,18.63,47.73,0.0,29.92,9.562999999999999
2024-12-12,20.6,12.0,0.0,0.03149,4.96,23.09,9.77,16.55,56.69,0.0,31.19,9.59
2024-12-13,22.4,10.1,0.0,0.0318,5.22,25.59,13.36,18.85,45.45,0.0,30.89,9.57
2024-12-14,20.6,11.4,0.0,0.02995,4.68,25.01,12.83,18.98,49.54,0.01,23.47,9.574
2024-12-15,19.4,12.6,0.1,0.022629999999999997,3.61,23.62,13.31,17.94,54.52,0.08,23.81,9.571
2024-12-16,19.4,10.8,0.0,0.02486,3.97,24.07,12.55,18.46,52.51,0.1,26.57,9.575
2024-12-17,20.5,10.6,0.0,0.02557,4.12,22.58,12.07,16.87,59.02,0.05,25.86,9.583
2024-12-18,21.3,11.7,0.0,0.026969999999999997,4.41,25.69,11.56,18.76,50.17,0.06,24.01,9.59
2024-12-19,26.6,11.8,0.0,0.03185,5.81,29.42,14.83,21.46,38.64,0.09,33.99,9.571
2024-12-20,22.9,11.4,0.0,0.03184,5.32,26.43,14.14,19.45,46.63,0.14,33.23,9.581999999999999
2024-12-21,23.6,11.9,0.0,0.031670000000000004,5.42,28.26,13.64,21.03,46.11,0.03,32.84,9.576
2024-12-22,23.4,11.9,0.0,0.03135,5.28,28.26,16.69,22.19,41.32,0.0,25.57,9.565999999999999
2024-12-23,22.1,12.5,0.0,0.02557,4.27,26.71,15.71,21.15,44.62,0.04,24.47,9.593
2024-12-24,22.4,12.9,0.0,0.02795,4.59,25.49,15.95,20.75,41.88,0.0,25.18,9.573
2024-12-25,21.4,12.8,0.1,0.02505,4.07,25.57,15.26,19.93,49.48,0.0,22.36,9.558
2024-12-26,21.6,13.5,0.0,0.02582,4.36,25.09,14.57,19.36,56.46,0.02,20.34,9.572
2024-12-27,22.1,13.9,0.0,0.02723,4.53,24.26,13.73,18.93,61.18,0.09,26.77,9.596
2024-12-28,22.1,13.2,0.0,0.02998,4.99,25.61,13.84,19.17,61.81,0.08,30.63,9.602
2024-12-29,21.6,12.4,0.0,0.02419,4.01,27.44,13.53,20.15,58.27,0.02,21.06,9.571
2024-12-30,22.2,14.1,0.0,0.02402,4.02,26.42,14.11,20.37,51.29,0.05,20.87,9.57
2024-12-31,23.0,12.7,0.0,0.03082,5.12,28.18,15.5,21.35,44.32,0.01,25.61,9.568000000000001
2025-01-01,22.1,12.4,0.0,0.02937,4.89,26.28,14.46,19.83,50.28,0.0,27.68,9.587
2025-01-02,22.1,12.6,0.0,0.027149999999999997,4.48,26.52,14.31,20.49,46.41,0.0,25.27,9.574
2025-01-03,22.3,13.0,0.0,0.02625,4.37,26.75,15.56,20.62,51.05,0.02,22.81,9.579
2025-01-04,23.2,14.5,0.0,0.028059999999999998,4.89,25.16,14.84,20.18,56.22,0.09,23.92,9.581999999999999
2025-01-05,25.7,15.1,0.0,0.0285,5.17,29.54,16.82,22.44,48.96,0.56,26.65,9.559999999999999
2025-01-06,22.9,15.5,0.1,0.02085,3.71,27.27,16.64,21.83,51.29,0.05,22.54,9.57
2025-01-07,21.2,16.7,1.8,0.01377,2.68,25.06,15.37,20.13,54.99,0.03,17.76,9.584999999999999
2025-01-08,22.6,13.8,0.1,0.023710000000000002,4.01,26.23,13.91,19.73,56.61,0.05,23.41,9.581999999999999
2025-01-09,23.5,13.3,0.0,0.0291,4.93,27.27,14.75,21.01,51.32,0.0,24.11,9.565999999999999
2025-01-10,22.9,13.9,0.0,0.028300000000000002,4.74,27.31,16.39,21.97,45.3,0.0,26.23,9.561
2025-01-11,24.5,12.8,0.0,0.03032,5.39,28.69,16.8,22.71,38.78,0.0,32.34,9.549
2025-01-12,23.9,14.1,0.2,0.01893,3.54,22.36,16.22,19.45,61.32,0.09,18.25,9.568999999999999
2025-01-13,24.3,16.8,0.0,0.02624,4.67,24.87,14.92,19.83,64.11,0.58,26.92,9.584999999999999
2025-01-14,22.9,15.1,0.0,0.02479,4.29,26.26,14.8,20.33,54.85,0.0,29.88,9.589
2025-01-15,24.7,12.8,0.0,0.03039,5.3,28.23,14.69,21.7,47.46,0.0,26.25,9.592
2025-01-16,24.5,15.3,0.0,0.027989999999999998,4.86,28.84,16.15,22.05,52.85,0.0,31.34,9.595
2025-01-17,23.9,11.4,0.0,0.03131,5.42,26.48,14.57,20.26,49.41,0.06,31.95,9.607
2025-01-18,21.7,11.1,0.0,0.031,5.1,24.36,13.02,18.3,56.17,0.01,30.8,9.622
2025-01-19,23.4,11.1,0.0,0.03093,5.15,28.6,14.18,21.08,39.22,0.0,29.12,9.588
2025-01-20,21.2,12.0,0.0,0.02373,3.97,26.2,14.91,20.34,46.49,0.01,21.3,9.562999999999999
2025-01-21,22.9,12.7,0.0,0.029769999999999998,5.02,26.12,14.61,20.18,52.66,0.03,22.87,9.573
2025-01-22,22.3,14.5,0.0,0.02213,3.85,24.74,14.09,18.85,58.99,0.03,25.18,9.584999999999999
2025-01-23,23.4,11.8,0.0,0.030629999999999998,5.19,27.07,13.5,20.09,46.06,0.01,32.59,9.588
2025-01-24,24.8,12.4,0.0,0.03033,5.44,28.06,15.12,21.54,43.31,0.49,31.75,9.565000000000001
2025-01-25,23.4,12.8,0.0,0.03013,5.15,26.99,15.69,20.76,50.45,1.54,30.83,9.562000000000001
2025-01-26,22.5,13.2,0.0,0.02827,4.78,26.49,15.31,19.94,53.04,0.02,23.91,9.573
2025-01-27,24.8,12.5,0.0,0.02947,5.17,29.13,15.59,22.12,43.57,0.0,30.67,9.55
2025-01-28,23.6,12.6,0.0,0.02926,4.97,28.03,16.3,21.92,40.95,0.0,30.28,9.55
2025-01-29,21.9,11.8,0.0,0.021929999999999998,3.64,25.2,15.82,20.48,47.72,0.06,22.57,9.565000000000001
2025-01-30,21.0,11.3,0.0,0.02395,3.96,26.41,14.53,20.06,52.73,0.03,21.43,9.572
2025-01-31,23.3,12.1,0.0,0.0286,4.87,28.61,14.6,21.38,45.31,0.01,29.57,9.552
2025-02-01,22.3,12.9,0.0,0.02561,4.31,26.58,14.78,20.4,52.8,0.0,22.25,9.545
2025-02-02,22.7,13.5,0.0,0.027420000000000003,4.74,26.05,15.09,19.94,49.65,0.0,30.68,9.558
2025-02-03,25.2,12.7,0.0,0.02915,5.24,28.48,14.89,21.09,43.35,0.0,29.73,9.547
2025-02-04,24.2,12.8,0.0,0.02905,5.01,27.13,16.58,21.1,42.66,0.0,30.2,9.558
2025-02-05,26.9,12.7,0.0,0.02938,5.52,29.4,16.38,22.2,40.34,0.0,31.09,9.556999999999999
2025-02-06,24.1,12.6,0.0,0.0287,4.9,28.79,17.12,22.25,40.49,0.0,29.21,9.537
2025-02-07,23.2,13.1,0.2,0.02336,4.06,26.29,16.8,20.98,46.99,0.0,24.32,9.565000000000001
2025-02-08,23.7,12.2,0.0,0.027190000000000002,4.64,31.97,16.5,24.18,36.06,0.0,23.72,9.542
2025-02-09,24.8,13.3,0.0,0.02638,4.65,27.95,17.43,23.56,47.29,0.0,21.05,9.539
2025-02-10,23.8,14.8,0.0,0.0275,4.8,26.44,16.63,20.97,57.85,0.0,22.86,9.571
2025-02-11,23.9,14.3,0.0,0.02597,4.48,25.94,14.64,19.68,55.61,0.0,24.48,9.559000000000001
2025-02-12,23.7,12.1,0.0,0.02795,4.86,26.36,13.25,19.51,46.47,0.0,26.96,9.567
2025-02-13,23.3,12.3,0.0,0.02791,4.76,26.2,15.45,20.2,44.31,0.0,25.05,9.583
2025-02-14,21.4,13.2,0.0,0.02485,4.08,25.15,13.23,18.52,51.87,0.0,25.92,9.588
2025-02-15,20.9,10.7,0.0,0.02655,4.31,23.19,12.13,16.82,58.3,0.0,22.3,9.578
2025-02-16,20.9,10.4,0.0,0.02668,4.29,25.21,12.27,18.28,51.28,0.0,24.01,9.574
2025-02-17,23.7,11.2,0.0,0.027170000000000003,4.62,27.75,14.34,20.49,39.8,0.0,26.81,9.578
2025-02-18,21.6,10.0,0.0,0.02389,3.88,25.62,14.34,19.68,48.8,0.01,23.0,9.551
2025-02-19,22.0,13.7,0.7,0.01881,3.29,24.34,14.27,18.69,59.14,0.02,17.69,9.565000000000001
2025-02-20,22.5,11.4,0.0,0.026609999999999998,4.45,25.86,14.3,19.54,54.13,0.01,24.13,9.577
2025-02-21,22.1,12.4,0.0,0.02541,4.2,26.48,14.64,20.32,49.56,0.0,19.19,9.583
2025-02-22,25.1,12.7,0.0,0.02575,4.45,27.86,16.29,21.43,45.58,0.0,24.89,9.578
2025-02-23,22.9,12.2,0.0,0.02596,4.32,29.1,17.23,22.2,41.24,0.01,22.52,9.568999999999999
2025-02-24,23.4,12.8,0.0,0.02428,4.15,31.1,17.1,23.3,39.52,0.0,22.3,9.556000000000001
2025-02-25,23.4,13.2,0.0,0.023989999999999997,4.11,27.74,17.5,21.82,45.51,0.0,23.44,9.565000000000001
2025-02-26,22.9,12.1,0.0,0.0258,4.32,28.89,17.24,22.3,40.3,0.0,24.73,9.556999999999999
2025-02-27,23.6,12.9,0.0,0.0215,3.74,25.99,15.82,19.93,52.59,0.0,21.93,9.565999999999999
2025-02-28,25.0,13.6,0.0,0.0247,4.38,25.42,15.48,19.93,58.67,0.0,23.31,9.567
2025-03-01,23.0,15.0,0.0,0.02195,3.74,25.49,14.99,19.5,65.6,0.01,21.89,9.576
2025-03-02,21.8,14.6,0.3,0.01724,2.97,24.37,13.41,18.21,67.99,0.01,19.86,9.591
2025-03-03,23.8,11.8,0.0,0.02522,4.42,27.33,13.93,19.61,53.19,0.01,27.01,9.583
2025-03-04,23.6,13.9,0.0,0.023989999999999997,4.22,26.95,14.35,19.76,51.7,0.14,26.28,9.553
2025-03-05,23.5,12.9,0.0,0.02426,4.12,25.85,15.33,19.88,58.07,0.01,21.83,9.547
2025-03-06,24.0,14.7,0.1,0.020149999999999998,3.6,25.15,15.02,19.39,65.8,0.01,16.84,9.584999999999999
2025-03-07,24.7,13.5,0.0,0.02428,4.28,25.79,14.97,19.89,62.26,0.1,25.64,9.618
2025-03-08,24.4,13.5,0.0,0.02389,4.23,28.92,15.51,21.41,41.48,0.01,25.77,9.584999999999999
2025-03-09,23.9,12.5,0.0,0.02444,4.21,26.74,15.92,20.88,38.16,0.03,25.31,9.57
2025-03-10,22.8,11.4,0.0,0.02411,4.09,26.33,15.5,20.18,43.31,0.03,24.41,9.581
2025-03-11,23.8,12.8,0.0,0.02384,4.06,26.55,15.86,20.49,44.96,0.03,23.37,9.571
2025-03-12,23.5,12.0,0.0,0.023690000000000003,4.07,27.1,15.79,21.04,45.79,0.01,22.78,9.576
2025-03-13,21.9,11.8,0.0,0.02077,3.43,26.73,16.08,20.93,48.84,0.05,14.68,9.564
2025-03-14,22.4,14.5,1.0,0.0145,2.6,24.31,15.12,18.93,61.15,0.06,10.46,9.571
2025-03-15,21.4,14.0,0.1,0.0159,2.76,23.65,13.91,17.74,66.43,0.0,14.66,9.597
2025-03-16,20.5,11.8,0.0,0.01986,3.17,25.53,13.68,18.88,56.71,0.01,17.93,9.603
2025-03-17,22.9,11.8,0.0,0.0217,3.66,27.91,15.19,21.01,40.92,0.01,22.06,9.591
2025-03-18,23.4,12.7,0.0,0.023030000000000002,3.88,29.07,16.03,21.72,40.01,0.0,22.99,9.559999999999999
2025-03-19,21.0,13.6,0.2,0.01376,2.43,24.68,15.5,19.29,54.17,0.02,9.99,9.572
2025-03-20,21.1,12.6,0.0,0.01908,3.14,24.96,13.73,18.88,54.9,0.05,13.41,9.576
2025-03-21,22.7,12.3,0.0,0.020730000000000002,3.46,27.3,15.21,20.19,51.18,0.11,17.29,9.575
2025-03-22,21.5,13.3,0.0,0.01871,3.06,25.51,14.89,19.13,55.9,0.01,14.71,9.567
2025-03-23,22.0,12.3,0.0,0.019219999999999998,3.2,24.4,13.07,17.45,59.21,0.06,14.85,9.556999999999999
2025-03-24,21.2,11.8,0.0,0.02096,3.43,21.8,12.13,16.33,61.02,0.03,22.46,9.548
2025-03-25,22.2,10.8,0.0,0.019899999999999998,3.42,20.95,12.76,16.25,67.75,0.07,20.54,9.552
2025-03-26,23.5,11.7,0.0,0.02112,3.66,24.78,11.17,17.28,62.55,0.04,21.42,9.576
2025-03-27,21.4,12.4,0.0,0.0165,2.87,21.57,12.86,16.43,65.39,0.03,20.45,9.587
2025-03-28,22.0,11.1,0.0,0.016800000000000002,2.97,24.68,12.27,17.29,61.77,0.0,18.55,9.573
2025-03-29,21.3,12.1,0.0,0.019530000000000002,3.27,23.71,13.25,17.53,64.67,0.03,18.59,9.575
2025-03-30,19.1,12.0,3.5,0.00751,1.43,18.87,11.52,14.9,62.71,4.33,12.7,9.614
2025-03-31,23.7,10.5,0.0,0.01973,3.4,26.21,10.4,17.37,32.49,0.0,21.17,9.58
2025-04-01,20.6,10.9,0.0,0.01941,3.12,23.4,13.08,16.89,35.43,0.01,21.05,9.584999999999999
2025-04-02,21.7,10.2,0.0,0.020399999999999998,3.32,25.01,12.02,17.62,32.03,0.0,22.02,9.589
2025-04-03,23.0,11.2,0.0,0.02019,3.45,27.28,14.22,19.38,31.79,0.01,21.64,9.568000000000001
2025-04-04,19.7,10.7,0.0,0.0184,2.82,24.31,14.02,18.06,51.84,0.09,13.43,9.572
2025-04-05,19.8,11.6,0.0,0.01291,2.19,20.37,10.61,15.42,66.55,0.14,10.57,9.574
2025-04-06,21.6,10.1,0.0,0.01909,3.25,21.26,10.52,14.79,67.13,0.0,19.97,9.599
2025-04-07,22.2,9.5,0.0,0.019399999999999997,3.24,25.13,13.38,18.6,43.97,0.0,20.08,9.559999999999999
2025-04-08,19.5,11.7,0.1,0.01256,2.0,24.13,14.09,17.96,53.98,0.01,9.85,9.558
2025-04-09,19.9,11.8,0.2,0.01247,2.07,21.29,12.04,16.15,63.29,0.0,8.75,9.578
2025-04-10,22.9,10.7,0.0,0.01595,2.74,19.54,10.52,14.28,75.79,0.0,15.64,9.608
2025-04-11,20.2,11.8,0.0,0.01506,2.66,19.74,9.69,14.08,60.42,0.0,15.86,9.605
2025-04-12,20.9,9.5,0.0,0.0183,3.0,22.22,10.33,15.4,43.66,0.0,19.54,9.596
2025-04-13,20.0,10.3,0.0,0.017920000000000002,2.84,22.89,11.61,16.03,52.37,0.0,18.21,9.58
2025-04-14,20.7,9.1,0.0,0.0175,2.86,21.16,10.76,14.78,59.69,0.0,18.33,9.612
2025-04-15,19.1,8.9,0.0,0.01765,2.67,23.03,11.09,15.96,49.55,0.0,14.72,9.592
2025-04-16,21.4,8.6,0.0,0.01716,2.78,25.2,11.77,17.35,42.49,0.01,18.82,9.576
2025-04-17,21.0,9.2,0.0,0.01753,2.86,24.51,12.36,17.18,42.83,0.0,18.58,9.568999999999999
2025-04-18,20.6,10.0,0.0,0.01749,2.79,24.1,13.87,17.64,38.93,0.05,18.58,9.572
2025-04-19,18.5,8.6,0.0,0.014240000000000001,2.18,21.16,13.38,16.3,46.97,0.01,12.38,9.571
2025-04-20,18.0,9.5,0.0,0.01498,2.28,22.98,11.96,16.27,46.36,0.02,11.09,9.576
2025-04-21,18.6,9.2,0.0,0.01443,2.22,25.19,12.23,17.78,36.04,0.01,10.08,9.571
2025-04-22,22.6,9.5,0.0,0.0158,2.64,24.23,14.71,18.75,38.65,0.01,10.96,9.579
2025-04-23,20.7,11.4,0.0,0.01449,2.31,21.39,13.0,16.92,65.74,0.03,8.72,9.588
2025-04-24,20.6,13.3,0.4,0.01177,2.04,20.73,11.64,14.92,74.97,0.02,14.52,9.593
2025-04-25,22.1,11.9,0.0,0.015099999999999999,2.58,21.23,12.71,15.98,55.19,0.03,14.07,9.589
2025-04-26,19.1,10.1,0.0,0.01497,2.32,20.82,10.7,14.6,60.73,0.0,16.86,9.598
2025-04-27,22.4,10.0,0.0,0.01583,2.64,24.45,11.98,17.49,35.35,0.0,17.07,9.592
2025-04-28,19.0,10.0,0.0,0.01495,2.24,23.6,12.45,17.27,42.11,0.01,13.82,9.579
2025-04-29,18.0,11.6,0.0,0.01036,1.73,21.91,11.23,14.9,55.4,0.08,6.69,9.58
2025-04-30,17.4,11.6,0.0,0.008369999999999999,1.56,16.57,9.37,11.92,72.5,0.29,7.76,9.581999999999999
2025-05-01,20.2,8.4,0.0,0.01413,2.36,19.51,8.83,13.21,65.96,0.01,15.36,9.609
2025-05-02,20.3,8.6,0.0,0.01509,2.43,23.53,10.07,15.58,44.44,0.0,16.15,9.596
2025-05-03,19.5,8.9,0.0,0.01498,2.32,22.75,12.22,16.29,38.35,0.0,16.03,9.584999999999999
2025-05-04,20.8,9.4,0.0,0.01449,2.38,22.83,12.3,16.32,44.61,0.0,12.49,9.584
2025-05-05,18.3,10.0,0.0,0.013869999999999999,2.08,21.83,11.14,15.02,56.5,0.0,13.7,9.581999999999999
2025-05-06,17.9,8.2,0.0,0.010199999999999999,1.7,17.39,9.99,13.46,53.56,0.0,9.9,9.593
2025-05-07,19.4,9.5,0.0,0.0115,1.95,19.14,12.25,15.24,53.2,3.83,10.05,9.581999999999999
2025-05-08,19.9,11.9,7.3,0.007019999999999999,1.28,15.62,11.68,13.74,80.88,10.56,6.49,9.599
2025-05-09,21.5,10.1,0.0,0.013800000000000002,2.24,22.59,11.01,15.99,54.88,0.03,14.05,9.615
2025-05-10,23.1,10.5,0.0,0.01419,2.44,27.37,15.11,19.63,41.55,0.1,15.02,9.551
2025-05-11,18.1,8.6,0.0,0.00916,1.43,20.71,13.54,16.87,56.81,0.13,6.94,9.579
2025-05-12,17.0,10.9,0.1,0.008320000000000001,1.27,23.41,12.07,16.06,56.95,0.05,8.61,9.577
2025-05-13,16.6,10.9,0.0,0.0075899999999999995,1.23,20.41,11.88,14.81,61.01,0.13,6.25,9.584
2025-05-14,17.4,10.5,0.0,0.01056,1.58,21.29,11.3,15.19,57.9,0.01,11.33,9.579
2025-05-15,16.5,10.5,0.0,0.01134,1.64,20.86,10.5,14.17,61.77,0.07,7.5,9.581999999999999
2025-05-16,16.5,8.8,0.0,0.00846,1.27,20.02,9.39,13.3,65.3,0.07,10.11,9.589
2025-05-17,18.5,8.6,4.4,0.00558,1.18,15.94,8.97,12.26,73.47,1.83,4.17,9.620999999999999
2025-05-18,18.9,9.3,1.4,0.006030000000000001,1.18,18.1,10.53,13.78,64.32,0.63,8.26,9.603
2025-05-19,22.4,11.9,8.3,0.01149,2.01,22.14,12.19,16.12,73.48,4.1,12.36,9.603
2025-05-20,23.4,12.6,0.0,0.012029999999999999,2.09,22.58,14.43,17.18,62.72,0.0,12.47,9.592
2025-05-21,22.1,11.4,0.0,0.011529999999999999,1.87,24.93,14.43,18.08,50.29,0.0,13.61,9.588
2025-05-22,18.3,11.8,0.0,0.00917,1.38,21.58,13.04,16.25,45.16,0.01,10.82,9.559000000000001
2025-05-23,16.0,9.8,0.0,0.00809,1.19,18.96,12.25,14.46,55.61,0.1,7.22,9.584
2025-05-24,20.8,9.7,0.0,0.01209,1.91,22.4,12.62,15.95,48.75,0.0,11.32,9.587
2025-05-25,17.8,9.1,0.0,0.01166,1.72,19.46,11.76,14.8,63.33,0.02,9.03,9.607
2025-05-26,16.2,11.9,20.6,0.00307,0.66,18.11,10.51,13.54,69.61,6.24,4.32,9.622
2025-05-27,18.5,8.0,0.0,0.012199999999999999,1.89,16.77,6.4,10.92,61.62,0.49,13.47,9.652
2025-05-28,15.9,6.1,0.0,0.01216,1.68,20.11,8.06,13.58,44.29,0.0,13.18,9.608
2025-05-29,17.3,6.4,0.0,0.01157,1.63,21.12,12.79,16.02,44.62,0.01,12.61,9.601
2025-05-30,19.3,8.4,0.0,0.01176,1.75,20.25,11.95,14.85,49.54,0.01,12.81,9.609
2025-05-31,18.1,8.1,0.0,0.01133,1.67,21.96,12.41,15.9,39.21,0.0,12.53,9.592
2025-06-01,16.3,8.0,0.0,0.01159,1.6,21.9,13.25,15.99,41.17,0.0,12.43,9.59
2025-06-02,15.9,8.3,0.0,0.00717,1.07,18.19,13.22,15.3,47.51,0.0,6.47,9.591
2025-06-03,17.1,8.4,0.1,0.01048,1.51,19.25,13.92,15.59,46.55,0.61,6.38,9.575
2025-06-04,15.3,7.7,0.1,0.00985,1.37,19.69,11.55,14.69,49.1,0.0,9.78,9.592
2025-06-05,14.8,6.8,0.0,0.01041,1.36,21.76,12.19,15.38,44.62,0.02,7.52,9.581999999999999
2025-06-06,14.0,7.9,0.0,0.00652,0.99,18.13,9.42,13.13,63.55,0.08,5.4,9.6
2025-06-07,17.7,7.3,0.0,0.01132,1.7,18.81,9.13,12.87,59.73,0.01,11.33,9.629999999999999
2025-06-08,18.5,7.9,0.0,0.0116,1.72,20.89,10.2,14.41,40.1,0.0,12.34,9.593
2025-06-09,17.6,7.9,0.0,0.01035,1.53,22.58,12.31,16.11,37.0,0.0,11.01,9.561
2025-06-10,16.4,8.1,0.3,0.01095,1.52,22.7,12.73,16.1,43.53,0.01,8.93,9.568999999999999
2025-06-11,16.6,9.3,0.7,0.00591,1.31,17.86,10.39,12.64,66.33,1.03,4.98,9.562999999999999
2025-06-12,13.5,7.9,30.8,0.0030499999999999998,0.78,11.38,8.1,9.5,86.53,18.77,6.67,9.606
2025-06-13,15.9,5.7,0.0,0.01129,1.66,13.85,6.02,9.07,74.48,0.06,11.86,9.625
2025-06-14,15.6,5.5,0.0,0.009089999999999999,1.43,15.77,7.19,10.84,56.02,0.0,9.45,9.629000000000001
2025-06-15,17.3,8.9,1.9,0.0074800000000000005,1.24,17.5,9.9,12.75,58.64,4.97,7.78,9.584
2025-06-16,15.4,8.7,43.0,0.0071600000000000006,1.33,11.8,5.36,8.97,83.5,49.13,6.99,9.611
2025-06-17,15.3,7.2,0.0,0.00747,1.2,12.0,8.13,9.9,77.84,11.55,9.1,9.622
2025-06-18,15.6,4.8,0.0,0.01145,1.68,16.55,6.24,10.8,59.93,0.0,11.85,9.633
2025-06-19,12.9,6.4,0.0,0.01024,1.27,16.97,9.59,12.2,53.12,1.21,11.53,9.618
2025-06-20,14.2,6.0,0.0,0.00974,1.24,18.99,9.62,12.71,53.17,0.01,12.26,9.620999999999999
2025-06-21,13.7,5.4,0.0,0.01026,1.32,17.53,9.14,11.89,57.05,0.24,7.91,9.629999999999999
2025-06-22,16.8,8.2,1.3,0.009720000000000001,1.43,15.73,6.73,10.33,74.49,5.05,9.56,9.626000000000001
2025-06-23,15.6,4.6,0.0,0.01143,1.54,16.39,6.6,10.55,47.04,0.0,12.5,9.620000000000001
2025-06-24,14.3,6.7,0.0,0.011009999999999999,1.42,18.86,8.76,12.65,52.56,0.04,11.83,9.577
2025-06-25,13.3,7.3,0.1,0.00908,1.2,14.09,7.06,9.77,71.52,0.01,8.42,9.604000000000001
2025-06-26,14.4,6.8,0.0,0.01085,1.44,15.65,7.03,10.22,68.19,0.01,11.99,9.649
2025-06-27,13.3,7.4,0.0,0.00819,1.09,13.28,6.25,8.96,59.67,0.0,10.7,9.615
2025-06-28,12.7,6.0,0.5,0.009949999999999999,1.3,14.27,5.56,8.68,63.91,0.01,10.69,9.657
2025-06-29,13.4,4.7,0.0,0.011470000000000001,1.46,15.0,5.44,9.09,53.0,0.0,12.19,9.659
2025-06-30,12.4,3.8,0.0,0.00993,1.27,17.83,6.93,11.47,42.2,0.02,10.31,9.601
2025-07-01,18.5,6.2,0.7,0.0108,1.61,19.01,8.91,13.14,49.26,0.0,11.64,9.616
2025-07-02,21.9,10.4,0.0,0.01077,1.81,22.14,12.06,15.97,44.45,0.0,10.87,9.595
2025-07-03,19.3,7.5,0.0,0.01157,1.69,23.25,13.89,17.14,47.04,0.01,12.3,9.57
2025-07-04,12.9,6.8,0.1,0.00785,0.99,22.26,13.88,16.68,46.74,0.01,6.15,9.58
2025-07-05,17.0,9.4,0.5,0.0071200000000000005,1.3,17.14,10.12,12.85,70.94,0.02,6.43,9.596
2025-07-06,17.6,9.5,0.0,0.01108,1.6,16.87,8.38,11.9,78.36,0.0,11.97,9.637
2025-07-07,17.1,7.8,0.0,0.011890000000000001,1.61,22.44,9.43,14.41,49.48,0.0,11.02,9.598
2025-07-08,12.0,8.6,0.0,0.00409,0.61,18.69,9.39,13.07,58.88,0.03,5.65,9.592
2025-07-09,13.8,7.3,0.0,0.01131,1.5,13.42,6.95,9.21,83.63,0.07,4.07,9.632
2025-07-10,12.6,6.3,0.0,0.01045,1.27,16.92,6.72,10.72,66.22,0.0,12.07,9.629000000000001
2025-07-11,12.2,5.4,0.0,0.0088,1.08,18.9,9.71,13.22,50.92,0.01,11.84,9.601
2025-07-12,13.4,4.0,0.0,0.008039999999999999,1.09,18.5,10.49,13.39,51.24,0.03,7.82,9.603
2025-07-13,12.1,7.8,0.0,0.0049299999999999995,0.75,17.23,6.97,11.77,61.33,0.02,5.59,9.599
2025-07-14,14.5,5.6,0.0,0.01086,1.49,13.1,5.51,8.74,79.17,0.02,9.77,9.616
2025-07-15,14.7,4.1,0.0,0.01149,1.5,15.04,6.25,9.51,73.06,0.11,12.27,9.641
2025-07-16,18.9,6.4,0.0,0.01261,1.86,17.48,5.59,11.0,49.6,0.01,13.6,9.617
2025-07-17,19.7,7.8,0.0,0.01281,1.88,22.43,11.28,15.49,43.52,0.01,13.23,9.565999999999999
2025-07-18,16.1,7.3,0.0,0.01131,1.52,20.59,12.26,15.36,52.99,0.06,11.31,9.581
2025-07-19,14.0,6.8,0.0,0.00925,1.23,20.16,12.74,15.13,50.47,0.02,10.66,9.581999999999999
2025-07-20,15.4,7.8,0.0,0.0095,1.31,20.32,11.49,14.58,56.99,0.01,9.35,9.592
2025-07-21,17.1,8.7,0.0,0.01122,1.63,19.28,11.12,13.82,58.95,0.0,11.0,9.606
2025-07-22,17.9,8.7,0.0,0.0124,1.8,21.51,11.76,14.93,53.25,0.0,11.29,9.58
2025-07-23,16.2,9.4,0.0,0.01105,1.58,18.25,9.65,12.79,64.32,0.0,7.67,9.593
2025-07-24,15.1,7.7,0.0,0.00766,1.1,16.63,8.86,11.34,61.58,0.01,11.61,9.598
2025-07-25,17.3,6.7,0.0,0.01184,1.79,16.06,8.64,11.46,64.34,0.02,11.99,9.59
2025-07-26,13.7,9.5,0.2,0.00554,0.87,13.91,8.45,10.59,77.75,0.0,6.74,9.583
2025-07-27,16.3,9.1,0.9,0.00784,1.25,17.47,7.85,11.75,69.58,0.0,9.62,9.622
2025-07-28,20.4,9.2,0.0,0.012240000000000001,1.96,22.63,11.09,15.42,49.0,0.0,13.47,9.6
2025-07-29,18.3,10.3,0.0,0.01039,1.54,23.47,12.67,16.9,51.47,0.01,10.47,9.551
2025-07-30,18.1,10.9,0.2,0.0050999999999999995,1.0,16.8,11.19,13.31,73.18,0.12,5.62,9.554
2025-07-31,15.2,10.6,39.1,0.00363,0.73,16.42,8.95,12.29,80.87,14.43,3.77,9.547
2025-08-01,15.3,9.3,52.5,0.00793,1.33,11.89,7.07,9.18,84.22,6.78,8.39,9.614
2025-08-02,15.1,7.4,24.8,0.00941,1.58,14.88,6.89,9.92,77.25,4.63,9.64,9.652
2025-08-03,15.7,6.0,0.0,0.00838,1.36,16.94,7.38,11.38,65.76,0.35,8.39,9.620000000000001
2025-08-04,16.5,9.1,0.0,0.01057,1.6,19.94,11.53,14.79,54.58,0.0,9.33,9.595
2025-08-05,19.7,9.3,0.0,0.01358,2.06,21.75,12.3,15.65,51.38,0.01,13.94,9.619
2025-08-06,17.8,9.2,0.0,0.01289,1.86,22.29,11.26,15.37,55.39,0.01,13.35,9.622
2025-08-07,14.6,11.5,0.2,0.0066,0.99,17.27,9.7,12.53,69.74,0.02,11.36,9.613
2025-08-08,14.0,9.0,0.2,0.00809,1.15,19.62,9.42,13.34,62.93,0.13,7.17,9.601
2025-08-09,13.3,9.0,0.9,0.00438,0.78,14.67,7.68,10.67,72.98,0.19,7.67,9.623999999999999
2025-08-10,16.2,7.6,0.0,0.01383,1.9,18.87,7.2,12.56,54.51,0.0,15.56,9.629000000000001
2025-08-11,21.7,10.1,0.0,0.01422,2.34,24.51,11.61,17.71,45.91,0.0,13.85,9.583
2025-08-12,17.6,11.6,0.0,0.01183,1.74,23.62,14.32,17.61,56.37,0.01,11.86,9.574
2025-08-13,20.6,10.8,0.0,0.014539999999999999,2.27,24.37,14.05,17.94,50.79,0.01,15.61,9.567
2025-08-14,14.8,9.9,2.0,0.005,0.81,20.27,10.76,14.86,65.89,0.05,5.75,9.571
2025-08-15,16.4,10.2,10.2,0.00698,1.23,14.16,9.34,11.13,89.04,0.17,7.17,9.603
2025-08-16,17.3,8.6,0.0,0.01476,2.13,20.06,8.77,13.45,66.88,0.0,15.82,9.588
2025-08-17,16.4,8.8,0.4,0.00789,1.28,16.21,8.45,11.63,76.66,0.01,10.24,9.556000000000001
2025-08-18,17.1,8.0,0.2,0.00984,1.67,14.86,8.7,10.81,82.04,0.15,7.76,9.583
2025-08-19,19.2,8.4,0.0,0.0158,2.49,16.93,8.81,12.02,68.24,0.0,15.79,9.641
2025-08-20,17.7,8.1,0.0,0.01517,2.2,19.08,9.49,12.99,61.6,0.04,15.42,9.587
2025-08-21,15.7,9.9,25.3,0.00907,1.48,12.93,6.43,9.73,83.34,19.02,8.47,9.578
2025-08-22,11.7,5.6,18.4,0.013179999999999999,1.71,9.61,3.83,6.67,80.71,5.01,11.44,9.666
2025-08-23,15.7,2.3,0.0,0.01722,2.46,14.26,2.62,7.99,55.02,0.0,18.43,9.696
2025-08-24,17.0,3.9,0.0,0.01712,2.55,16.68,5.32,10.45,52.81,0.03,18.04,9.65
2025-08-25,18.0,7.3,0.0,0.01758,2.55,22.08,8.46,14.26,53.7,0.01,18.88,9.599
2025-08-26,19.1,9.7,0.0,0.01771,2.58,23.59,10.93,16.56,47.02,0.0,18.4,9.576
2025-08-27,14.3,9.7,0.4,0.00652,1.05,20.92,11.45,15.67,55.32,0.0,8.58,9.591
2025-08-28,14.1,10.0,0.8,0.00632,1.05,18.36,10.31,13.52,70.4,0.02,7.36,9.577
2025-08-29,14.7,10.7,0.8,0.00467,0.88,12.35,8.1,10.06,85.27,0.09,11.99,9.589
2025-08-30,15.5,8.8,7.2,0.00728,1.23,11.94,6.47,8.74,85.5,0.94,8.92,9.625
2025-08-31,16.0,9.6,0.3,0.01083,1.61,16.31,7.18,10.42,76.06,0.03,16.09,9.645999999999999
2025-09-01,17.1,7.6,0.0,0.01811,2.53,18.85,8.4,12.54,64.41,0.0,18.4,9.598
2025-09-02,16.6,9.8,0.0,0.01498,2.17,17.29,7.66,11.56,77.66,0.02,12.67,9.622
2025-09-03,15.6,7.3,0.0,0.01541,2.12,18.23,6.08,11.71,69.29,0.0,19.08,9.622
2025-09-04,15.5,7.3,0.0,0.01512,2.05,18.45,8.54,12.71,52.18,0.0,19.8,9.601
2025-09-05,15.4,7.4,0.0,0.0158,2.18,19.23,8.64,13.0,57.74,0.0,11.17,9.593
2025-09-06,13.8,9.3,0.1,0.0085,1.37,16.32,7.16,10.91,70.25,0.02,7.9,9.605
2025-09-07,13.7,10.4,0.2,0.006059999999999999,1.11,12.93,6.43,9.01,81.99,0.02,10.22,9.625
2025-09-08,16.5,8.3,0.1,0.01815,2.59,16.65,8.34,11.54,68.68,0.02,20.7,9.649
2025-09-09,19.3,6.3,0.0,0.019510000000000003,2.91,22.16,10.19,14.52,48.79,0.0,21.5,9.601
2025-09-10,20.0,8.0,0.0,0.0198,3.07,21.07,9.62,14.88,56.2,0.06,21.31,9.628
2025-09-11,19.4,8.8,0.0,0.019710000000000002,2.94,24.03,12.46,16.92,49.67,0.0,21.45,9.579
2025-09-12,16.0,9.2,0.0,0.01461,2.06,21.95,8.57,15.08,58.36,0.01,13.54,9.568999999999999
2025-09-13,18.5,9.5,0.0,0.02029,3.03,18.79,7.85,12.98,70.33,0.04,21.78,9.623999999999999
2025-09-14,17.8,8.4,0.0,0.01858,2.73,19.73,8.83,13.21,63.91,0.0,21.65,9.591
2025-09-15,18.6,7.5,0.0,0.02045,3.08,23.44,8.78,15.59,51.6,0.0,22.7,9.584999999999999
2025-09-16,18.0,8.9,0.0,0.01954,2.88,22.34,11.77,16.0,54.64,0.05,20.44,9.561
2025-09-17,18.4,9.5,0.5,0.013980000000000001,2.23,19.08,9.86,13.5,70.3,0.05,16.75,9.597
2025-09-18,17.6,7.7,0.0,0.02051,3.0,21.63,9.32,14.1,57.17,0.01,23.31,9.588
2025-09-19,18.9,7.4,0.0,0.02071,3.15,20.53,8.94,13.73,59.7,0.01,20.47,9.593
2025-09-20,16.6,8.6,8.2,0.01263,1.89,13.75,7.69,10.78,85.53,4.02,13.13,9.626999999999999
2025-09-21,17.5,9.5,3.8,0.02154,3.19,15.78,7.82,11.44,71.36,0.68,22.52,9.647
2025-09-22,19.8,7.3,0.0,0.02253,3.47,22.98,7.8,14.76,41.61,0.0,23.34,9.584999999999999
2025-09-23,17.7,10.3,0.0,0.01713,2.48,22.11,8.87,15.49,51.48,0.01,19.34,9.589
2025-09-24,20.2,10.1,0.0,0.02126,3.2,24.66,13.61,18.16,46.24,0.02,22.61,9.576
2025-09-25,17.5,8.4,0.1,0.02053,2.97,21.86,10.5,15.32,59.95,0.06,12.95,9.595
2025-09-26,14.7,7.8,16.5,0.00649,1.17,14.75,7.56,10.63,76.07,4.08,11.25,9.654
2025-09-27,20.2,5.9,0.0,0.023309999999999997,3.53,21.9,7.25,14.26,46.85,0.0,24.83,9.618
2025-09-28,19.4,8.4,0.0,0.02283,3.41,23.88,10.93,16.1,51.38,0.0,24.24,9.584
2025-09-29,16.2,10.0,0.2,0.00731,1.22,20.69,10.62,14.45,66.78,0.0,17.52,9.622
2025-09-30,17.9,10.9,0.0,0.01789,2.74,21.4,10.27,15.52,57.33,0.06,24.24,9.607
2025-10-01,21.2,9.1,0.0,0.02273,3.51,22.68,12.96,17.4,53.63,0.05,24.49,9.602
2025-10-02,19.8,8.2,0.0,0.02354,3.54,25.08,13.82,18.3,51.96,0.01,18.57,9.577
2025-10-03,14.6,9.4,1.5,0.00984,1.61,22.18,9.49,15.21,65.04,0.1,9.5,9.568999999999999
2025-10-04,15.8,10.2,2.0,0.00845,1.57,16.96,9.2,12.15,79.84,0.6,16.91,9.626000000000001
2025-10-05,18.0,8.6,0.9,0.02289,3.57,17.12,7.91,11.6,67.46,0.76,25.56,9.664
2025-10-06,19.4,6.4,0.0,0.02504,3.8,22.07,6.37,13.83,47.63,0.0,27.04,9.612
2025-10-07,20.1,6.8,0.0,0.0251,3.85,22.8,10.42,15.59,49.13,0.01,26.92,9.581999999999999
2025-10-08,18.8,9.4,0.0,0.023620000000000002,3.52,23.22,12.13,17.15,50.68,0.01,18.4,9.58
2025-10-09,17.7,9.2,0.0,0.01642,2.49,23.33,13.17,17.53,52.13,0.03,13.82,9.59
2025-10-10,16.7,11.2,0.0,0.012060000000000001,1.96,21.18,10.0,15.0,67.06,0.02,14.05,9.608
2025-10-11,20.1,8.9,0.0,0.02486,3.82,21.36,8.36,14.65,60.56,0.01,27.45,9.614
2025-10-12,19.8,7.1,0.0,0.02606,4.01,22.42,10.14,15.29,46.69,0.0,28.35,9.578
2025-10-13,18.8,7.2,0.0,0.02489,3.7,23.2,10.26,15.91,50.55,0.0,24.14,9.568999999999999
2025-10-14,19.2,7.7,0.0,0.02432,3.61,22.09,10.92,15.47,60.29,0.0,13.77,9.574
2025-10-15,19.5,9.2,0.0,0.023010000000000003,3.44,21.64,10.73,15.82,59.09,0.0,21.3,9.594
2025-10-16,21.0,10.3,0.0,0.02147,3.43,24.02,12.22,17.08,46.89,0.0,23.86,9.581
2025-10-17,21.6,8.5,0.0,0.02665,4.32,25.19,12.06,18.09,38.01,0.0,28.74,9.581
2025-10-18,20.3,8.3,0.0,0.02588,3.98,25.62,13.85,19.38,39.84,0.0,22.08,9.567
2025-10-19,17.8,9.2,0.0,0.018850000000000002,2.87,23.57,11.91,16.5,49.58,0.0,16.96,9.59
2025-10-20,19.5,7.7,0.0,0.02452,3.69,25.27,11.34,17.36,43.18,0.0,25.77,9.591
2025-10-21,19.9,8.2,0.0,0.019690000000000003,3.11,21.6,11.62,15.72,53.93,0.0,20.25,9.586
2025-10-22,20.3,8.5,0.0,0.02665,4.1,23.89,10.29,16.23,53.08,0.0,28.22,9.581
2025-10-23,18.4,9.4,0.0,0.02384,3.58,20.95,9.52,14.68,63.58,0.0,22.84,9.594
2025-10-24,18.3,10.1,0.0,0.019960000000000002,3.25,17.64,9.02,12.84,66.81,0.0,21.17,9.612
2025-10-25,21.3,6.2,0.0,0.02788,4.54,22.17,8.4,14.88,50.86,0.0,29.04,9.619
2025-10-26,21.8,8.5,0.0,0.02817,4.6,24.53,10.8,17.07,40.63,0.0,29.4,9.58
2025-10-27,19.0,9.9,0.0,0.02334,3.6,20.98,11.93,15.7,55.53,0.0,17.94,9.57
2025-10-28,19.9,8.4,0.0,0.027870000000000002,4.3,24.04,11.38,17.16,50.4,0.0,25.94,9.598
2025-10-29,20.5,9.6,0.0,0.027129999999999998,4.32,22.57,11.62,16.52,53.62,0.0,26.15,9.599
2025-10-30,19.3,8.0,0.0,0.02818,4.25,23.75,10.61,16.3,58.08,0.0,22.11,9.595
2025-10-31,18.8,9.8,0.0,0.02543,4.0,20.47,9.51,14.51,64.4,0.0,24.2,9.593
2025-11-01,19.9,10.1,0.0,0.02785,4.28,20.88,8.21,14.77,62.21,0.0,29.03,9.598
2025-11-02,19.1,7.9,0.0,0.02743,4.13,23.02,11.48,16.46,56.64,0.0,20.29,9.576
2025-11-03,18.7,12.5,0.5,0.01684,2.82,18.42,9.5,13.3,71.22,0.0,19.67,9.587
2025-11-04,20.3,10.8,0.0,0.02861,4.6,21.3,8.25,14.3,65.37,0.0,30.4,9.614
2025-11-05,19.4,8.5,0.0,0.02928,4.51,21.33,9.6,14.49,65.89,0.05,29.61,9.609
2025-11-06,19.5,12.0,4.3,0.0213,3.46,15.52,9.71,12.24,77.37,0.87,23.66,9.619
2025-11-07,22.2,9.4,0.0,0.02946,4.75,21.15,8.88,15.15,57.61,0.06,30.72,9.606
2025-11-08,18.0,8.6,0.1,0.019440000000000002,3.21,21.08,9.81,14.61,63.81,0.02,19.21,9.568999999999999
2025-11-09,20.0,12.4,0.0,0.026260000000000002,4.35,20.49,9.78,14.31,66.83,0.02,30.93,9.599
2025-11-10,19.4,7.8,0.0,0.02954,4.56,20.65,8.45,13.9,63.88,0.02,30.68,9.6
2025-11-11,21.4,8.9,0.0,0.030019999999999998,4.88,23.33,7.03,15.24,55.22,0.0,31.9,9.613
2025-11-12,22.2,7.9,0.0,0.030109999999999998,4.95,24.32,11.17,17.36,43.7,0.0,31.81,9.59
2025-11-13,21.5,9.0,0.0,0.030100000000000002,4.81,25.07,13.52,19.07,40.97,0.0,30.48,9.568999999999999
2025-11-14,20.3,10.9,0.1,0.023030000000000002,3.67,22.34,13.16,17.68,53.81,0.07,18.7,9.58
2025-11-15,20.5,11.6,0.0,0.020739999999999998,3.39,22.89,10.98,16.11,60.21,0.05,21.17,9.588
2025-11-16,20.9,11.3,0.0,0.02985,4.69,23.28,10.14,16.52,55.14,0.01,28.24,9.6
2025-11-17,29.1,10.5,0.0,0.03016,6.01,30.29,13.05,21.94,33.94,0.0,29.44,9.558
2025-11-18,22.3,11.2,0.0,0.03012,5.0,26.79,15.98,20.6,40.44,0.0,29.79,9.568999999999999
2025-11-19,22.1,10.7,0.0,0.03023,4.93,25.15,13.59,18.97,54.02,0.0,28.5,9.571
2025-11-20,20.7,13.0,0.0,0.02162,3.62,22.98,13.0,18.15,59.22,0.0,19.3,9.57
2025-11-21,22.0,10.5,0.0,0.03015,4.9,25.52,15.19,19.72,46.04,0.0,27.26,9.559000000000001
2025-11-22,19.8,11.8,0.0,0.023620000000000002,3.73,25.11,14.47,19.55,47.48,0.01,19.53,9.565000000000001
2025-11-23,19.6,12.4,0.1,0.01766,2.95,25.73,13.96,19.48,47.96,0.01,17.43,9.556000000000001
2025-11-24,20.3,13.4,0.0,0.016980000000000002,2.97,24.89,13.12,18.81,53.33,0.01,16.21,9.561
2025-11-25,18.6,13.9,0.5,0.0135,2.4,22.42,13.67,18.0,57.48,0.53,14.08,9.568999999999999
2025-11-26,20.7,13.8,0.4,0.020640000000000002,3.53,23.94,11.94,16.89,66.17,0.36,21.5,9.562999999999999
2025-11-27,21.3,9.9,0.0,0.03015,4.86,24.02,12.28,17.63,57.77,0.01,30.52,9.552
2025-11-28,20.9,12.4,0.3,0.01957,3.45,22.9,11.35,16.41,67.37,0.0,28.5,9.58
2025-11-29,22.0,10.5,0.0,0.03083,5.16,22.16,10.97,15.99,71.18,0.01,32.89,9.581999999999999
2025-11-30,22.0,11.4,0.0,0.03125,5.18,23.37,11.22,17.11,62.08,0.01,32.9,9.594
2025-12-01,22.5,11.6,0.0,0.03089,5.09,24.65,11.82,18.1,53.85,0.07,29.69,9.587
2025-12-02,24.5,11.9,0.0,0.031190000000000002,5.34,27.39,12.08,19.78,47.66,0.0,31.69,9.575
2025-12-03,23.5,11.4,0.0,0.030850000000000002,5.19,26.15,14.22,20.22,51.68,0.0,22.34,9.562999999999999
2025-12-04,21.8,15.3,0.1,0.01984,3.53,24.2,13.38,18.4,66.78,0.0,17.84,9.579
2025-12-05,24.9,12.5,0.0,0.02961,5.11,26.11,13.28,18.72,59.88,0.01,28.42,9.572
2025-12-06,20.0,14.1,5.1,0.01011,1.83,21.11,14.94,17.46,70.03,3.24,8.5,9.592
2025-12-07,23.4,14.9,0.0,0.029670000000000002,5.05,25.95,13.27,19.05,65.36,0.02,29.74,9.603
2025-12-08,23.0,12.4,0.0,0.02823,4.73,25.95,13.8,20.28,58.22,0.01,20.58,9.57
2025-12-09,19.7,15.7,0.5,0.01299,2.42,25.48,14.7,19.76,56.6,0.02,14.85,9.562999999999999
2025-12-10,20.8,15.8,0.4,0.016079999999999997,3.02,24.18,13.65,18.44,63.8,0.08,13.3,9.559999999999999
2025-12-11,21.2,15.3,0.2,0.01653,3.03,23.96,13.12,17.9,68.74,0.1,15.15,9.568999999999999
2025-12-12,20.9,13.8,0.0,0.01753,3.15,24.4,13.36,18.28,64.8,0.01,22.05,9.559999999999999
2025-12-13,22.0,12.5,0.0,0.02092,3.61,24.16,13.24,18.4,60.71,0.01,24.58,9.564
2025-12-14,20.5,12.1,0.0,0.02393,4.06,19.49,12.13,15.96,63.03,0.0,18.78,9.594
2025-12-15,25.2,9.9,0.0,0.03191,5.76,26.72,11.33,19.2,43.65,0.0,34.12,9.591
2025-12-16,26.0,11.0,0.0,0.03239,5.79,27.89,15.11,21.25,40.27,0.0,33.86,9.542
2025-12-17,22.1,13.0,0.2,0.02652,4.46,24.27,14.27,18.97,56.28,0.02,25.28,9.57
2025-12-18,21.8,10.7,0.0,0.03118,5.05,25.47,14.66,19.46,55.69,0.02,24.87,9.556000000000001
2025-12-19,21.6,14.3,0.0,0.0242,4.13,24.18,12.92,18.53,61.5,0.01,20.9,9.568999999999999
2025-12-20,22.4,14.5,0.0,0.02386,4.26,21.27,13.42,16.92,66.13,0.36,28.11,9.581999999999999
2025-12-21,23.6,13.5,0.0,0.02725,4.87,20.59,12.57,16.41,68.77,0.0,27.46,9.586
2025-12-22,23.3,14.0,0.0,0.02979,5.17,23.99,12.1,17.67,61.49,0.19,33.15,9.578
2025-12-23,24.7,10.8,0.0,0.03214,5.67,27.08,13.18,19.55,49.25,0.07,33.39,9.571
2025-12-24,23.9,12.9,0.0,0.030350000000000002,5.38,26.61,13.49,20.1,48.1,0.0,33.54,9.579
2025-12-25,24.1,12.7,0.0,0.03186,5.48,26.45,13.98,20.39,46.24,0.0,33.22,9.558
2025-12-26,23.2,14.4,0.0,0.03039,5.21,24.86,12.87,18.39,60.03,0.01,25.62,9.584
2025-12-27,24.4,12.1,0.0,0.03183,5.51,26.06,14.49,19.77,49.93,0.01,33.0,9.573
2025-12-28,23.2,13.1,0.0,0.030010000000000002,5.13,27.05,13.5,20.33,51.01,0.09,28.65,9.572
2025-12-29,22.3,13.3,0.0,0.02847,4.76,28.33,16.34,22.17,41.48,0.16,24.11,9.555
2025-12-30,23.5,12.6,0.0,0.027719999999999998,4.78,29.58,17.5,23.16,36.45,0.44,26.64,9.554
2025-12-31,22.3,12.7,0.0,0.02898,4.77,27.94,17.35,22.57,45.8,0.05,23.58,9.564
2026-01-01,,,,,,27.34,17.08,21.74,48.68,0.02,23.12,9.568000000000001
2026-01-02,,,,,,26.6,15.59,20.68,54.41,0.04,21.17,9.575
2026-01-03,,,,,,25.02,15.25,20.09,58.11,0.01,20.65,9.57
2026-01-04,,,,,,24.61,14.81,19.9,59.18,0.06,16.51,9.568000000000001
2026-01-05,,,,,,23.27,13.09,17.45,68.61,0.04,15.76,9.583
2026-01-06,,,,,,24.96,12.28,18.42,55.94,0.01,31.69,9.575
2026-01-07,,,,,,23.04,13.95,18.57,67.2,0.84,26.64,9.572
2026-01-08,,,,,,24.85,14.62,20.03,64.78,0.93,24.14,9.57
2026-01-09,,,,,,29.37,16.82,22.49,53.16,0.02,24.22,9.559000000000001
2026-01-10,,,,,,28.49,17.51,22.63,49.72,0.01,21.08,9.578
2026-01-11,,,,,,28.48,16.84,22.44,47.39,0.0,19.97,9.562999999999999
2026-01-12,,,,,,28.11,16.33,21.93,42.76,0.0,24.1,9.564
2026-01-13,,,,,,28.17,15.63,21.7,43.68,0.06,32.12,9.549
2026-01-14,,,,,,24.63,14.3,19.25,59.47,0.0,26.92,9.571
2026-01-15,,,,,,26.69,13.79,19.98,52.36,0.0,32.68,9.579
2026-01-16,,,,,,28.58,15.8,21.71,43.25,0.0,32.56,9.561
2026-01-17,,,,,,29.06,16.59,23.01,37.49,0.0,30.89,9.546
2026-01-18,,,,,,27.17,18.77,22.58,45.72,0.15,29.14,9.525
2026-01-19,,,,,,29.4,17.59,23.02,44.83,0.0,23.01,9.536
2026-01-20,,,,,,28.1,17.64,22.5,48.71,0.0,21.86,9.551
2026-01-21,,,,,,26.16,15.27,20.51,55.97,0.03,18.58,9.561
2026-01-22,,,,,,26.63,14.01,20.36,56.16,0.17,26.71,9.565000000000001
2026-01-23,,,,,,27.35,14.99,20.86,55.1,0.63,26.13,9.574
2026-01-24,,,,,,26.33,15.59,20.67,54.9,1.84,23.86,9.574
2026-01-25,,,,,,24.73,14.09,19.02,64.43,2.12,17.72,9.586
2026-01-26,,,,,,25.85,14.27,19.69,66.03,0.02,30.32,9.594
2026-01-27,,,,,,26.26,14.34,20.23,62.84,0.01,30.08,9.607
2026-01-28,,,,,,28.7,16.22,22.42,54.53,0.0,22.23,9.574
2026-01-29,,,,,,25.45,17.05,21.26,64.48,0.02,21.68,9.581
2026-01-30,,,,,,27.72,15.83,21.33,67.23,0.12,24.59,9.583
2026-01-31,,,,,,25.93,15.28,20.13,68.35,0.07,18.49,9.561
2026-02-01,,,,,,25.88,15.7,20.55,67.98,0.33,18.4,9.568000000000001
2026-02-02,,,,,,26.71,16.42,20.96,67.87,0.01,20.24,9.588
2026-02-03,,,,,,26.49,16.38,20.56,66.91,0.07,28.43,9.598
2026-02-04,,,,,,26.2,15.99,20.51,64.28,0.0,29.81,9.587
2026-02-05,,,,,,27.39,16.34,21.12,57.63,0.0,29.52,9.601
2026-02-06,,,,,,28.4,16.5,22.11,46.77,0.0,30.35,9.596
2026-02-07,,,,,,28.77,16.99,21.96,43.57,0.0,29.65,9.578
2026-02-08,,,,,,26.01,14.57,20.01,51.39,0.01,28.87,9.589
2026-02-09,,,,,,28.33,14.17,20.97,50.25,0.0,25.36,9.59
2026-02-10,,,,,,27.24,15.35,20.72,49.78,0.0,29.77,9.594
2026-02-11,,,,,,28.79,14.49,20.62,40.01,0.0,30.79,9.575
2026-02-12,,,,,,27.57,14.17,20.38,39.17,0.0,30.24,9.584
2026-02-13,,,,,,31.24,16.04,22.58,34.34,0.0,29.77,9.571
2026-02-14,,,,,,27.31,15.14,20.7,45.77,0.0,24.69,9.578
2026-02-15,,,,,,27.1,14.65,20.03,47.45,0.0,29.5,9.576
2026-02-16,,,,,,28.07,15.15,21.02,34.46,0.0,29.25,9.574
2026-02-17,,,,,,29.77,16.99,22.75,30.87,0.0,29.9,9.583
2026-02-18,,,,,,28.13,15.75,21.3,42.76,0.0,28.99,9.575
2026-02-19,,,,,,28.23,15.62,21.3,43.65,0.0,28.31,9.549
2026-02-20,,,,,,25.38,15.15,19.48,57.3,0.03,25.88,9.559000000000001
2026-02-21,,,,,,27.13,14.81,20.58,50.64,0.1,27.5,9.562999999999999
2026-02-22,,,,,,27.26,17.15,21.54,46.27,0.04,18.46,9.556999999999999
2026-02-23,,,,,,27.22,16.78,21.72,44.69,0.0,19.99,9.551
2026-02-24,,,,,,27.45,17.35,21.56,45.81,0.01,20.69,9.558
2026-02-25,,,,,,26.24,16.51,20.44,48.78,0.0,25.26,9.567
2026-02-26,,,,,,26.4,15.73,20.29,48.03,0.03,26.69,9.561
2026-02-27,,,,,,25.64,15.44,19.74,49.32,0.0,26.34,9.556999999999999
2026-02-28,,,,,,27.54,15.49,21.15,46.92,0.0,23.38,9.555
2026-03-01,,,,,,28.16,16.15,21.31,51.98,0.0,20.08,9.544
2026-03-02,,,,,,25.09,15.08,19.7,64.66,0.01,25.45,9.561
2026-03-03,,,,,,26.92,13.92,19.99,50.36,0.0,26.61,9.552
2026-03-04,,,,,,26.27,15.56,20.7,42.53,0.0,26.74,9.548
2026-03-05,,,,,,26.48,16.32,20.67,48.95,0.09,23.62,9.554
2026-03-06,,,,,,25.68,15.38,20.07,53.69,0.36,22.81,9.547
2026-03-07,,,,,,24.57,14.89,19.18,60.96,0.59,16.43,9.554
2026-03-08,,,,,,24.3,14.01,18.52,69.55,0.68,22.72,9.571
2026-03-09,,,,,,27.95,14.83,20.65,52.81,0.0,24.99,9.559000000000001
2026-03-10,,,,,,28.32,16.3,21.28,49.56,0.02,24.03,9.565999999999999
2026-03-11,,,,,,26.45,14.54,20.03,55.91,0.18,25.04,9.584999999999999
2026-03-12,,,,,,27.93,15.55,21.0,48.78,0.01,19.85,9.577
2026-03-13,,,,,,25.05,14.14,18.86,57.0,0.01,18.99,9.576
2026-03-14,,,,,,24.1,13.3,17.69,58.18,0.03,21.9,9.57
2026-03-15,,,,,,24.8,13.56,18.78,49.13,0.0,24.4,9.555
2026-03-16,,,,,,25.0,14.86,19.12,61.0,0.04,20.26,9.565000000000001
2026-03-17,,,,,,26.38,15.05,19.57,55.31,0.0,23.94,9.583
2026-03-18,,,,,,25.87,13.72,19.24,53.54,0.0,23.62,9.575
2026-03-19,,,,,,24.6,13.6,17.87,57.04,0.03,23.78,9.57
2026-03-20,,,,,,20.76,12.84,15.56,71.43,1.35,9.52,9.578
2026-03-21,,,,,,23.01,11.04,15.9,57.41,0.0,23.97,9.594
2026-03-22,,,,,,20.96,11.35,15.26,53.39,0.01,11.31,9.599
2026-03-23,,,,,,25.35,11.12,18.18,37.44,0.0,23.47,9.581
2026-03-24,,,,,,24.66,14.39,18.8,43.73,0.0,22.51,9.567
2026-03-25,,,,,,23.26,12.84,17.57,50.95,0.0,22.58,9.572
2026-03-26,,,,,,23.97,11.34,16.59,54.36,0.0,22.82,9.568999999999999
2026-03-27,,,,,,24.04,11.95,16.74,55.63,0.0,17.61,9.574
2026-03-28,,,,,,23.58,11.88,16.9,54.46,0.0,19.61,9.584
2026-03-29,,,,,,26.23,14.16,19.4,40.13,0.0,22.11,9.568999999999999
2026-03-30,,,,,,25.94,15.32,19.34,49.31,0.01,16.97,9.567
2026-03-31,,,,,,26.67,14.78,19.76,51.88,0.01,16.96,9.564
2026-04-01,,,,,,24.47,13.87,18.22,56.27,0.1,19.85,9.586
2026-04-02,,,,,,23.53,13.44,17.38,51.72,0.01,21.35,9.579
2026-04-03,,,,,,27.03,13.42,19.65,33.45,0.01,21.76,9.562999999999999
2026-04-04,,,,,,25.86,14.69,19.44,40.19,0.08,20.83,9.562999999999999
2026-04-05,,,,,,22.57,11.29,16.34,56.22,0.03,19.46,9.578
2026-04-06,,,,,,23.26,10.77,16.4,56.07,0.0,18.64,9.578
2026-04-07,,,,,,25.84,13.36,18.82,42.68,0.0,17.68,9.571
2026-04-08,,,,,,23.06,12.59,17.34,48.46,0.0,13.52,9.568000000000001
2026-04-09,,,,,,23.16,12.63,16.83,52.87,0.0,9.51,9.562000000000001
2026-04-10,,,,,,20.22,11.51,15.26,66.76,0.46,10.72,9.562000000000001
2026-04-11,,,,,,22.28,11.65,15.72,63.42,0.03,19.16,9.581999999999999
2026-04-12,,,,,,22.77,12.84,16.62,47.47,0.01,17.19,9.565999999999999
2026-04-13,,,,,,23.58,12.4,16.89,53.8,0.02,10.87,9.546
2026-04-14,,,,,,20.83,12.43,15.98,66.65,0.15,11.91,9.588
2026-04-15,,,,,,25.83,13.91,18.9,48.01,0.01,18.04,9.565999999999999
2026-04-16,,,,,,24.1,14.44,17.76,52.24,0.06,12.33,9.568999999999999
2026-04-17,,,,,,22.57,13.66,16.93,62.87,0.05,13.45,9.578
2026-04-18,,,,,,23.78,12.96,17.53,59.59,0.04,14.1,9.571
2026-04-19,,,,,,22.3,11.76,16.44,60.78,0.06,16.44,9.576
2026-04-20,,,,,,18.56,10.84,13.55,72.66,6.72,14.32,9.617
2026-04-21,,,,,,20.88,10.15,14.45,66.03,0.0,17.49,9.607
2026-04-22,,,,,,23.4,9.8,15.47,54.55,0.03,18.12,9.615
2026-04-23,,,,,,22.83,11.42,15.7,42.1,0.04,18.04,9.603
2026-04-24,,,,,,21.51,9.66,14.39,46.15,0.17,17.65,9.619
2026-04-25,,,,,,22.02,9.74,14.83,41.8,0.1,17.62,9.612
2026-04-26,,,,,,23.29,10.7,15.87,32.2,0.0,17.93,9.59
2026-04-27,,,,,,22.23,11.4,15.24,36.54,0.0,16.75,9.598
2026-04-28,,,,,,21.29,11.0,15.52,52.34,0.01,15.31,9.598
2026-04-29,,,,,,23.77,12.65,17.1,50.49,0.03,13.4,9.559999999999999
2026-04-30,,,,,,21.43,10.55,15.03,59.92,0.01,8.71,9.556000000000001
2026-05-01,,,,,,21.33,10.44,14.95,55.26,0.0,15.37,9.605
2026-05-02,,,,,,24.58,13.02,17.28,39.24,0.0,16.25,9.581
2026-05-03,,,,,,23.1,12.94,16.49,37.65,0.0,16.2,9.588
2026-05-04,,,,,,22.85,14.15,17.05,45.49,0.0,14.16,9.571
2026-05-05,,,,,,22.34,11.64,16.44,57.44,0.02,10.23,9.565999999999999
2026-05-06,,,,,,17.9,10.97,13.53,82.12,2.24,6.65,9.6
2026-05-07,,,,,,18.47,8.62,12.66,60.44,0.08,15.5,9.633
2026-05-08,,,,,,20.02,8.04,13.03,43.98,0.0,15.55,9.598
2026-05-09,,,,,,22.12,9.16,15.13,35.26,0.0,14.48,9.565999999999999
2026-05-10,,,,,,25.1,15.05,19.04,25.82,0.01,11.24,9.555
2026-05-11,,,,,,24.77,14.67,18.71,30.62,0.05,7.31,9.577
2026-05-12,,,,,,21.61,13.39,16.23,34.68,0.01,5.85,9.595
2026-05-13,,,,,,22.57,11.98,15.9,42.63,0.01,6.75,9.584999999999999
2026-05-14,,,,,,21.41,13.08,15.98,41.03,0.0,8.19,9.584999999999999
2026-05-15,,,,,,20.72,10.63,14.8,48.73,0.01,10.27,9.589
2026-05-16,,,,,,19.21,9.1,12.71,52.68,0.01,14.22,9.581
2026-05-17,,,,,,19.45,9.61,14.11,41.99,0.01,13.81,9.59
2026-05-18,,,,,,22.4,12.61,16.34,30.33,0.01,11.2,9.583
2026-05-19,,,,,,21.0,11.73,15.24,36.79,0.02,7.81,9.579
2026-05-20,,,,,,22.34,9.9,14.72,44.77,0.01,5.7,9.551
2026-05-21,,,,,,17.87,9.71,12.81,56.44,0.03,5.6,9.581
2026-05-22,,,,,,18.1,8.6,12.24,55.9,0.03,8.34,9.59
2026-05-23,,,,,,13.35,7.03,9.69,67.54,0.03,8.45,9.598
2026-05-24,,,,,,17.97,7.01,11.24,49.3,0.0,6.38,9.6
2026-05-25,,,,,,23.01,10.65,16.18,29.42,0.0,12.79,9.555
2026-05-26,,,,,,22.57,12.15,17.06,38.53,0.0,9.85,9.546
2026-05-27,,,,,,19.4,11.46,13.97,61.85,0.01,10.1,9.573
2026-05-28,,,,,,19.31,11.32,13.87,62.7,0.02,11.86,9.596
2026-05-29,,,,,,23.26,11.95,16.54,42.69,0.0,8.99,9.578
2026-05-30,,,,,,22.52,13.08,16.59,47.43,0.0,6.27,9.584999999999999
2026-05-31,,,,,,19.37,11.39,14.21,60.48,0.0,4.76,9.599
2026-06-01,,,,,,17.44,9.71,13.02,60.51,0.0,8.28,9.586
2026-06-02,,,,,,21.36,11.9,15.24,47.63,0.0,8.76,9.593
2026-06-03,,,,,,20.21,12.03,15.24,46.13,0.0,7.43,9.568999999999999
2026-06-04,,,,,,21.95,13.15,16.47,51.26,0.0,6.83,9.568999999999999
2026-06-05,,,,,,17.36,11.2,14.14,62.5,0.01,5.3,9.602
2026-06-06,,,,,,18.78,10.5,13.34,62.74,0.01,11.92,9.611
2026-06-07,,,,,,19.91,9.75,13.49,54.46,0.01,12.15,9.598
2026-06-08,,,,,,19.94,10.26,13.72,57.28,0.01,7.05,9.589
2026-06-09,,,,,,16.7,9.92,11.6,74.16,0.02,2.49,9.609
2026-06-10,,,,,,14.14,8.71,11.07,71.88,1.99,5.97,9.620000000000001
2026-06-11,,,,,,18.81,8.5,12.87,52.88,0.03,11.83,9.6
2026-06-12,,,,,,20.19,9.92,14.3,41.11,0.04,9.65,9.575
2026-06-13,,,,,,21.86,12.1,15.31,42.06,0.0,11.69,9.592
2026-06-14,,,,,,21.43,12.34,15.33,43.58,0.01,7.65,9.593
2026-06-15,,,,,,21.38,12.85,16.16,41.32,0.0,5.95,9.599
2026-06-16,,,,,,17.93,14.57,15.89,41.68,0.0,4.21,9.574
2026-06-17,,,,,,15.54,9.88,13.29,70.03,0.13,2.18,9.57
2026-06-18,,,,,,15.73,10.06,12.22,81.46,0.2,-999.0,9.644
2026-06-19,,,,,,19.51,10.59,13.64,53.73,0.0,10.77,9.648
2026-06-20,,,,,,17.2,8.04,12.16,60.97,0.0,8.1,9.608
2026-06-21,,,,,,13.63,5.89,8.75,68.92,0.54,11.73,9.645
2026-06-22,,,,,,15.8,5.38,9.37,44.69,0.0,11.95,9.651
2026-06-23,,,,,,17.53,6.4,10.78,36.12,0.0,12.06,9.631
2026-06-24,,,,,,18.97,9.21,12.7,32.43,0.0,10.8,9.620000000000001
2026-06-25,,,,,,20.5,9.64,13.83,38.06,0.01,11.5,9.597
2026-06-26,,,,,,19.86,8.77,13.08,44.81,0.0,11.9,9.6
2026-06-27,,,,,,18.22,7.76,11.42,45.37,0.03,11.96,9.628
2026-06-28,,,,,,20.66,7.93,12.66,24.04,0.0,12.24,9.602
2026-06-29,,,,,,20.13,9.02,13.46,37.79,0.02,12.13,9.565000000000001
2026-06-30,,,,,,16.38,7.16,10.97,53.57,0.0,10.91,9.57
2026-07-01,,,,,,12.44,4.96,8.23,71.07,0.01,10.88,9.581
2026-07-02,,,,,,14.49,6.29,9.37,62.76,0.0,11.89,9.602
2026-07-03,,,,,,13.54,5.05,8.23,71.14,0.0,11.97,9.593
2026-07-04,,,,,,13.47,5.56,9.03,76.06,2.17,4.13,9.619
2026-07-05,,,,,,17.95,6.58,11.15,50.9,0.1,12.29,9.64
2026-07-06,,,,,,23.87,9.75,15.4,23.64,0.0,11.24,9.591
2026-07-07,,,,,,22.51,12.49,15.8,29.64,0.0,10.64,9.57
2026-07-08,,,,,,21.34,10.27,14.83,35.93,0.01,6.06,9.593
2026-07-09,,,,,,22.56,13.97,16.59,41.81,0.0,4.94,9.59
2026-07-10,,,,,,21.16,13.46,16.05,50.93,0.29,6.48,9.592
2026-07-11,,,,,,22.89,13.25,16.67,47.27,0.01,9.73,9.581
2026-07-12,,,,,,24.16,14.35,17.9,38.04,0.01,9.58,9.57
2026-07-13,,,,,,22.51,13.63,16.37,40.88,0.03,8.25,9.564
2026-07-14,,,,,,14.87,11.08,12.9,63.72,0.07,4.41,9.558
2026-07-15,,,,,,18.53,11.33,14.1,66.83,0.01,1.88,9.533
2026-07-16,,,,,,16.68,8.42,12.3,72.55,30.57,0.99,9.488
2026-07-17,,,,,,12.39,8.52,10.9,94.64,40.34,1.08,9.49
2026-07-18,,,,,,12.19,8.27,10.52,88.38,6.2,8.16,9.541
2026-07-19,,,,,,12.68,7.44,9.35,72.64,6.29,6.76,9.52
2026-07-20,,,,,,13.16,7.89,10.42,91.9,13.47,6.5,9.542
2026-07-21,,,,,,10.06,8.25,9.37,90.29,16.15,4.03,9.562000000000001
2026-07-22,,,,,,17.13,8.34,11.87,66.14,0.15,6.68,9.595
2026-07-23,,,,,,16.06,10.89,12.76,72.03,5.11,6.32,9.602
2026-07-24,,,,,,20.56,10.95,15.17,67.53,0.41,11.29,9.599
2026-07-25,,,,,,20.73,12.66,16.0,68.04,1.66,7.32,9.609
2026-07-26,,,,,,18.54,12.39,14.96,72.41,0.2,8.04,9.592
2026-07-27,,,,,,16.7,11.37,13.45,83.08,1.81,8.01,9.584
2026-07-28,,,,,,15.65,11.41,13.04,76.38,0.02,10.18,9.594
2026-07-29,,,,,,18.96,11.28,14.74,63.58,0.0,4.32,9.554
2026-07-30,,,,,,18.09,9.46,13.58,70.49,0.03,11.12,9.529
2026-07-31,,,,,,12.34,8.61,10.39,90.49,12.3,5.58,9.589
2026-08-01,,,,,,15.64,6.87,11.37,63.97,0.0,4.9,9.528
2026-08-02,,,,,,19.03,10.31,13.98,70.97,0.0,9.55,9.538
2026-08-03,,,,,,19.82,11.9,14.8,64.75,0.02,11.55,9.539
2026-08-04,,,,,,18.56,11.74,14.51,69.06,0.1,9.0,9.531
2026-08-05,,,,,,17.81,11.37,13.98,68.99,1.56,8.32,9.516
2026-08-06,,,,,,17.72,9.48,12.63,73.96,6.36,14.82,9.545
2026-08-07,,,,,,14.26,8.06,10.27,69.19,0.43,12.13,9.543000000000001
2026-08-08,,,,,,12.78,5.23,8.36,71.3,0.73,15.52,9.552
2026-08-09,,,,,,12.34,4.27,7.87,67.64,0.0,15.5,9.528
2026-08-10,,,,,,13.38,6.72,9.28,66.32,0.0,7.27,9.534
2026-08-11,,,,,,13.11,6.7,9.13,71.71,0.0,7.51,9.543000000000001
2026-08-12,,,,,,18.87,8.3,12.49,63.32,0.09,13.62,9.501000000000001
2026-08-13,,,,,,18.17,9.79,13.15,67.75,1.95,8.51,9.488
2026-08-14,,,,,,15.62,11.25,12.81,81.14,3.69,5.55,9.519
2026-08-15,,,,,,12.48,8.91,11.24,92.0,17.76,3.84,9.517
2026-08-16,,,,,,15.81,8.68,11.58,71.89,2.69,11.53,9.495000000000001
2026-08-17,,,,,,16.25,9.25,12.0,77.95,6.83,11.74,9.515
2026-08-18,,,,,,19.47,9.59,13.83,64.53,0.0,16.89,9.546
2026-08-19,,,,,,17.64,9.69,12.83,69.5,0.0,13.88,9.578
2026-08-20,,,,,,21.21,9.54,14.58,60.44,0.0,14.93,9.546
2026-08-21,,,,,,24.77,11.82,17.9,47.46,0.0,17.89,9.518
2026-08-22,,,,,,24.6,15.29,18.71,47.04,0.0,17.33,9.5
2026-08-23,,,,,,21.94,12.92,16.62,55.92,0.0,11.34,9.509
2026-08-24,,,,,,20.42,11.03,15.0,62.23,0.05,4.9,9.523
2026-08-25,,,,,,19.82,13.31,15.37,74.4,0.59,2.28,9.504999999999999
2026-08-26,,,,,,15.0,11.89,13.4,90.24,2.94,4.51,9.482
2026-08-27,,,,,,13.7,10.16,11.58,89.84,2.7,13.61,9.483
2026-08-28,,,,,,16.02,9.39,11.98,73.59,0.24,17.6,9.517
2026-08-29,,,,,,17.71,10.09,12.92,65.17,0.0,-999.0,9.522
2026-08-30,,,,,,16.91,9.19,12.39,67.39,0.15,-999.0,9.524
2026-08-31,,,,,,-999.0,-999.0,-999.0,-999.0,-999.0,-999.0,-99.9
2026-09-01,,,,,,-999.0,-999.0,-999.0,-999.0,-999.0,-999.0,-99.9
2026-09-02,,,,,,-999.0,-999.0,-999.0,-999.0,-999.0,-999.0,-99.9
2026-09-03,,,,,,-999.0,-999.0,-999.0,-999.0,-999.0,-999.0,-99.9
2026-09-04,,,,,,-999.0,-999.0,-999.0,-999.0,-999.0,-999.0,-99.9
