doy_sin,doy_cos,eto_lag1,eto_lag2,eto_lag3,eto_lag7,rad_lag1,rad_lag3,tmax_lag1,tmax_lag3,tmin_lag1,tmin_lag3,np_rh_lag1,np_rh_lag3,np_rad_lag1,np_rad_lag3,np_precip_lag1,np_precip_lag3,eto_roll7,rad_roll7,np_rh_roll7,precip_roll7,precip_lag1,date,eto_t1
0.2552,0.9669,5.94,6.51,5.53,4.96,0.030449999999999998,0.02811,27.7,26.9,17.7,16.5,63.13,63.95,27.6,25.87,0.05,0.03,6.162857142857143,0.03135285714285714,61.042857142857144,0.0,0.0,2016-01-15,6.68
0.2718,0.9624,6.96,5.94,6.51,6.45,0.03313,0.03288,30.4,28.6,17.5,18.0,49.39,58.9,33.11,29.71,0.33,0.02,6.195714285714286,0.031318571428571425,59.74714285714286,0.0,0.0,2016-01-16,6.83
0.2883,0.9575,6.68,6.96,5.94,6.29,0.0327,0.030449999999999998,29.7,27.7,18.9,17.7,52.28,63.13,32.36,27.6,0.0,0.05,6.272857142857142,0.03134285714285714,57.76285714285715,0.0,0.0,2016-01-17,6.38
0.3047,0.9524,6.83,6.68,6.96,5.46,0.03283,0.03313,31.3,30.4,19.3,17.5,46.15,49.39,30.65,33.11,0.07,0.33,6.404285714285714,0.03179857142857143,55.55428571428571,0.0,0.0,2016-01-18,6.18
0.3211,0.9471,6.38,6.83,6.68,5.53,0.032490000000000005,0.0327,29.1,29.7,20.4,18.9,55.08,52.28,25.65,32.36,0.0,0.0,6.497142857142856,0.032287142857142855,55.32857142857143,0.0,0.0,2016-01-19,6.27
0.3373,0.9414,6.18,6.38,6.83,6.51,0.03153,0.03283,29.0,31.3,18.8,19.3,62.37,46.15,28.76,30.65,0.0,0.07,6.4628571428571435,0.03209857142857143,55.80142857142857,0.0,0.0,2016-01-20,4.89
0.3534,0.9355,6.27,6.18,6.38,5.94,0.03156,0.032490000000000005,29.6,29.1,20.7,20.4,62.21,55.08,24.76,25.65,0.0,0.0,6.312857142857142,0.031305714285714284,56.73285714285714,0.0,0.0,2016-01-21,5.38
0.3695,0.9292,4.89,6.27,6.18,6.96,0.0249,0.03153,28.1,29.0,19.4,18.8,69.65,62.37,22.64,28.76,0.03,0.0,6.087142857142857,0.030558571428571428,59.18571428571429,0.0,0.0,2016-01-22,4.48
0.3854,0.9227,5.38,4.89,6.27,6.68,0.027899999999999998,0.03156,27.9,29.6,18.7,20.7,66.56,62.21,27.06,24.76,0.03,0.0,5.772857142857142,0.02916,62.56714285714286,0.07142857142857142,0.0,2016-01-23,4.16
0.4012,0.916,4.48,5.38,4.89,6.83,0.02291,0.0249,26.4,28.1,18.4,19.4,75.95,69.65,15.26,22.64,1.58,0.03,5.3914285714285715,0.027392857142857142,65.09285714285714,0.41428571428571426,0.5,2016-01-24,3.85
0.4169,0.9089,4.16,4.48,5.38,6.38,0.020460000000000002,0.027899999999999998,26.8,27.9,17.8,18.7,63.83,66.56,28.1,27.06,1.6,0.03,5.03,0.025541428571428573,66.91,0.41428571428571426,2.4,2016-01-25,5.77
0.4325,0.9016,3.85,4.16,4.48,6.18,0.019530000000000002,0.02291,25.0,26.4,17.6,18.4,67.8,75.95,17.82,15.26,0.0,1.58,4.971428571428571,0.025262857142857142,66.93285714285715,0.41428571428571426,0.0,2016-01-26,6.09
0.4479,0.8941,5.77,3.85,4.16,6.27,0.02958,0.020460000000000002,27.4,26.8,17.3,17.8,62.53,63.83,27.08,28.1,0.01,1.6,4.945714285714286,0.025007142857142856,66.88000000000001,0.41428571428571426,0.0,2016-01-27,5.81
0.4633,0.8862,6.09,5.77,3.85,4.89,0.029769999999999998,0.019530000000000002,28.9,25.0,17.9,17.6,61.84,67.8,24.57,17.82,0.0,0.0,5.077142857142857,0.02544714285714286,65.71857142857144,0.41428571428571426,0.0,2016-01-28,5.25
0.4784,0.8781,5.81,6.09,5.77,5.38,0.02798,0.02958,29.2,27.4,19.2,17.3,61.52,62.53,22.13,27.08,0.0,0.01,5.058571428571428,0.02518,65.91142857142857,0.41428571428571426,0.0,2016-01-29,6.43
0.4935,0.8698,5.25,5.81,6.09,4.48,0.02603,0.029769999999999998,27.9,28.9,18.5,17.9,67.91,61.84,20.28,24.57,0.06,0.0,5.337142857142857,0.026382857142857145,63.31142857142857,0.34285714285714286,0.0,2016-01-30,5.95
0.5084,0.8611,6.43,5.25,5.81,4.16,0.03133,0.02798,31.3,29.2,19.2,19.2,57.75,61.52,28.32,22.13,0.01,0.0,5.5928571428571425,0.027695714285714285,63.17714285714286,0.0,0.0,2016-01-31,5.81
0.5231,0.8523,5.95,6.43,5.25,3.85,0.02965,0.02603,29.5,27.9,20.4,18.5,62.89,67.91,18.66,20.28,0.03,0.06,5.872857142857143,0.02908285714285714,62.705714285714286,0.0,0.0,2016-02-01,5.76
0.5377,0.8432,5.81,5.95,6.43,5.77,0.02924,0.03133,29.1,31.3,19.5,19.2,64.5,57.75,15.74,28.32,0.0,0.01,5.871428571428572,0.029070000000000002,62.71857142857142,0.0,0.0,2016-02-02,5.8
0.5521,0.8338,5.76,5.81,5.95,6.09,0.02949,0.02965,28.9,29.5,19.0,20.4,62.62,62.89,14.18,18.66,0.0,0.03,5.83,0.02905142857142857,63.03857142857142,0.0,0.0,2016-02-03,5.19
0.5664,0.8242,5.8,5.76,5.81,5.81,0.02964,0.02924,28.6,29.1,19.4,19.5,64.08,64.5,15.41,15.74,0.0,0.0,5.741428571428571,0.028887142857142858,63.14714285714285,0.0,0.0,2016-02-04,5.94
0.5805,0.8143,5.19,5.8,5.76,5.25,0.02683,0.02949,28.1,28.9,19.0,19.0,62.28,62.62,20.06,14.18,0.03,0.0,5.840000000000001,0.029461428571428572,62.11857142857143,0.0,0.0,2016-02-05,5.77
0.5944,0.8042,5.94,5.19,5.8,6.43,0.03005,0.02964,29.1,28.6,18.3,19.4,60.71,64.08,21.59,15.41,0.09,0.0,5.7457142857142856,0.029217142857142858,62.712857142857146,0.0,0.0,2016-02-06,5.52
0.6081,0.7938,5.77,5.94,5.19,5.95,0.02962,0.02683,28.6,28.1,18.5,19.0,61.91,62.28,20.91,20.06,0.0,0.03,5.684285714285714,0.029107142857142856,63.43714285714286,0.0,0.0,2016-02-07,5.75
0.6217,0.7833,5.52,5.77,5.94,5.81,0.02888,0.03005,27.2,29.1,18.3,18.3,67.96,60.71,22.22,21.59,0.08,0.09,5.675714285714285,0.029178571428571425,63.652857142857144,0.0,0.0,2016-02-08,5.83
0.6351,0.7725,5.75,5.52,5.77,5.76,0.02974,0.02962,27.8,28.6,17.6,18.5,66.01,61.91,24.06,20.91,0.07,0.0,5.685714285714285,0.02917,63.15,0.0,0.0,2016-02-09,5.45
0.6483,0.7614,5.83,5.75,5.52,5.8,0.02943,0.02888,29.7,27.2,20.1,18.3,59.1,67.96,24.59,22.22,0.01,0.08,5.635714285714286,0.028962857142857144,63.114285714285714,0.0,0.0,2016-02-10,5.66
0.6613,0.7502,5.45,5.83,5.75,5.19,0.02819,0.02974,28.4,27.8,18.7,17.6,63.83,66.01,19.2,24.06,0.3,0.07,5.702857142857143,0.029312857142857144,62.354285714285716,0.0,0.0,2016-02-11,5.24
0.6741,0.7387,5.66,5.45,5.83,5.94,0.02928,0.02943,27.6,29.7,17.7,20.1,56.96,59.1,20.88,24.59,0.01,0.01,5.602857142857142,0.02883857142857143,63.19714285714286,0.0,0.0,2016-02-12,6.08
0.6867,0.727,5.24,5.66,5.45,5.77,0.02673,0.02819,27.2,28.4,17.8,18.7,66.61,63.83,20.56,19.2,0.02,0.3,5.647142857142858,0.028895714285714285,61.89714285714285,0.0,0.0,2016-02-13,6.11
0.6991,0.715,6.08,5.24,5.66,5.52,0.030019999999999998,0.02928,29.3,27.6,18.0,17.7,52.81,56.96,29.67,20.88,0.0,0.01,5.731428571428572,0.029031428571428573,58.64714285714286,0.0,0.0,2016-02-14,5.99
0.7113,0.7029,6.11,6.08,5.24,5.75,0.02983,0.02673,30.1,27.2,18.7,17.8,45.21,66.61,29.7,20.56,0.0,0.02,5.765714285714286,0.029034285714285714,55.848571428571425,0.0,0.0,2016-02-15,4.39
0.7233,0.6906,5.99,6.11,6.08,5.83,0.02976,0.030019999999999998,30.1,29.3,19.9,18.0,46.42,52.81,25.15,29.67,0.02,0.0,5.5600000000000005,0.028154285714285715,56.135714285714286,0.0,0.0,2016-02-16,5.61
0.735,0.678,4.39,5.99,6.11,5.45,0.02327,0.02983,25.3,30.1,18.2,18.7,61.11,45.21,17.5,29.7,0.06,0.0,5.582857142857143,0.028265714285714286,55.08714285714286,0.0,0.0,2016-02-17,5.73
0.7466,0.6653,5.61,4.39,5.99,5.66,0.02897,0.02976,27.7,30.1,16.5,19.9,56.49,46.42,28.65,25.15,0.01,0.02,5.5928571428571425,0.02820142857142857,55.182857142857145,0.0,0.0,2016-02-18,6.04
0.7579,0.6523,5.73,5.61,4.39,5.24,0.028829999999999998,0.02327,28.0,25.3,17.1,18.2,57.63,61.11,28.81,17.5,0.0,0.06,5.707142857142857,0.028525714285714286,51.91142857142857,0.0,0.0,2016-02-19,5.98
0.769,0.6392,6.04,5.73,5.61,6.08,0.029,0.02897,29.9,27.7,18.8,16.5,43.71,56.49,28.47,28.65,0.01,0.01,5.692857142857143,0.028371428571428572,50.21,0.0,0.0,2016-02-20,5.38
0.7799,0.6259,5.98,6.04,5.73,6.11,0.02894,0.028829999999999998,29.8,28.0,19.9,17.1,40.9,57.63,28.38,28.81,0.0,0.0,5.588571428571429,0.02800857142857143,51.74142857142857,0.0,0.0,2016-02-21,5.55
0.7906,0.6124,5.38,5.98,6.04,5.99,0.02729,0.029,29.2,29.9,19.0,18.8,55.93,43.71,19.95,28.47,0.0,0.01,5.525714285714286,0.02772142857142857,52.80857142857143,0.0,0.0,2016-02-22,5.64
0.801,0.5987,5.55,5.38,5.98,4.39,0.02775,0.02894,29.7,29.8,18.5,19.9,53.89,40.9,22.0,28.38,0.01,0.0,5.704285714285715,0.02835714285714286,51.39,0.0,0.0,2016-02-23,5.7
0.8112,0.5848,5.64,5.55,5.38,5.61,0.027719999999999998,0.02729,30.5,29.2,20.9,19.0,51.18,55.93,27.04,19.95,0.39,0.0,5.717142857142858,0.028144285714285712,49.644285714285715,0.0,0.0,2016-02-24,5.59
0.8211,0.5708,5.7,5.64,5.55,5.73,0.02748,0.02775,30.6,29.7,21.4,18.5,44.27,53.89,21.86,22.0,0.0,0.01,5.6971428571428575,0.02802,47.74714285714286,0.0,0.0,2016-02-25,5.6
0.8308,0.5566,5.59,5.7,5.64,6.04,0.027960000000000002,0.027719999999999998,27.8,30.5,18.4,20.9,44.35,51.18,26.37,27.04,0.01,0.39,5.634285714285714,0.02789142857142857,48.075714285714284,0.0,0.0,2016-02-26,5.62
0.8402,0.5422,5.6,5.59,5.7,5.98,0.0281,0.02748,27.8,30.6,16.4,21.4,46.01,44.27,27.09,21.86,0.01,0.0,5.582857142857143,0.02769285714285714,48.291428571428575,0.0,0.0,2016-02-27,5.75
0.8495,0.5277,5.62,5.6,5.59,5.38,0.02755,0.027960000000000002,29.1,27.8,19.1,18.4,42.41,44.35,26.58,26.37,0.01,0.01,5.635714285714286,0.02772428571428572,46.38142857142857,0.0,0.0,2016-02-28,5.52
0.8584,0.513,5.75,5.62,5.6,5.55,0.027510000000000003,0.0281,30.6,27.8,20.3,16.4,42.56,46.01,27.42,27.09,0.01,0.01,5.631428571428572,0.027642857142857143,45.13857142857143,0.0,0.0,2016-02-29,5.57
0.8671,0.4981,5.52,5.75,5.62,5.64,0.02718,0.02755,29.5,29.1,19.5,19.1,45.19,42.41,22.84,26.58,0.03,0.01,5.621428571428572,0.02755857142857143,43.96857142857142,0.0,0.0,2016-03-01,5.51
0.8755,0.4831,5.57,5.52,5.75,5.7,0.027129999999999998,0.027510000000000003,30.5,30.6,20.1,20.3,42.99,42.56,22.3,27.42,0.6,0.01,5.594285714285713,0.027482857142857142,44.041428571428575,0.0,0.0,2016-03-02,4.8
0.8837,0.468,5.51,5.57,5.52,5.59,0.026949999999999998,0.02718,29.8,29.5,19.3,19.5,44.78,45.19,21.53,22.84,0.05,0.03,5.481428571428571,0.02690285714285714,44.34285714285714,0.0,0.0,2016-03-03,4.92
0.8916,0.4527,4.8,5.51,5.57,5.6,0.023899999999999998,0.027129999999999998,28.2,30.5,19.3,20.1,46.46,42.99,14.98,22.3,0.05,0.6,5.384285714285714,0.026365714285714287,44.14857142857143,0.0,0.0,2016-03-04,5.03
0.8993,0.4373,4.92,4.8,5.51,5.62,0.02434,0.026949999999999998,29.2,29.8,18.8,19.3,44.65,44.78,16.47,21.53,0.11,0.05,5.3,0.026085714285714285,45.901428571428575,0.0,0.0,2016-03-05,4.02
0.9067,0.4218,5.03,4.92,4.8,5.75,0.025589999999999998,0.023899999999999998,29.0,28.2,19.4,19.3,54.68,46.46,16.22,14.98,1.2,0.05,5.0528571428571425,0.025095714285714284,48.37571428571429,0.0,0.0,2016-03-06,4.24
0.9138,0.4061,4.02,5.03,4.92,5.52,0.020579999999999998,0.02434,26.0,29.2,18.2,18.8,59.88,44.65,12.5,16.47,0.02,0.11,4.87,0.024439999999999996,51.285714285714285,0.0,0.0,2016-03-07,4.85
0.9207,0.3904,4.24,4.02,5.03,5.57,0.02259,0.025589999999999998,25.3,29.0,16.2,19.4,65.56,54.68,12.48,16.22,0.09,1.2,4.767142857142857,0.02415142857142857,53.027142857142856,0.0,0.0,2016-03-08,5.32
0.9272,0.3745,4.85,4.24,4.02,5.51,0.02511,0.020579999999999998,27.9,26.0,16.8,18.2,55.18,59.88,24.03,12.5,0.02,0.02,4.74,0.02398428571428571,52.94,0.0,0.0,2016-03-09,4.73
0.9335,0.3585,5.32,4.85,4.24,4.8,0.02578,0.02259,30.4,25.3,19.9,16.2,44.17,65.56,24.04,12.48,0.0,0.09,4.7299999999999995,0.023999999999999997,54.15428571428571,0.0,0.0,2016-03-10,4.67
0.9396,0.3424,4.73,5.32,4.85,4.92,0.02401,0.02511,28.1,27.9,19.3,16.8,54.96,55.18,14.6,24.03,0.41,0.02,4.694285714285714,0.023965714285714285,55.35142857142858,0.0,0.0,2016-03-11,4.44
0.9453,0.3261,4.67,4.73,5.32,5.03,0.0241,0.02578,27.6,30.4,18.7,19.9,53.03,44.17,15.36,24.04,0.01,0.0,4.61,0.023554285714285715,56.94571428571429,0.0,0.0,2016-03-12,4.98
0.9508,0.3098,4.44,4.67,4.73,4.02,0.02271,0.02401,27.7,28.1,18.2,19.3,65.84,54.96,17.47,14.6,0.28,0.41,4.747142857142857,0.024128571428571426,57.13142857142857,0.0,0.0,2016-03-13,4.55
0.956,0.2934,4.98,4.44,4.67,4.24,0.0246,0.0241,29.6,27.6,18.7,18.7,61.18,53.03,16.43,15.36,0.06,0.01,4.791428571428571,0.024252857142857142,55.56,0.0,0.0,2016-03-14,4.52
0.9609,0.2769,4.55,4.98,4.44,4.85,0.02346,0.02271,28.3,27.7,19.2,18.2,54.56,65.84,13.04,17.47,0.0,0.28,4.744285714285715,0.023982857142857143,54.57571428571429,0.0,0.0,2016-03-15,3.81
0.9655,0.2604,4.52,4.55,4.98,5.32,0.023219999999999998,0.0246,28.3,29.6,19.2,18.7,48.29,61.18,15.18,16.43,0.01,0.06,4.5285714285714285,0.023107142857142857,56.35142857142858,0.0,0.0,2016-03-16,3.24
0.9698,0.2437,3.81,4.52,4.55,4.73,0.019649999999999997,0.02346,26.6,28.3,19.2,19.2,56.6,54.56,13.85,13.04,0.01,0.0,4.315714285714286,0.02211142857142857,57.39142857142857,0.0,0.0,2016-03-17,4.61
0.9739,0.227,3.24,3.81,4.52,4.67,0.01704,0.023219999999999998,25.4,28.3,17.5,19.2,62.24,48.29,12.11,15.18,0.01,0.01,4.307142857142858,0.022067142857142858,56.51,0.0,0.0,2016-03-18,4.37
0.9777,0.2102,4.61,3.24,3.81,4.44,0.02379,0.019649999999999997,27.8,26.6,17.8,19.2,46.86,56.6,23.2,13.85,0.0,0.01,4.297142857142857,0.02214142857142857,53.971428571428575,0.0,0.0,2016-03-19,4.49
0.9811,0.1934,4.37,4.61,3.24,4.98,0.02323,0.01704,26.9,25.4,18.2,17.5,48.07,62.24,20.09,12.11,0.0,0.01,4.227142857142857,0.021987142857142854,51.971428571428575,0.0,0.0,2016-03-20,4.37
0.9843,0.1765,4.49,4.37,4.61,4.55,0.02352,0.02379,27.4,27.8,17.7,17.8,47.18,46.86,15.27,23.2,0.0,0.0,4.201428571428571,0.021968571428571428,51.11714285714286,0.0,0.0,2016-03-21,4.58
0.9872,0.1595,4.37,4.49,4.37,4.52,0.023329999999999997,0.02323,26.8,26.9,17.5,18.2,48.58,48.07,14.55,20.09,0.0,0.0,4.21,0.021969999999999996,50.917142857142856,0.0,0.0,2016-03-22,3.33
0.9898,0.1425,4.58,4.37,4.49,3.81,0.02323,0.02352,28.8,27.4,18.4,17.7,46.89,47.18,17.3,15.27,0.0,0.0,4.1414285714285715,0.02172,51.26,0.0,0.0,2016-03-23,4.11
0.9921,0.1255,3.33,4.58,4.37,3.24,0.0179,0.023329999999999997,25.5,26.8,17.7,17.5,59.0,48.58,11.91,14.55,0.0,0.0,4.265714285714286,0.02242857142857143,51.221428571428575,0.0,0.0,2016-03-24,4.52
0.9941,0.1084,4.11,3.33,4.58,4.61,0.022,0.02323,26.6,28.8,17.0,18.4,61.97,46.89,14.39,17.3,0.01,0.0,4.252857142857143,0.022235714285714286,51.80714285714286,0.0,0.0,2016-03-25,3.16
0.9958,0.0913,4.52,4.11,3.33,4.37,0.02244,0.0179,29.6,25.5,16.8,17.7,50.96,59.0,14.62,11.91,0.02,0.0,4.08,0.021204285714285714,53.28142857142858,0.0,0.0,2016-03-26,3.99
0.9972,0.0741,3.16,4.52,4.11,4.49,0.01601,0.022,25.9,26.6,17.5,17.0,58.39,61.97,11.36,14.39,0.01,0.01,4.008571428571429,0.02086142857142857,55.06285714285714,0.0,0.0,2016-03-27,3.8
0.9984,0.057,3.99,3.16,4.52,4.37,0.02112,0.02244,26.4,29.6,17.6,16.8,59.65,50.96,13.17,14.62,0.0,0.02,3.9271428571428575,0.02042714285714286,56.971428571428575,0.0,0.0,2016-03-28,3.09
0.9992,0.0398,3.8,3.99,3.16,4.58,0.02029,0.01601,25.6,25.9,17.4,17.5,61.94,58.39,10.7,11.36,0.0,0.01,3.7142857142857144,0.01954142857142857,59.712857142857146,0.0,0.0,2016-03-29,2.61
0.9997,0.0226,3.09,3.8,3.99,3.33,0.01703,0.02112,24.7,26.4,17.5,17.6,66.08,59.65,8.98,13.17,0.0,0.0,3.6114285714285717,0.01900142857142857,61.424285714285716,0.0,0.0,2016-03-30,3.7
1.0,0.0054,2.61,3.09,3.8,4.11,0.014119999999999999,0.02029,23.7,25.6,16.4,17.4,70.98,61.94,12.38,10.7,0.0,0.0,3.552857142857143,0.01851857142857143,60.387142857142855,0.0,0.0,2016-03-31,2.73
0.9999,-0.0118,3.7,2.61,3.09,4.52,0.01862,0.01703,26.5,24.7,16.2,17.5,54.71,66.08,14.46,8.98,0.0,0.0,3.2971428571428567,0.017417142857142857,63.40714285714286,0.0,0.0,2016-04-01,3.31
0.9996,-0.029,2.73,3.7,2.61,3.16,0.01473,0.014119999999999999,23.9,23.7,17.4,16.4,72.1,70.98,8.34,12.38,0.01,0.0,3.3185714285714285,0.017764285714285715,65.75428571428571,0.0,0.0,2016-04-02,1.84
0.9989,-0.0462,3.31,2.73,3.7,3.99,0.01844,0.01862,24.7,26.5,16.3,16.2,74.82,54.71,14.53,14.46,0.0,0.0,3.011428571428571,0.016195714285714286,69.01142857142857,0.0,0.0,2016-04-03,3.35
0.998,-0.0634,1.84,3.31,2.73,3.8,0.01014,0.01473,19.1,23.9,14.5,17.4,82.45,72.1,10.47,8.34,0.01,0.01,2.947142857142857,0.01589857142857143,69.91285714285713,0.0,0.0,2016-04-04,2.28
0.9968,-0.0805,3.35,1.84,3.31,3.09,0.01821,0.01844,23.5,24.7,14.0,16.3,68.25,74.82,18.13,14.53,0.0,0.0,2.8314285714285714,0.015117142857142857,69.69714285714285,0.05714285714285715,0.0,2016-04-05,3.0
0.9952,-0.0977,2.28,3.35,1.84,2.61,0.01156,0.01014,23.6,19.1,17.9,14.5,64.57,82.45,9.0,10.47,0.54,0.01,2.8871428571428575,0.015564285714285715,68.83,0.07142857142857142,0.4,2016-04-06,3.43
0.9934,-0.1148,3.0,2.28,3.35,3.7,0.01725,0.01821,23.4,23.5,15.7,14.0,64.91,68.25,16.93,18.13,0.2,0.0,2.8485714285714288,0.015495714285714288,69.50857142857143,0.07142857142857142,0.1,2016-04-07,2.99
0.9913,-0.1319,3.43,3.0,2.28,2.73,0.01814,0.01156,24.5,23.6,16.0,17.9,59.46,64.57,14.83,9.0,0.01,0.54,2.8857142857142857,0.01584,69.61428571428571,0.07142857142857142,0.0,2016-04-08,3.29
0.9889,-0.1489,2.99,3.43,3.0,3.31,0.01714,0.01725,22.5,23.4,14.9,15.7,72.84,64.91,12.09,16.93,0.21,0.2,2.882857142857143,0.015975714285714284,68.98285714285714,0.07142857142857142,0.0,2016-04-09,3.19
0.9861,-0.1659,3.29,2.99,3.43,1.84,0.01939,0.01814,22.5,24.5,13.4,16.0,70.4,59.46,14.05,14.83,0.02,0.01,3.075714285714286,0.01680142857142857,63.78142857142858,0.07142857142857142,0.0,2016-04-10,3.16
0.9831,-0.1828,3.19,3.29,2.99,3.35,0.01592,0.01714,26.0,22.5,14.8,14.9,46.04,72.84,15.61,12.09,0.07,0.21,3.0485714285714285,0.016641428571428574,62.43285714285714,0.07142857142857142,0.0,2016-04-11,2.18
0.9799,-0.1997,3.16,3.19,3.29,2.28,0.01709,0.01939,24.7,22.5,17.6,13.4,58.81,70.4,11.86,14.05,0.01,0.02,3.0342857142857147,0.016712857142857144,65.03142857142858,0.014285714285714287,0.0,2016-04-12,1.6
0.9763,-0.2165,2.18,3.16,3.19,3.0,0.012060000000000001,0.01592,22.4,26.0,15.6,14.8,82.76,46.04,5.61,15.61,0.04,0.07,2.834285714285714,0.015407142857142857,64.75142857142858,0.17142857142857143,0.0,2016-04-13,1.72
0.9724,-0.2333,1.6,2.18,3.16,3.43,0.00811,0.01709,22.4,24.7,14.8,17.6,62.95,58.81,6.23,11.86,0.07,0.01,2.59,0.014097142857142858,64.25571428571429,1.2857142857142858,1.2,2016-04-14,1.36
0.9683,-0.25,1.72,1.6,2.18,2.99,0.00897,0.012060000000000001,21.8,22.4,17.1,15.6,55.99,82.76,9.28,5.61,2.27,0.04,2.357142857142857,0.012657142857142856,65.43714285714286,2.2714285714285714,7.8,2016-04-15,1.63
0.9638,-0.2666,1.36,1.72,1.6,3.29,0.0070599999999999994,0.00811,21.4,22.4,18.0,14.8,81.11,62.95,7.38,6.23,28.51,0.07,2.12,0.01114,67.96714285714286,5.885714285714286,6.9,2016-04-16,0.49
0.9591,-0.2831,1.63,1.36,1.72,3.19,0.00877,0.00897,22.6,21.8,17.8,17.1,88.11,55.99,9.67,9.28,10.64,2.27,1.7342857142857144,0.009175714285714285,74.35285714285715,13.1,25.3,2016-04-17,1.06
0.9541,-0.2996,0.49,1.63,1.36,3.16,0.00217,0.0070599999999999994,18.0,21.4,16.1,18.0,90.74,81.11,2.62,7.38,30.36,28.51,1.4342857142857144,0.007602857142857143,78.62857142857142,15.414285714285715,50.5,2016-04-18,2.71
0.9488,-0.316,1.06,0.49,1.63,2.18,0.00608,0.00877,17.0,22.6,14.6,17.8,88.74,88.11,8.73,9.67,7.23,10.64,1.51,0.008235714285714285,76.2042857142857,15.414285714285715,16.2,2016-04-19,2.67
0.9432,-0.3322,2.71,1.06,0.49,1.6,0.016489999999999998,0.00217,21.7,18.0,14.0,16.1,65.79,90.74,17.17,2.62,0.01,30.36,1.662857142857143,0.009511428571428572,75.92857142857143,15.242857142857144,0.0,2016-04-20,2.97
0.9373,-0.3484,2.67,2.71,1.06,1.72,0.01704,0.00608,20.2,17.0,14.0,14.6,61.02,88.74,14.68,8.73,0.04,7.23,1.8414285714285714,0.010725714285714285,76.55428571428571,14.12857142857143,0.0,2016-04-21,1.11
0.9312,-0.3645,2.97,2.67,2.71,1.36,0.01747,0.016489999999999998,23.5,21.7,15.3,14.0,60.37,65.79,15.21,17.17,0.0,0.01,1.8057142857142858,0.01058,76.07571428571428,13.142857142857142,0.0,2016-04-22,1.94
0.9248,-0.3804,1.11,2.97,2.67,1.63,0.00604,0.01704,19.1,20.2,15.8,14.0,77.76,61.02,5.97,14.68,0.01,0.04,1.8499999999999999,0.010935714285714285,74.83428571428571,9.742857142857144,0.0,2016-04-23,1.63
0.9181,-0.3963,1.94,1.11,2.97,0.49,0.01126,0.01747,20.0,23.5,15.7,15.3,79.42,60.37,10.07,15.21,3.77,0.0,2.012857142857143,0.011947142857142856,73.96571428571428,2.7857142857142856,1.5,2016-04-24,2.5
0.9112,-0.412,1.63,1.94,1.11,1.06,0.00925,0.00604,16.6,19.1,12.2,15.8,84.66,77.76,10.2,5.97,3.02,0.01,2.2185714285714284,0.013468571428571429,71.41571428571429,0.4714285714285714,1.8,2016-04-25,3.19
0.9039,-0.4276,2.5,1.63,1.94,2.71,0.016730000000000002,0.01126,16.7,20.0,10.9,15.7,70.89,79.42,16.9,10.07,0.38,3.77,2.2871428571428574,0.013631428571428572,68.54571428571428,0.4714285714285714,0.0,2016-04-26,2.21
0.8965,-0.4431,3.19,2.5,1.63,2.67,0.01763,0.00925,23.3,16.6,10.5,12.2,45.7,84.66,17.39,10.2,0.0,3.02,2.2214285714285715,0.012910000000000001,66.88857142857144,0.4714285714285714,0.0,2016-04-27,2.08
0.8887,-0.4585,2.21,3.19,2.5,2.97,0.01199,0.016730000000000002,22.8,16.7,15.2,10.9,49.42,70.89,7.96,16.9,0.0,0.38,2.0942857142857143,0.012075714285714287,66.49571428571429,0.4714285714285714,0.0,2016-04-28,2.79
0.8807,-0.4737,2.08,2.21,3.19,1.11,0.011630000000000001,0.01763,22.1,23.3,15.8,10.5,57.62,45.7,11.86,17.39,0.0,0.0,2.334285714285714,0.013467142857142858,63.294285714285714,0.4714285714285714,0.0,2016-04-29,3.03
0.8724,-0.4888,2.79,2.08,2.21,1.94,0.01578,0.01199,23.5,22.8,17.0,15.2,55.35,49.42,16.37,7.96,0.0,0.0,2.4899999999999998,0.014102857142857143,58.98857142857143,0.2571428571428572,0.0,2016-04-30,1.39
0.8639,-0.5037,3.03,2.79,2.08,1.63,0.015710000000000002,0.011630000000000001,27.7,22.1,17.6,15.8,49.28,57.62,14.93,11.86,0.06,0.0,2.455714285714286,0.013835714285714286,57.85857142857143,0.08571428571428572,0.0,2016-05-01,1.48
0.8551,-0.5185,1.39,3.03,2.79,2.5,0.00738,0.01578,21.0,23.5,16.7,17.0,76.75,55.35,5.66,16.37,0.13,0.0,2.3099999999999996,0.012480000000000002,56.4,0.09999999999999999,0.6,2016-05-02,2.72
0.846,-0.5331,1.48,1.39,3.03,3.19,0.00724,0.015710000000000002,23.0,27.7,16.7,17.6,60.68,49.28,8.93,14.93,0.17,0.06,2.242857142857143,0.012055714285714286,57.82142857142857,0.09999999999999999,0.1,2016-05-03,1.86
0.8367,-0.5476,2.72,1.48,1.39,2.21,0.01466,0.00738,27.1,21.0,14.4,16.7,55.65,76.75,12.82,5.66,0.01,0.13,2.1928571428571426,0.011841428571428572,60.48428571428571,0.09999999999999999,0.0,2016-05-04,1.28
0.8272,-0.5619,1.86,2.72,1.48,2.08,0.010490000000000001,0.00724,22.3,23.0,16.8,16.7,68.06,60.68,6.69,8.93,0.02,0.17,2.0785714285714287,0.011247142857142857,62.94428571428572,0.15714285714285717,0.0,2016-05-05,2.12
0.8174,-0.5761,1.28,1.86,2.72,2.79,0.00747,0.01466,19.7,27.1,15.7,14.4,74.84,55.65,8.6,12.82,0.01,0.01,1.9828571428571429,0.010837142857142856,64.51,0.15714285714285717,0.4,2016-05-06,1.82
0.8074,-0.59,2.12,1.28,1.86,3.03,0.01291,0.010490000000000001,21.3,22.3,15.2,16.8,66.31,68.06,11.78,6.69,0.0,0.02,1.81,0.010241428571428571,68.67857142857143,0.15714285714285717,0.0,2016-05-07,1.87
0.7971,-0.6038,1.82,2.12,1.28,1.39,0.01154,0.00747,19.7,19.7,13.7,15.7,78.46,74.84,6.4,8.6,0.04,0.01,1.8785714285714286,0.010827142857142856,68.42857142857143,0.07142857142857142,0.0,2016-05-08,1.81
0.7866,-0.6175,1.87,1.82,2.12,1.48,0.01148,0.01291,20.5,21.3,13.5,15.2,75.0,66.31,11.69,11.78,0.0,0.0,1.9257142857142857,0.011331428571428572,69.81571428571428,0.05714285714285715,0.0,2016-05-09,1.47
0.7759,-0.6309,1.81,1.87,1.82,2.72,0.01077,0.01154,20.6,19.7,15.1,13.7,70.39,78.46,9.35,6.4,0.01,0.04,1.747142857142857,0.010454285714285713,72.48142857142857,0.05714285714285715,0.0,2016-05-10,0.88
0.7649,-0.6442,1.47,1.81,1.87,1.86,0.00852,0.01148,20.5,20.5,14.8,13.5,74.31,75.0,6.78,11.69,0.12,0.0,1.6071428571428572,0.00961857142857143,73.6557142857143,0.8428571428571429,0.0,2016-05-11,1.82
0.7537,-0.6572,0.88,1.47,1.81,1.28,0.00464,0.01077,18.6,20.6,14.0,15.1,76.28,70.39,4.6,9.35,7.18,0.01,1.6842857142857144,0.009951428571428571,72.27142857142857,0.7857142857142857,5.5,2016-05-12,1.35
0.7423,-0.6701,1.82,0.88,1.47,2.12,0.009800000000000001,0.00852,21.5,20.5,14.8,14.8,65.15,74.31,9.17,6.78,0.01,0.12,1.5742857142857143,0.009167142857142858,72.20142857142856,0.7857142857142857,0.0,2016-05-13,1.28
0.7306,-0.6828,1.35,1.82,0.88,1.82,0.0074199999999999995,0.00464,20.3,18.6,16.7,14.0,65.82,76.28,6.76,4.6,0.01,7.18,1.497142857142857,0.008628571428571428,72.74857142857142,1.2571428571428573,0.0,2016-05-14,1.85
0.7188,-0.6952,1.28,1.35,1.82,1.87,0.00777,0.009800000000000001,18.9,21.5,12.6,14.8,82.29,65.15,4.73,9.17,4.66,0.01,1.4942857142857144,0.008512857142857143,71.20142857142858,1.2571428571428573,3.3,2016-05-15,2.06
0.7067,-0.7075,1.85,1.28,1.35,1.81,0.01067,0.0074199999999999995,21.3,20.3,14.3,16.7,64.17,65.82,8.03,6.76,0.07,0.01,1.53,0.00876,70.3,1.2571428571428573,0.0,2016-05-16,1.83
0.6945,-0.7195,2.06,1.85,1.28,1.47,0.0125,0.00777,20.6,18.9,15.1,12.6,64.08,82.29,6.86,4.73,0.05,4.66,1.5814285714285714,0.00916,69.44285714285715,1.2857142857142858,0.0,2016-05-17,0.91
0.682,-0.7314,1.83,2.06,1.85,0.88,0.01132,0.01067,20.5,21.3,14.7,14.3,68.31,64.17,6.68,8.03,0.02,0.07,1.5857142857142856,0.009248571428571429,69.78428571428572,0.5,0.2,2016-05-18,1.42
0.6693,-0.743,0.91,1.83,2.06,1.82,0.00526,0.0125,17.3,20.6,13.5,15.1,78.67,64.08,4.87,6.86,5.0,0.05,1.5285714285714287,0.009101428571428571,72.20285714285714,0.5,0.0,2016-05-19,1.59
0.6564,-0.7544,1.42,0.91,1.83,1.35,0.00877,0.01132,19.1,20.5,13.4,14.7,82.08,68.31,7.45,6.68,1.15,0.02,1.5628571428571427,0.00948857142857143,74.16571428571429,0.8285714285714285,0.0,2016-05-20,1.43
0.6433,-0.7656,1.59,1.42,0.91,1.28,0.01013,0.00526,19.1,17.3,13.8,13.5,79.56,78.67,8.2,4.87,1.43,5.0,1.5842857142857143,0.009751428571428572,73.79285714285713,0.7857142857142857,2.3,2016-05-21,2.29
0.6301,-0.7765,1.43,1.59,1.42,1.85,0.009609999999999999,0.00877,17.5,19.1,13.1,13.4,79.68,82.08,8.17,7.45,4.33,1.15,1.647142857142857,0.01013142857142857,71.51571428571428,0.7857142857142857,3.0,2016-05-22,2.12
0.6166,-0.7873,2.29,1.43,1.59,2.06,0.01333,0.01013,23.0,19.1,11.5,13.8,48.23,79.56,12.81,8.2,0.0,1.43,1.6557142857142857,0.010177142857142857,70.88000000000001,0.7857142857142857,0.0,2016-05-23,1.68
0.603,-0.7978,2.12,2.29,1.43,1.83,0.01282,0.009609999999999999,22.9,17.5,16.1,13.1,59.63,79.68,10.74,8.17,0.03,4.33,1.6342857142857141,0.010039999999999999,69.67142857142856,0.7571428571428571,0.0,2016-05-24,1.83
0.5892,-0.808,1.68,2.12,2.29,0.91,0.01036,0.01333,21.0,23.0,12.0,11.5,59.85,48.23,6.91,12.81,0.0,0.0,1.7657142857142856,0.010925714285714285,68.55142857142857,0.7571428571428571,0.0,2016-05-25,1.43
0.5752,-0.818,1.83,1.68,2.12,1.42,0.011460000000000001,0.01282,19.9,22.9,11.8,16.1,70.83,59.63,10.12,10.74,0.1,0.03,1.7671428571428573,0.010912857142857143,66.73,0.7571428571428571,0.0,2016-05-26,1.74
0.561,-0.8278,1.43,1.83,1.68,1.59,0.00868,0.01036,18.8,21.0,9.5,12.0,69.33,59.85,6.77,6.91,1.01,0.0,1.7885714285714285,0.011022857142857143,64.55142857142857,0.42857142857142855,0.0,2016-05-27,1.49
0.5467,-0.8373,1.74,1.43,1.83,1.43,0.0109,0.011460000000000001,20.1,19.9,14.6,11.8,64.31,70.83,9.02,10.12,0.54,0.1,1.7971428571428572,0.010952857142857143,63.20142857142857,0.0,0.0,2016-05-28,1.11
0.5322,-0.8466,1.49,1.74,1.43,2.29,0.00912,0.00868,19.3,18.8,11.1,9.5,70.23,69.33,5.11,6.77,0.09,1.01,1.6285714285714286,0.010065714285714285,67.79428571428572,2.1714285714285713,0.0,2016-05-29,1.82
0.5176,-0.8556,1.11,1.49,1.74,2.12,0.0071200000000000005,0.0109,17.0,20.1,13.5,14.6,80.38,64.31,7.15,9.02,5.93,0.54,1.5857142857142856,0.009965714285714286,70.16857142857143,2.2714285714285714,15.2,2016-05-30,1.33
0.5028,-0.8644,1.82,1.11,1.49,1.68,0.012119999999999999,0.00912,19.1,19.3,12.6,11.1,76.25,70.23,12.47,5.11,0.1,0.09,1.5357142857142858,0.00975,73.48285714285714,2.371428571428571,0.7,2016-05-31,1.67
0.4878,-0.8729,1.33,1.82,1.11,1.83,0.00885,0.0071200000000000005,16.4,17.0,13.2,13.5,83.05,80.38,9.64,7.15,0.01,5.93,1.512857142857143,0.00965857142857143,74.70285714285714,2.3857142857142857,0.7,2016-06-01,0.58
0.4728,-0.8812,1.67,1.33,1.82,1.43,0.01082,0.012119999999999999,17.5,19.1,13.0,12.6,79.37,76.25,10.91,12.47,0.04,0.1,1.3914285714285715,0.008742857142857142,75.13142857142857,4.428571428571429,0.1,2016-06-02,0.45
0.4575,-0.8892,0.58,1.67,1.33,1.74,0.00227,0.00885,15.7,16.4,13.3,13.2,72.33,83.05,3.36,9.64,10.5,0.01,1.207142857142857,0.007427142857142857,78.83285714285715,12.7,14.3,2016-06-03,1.42
0.4422,-0.8969,0.45,0.58,1.67,1.49,0.0016899999999999999,0.01082,14.3,17.5,12.6,13.0,90.22,79.37,2.25,10.91,26.81,0.04,1.1971428571428573,0.00745,79.43142857142857,13.071428571428571,57.9,2016-06-04,1.56
0.4267,-0.9044,1.42,0.45,0.58,1.11,0.00928,0.00227,16.0,15.7,11.7,13.3,74.42,72.33,11.16,3.36,0.06,10.5,1.2614285714285713,0.00797142857142857,78.16285714285713,10.9,2.6,2016-06-05,1.85
0.4111,-0.9116,1.56,1.42,0.45,1.82,0.01077,0.0016899999999999999,15.3,14.3,10.7,12.6,71.5,90.22,11.38,2.25,0.0,26.81,1.2657142857142856,0.008025714285714285,75.00428571428571,10.799999999999999,0.0,2016-06-06,2.22
0.3953,-0.9185,1.85,1.56,1.42,1.33,0.0125,0.00928,16.8,16.0,7.7,11.7,54.14,74.42,12.51,11.16,0.0,0.06,1.3928571428571428,0.008585714285714285,69.67857142857143,10.700000000000001,0.0,2016-06-07,2.04
0.3795,-0.9252,2.22,1.85,1.56,1.67,0.01277,0.01077,20.3,15.3,8.0,10.7,45.77,71.5,12.72,11.38,0.0,0.0,1.445714285714286,0.008871428571428572,64.63428571428571,10.685714285714285,0.0,2016-06-08,1.73
0.3635,-0.9316,2.04,2.22,1.85,0.58,0.01282,0.0125,21.1,16.8,6.8,7.7,44.06,54.14,12.1,12.51,0.0,0.0,1.6099999999999999,0.009914285714285714,60.93857142857143,8.642857142857142,0.0,2016-06-09,1.96
0.3474,-0.9377,1.73,2.04,2.22,0.45,0.00957,0.01277,20.0,20.3,9.6,8.0,46.46,45.77,8.4,12.72,0.0,0.0,1.8257142857142858,0.011452857142857143,55.18571428571429,0.37142857142857144,0.0,2016-06-10,1.91
0.3312,-0.9436,1.96,1.73,2.04,1.42,0.01246,0.01282,19.4,21.1,12.3,6.8,49.95,44.06,12.27,12.1,0.0,0.0,1.8957142857142857,0.011892857142857144,52.08142857142857,0.0,0.0,2016-06-11,1.19
0.3149,-0.9491,1.91,1.96,1.73,1.56,0.01236,0.00957,20.0,20.0,9.8,9.6,52.69,46.46,10.47,8.4,0.0,0.0,1.842857142857143,0.011011428571428571,50.901428571428575,0.014285714285714287,0.0,2016-06-12,1.54
0.2986,-0.9544,1.19,1.91,1.96,1.85,0.0046,0.01246,22.5,19.4,11.0,12.3,63.24,49.95,4.62,12.27,0.18,0.0,1.7985714285714285,0.010605714285714286,53.68714285714286,0.014285714285714287,0.1,2016-06-13,1.7
0.2821,-0.9594,1.54,1.19,1.91,2.22,0.00966,0.01236,19.5,20.0,15.2,9.8,73.64,52.69,9.87,10.47,0.02,0.0,1.7242857142857144,0.01034142857142857,56.66285714285714,0.014285714285714287,0.0,2016-06-14,1.75
0.2656,-0.9641,1.7,1.54,1.19,2.04,0.01092,0.0046,19.7,22.5,10.3,11.0,66.6,63.24,10.66,4.62,0.0,0.18,1.6828571428571428,0.010104285714285715,59.792857142857144,0.014285714285714287,0.0,2016-06-15,2.02
0.2489,-0.9685,1.75,1.7,1.54,1.73,0.01116,0.00966,18.6,19.5,13.3,15.2,65.97,73.64,10.59,9.87,0.0,0.02,1.7242857142857144,0.010408571428571428,60.18142857142857,0.014285714285714287,0.0,2016-06-16,1.9
0.2322,-0.9727,2.02,1.75,1.7,1.96,0.011699999999999999,0.01092,22.1,19.7,9.9,10.3,49.18,66.6,11.88,10.66,0.0,0.0,1.7157142857142857,0.010377142857142857,59.959999999999994,0.014285714285714287,0.0,2016-06-17,1.93
0.2155,-0.9765,1.9,2.02,1.75,1.91,0.012240000000000001,0.01116,21.3,18.6,11.6,13.3,48.4,65.97,11.12,10.59,0.0,0.0,1.7185714285714284,0.010352857142857141,59.01714285714286,0.014285714285714287,0.0,2016-06-18,1.36
0.1986,-0.9801,1.93,1.9,2.02,1.19,0.01219,0.011699999999999999,20.6,22.1,8.4,9.9,46.09,49.18,8.82,11.88,0.0,0.0,1.7428571428571427,0.010945714285714284,59.028571428571425,0.0,0.0,2016-06-19,1.51
0.1818,-0.9833,1.36,1.93,1.9,1.54,0.00875,0.012240000000000001,18.0,21.3,12.5,11.6,63.32,48.4,4.23,11.12,0.0,0.0,1.7385714285714287,0.011027142857142857,57.99,0.0,0.0,2016-06-20,1.92
0.1648,-0.9863,1.51,1.36,1.93,1.7,0.010230000000000001,0.01219,17.2,20.6,11.6,8.4,66.37,46.09,8.91,8.82,0.0,0.0,1.77,0.011234285714285714,55.00571428571429,0.0,0.0,2016-06-21,1.71
0.1478,-0.989,1.92,1.51,1.36,1.75,0.012369999999999999,0.00875,20.3,18.0,6.0,12.5,45.71,63.32,7.93,4.23,0.0,0.0,1.7642857142857142,0.011191428571428571,52.82142857142857,0.0,0.0,2016-06-22,1.32
0.1308,-0.9914,1.71,1.92,1.51,2.02,0.01086,0.010230000000000001,18.1,17.2,10.3,11.6,50.68,66.37,7.43,8.91,0.0,0.0,1.6642857142857144,0.010767142857142859,55.65714285714286,0.0,0.0,2016-06-23,1.36
0.1137,-0.9935,1.32,1.71,1.92,1.9,0.00873,0.012369999999999999,16.1,20.3,10.5,6.0,69.03,45.71,7.6,7.93,0.01,0.0,1.587142857142857,0.010377142857142857,60.40571428571429,0.0,0.0,2016-06-24,1.3
0.0966,-0.9953,1.36,1.32,1.71,1.93,0.00951,0.01086,15.5,18.1,8.7,10.3,81.64,50.68,8.16,7.43,0.02,0.0,1.497142857142857,0.009968571428571427,65.23428571428572,0.0,0.0,2016-06-25,1.53
0.0795,-0.9968,1.3,1.36,1.32,1.36,0.00933,0.00873,15.0,16.1,10.4,10.5,79.89,69.03,11.19,7.6,0.03,0.01,1.5214285714285716,0.010228571428571429,68.32000000000001,0.0,0.0,2016-06-26,1.87
0.0623,-0.9981,1.53,1.3,1.36,1.51,0.01057,0.00951,17.3,15.5,7.9,8.7,84.92,81.64,10.51,8.16,0.27,0.02,1.5728571428571427,0.010484285714285713,67.79714285714286,0.0,0.0,2016-06-27,1.91
0.0451,-0.999,1.87,1.53,1.3,1.92,0.01202,0.00933,20.9,15.0,10.2,10.4,62.71,79.89,11.29,11.19,0.0,0.03,1.5714285714285714,0.010462857142857144,69.47285714285714,0.0,0.0,2016-06-28,1.42
0.028,-0.9996,1.91,1.87,1.53,1.71,0.01222,0.01057,21.3,17.3,12.0,7.9,57.44,84.92,6.8,10.51,0.04,0.27,1.53,0.010212857142857143,72.26714285714286,0.028571428571428574,0.0,2016-06-29,1.22
0.0108,-0.9999,1.42,1.91,1.87,1.32,0.00911,0.01202,18.1,20.9,11.4,10.2,70.24,62.71,7.71,11.29,0.04,0.0,1.5157142857142856,0.00990857142857143,72.63428571428571,0.028571428571428574,0.2,2016-06-30,1.52
-0.0065,-1.0,1.22,1.42,1.91,1.36,0.0066,0.01222,18.1,21.3,12.4,12.0,71.6,57.44,5.92,6.8,0.0,0.04,1.5385714285714285,0.009952857142857142,71.39428571428572,0.028571428571428574,0.0,2016-07-01,0.72
-0.0237,-0.9997,1.52,1.22,1.42,1.3,0.00982,0.00911,18.1,18.1,13.3,11.4,72.96,70.24,6.81,7.71,0.0,0.04,1.4557142857142857,0.00925857142857143,72.53,0.12857142857142856,0.0,2016-07-02,1.16
-0.0408,-0.9992,0.72,1.52,1.22,1.53,0.00447,0.0066,14.4,18.1,11.3,12.4,87.84,71.6,3.53,5.92,0.13,0.0,1.4028571428571428,0.008814285714285714,73.10857142857142,1.7714285714285716,0.7,2016-07-03,1.86
-0.058,-0.9983,1.16,0.72,1.52,1.87,0.00746,0.00982,15.8,18.1,11.4,13.3,88.97,72.96,3.02,6.81,7.75,0.0,1.4014285714285715,0.008832857142857144,74.08714285714287,1.8,11.5,2016-07-04,1.59
-0.0752,-0.9972,1.86,1.16,0.72,1.91,0.012150000000000001,0.00447,18.1,14.4,9.1,11.3,69.56,87.84,12.22,3.53,0.0,0.13,1.3557142857142856,0.00869,75.17428571428572,1.8,0.2,2016-07-05,2.02
-0.0923,-0.9957,1.59,1.86,1.16,1.42,0.01122,0.00746,16.8,15.8,9.1,11.4,65.05,88.97,9.0,3.02,0.0,7.75,1.4414285714285715,0.009174285714285715,72.49,1.7714285714285716,0.0,2016-07-06,1.82
-0.1094,-0.994,2.02,1.59,1.86,1.22,0.0125,0.012150000000000001,18.3,18.1,5.6,9.1,51.45,69.56,11.93,12.22,0.0,0.0,1.5271428571428571,0.009842857142857143,69.05285714285715,1.7714285714285716,0.0,2016-07-07,1.33
-0.1265,-0.992,1.82,2.02,1.59,1.52,0.01128,0.01122,20.2,16.8,9.6,9.1,47.54,65.05,10.6,9.0,0.0,0.0,1.5,0.009734285714285714,68.95571428571428,1.7857142857142858,0.0,2016-07-08,1.49
-0.1436,-0.9896,1.33,1.82,2.02,0.72,0.00906,0.0125,16.8,18.3,11.7,5.6,72.28,51.45,6.15,11.93,0.0,0.0,1.6099999999999999,0.010537142857142858,66.29857142857142,1.6857142857142857,0.1,2016-07-09,0.72
-0.1606,-0.987,1.49,1.33,1.82,1.16,0.01009,0.01128,17.7,20.2,11.0,9.6,69.24,47.54,10.18,10.6,0.0,0.0,1.5471428571428572,0.010069999999999999,64.26,0.3714285714285714,0.0,2016-07-10,1.02
-0.1775,-0.9841,0.72,1.49,1.33,1.86,0.00419,0.00906,15.8,16.8,12.1,11.7,74.7,72.28,3.47,6.15,0.84,0.0,1.4271428571428573,0.009215714285714285,66.92,2.8285714285714283,2.3,2016-07-11,0.9
-0.1944,-0.9809,1.02,0.72,1.49,1.59,0.00617,0.01009,14.7,17.7,12.0,11.0,88.18,69.24,8.41,10.18,11.82,0.0,1.3285714285714287,0.008427142857142857,67.94857142857143,2.9428571428571426,17.4,2016-07-12,0.95
-0.2113,-0.9774,0.9,1.02,0.72,2.02,0.0057,0.00419,15.5,15.8,7.9,12.1,72.25,74.7,7.36,3.47,0.32,0.84,1.1757142857142857,0.007388571428571429,72.25571428571429,5.528571428571429,0.8,2016-07-13,1.77
-0.2281,-0.9736,0.95,0.9,1.02,1.82,0.00523,0.00617,15.0,14.7,9.6,12.0,81.6,88.18,6.03,8.41,9.65,11.82,1.1685714285714286,0.007502857142857144,76.04714285714286,5.8428571428571425,18.1,2016-07-14,1.86
-0.2448,-0.9696,1.77,0.95,0.9,1.33,0.01208,0.0057,16.8,15.5,10.2,7.9,74.08,72.25,12.74,7.36,2.41,0.32,1.2442857142857144,0.008027142857142858,72.39,5.828571428571428,2.2,2016-07-15,1.38
-0.2614,-0.9652,1.86,1.77,0.95,1.49,0.01273,0.00523,18.1,15.0,7.9,9.6,46.68,81.6,13.37,6.03,0.0,9.65,1.2285714285714284,0.007692857142857143,69.21285714285715,5.828571428571428,0.0,2016-07-16,1.27
-0.278,-0.9606,1.38,1.86,1.77,0.72,0.00775,0.01208,20.5,16.8,5.4,10.2,47.0,74.08,7.72,12.74,0.0,2.41,1.3071428571428572,0.008214285714285714,68.31857142857143,5.5,0.0,2016-07-17,2.06
-0.2945,-0.9557,1.27,1.38,1.86,1.02,0.00784,0.01273,15.9,18.1,10.9,7.9,68.44,46.68,4.65,13.37,3.42,0.0,1.4557142857142857,0.009218571428571428,64.0142857142857,3.0142857142857147,0.0,2016-07-18,1.08
-0.3109,-0.9505,2.06,1.27,1.38,0.9,0.0132,0.00775,19.7,20.5,10.8,5.4,58.05,47.0,12.9,7.72,0.0,0.0,1.4814285714285715,0.009361428571428573,65.12714285714286,3.042857142857143,0.0,2016-07-19,1.71
-0.3272,-0.945,1.08,2.06,1.27,0.95,0.0067,0.00784,15.6,15.9,12.0,10.9,80.04,68.44,4.63,4.65,0.04,3.42,1.59,0.010212857142857143,62.62714285714286,0.5285714285714286,1.0,2016-07-20,2.25
-0.3434,-0.9392,1.71,1.08,2.06,1.77,0.01119,0.0132,19.5,19.7,10.3,10.8,64.1,58.05,12.85,12.9,0.0,0.0,1.6585714285714286,0.010412857142857142,59.212857142857146,0.21428571428571427,0.5,2016-07-21,1.78
-0.3595,-0.9332,2.25,1.71,1.08,1.86,0.01348,0.0067,22.6,15.6,10.8,12.0,50.18,80.04,13.3,4.63,0.0,0.04,1.647142857142857,0.010285714285714285,61.49428571428571,0.21428571428571427,0.0,2016-07-22,1.74
-0.3755,-0.9268,1.78,2.25,1.71,1.38,0.01184,0.01119,19.0,19.5,13.6,10.3,62.65,64.1,8.54,12.85,0.0,0.0,1.6985714285714286,0.01081,64.18142857142857,0.21428571428571427,0.0,2016-07-23,0.77
-0.3914,-0.9202,1.74,1.78,2.25,1.27,0.01142,0.01348,19.3,22.6,12.3,10.8,65.81,50.18,9.12,13.3,0.03,0.0,1.6271428571428572,0.010318571428571429,65.20142857142856,1.8142857142857143,0.0,2016-07-24,0.64
-0.4071,-0.9134,0.77,1.74,1.78,2.06,0.0044,0.01184,16.5,19.0,12.7,13.6,75.58,62.65,2.95,8.54,6.38,0.0,1.4242857142857144,0.008972857142857144,69.43857142857142,4.428571428571429,11.2,2016-07-25,2.46
-0.4228,-0.9062,0.64,0.77,1.74,1.08,0.00378,0.01142,13.5,19.3,11.1,12.3,87.71,65.81,7.68,9.12,15.73,0.03,1.6214285714285714,0.010074285714285714,64.56714285714285,4.285714285714286,18.3,2016-07-26,2.26
-0.4383,-0.8988,2.46,0.64,0.77,1.71,0.014410000000000001,0.0044,21.4,16.5,5.5,12.7,45.94,75.58,14.14,2.95,0.0,6.38,1.7,0.010414285714285714,64.26142857142857,4.214285714285714,0.0,2016-07-27,1.95
-0.4537,-0.8912,2.26,2.46,0.64,2.25,0.01357,0.00378,20.9,13.5,15.1,11.1,61.96,87.71,13.47,7.68,0.0,15.73,1.657142857142857,0.010262857142857143,66.52428571428571,4.214285714285714,0.0,2016-07-28,2.1
-0.469,-0.8832,1.95,2.26,2.46,1.78,0.01242,0.014410000000000001,19.2,21.4,12.8,5.5,66.02,45.94,10.2,14.14,0.01,0.0,1.7028571428571428,0.010564285714285715,67.50428571428571,4.214285714285714,0.0,2016-07-29,1.91
-0.4841,-0.875,2.1,1.95,2.26,1.74,0.013949999999999999,0.01357,17.8,20.9,6.2,15.1,69.51,61.96,10.62,13.47,0.0,0.0,1.727142857142857,0.010862857142857143,68.67142857142856,4.214285714285714,0.0,2016-07-30,1.9
-0.4991,-0.8666,1.91,2.1,1.95,0.77,0.01351,0.01242,16.8,19.2,8.8,12.8,73.98,66.02,12.44,10.2,0.0,0.01,1.8885714285714283,0.0121,67.99285714285715,2.742857142857143,0.0,2016-07-31,2.46
-0.5139,-0.8578,1.9,1.91,2.1,0.64,0.01306,0.013949999999999999,16.7,17.8,9.8,6.2,70.83,69.51,14.28,10.62,0.0,0.0,2.1485714285714286,0.013600000000000001,62.777142857142856,0.1285714285714286,0.9,2016-08-01,2.18
-0.5286,-0.8489,2.46,1.9,1.91,2.46,0.01428,0.01351,20.8,16.8,11.8,8.8,51.2,73.98,13.72,12.44,0.0,0.0,2.1085714285714285,0.013531428571428571,64.34,0.1285714285714286,0.0,2016-08-02,2.04
-0.5431,-0.8397,2.18,2.46,1.9,2.26,0.01393,0.01306,19.7,16.7,11.8,9.8,56.88,70.83,13.59,14.28,0.0,0.0,2.077142857142857,0.013517142857142856,64.33285714285714,0.1285714285714286,0.0,2016-08-03,2.34
-0.5575,-0.8302,2.04,2.18,2.46,1.95,0.013470000000000001,0.01428,18.6,20.8,10.4,11.8,61.91,51.2,13.42,13.72,0.0,0.0,2.132857142857143,0.013951428571428571,63.61,0.1285714285714286,0.0,2016-08-04,2.16
-0.5717,-0.8205,2.34,2.04,2.18,2.1,0.015460000000000002,0.01393,18.1,19.7,11.8,11.8,60.96,56.88,14.65,13.59,0.0,0.0,2.1414285714285715,0.014101428571428572,63.51857142857143,0.1285714285714286,0.0,2016-08-05,2.4
-0.5857,-0.8105,2.16,2.34,2.04,1.91,0.015,0.013470000000000001,17.4,18.6,7.9,10.4,68.87,61.91,15.49,13.42,0.0,0.0,2.2114285714285713,0.014361428571428572,60.96857142857143,0.1285714285714286,0.0,2016-08-06,1.63
-0.5996,-0.8003,2.4,2.16,2.34,1.9,0.01533,0.015460000000000002,20.0,18.1,11.4,11.8,56.13,60.96,15.68,14.65,0.0,0.0,2.172857142857143,0.013924285714285714,60.33142857142857,0.0,0.0,2016-08-07,2.7
-0.6132,-0.7899,1.63,2.4,2.16,2.46,0.01,0.015,18.7,17.4,11.6,7.9,66.37,68.87,8.3,15.49,0.0,0.0,2.207142857142857,0.01416857142857143,61.08714285714286,0.0,0.0,2016-08-08,2.88
-0.6267,-0.7792,2.7,1.63,2.4,2.18,0.01599,0.01533,22.0,20.0,11.8,11.4,56.49,56.13,15.79,15.68,0.0,0.0,2.307142857142857,0.014522857142857143,59.401428571428575,0.0,0.0,2016-08-09,2.33
-0.64,-0.7683,2.88,2.7,1.63,2.04,0.01641,0.01,24.1,18.7,8.9,11.6,45.08,66.37,15.99,8.3,0.0,0.0,2.3485714285714288,0.014654285714285715,59.651428571428575,0.0,0.0,2016-08-10,2.55
-0.6532,-0.7572,2.33,2.88,2.7,2.34,0.01439,0.01599,20.5,22.0,13.8,11.8,63.66,56.49,8.57,15.79,0.0,0.0,2.3785714285714286,0.014742857142857143,59.1,0.0,0.0,2016-08-11,2.3
-0.6661,-0.7459,2.55,2.33,2.88,2.16,0.016079999999999997,0.01641,20.8,24.1,10.3,8.9,57.1,45.08,16.16,15.99,0.0,0.0,2.3985714285714286,0.014661428571428572,57.76,0.0,0.0,2016-08-12,2.35
-0.6788,-0.7343,2.3,2.55,2.33,2.4,0.01443,0.01439,20.5,20.5,12.1,13.8,59.49,63.66,9.74,8.57,0.0,0.0,2.391428571428571,0.014451428571428572,58.47571428571428,0.0,0.0,2016-08-13,2.12
-0.6914,-0.7225,2.35,2.3,2.55,1.63,0.013859999999999999,0.016079999999999997,21.9,20.8,9.7,10.3,61.14,57.1,12.58,16.16,0.0,0.0,2.4614285714285713,0.014845714285714285,57.684285714285714,0.0,0.0,2016-08-14,3.08
-0.7037,-0.7105,2.12,2.35,2.3,2.7,0.01276,0.01443,21.0,20.5,10.6,12.1,60.83,59.49,11.87,9.74,0.0,0.0,2.5157142857142856,0.014932857142857142,57.512857142857136,0.0,0.0,2016-08-15,2.46
-0.7158,-0.6983,3.08,2.12,2.35,2.88,0.0166,0.013859999999999999,24.8,21.9,15.6,9.7,55.29,61.14,15.79,12.58,0.0,0.0,2.455714285714286,0.014871428571428572,61.66571428571429,0.0,0.0,2016-08-16,2.58
-0.7277,-0.6859,2.46,3.08,2.12,2.33,0.01598,0.01276,19.7,21.0,13.1,10.6,74.15,60.83,15.75,11.87,0.0,0.0,2.4914285714285715,0.015201428571428572,61.87857142857143,0.0,0.0,2016-08-17,2.78
-0.7394,-0.6733,2.58,2.46,3.08,2.55,0.0167,0.0166,18.9,24.8,12.1,15.6,65.15,55.29,17.39,15.79,0.0,0.0,2.5242857142857145,0.015442857142857144,61.120000000000005,0.0,0.0,2016-08-18,2.44
-0.7509,-0.6605,2.78,2.58,2.46,2.3,0.01777,0.01598,18.9,19.7,10.9,13.1,51.79,74.15,17.92,15.75,0.0,0.0,2.544285714285714,0.015831428571428573,61.33,0.0,0.0,2016-08-19,3.09
-0.7621,-0.6474,2.44,2.78,2.58,2.35,0.01715,0.0167,15.6,18.9,7.2,12.1,60.96,65.15,16.76,17.39,0.36,0.0,2.65,0.016424285714285714,61.048571428571435,0.0,0.0,2016-08-20,3.7
-0.7731,-0.6342,3.09,2.44,2.78,2.12,0.01801,0.01777,19.7,18.9,8.5,10.9,59.17,51.79,16.78,17.92,0.37,0.0,2.8757142857142854,0.017218571428571427,58.80857142857143,0.0,0.0,2016-08-21,3.2
-0.7839,-0.6208,3.7,3.09,2.44,3.08,0.01832,0.01715,25.9,15.6,10.9,7.2,45.15,60.96,17.61,16.76,9.67,0.36,2.892857142857143,0.017437142857142856,58.63857142857143,0.0,0.0,2016-08-22,2.35
-0.7945,-0.6073,3.2,3.7,3.09,2.46,0.01813,0.01801,22.4,19.7,12.4,8.5,54.1,59.17,11.85,16.78,0.17,0.37,2.8771428571428572,0.017264285714285715,57.17714285714286,0.0,0.0,2016-08-23,1.43
-0.8048,-0.5935,2.35,3.2,3.7,2.58,0.01477,0.01832,20.6,25.9,13.9,10.9,63.92,45.15,7.04,17.61,0.24,9.67,2.7128571428571426,0.01620857142857143,58.52571428571429,0.014285714285714287,0.0,2016-08-24,2.48
-0.8149,-0.5796,1.43,2.35,3.2,2.78,0.00931,0.01813,16.8,22.4,12.9,12.4,74.59,54.1,10.33,11.85,0.0,0.17,2.6700000000000004,0.01606,61.458571428571425,0.014285714285714287,0.1,2016-08-25,2.57
-0.8248,-0.5655,2.48,1.43,2.35,2.44,0.016730000000000002,0.01477,19.0,20.6,10.9,13.9,72.32,63.92,18.71,7.04,0.0,0.24,2.6885714285714286,0.016117142857142858,63.480000000000004,0.014285714285714287,0.0,2016-08-26,1.72
-0.8344,-0.5512,2.57,2.48,1.43,3.09,0.01755,0.00931,18.0,16.8,10.8,12.9,75.11,74.59,15.15,10.33,0.0,0.0,2.492857142857143,0.015177142857142858,66.50285714285714,0.11428571428571428,0.0,2016-08-27,2.41
-0.8437,-0.5368,1.72,2.57,2.48,3.7,0.01143,0.016730000000000002,15.5,19.0,10.8,10.9,80.33,72.32,9.42,18.71,0.0,0.0,2.3085714285714287,0.014935714285714287,69.70714285714286,0.11428571428571428,0.7,2016-08-28,3.06
-0.8528,-0.5222,2.41,1.72,2.57,3.2,0.01663,0.01755,17.6,18.0,9.4,10.8,67.58,75.11,17.71,15.15,0.0,0.0,2.2885714285714287,0.015102857142857144,70.69714285714285,0.11428571428571428,0.0,2016-08-29,2.89
-0.8617,-0.5074,3.06,2.41,1.72,2.35,0.0193,0.01143,20.7,15.5,11.9,10.8,61.03,80.33,19.27,9.42,0.0,0.0,2.3657142857142857,0.015590000000000001,70.82142857142857,0.11428571428571428,0.0,2016-08-30,1.88
-0.8703,-0.4925,2.89,3.06,2.41,1.43,0.018179999999999998,0.01663,21.0,17.6,11.9,9.4,64.79,67.58,15.98,17.71,0.02,0.0,2.43,0.016038571428571426,70.72857142857143,0.09999999999999999,0.0,2016-08-31,2.75
-0.8786,-0.4775,1.88,2.89,3.06,2.48,0.01245,0.0193,16.2,20.7,10.6,11.9,73.94,61.03,12.75,19.27,0.01,0.0,2.468571428571429,0.016397142857142857,70.58571428571429,0.09999999999999999,0.0,2016-09-01,2.84
-0.8867,-0.4623,2.75,1.88,2.89,2.57,0.01924,0.018179999999999998,15.9,21.0,8.8,11.9,71.32,64.79,19.33,15.98,0.0,0.02,2.507142857142857,0.016782857142857145,68.30714285714285,0.09999999999999999,0.0,2016-09-02,2.83
-0.8945,-0.447,2.84,2.75,1.88,1.72,0.02025,0.01245,16.7,16.2,9.0,10.6,59.16,73.94,20.28,12.75,10.0,0.01,2.665714285714286,0.01795428571428571,64.77285714285713,0.0,0.0,2016-09-03,2.86
-0.9021,-0.4315,2.83,2.84,2.75,2.41,0.019629999999999998,0.01924,17.5,15.9,6.7,8.8,55.59,71.32,20.42,19.33,0.0,0.0,2.73,0.018367142857142856,63.25571428571429,0.014285714285714287,0.0,2016-09-04,3.37
-0.9094,-0.4159,2.86,2.83,2.84,3.06,0.01952,0.02025,16.9,16.7,8.9,9.0,56.96,59.16,20.62,20.28,0.0,10.0,2.7742857142857145,0.018565714285714286,61.63428571428572,0.014285714285714287,0.1,2016-09-05,3.89
-0.9164,-0.4002,3.37,2.86,2.83,2.89,0.02069,0.019629999999999998,20.7,17.5,10.0,6.7,49.68,55.59,20.49,20.42,0.0,0.0,2.9171428571428573,0.018994285714285714,58.42857142857143,0.014285714285714287,0.0,2016-09-06,3.72
-0.9232,-0.3844,3.89,3.37,2.86,1.88,0.02118,0.01952,25.1,16.9,11.9,8.9,42.35,56.96,21.38,20.62,0.0,0.0,3.18,0.020212857142857144,54.68428571428571,0.014285714285714287,0.0,2016-09-07,3.71
-0.9296,-0.3685,3.72,3.89,3.37,2.75,0.020980000000000002,0.02069,24.1,20.7,14.8,10.0,47.73,49.68,19.58,20.49,0.0,0.0,3.317142857142857,0.02037857142857143,51.54571428571428,0.014285714285714287,0.0,2016-09-08,3.92
-0.9358,-0.3524,3.71,3.72,3.89,2.84,0.020399999999999998,0.02118,24.8,25.1,14.9,11.9,49.35,42.35,14.91,21.38,0.0,0.0,3.4714285714285715,0.02045,49.38285714285714,0.014285714285714287,0.0,2016-09-09,3.57
-0.9418,-0.3363,3.92,3.71,3.72,2.83,0.02075,0.020980000000000002,26.7,24.1,16.6,14.8,44.02,47.73,20.76,19.58,0.0,0.0,3.577142857142857,0.020658571428571432,49.90571428571429,0.014285714285714287,0.0,2016-09-10,2.36
-0.9474,-0.32,3.57,3.92,3.71,2.86,0.02109,0.020399999999999998,23.4,24.8,15.1,14.9,59.25,49.35,10.37,14.91,0.0,0.0,3.505714285714286,0.020104285714285713,52.112857142857145,0.0,0.0,2016-09-11,2.73
-0.9528,-0.3037,2.36,3.57,3.92,3.37,0.01564,0.02075,17.7,26.7,12.6,16.6,72.41,44.02,11.37,20.76,0.0,0.0,3.414285714285714,0.019591428571428572,55.48428571428571,0.0,0.0,2016-09-12,4.02
-0.9579,-0.2873,2.73,2.36,3.57,3.89,0.0171,0.02109,17.4,23.4,10.8,15.1,73.28,59.25,17.82,10.37,0.01,0.0,3.432857142857143,0.019617142857142857,56.07,0.0,0.0,2016-09-13,3.03
-0.9627,-0.2707,4.02,2.73,2.36,3.72,0.02136,0.01564,23.5,17.7,12.4,12.6,46.45,72.41,20.14,11.37,0.0,0.0,3.334285714285714,0.019321428571428573,58.31285714285714,0.0,0.0,2016-09-14,3.32
-0.9672,-0.2541,3.03,4.02,2.73,3.71,0.01891,0.0171,19.5,17.4,11.9,10.8,63.43,73.28,9.0,17.82,0.0,0.01,3.2785714285714285,0.019197142857142857,60.347142857142856,0.0,0.0,2016-09-15,3.13
-0.9714,-0.2375,3.32,3.03,4.02,3.92,0.019530000000000002,0.02136,21.8,23.5,10.8,12.4,63.59,46.45,15.6,20.14,0.0,0.0,3.165714285714286,0.018978571428571428,62.78285714285715,0.028571428571428574,0.0,2016-09-16,3.65
-0.9753,-0.2207,3.13,3.32,3.03,3.57,0.019219999999999998,0.01891,20.9,19.5,13.1,11.9,61.07,63.43,10.06,9.0,0.0,0.0,3.177142857142857,0.019084285714285713,62.722857142857144,0.028571428571428574,0.2,2016-09-17,4.5
-0.979,-0.2039,3.65,3.13,3.32,2.36,0.02183,0.019530000000000002,20.9,21.8,12.0,10.8,58.83,63.59,22.61,15.6,0.0,0.0,3.4828571428571427,0.020175714285714286,57.66571428571429,0.028571428571428574,0.0,2016-09-18,4.27
-0.9824,-0.187,4.5,3.65,3.13,2.73,0.023280000000000002,0.019219999999999998,27.5,20.9,15.1,13.1,37.01,61.07,23.25,10.06,0.0,0.0,3.7028571428571424,0.02106142857142857,54.39714285714285,0.028571428571428574,0.0,2016-09-19,4.14
-0.9854,-0.1701,4.27,4.5,3.65,4.02,0.0233,0.02183,25.4,20.9,17.0,12.0,50.4,58.83,17.83,22.61,0.0,0.0,3.7199999999999998,0.02131,54.91428571428571,0.028571428571428574,0.0,2016-09-20,3.98
-0.9882,-0.1531,4.14,4.27,4.5,3.03,0.023100000000000002,0.023280000000000002,25.2,27.5,16.2,15.1,50.07,37.01,12.93,23.25,0.0,0.0,3.8557142857142854,0.021888571428571427,53.78285714285715,0.028571428571428574,0.0,2016-09-21,4.3
-0.9907,-0.1361,3.98,4.14,4.27,3.32,0.02296,0.0233,24.2,25.4,15.3,17.0,55.51,50.4,12.46,17.83,0.0,0.0,3.9957142857142856,0.022468571428571428,51.78857142857142,0.028571428571428574,0.0,2016-09-22,4.18
-0.9929,-0.1191,4.3,3.98,4.14,3.13,0.02359,0.023100000000000002,26.6,25.2,15.2,16.2,49.63,50.07,22.2,12.93,0.0,0.0,4.145714285714286,0.02313,51.30142857142857,0.0,0.0,2016-09-23,4.21
-0.9948,-0.102,4.18,4.3,3.98,3.65,0.023850000000000003,0.02296,23.1,24.2,13.2,15.3,57.66,55.51,17.24,12.46,0.0,0.0,4.225714285714285,0.023475714285714287,50.27571428571429,0.0,0.0,2016-09-24,4.05
-0.9964,-0.0848,4.21,4.18,4.3,4.5,0.02425,0.02359,23.9,26.6,14.7,15.2,51.65,49.63,12.34,22.2,0.0,0.0,4.161428571428571,0.023564285714285715,53.779999999999994,0.0,0.0,2016-09-25,4.26
-0.9977,-0.0677,4.05,4.21,4.18,4.27,0.023899999999999998,0.023850000000000003,22.1,23.1,13.4,13.2,61.54,57.66,12.85,17.24,0.0,0.0,4.159999999999999,0.02372857142857143,54.864285714285714,0.0,0.0,2016-09-26,4.16
-0.9987,-0.0505,4.26,4.05,4.21,4.14,0.02445,0.02425,24.3,23.9,13.8,14.7,57.99,51.65,13.84,12.34,0.0,0.0,4.162857142857143,0.023874285714285712,56.03857142857142,0.0,0.0,2016-09-27,2.65
-0.9994,-0.0333,4.16,4.26,4.05,3.98,0.024120000000000003,0.023899999999999998,23.7,22.1,12.5,13.4,58.29,61.54,13.37,12.85,0.0,0.0,3.972857142857143,0.022875714285714284,57.76714285714286,0.0,0.0,2016-09-28,2.79
-0.9999,-0.0161,2.65,4.16,4.26,4.3,0.01597,0.02445,20.8,24.3,14.4,13.8,67.61,57.99,7.83,13.84,0.1,0.0,3.757142857142857,0.02197,62.26714285714286,0.0,0.0,2016-09-29,4.33
-1.0,0.0011,2.79,2.65,4.16,4.18,0.01725,0.024120000000000003,18.6,23.7,12.6,12.5,81.13,58.29,22.29,13.37,0.47,0.0,3.7785714285714285,0.02206285714285714,62.33428571428571,0.0,0.0,2016-09-30,4.13
-0.9998,0.0183,4.33,2.79,2.65,4.21,0.0245,0.01597,22.8,20.8,12.6,14.4,58.13,67.61,25.05,7.83,0.0,0.1,3.7671428571428573,0.022109999999999998,63.88142857142857,0.0,0.0,2016-10-01,4.54
-0.9994,0.0355,4.13,4.33,2.79,4.05,0.024579999999999998,0.01725,22.4,18.6,13.0,12.6,62.48,81.13,16.79,22.29,0.01,0.47,3.837142857142857,0.02234714285714286,62.99428571428571,0.0,0.0,2016-10-02,4.25
-0.9986,0.0527,4.54,4.13,4.33,4.26,0.02556,0.0245,25.1,22.8,14.5,12.6,55.33,58.13,19.82,25.05,0.0,0.0,3.835714285714286,0.022328571428571427,63.651428571428575,0.0,0.0,2016-10-03,4.74
-0.9976,0.0698,4.25,4.54,4.13,4.16,0.02432,0.024579999999999998,23.6,22.4,12.1,13.0,62.59,62.48,21.77,16.79,0.0,0.01,3.9185714285714286,0.022542857142857142,63.70428571428572,0.09999999999999999,0.0,2016-10-04,5.23
-0.9962,0.087,4.74,4.25,4.54,2.65,0.02562,0.02556,24.2,25.1,13.2,14.5,58.66,55.33,25.84,19.82,0.06,0.0,4.287142857142857,0.02396857142857143,60.22571428571428,0.09999999999999999,0.7,2016-10-05,4.9
-0.9946,0.1041,5.23,4.74,4.25,2.79,0.02595,0.02432,27.0,23.6,16.1,12.1,43.26,62.59,24.98,21.77,0.0,0.0,4.588571428571429,0.025144285714285713,56.51142857142857,0.09999999999999999,0.0,2016-10-06,4.61
-0.9926,0.1212,4.9,5.23,4.74,4.33,0.02548,0.02562,25.8,24.2,15.4,13.2,55.13,58.66,24.83,25.84,0.0,0.06,4.628571428571428,0.02539,57.10285714285715,0.09999999999999999,0.0,2016-10-07,4.96
-0.9904,0.1383,4.61,4.9,5.23,4.13,0.02622,0.02595,23.4,27.0,13.0,16.1,62.27,43.26,26.27,24.98,0.0,0.0,4.747142857142857,0.02567857142857143,55.160000000000004,0.09999999999999999,0.0,2016-10-08,4.81
-0.9879,0.1553,4.96,4.61,4.9,4.54,0.026600000000000002,0.02548,24.8,25.8,14.2,15.4,48.88,55.13,26.75,24.83,0.0,0.0,4.785714285714286,0.02579,54.42714285714286,0.09999999999999999,0.0,2016-10-09,4.86
-0.9851,0.1722,4.81,4.96,4.61,4.25,0.02634,0.02622,24.3,23.4,15.4,13.0,50.2,62.27,26.45,26.27,0.0,0.0,4.872857142857143,0.02611142857142857,54.220000000000006,0.09999999999999999,0.0,2016-10-10,4.64
-0.9819,0.1892,4.86,4.81,4.96,4.74,0.02657,0.026600000000000002,24.7,24.8,13.8,14.2,61.14,48.88,20.52,26.75,0.0,0.0,4.8585714285714285,0.025874285714285714,53.722857142857144,0.0,0.0,2016-10-11,2.28
-0.9785,0.206,4.64,4.86,4.81,5.23,0.023960000000000002,0.02634,25.0,24.3,15.8,15.4,55.18,50.2,22.82,26.45,0.0,0.0,4.437142857142857,0.02368,56.80285714285714,0.04285714285714286,0.0,2016-10-12,4.44
-0.9749,0.2228,2.28,4.64,4.86,4.9,0.01059,0.02657,20.2,24.7,16.0,13.8,64.82,61.14,13.21,20.52,0.35,0.0,4.371428571428572,0.023635714285714288,57.96142857142858,0.04285714285714286,0.3,2016-10-13,2.93
-0.9709,0.2396,4.44,2.28,4.64,4.61,0.02517,0.023960000000000002,22.6,25.0,13.7,15.8,63.24,55.18,20.19,22.82,0.0,0.0,4.131428571428572,0.022152857142857144,58.597142857142856,0.04285714285714286,0.0,2016-10-14,2.26
-0.9666,0.2562,2.93,4.44,2.28,4.96,0.01584,0.01059,22.4,20.2,14.3,16.0,66.72,64.82,11.17,13.21,0.01,0.35,3.7457142857142856,0.02020142857142857,62.63285714285714,2.2,0.0,2016-10-15,2.14
-0.9621,0.2728,2.26,2.93,4.44,4.81,0.01294,0.02517,20.4,22.6,14.5,13.7,77.13,63.24,9.14,20.19,3.95,0.0,3.3642857142857143,0.018470000000000004,66.96142857142857,4.271428571428571,15.1,2016-10-16,2.67
-0.9572,0.2893,2.14,2.26,2.93,4.86,0.01422,0.01584,16.5,22.4,12.7,14.3,80.5,66.72,17.65,11.17,2.53,0.01,3.051428571428571,0.01701,68.55999999999999,4.3,14.5,2016-10-17,2.98
-0.9521,0.3057,2.67,2.14,2.26,4.64,0.01635,0.01294,16.5,20.4,11.1,14.5,72.33,77.13,15.31,9.14,0.0,3.95,2.814285714285714,0.01624142857142857,70.36857142857143,4.4,0.2,2016-10-18,3.92
-0.9467,0.3221,2.98,2.67,2.14,2.28,0.01858,0.01422,15.8,16.5,10.0,12.7,67.84,80.5,24.23,17.65,0.05,2.53,3.0485714285714285,0.01836857142857143,70.02571428571429,4.357142857142857,0.7,2016-10-19,5.08
-0.941,0.3383,3.92,2.98,2.67,4.44,0.02548,0.01635,18.1,16.5,10.3,11.1,62.42,72.33,27.23,15.31,0.0,0.0,3.14,0.018907142857142855,68.46285714285715,4.357142857142857,0.0,2016-10-20,4.97
-0.9351,0.3545,5.08,3.92,2.98,2.93,0.02894,0.01858,24.0,15.8,12.0,10.0,52.3,67.84,28.84,24.23,0.0,0.05,3.4314285714285715,0.020647142857142857,66.51857142857143,4.357142857142857,0.0,2016-10-21,3.1
-0.9288,0.3705,4.97,5.08,3.92,2.26,0.02802,0.02548,24.7,18.1,15.0,10.3,53.11,62.42,25.77,27.23,0.0,0.0,3.551428571428571,0.021435714285714284,66.53571428571429,2.2,0.0,2016-10-22,3.24
-0.9223,0.3864,3.1,4.97,5.08,2.14,0.01846,0.02894,19.9,24.0,13.5,12.0,77.25,52.3,13.26,28.84,0.05,0.0,3.7085714285714286,0.022192857142857143,65.70142857142856,0.12857142857142856,0.0,2016-10-23,4.82
-0.9155,0.4022,3.24,3.1,4.97,2.67,0.01952,0.02802,19.1,24.7,12.3,15.0,74.66,53.11,23.98,25.77,0.02,0.0,4.015714285714286,0.023935714285714286,64.79428571428572,0.09999999999999999,0.0,2016-10-24,5.63
-0.9085,0.4179,4.82,3.24,3.1,2.98,0.02855,0.01846,21.7,19.9,8.8,13.5,65.98,77.25,28.24,13.26,0.01,0.05,4.394285714285714,0.025502857142857143,62.712857142857146,0.0,0.0,2016-10-25,6.23
-0.9012,0.4335,5.63,4.82,3.24,3.92,0.02955,0.01952,25.7,19.1,12.9,12.3,53.27,74.66,28.66,23.98,0.0,0.02,4.724285714285714,0.026094285714285712,60.38,0.0,0.0,2016-10-26,5.55
-0.8936,0.4489,6.23,5.63,4.82,5.08,0.02962,0.02855,29.4,21.7,15.0,8.8,46.09,65.98,29.21,28.24,0.0,0.01,4.791428571428571,0.026134285714285714,60.097142857142856,0.0,0.0,2016-10-27,4.62
-0.8857,0.4642,5.55,6.23,5.63,4.97,0.02922,0.02955,26.3,25.7,17.7,12.9,50.32,53.27,20.77,28.66,0.01,0.0,4.741428571428571,0.02583,61.855714285714285,0.0,0.0,2016-10-28,4.68
-0.8776,0.4794,4.62,5.55,6.23,3.1,0.02589,0.02962,23.8,29.4,15.7,15.0,65.42,46.09,15.8,29.21,0.04,0.0,4.967142857142858,0.026958571428571425,60.534285714285716,0.0,0.0,2016-10-29,4.29
-0.8692,0.4944,4.68,4.62,5.55,3.24,0.026359999999999998,0.02922,24.6,26.3,14.6,17.7,68.0,50.32,14.93,20.77,0.06,0.01,5.117142857142857,0.027635714285714288,59.925714285714285,0.2285714285714286,0.0,2016-10-30,3.92
-0.8606,0.5093,4.29,4.68,4.62,4.82,0.02426,0.02589,22.7,23.8,15.9,15.7,70.4,65.42,14.57,15.8,0.05,0.04,4.988571428571428,0.026605714285714285,59.294285714285714,0.2285714285714286,1.6,2016-10-31,5.5
-0.8517,0.524,3.92,4.29,4.68,5.63,0.02134,0.026359999999999998,21.2,24.6,12.6,14.6,61.56,68.0,19.72,14.93,0.14,0.06,4.97,0.02673285714285714,58.284285714285716,0.2285714285714286,0.0,2016-11-01,6.24
-0.8426,0.5386,5.5,3.92,4.29,6.23,0.030440000000000002,0.02426,22.7,22.7,10.6,15.9,46.2,70.4,31.13,14.57,0.31,0.05,4.971428571428571,0.026885714285714287,56.1,0.2285714285714286,0.0,2016-11-02,7.77
-0.8332,0.553,6.24,5.5,3.92,5.55,0.030690000000000002,0.02134,26.5,21.2,14.6,12.6,30.8,61.56,30.56,19.72,0.0,0.14,5.288571428571428,0.027125714285714284,54.18,0.2285714285714286,0.0,2016-11-03,6.34
-0.8235,0.5672,7.77,6.24,5.5,4.62,0.030899999999999997,0.030440000000000002,34.7,22.7,17.5,10.6,36.88,46.2,30.19,31.13,0.0,0.31,5.534285714285715,0.02775857142857143,52.00857142857143,0.2285714285714286,0.0,2016-11-04,5.78
-0.8137,0.5813,6.34,7.77,6.24,4.68,0.03032,0.030690000000000002,28.9,26.5,20.1,14.6,50.22,30.8,26.08,30.56,0.0,0.0,5.691428571428572,0.02829142857142857,49.80285714285714,0.2285714285714286,0.0,2016-11-05,5.7
-0.8035,0.5952,5.78,6.34,7.77,4.29,0.03009,0.030899999999999997,28.2,34.7,18.8,17.5,52.56,36.88,18.85,30.19,0.0,0.0,5.892857142857143,0.02909142857142857,47.098571428571425,0.0,0.0,2016-11-06,6.03
-0.7932,0.609,5.7,5.78,6.34,3.92,0.02986,0.03032,27.6,28.9,17.4,20.1,51.47,50.22,22.07,26.08,0.0,0.0,6.194285714285714,0.0304,45.37428571428571,0.0,0.0,2016-11-07,5.57
-0.7826,0.6225,6.03,5.7,5.78,5.5,0.0305,0.03009,29.1,28.2,16.8,18.8,49.49,52.56,24.62,18.85,0.0,0.0,6.204285714285715,0.03039857142857143,46.51857142857143,0.0,0.0,2016-11-08,6.18
-0.7718,0.6359,5.57,6.03,5.7,6.24,0.03043,0.02986,25.4,27.6,15.4,17.4,54.21,51.47,22.12,22.07,0.0,0.0,6.195714285714286,0.03045142857142857,48.43857142857143,0.0,0.0,2016-11-09,6.25
-0.7607,0.6491,6.18,5.57,6.03,7.77,0.031059999999999997,0.0305,28.0,29.1,16.7,16.8,44.24,49.49,30.88,24.62,0.0,0.0,5.978571428571429,0.030549999999999997,49.222857142857144,0.0,0.0,2016-11-10,6.18
-0.7494,0.6621,6.25,6.18,5.57,6.34,0.03159,0.03043,28.2,25.4,17.9,15.4,42.37,54.21,31.06,22.12,0.0,0.0,5.9557142857142855,0.030755714285714286,48.54,0.0,0.0,2016-11-11,5.76
-0.7379,0.6749,6.18,6.25,6.18,5.78,0.031760000000000004,0.031059999999999997,27.6,28.0,18.3,16.7,45.44,44.24,30.46,30.88,0.0,0.0,5.952857142857143,0.030672857142857144,48.26142857142857,0.0,0.0,2016-11-12,4.96
-0.7262,0.6875,5.76,6.18,6.25,5.7,0.02951,0.03159,26.1,28.2,17.1,17.9,50.61,42.37,22.11,31.06,0.0,0.0,5.847142857142857,0.030002857142857144,48.848571428571425,0.0,0.0,2016-11-13,6.12
-0.7143,0.6998,4.96,5.76,6.18,6.03,0.02517,0.031760000000000004,25.5,27.6,15.8,18.3,55.58,45.44,20.23,30.46,0.0,0.0,5.859999999999999,0.030158571428571427,48.92714285714286,0.0,0.0,2016-11-14,5.98
-0.7021,0.712,6.12,4.96,5.76,5.57,0.03159,0.02951,26.3,26.1,15.3,17.1,50.04,50.61,31.23,22.11,0.0,0.0,5.918571428571428,0.030315714285714286,48.728571428571435,0.0,0.0,2016-11-15,6.25
-0.6898,0.724,5.98,6.12,4.96,6.18,0.03153,0.02517,26.5,25.5,15.5,15.8,52.82,55.58,29.18,20.23,0.0,0.0,5.928571428571429,0.030368571428571432,49.27571428571429,0.0,0.0,2016-11-16,7.43
-0.6772,0.7358,6.25,5.98,6.12,6.25,0.03143,0.03159,27.9,26.3,17.2,15.3,48.07,50.04,31.5,31.23,0.0,0.0,6.097142857142857,0.03058857142857143,47.73285714285714,0.0,0.0,2016-11-17,6.3
-0.6645,0.7473,7.43,6.25,5.98,6.18,0.03313,0.03153,33.4,26.5,17.8,15.5,31.57,52.82,32.81,29.18,0.0,0.0,6.114285714285714,0.03065,48.285714285714285,0.0,0.0,2016-11-18,5.44
-0.6515,0.7586,6.3,7.43,6.25,5.76,0.032189999999999996,0.03143,27.6,27.9,18.8,17.2,49.31,48.07,24.66,31.5,0.01,0.0,6.068571428571429,0.030711428571428574,49.86,0.0,0.0,2016-11-19,5.45
-0.6384,0.7697,5.44,6.3,7.43,4.96,0.02994,0.03313,25.2,33.4,16.1,17.8,61.63,31.57,27.61,32.81,0.01,0.0,6.138571428571429,0.03148142857142857,51.10285714285715,0.0,0.0,2016-11-20,5.37
-0.625,0.7806,5.45,5.44,6.3,6.12,0.03056,0.032189999999999996,24.2,27.6,15.0,18.8,64.28,49.31,24.96,24.66,0.28,0.01,6.031428571428571,0.031207142857142857,53.107142857142854,0.0,0.0,2016-11-21,4.73
-0.6115,0.7912,5.37,5.45,5.44,5.98,0.029670000000000002,0.02994,24.8,25.2,13.9,16.1,64.07,61.63,28.34,27.61,0.11,0.01,5.852857142857142,0.030415714285714286,55.47428571428571,0.014285714285714287,0.0,2016-11-22,3.74
-0.5978,0.8016,4.73,5.37,5.45,6.25,0.02599,0.03056,23.8,24.2,14.2,15.0,69.39,64.28,25.67,24.96,0.0,0.28,5.494285714285715,0.028755714285714284,59.058571428571426,0.014285714285714287,0.1,2016-11-23,6.01
-0.584,0.8118,3.74,4.73,5.37,7.43,0.019809999999999998,0.029670000000000002,22.5,24.8,15.0,13.9,73.16,64.07,16.96,28.34,0.13,0.11,5.291428571428571,0.028652857142857143,62.529999999999994,0.014285714285714287,0.0,2016-11-24,3.62
-0.5699,0.8217,6.01,3.74,4.73,6.3,0.032409999999999994,0.02599,26.4,23.8,15.4,14.2,55.87,69.39,31.1,25.67,0.0,0.0,4.908571428571428,0.026912857142857145,66.62142857142858,0.014285714285714287,0.0,2016-11-25,5.92
-0.5557,0.8314,3.62,6.01,3.74,5.44,0.02001,0.019809999999999998,22.2,22.5,15.3,15.0,77.95,73.16,19.49,16.96,0.01,0.13,4.977142857142858,0.027271428571428568,67.42,0.014285714285714287,0.0,2016-11-26,5.88
-0.5413,0.8408,5.92,3.62,6.01,5.45,0.03245,0.032409999999999994,24.9,26.4,15.3,15.4,67.22,55.87,32.44,31.1,0.0,0.0,5.038571428571429,0.02748142857142857,66.80714285714285,0.028571428571428574,0.0,2016-11-27,6.99
-0.5268,0.85,5.88,5.92,3.62,5.37,0.03203,0.02001,24.7,22.2,13.9,15.3,59.99,77.95,31.21,19.49,0.0,0.01,5.2700000000000005,0.028034285714285713,62.73857142857143,0.028571428571428574,0.1,2016-11-28,6.47
-0.5121,0.859,6.99,5.88,5.92,4.73,0.03354,0.03245,31.0,24.9,16.5,15.3,35.59,67.22,32.94,32.44,0.0,0.0,5.518571428571429,0.028984285714285712,59.637142857142855,0.014285714285714287,0.0,2016-11-29,6.02
-0.4972,0.8676,6.47,6.99,5.88,3.74,0.03264,0.03203,29.7,24.7,19.5,13.9,47.68,59.99,20.88,31.21,0.01,0.0,5.844285714285713,0.030685714285714285,56.90428571428571,0.014285714285714287,0.0,2016-11-30,6.19
-0.4822,0.8761,6.02,6.47,6.99,6.01,0.03172,0.03354,27.4,31.0,17.5,16.5,54.03,35.59,21.37,32.94,0.04,0.0,5.87,0.030674285714285713,56.96142857142858,0.014285714285714287,0.0,2016-12-01,5.88
-0.4671,0.8842,6.19,6.02,6.47,3.62,0.03233,0.03264,27.5,29.7,16.2,19.5,56.27,47.68,20.88,20.88,0.04,0.01,6.192857142857143,0.03225857142857143,53.66142857142857,0.014285714285714287,0.0,2016-12-02,5.42
-0.4518,0.8921,5.88,6.19,6.02,5.92,0.031100000000000003,0.03172,27.3,27.4,17.9,17.5,54.85,54.03,19.26,21.37,0.01,0.04,6.121428571428572,0.03181,52.68142857142857,0.014285714285714287,0.0,2016-12-03,4.13
-0.4364,0.8998,5.42,5.88,6.19,5.88,0.02931,0.03233,26.5,27.5,17.3,16.2,60.36,56.27,17.04,20.88,0.08,0.04,5.871428571428572,0.03043142857142857,54.25142857142857,0.1285714285714286,0.0,2016-12-04,6.43
-0.4208,0.9071,4.13,5.42,5.88,6.99,0.02238,0.031100000000000003,23.5,27.3,15.4,17.9,70.98,54.85,20.18,19.26,0.2,0.01,5.791428571428571,0.030415714285714286,56.19428571428572,0.1285714285714286,0.9,2016-12-05,6.49
-0.4052,0.9142,6.43,4.13,5.42,6.47,0.03343,0.02931,26.2,26.5,14.6,17.3,49.19,60.36,34.31,17.04,0.0,0.08,5.7942857142857145,0.030542857142857142,56.23428571428571,0.1285714285714286,0.0,2016-12-06,5.92
-0.3894,0.9211,6.49,6.43,4.13,6.02,0.033530000000000004,0.02238,26.8,23.5,17.0,15.4,47.96,70.98,33.69,20.18,0.0,0.2,5.78,0.030690000000000002,57.00857142857143,0.1285714285714286,0.0,2016-12-07,5.44
-0.3735,0.9276,5.92,6.49,6.43,6.19,0.03275,0.03343,25.3,26.2,16.1,14.6,59.45,49.19,22.96,34.31,0.0,0.0,5.672857142857143,0.030405714285714286,58.91857142857143,0.5714285714285714,0.0,2016-12-08,2.84
-0.3575,0.9339,5.44,5.92,6.49,5.88,0.03034,0.033530000000000004,24.9,26.8,15.7,17.0,69.64,47.96,19.37,33.69,1.49,0.0,5.238571428571428,0.028040000000000002,61.480000000000004,2.442857142857143,3.1,2016-12-09,5.65
-0.3413,0.9399,2.84,5.44,5.92,5.42,0.014539999999999999,0.03275,22.7,25.3,15.7,16.1,72.78,59.45,16.28,22.96,6.26,0.0,5.271428571428571,0.028335714285714287,61.537142857142854,2.442857142857143,13.1,2016-12-10,6.55
-0.3251,0.9457,5.65,2.84,5.44,4.13,0.03138,0.03034,25.7,24.9,16.8,15.7,60.76,69.64,30.84,19.37,0.0,1.49,5.617142857142857,0.029792857142857145,59.54571428571428,2.314285714285714,0.0,2016-12-11,6.02
-0.3088,0.9511,6.55,5.65,2.84,6.43,0.03258,0.014539999999999999,29.8,22.7,19.1,15.7,57.04,72.78,31.88,16.28,0.01,6.26,5.558571428571428,0.029681428571428574,60.315714285714286,2.314285714285714,0.0,2016-12-12,6.74
-0.2924,0.9563,6.02,6.55,5.65,6.49,0.03265,0.03138,26.8,25.7,17.4,16.8,54.58,60.76,33.42,30.84,0.36,0.0,5.594285714285713,0.02970142857142857,59.174285714285716,2.314285714285714,0.0,2016-12-13,6.87
-0.2759,0.9612,6.74,6.02,6.55,5.92,0.03367,0.03258,30.3,29.8,18.4,19.1,39.97,57.04,34.25,31.88,0.0,0.01,5.7299999999999995,0.029848571428571426,56.30714285714286,2.314285714285714,0.0,2016-12-14,6.11
-0.2593,0.9658,6.87,6.74,6.02,5.44,0.033780000000000004,0.03265,30.4,26.8,20.9,17.4,39.38,54.58,33.53,33.42,0.0,0.36,5.825714285714286,0.030141428571428572,54.027142857142856,1.8714285714285714,0.0,2016-12-15,5.42
-0.2427,0.9701,6.11,6.87,6.74,2.84,0.03239,0.03367,27.6,30.3,19.5,18.4,53.68,39.97,23.52,34.25,0.0,0.0,6.194285714285714,0.032248571428571425,52.542857142857144,0.0,0.0,2016-12-16,5.94
-0.226,0.9741,5.42,6.11,6.87,5.65,0.02929,0.033780000000000004,26.8,30.4,17.1,20.9,62.39,39.38,25.01,33.53,0.01,0.0,6.235714285714286,0.032362857142857145,52.66571428571428,0.0,0.0,2016-12-17,6.48
-0.2092,0.9779,5.94,5.42,6.11,6.55,0.03218,0.03239,26.1,27.6,15.9,19.5,61.62,53.68,16.57,23.52,0.0,0.0,6.225714285714285,0.03250857142857143,51.33428571428571,0.0,0.0,2016-12-18,6.39
-0.1923,0.9813,6.48,5.94,5.42,6.02,0.033600000000000005,0.02929,28.3,26.8,16.0,17.1,47.72,62.39,29.81,25.01,0.0,0.01,6.278571428571429,0.03259,50.26142857142857,0.0,0.0,2016-12-19,6.5
-0.1754,0.9845,6.39,6.48,5.94,6.74,0.03322,0.03218,28.0,26.1,18.0,15.9,47.07,61.62,27.83,16.57,0.0,0.0,6.244285714285715,0.03257,51.75571428571429,0.0,0.0,2016-12-20,6.42
-0.1585,0.9874,6.5,6.39,6.48,6.87,0.033530000000000004,0.033600000000000005,27.6,28.3,16.7,16.0,50.43,47.72,32.11,29.81,0.0,0.0,6.18,0.03244142857142857,53.519999999999996,0.0,0.0,2016-12-21,6.33
-0.1414,0.9899,6.42,6.5,6.39,6.11,0.03288,0.03322,27.1,28.0,16.4,18.0,51.73,47.07,31.81,27.83,0.0,0.0,6.211428571428572,0.032581428571428574,53.75142857142857,0.0,0.0,2016-12-22,6.25
-0.1244,0.9922,6.33,6.42,6.5,5.42,0.03337,0.033530000000000004,26.3,27.6,15.8,16.7,55.3,50.43,33.26,32.11,0.0,0.0,6.33,0.033125714285714286,52.59285714285714,0.0,0.0,2016-12-23,6.16
-0.1073,0.9942,6.25,6.33,6.42,5.94,0.033100000000000004,0.03288,26.4,27.1,16.5,16.4,54.28,51.73,31.63,31.81,0.0,0.0,6.361428571428571,0.03333714285714286,52.09285714285714,0.0,0.0,2016-12-24,5.42
-0.0902,0.9959,6.16,6.25,6.33,6.48,0.033659999999999995,0.03337,25.7,26.3,15.2,15.8,58.12,55.3,32.83,33.26,0.0,0.0,6.21,0.032934285714285715,54.81142857142857,0.0,0.0,2016-12-25,4.89
-0.073,0.9973,5.42,6.16,6.25,6.39,0.030780000000000002,0.033100000000000004,23.3,26.4,14.3,16.5,66.75,54.28,31.54,31.63,0.96,0.0,5.9957142857142856,0.031952857142857144,58.325714285714284,0.21428571428571427,0.0,2016-12-26,6.82
-0.0559,0.9984,4.89,5.42,6.16,6.5,0.026350000000000002,0.033659999999999995,23.3,25.7,15.5,15.2,71.67,58.12,26.94,32.83,7.43,0.0,6.041428571428571,0.03200571428571428,58.512857142857136,0.21428571428571427,1.5,2016-12-27,6.19
-0.0387,0.9993,6.82,4.89,5.42,6.42,0.0339,0.030780000000000002,29.6,23.3,16.2,14.3,51.74,66.75,33.76,31.54,0.0,0.96,6.008571428571429,0.03193714285714286,59.457142857142856,0.21428571428571427,0.0,2016-12-28,5.61
-0.0215,0.9998,6.19,6.82,4.89,6.33,0.0324,0.026350000000000002,28.5,23.3,18.7,15.5,58.34,71.67,24.24,26.94,0.02,7.43,5.905714285714287,0.031471428571428574,61.00428571428571,0.21428571428571427,0.0,2016-12-29,5.98
-0.0043,1.0,5.61,6.19,6.82,6.25,0.030109999999999998,0.0339,26.8,29.6,16.6,16.2,66.13,51.74,20.55,33.76,0.04,0.0,5.867142857142857,0.03131857142857143,62.964285714285715,0.21428571428571427,0.0,2016-12-30,5.96
0.0129,0.9999,5.98,5.61,6.19,6.16,0.03203,0.0324,27.3,28.5,16.4,18.7,68.0,58.34,30.35,24.24,0.02,0.02,5.838571428571429,0.03108571428571429,63.97428571428571,0.21428571428571427,0.0,2016-12-31,5.61
0.0172,0.9999,5.96,5.98,5.61,5.42,0.03203,0.030109999999999998,26.3,26.8,15.7,16.6,65.19,66.13,23.09,20.55,0.02,0.04,5.865714285714286,0.03138571428571429,61.75571428571429,0.21428571428571427,0.0,2017-01-01,5.73
0.0344,0.9994,5.61,5.96,5.98,4.89,0.03288,0.03203,24.0,27.3,13.9,16.4,51.22,68.0,33.14,30.35,0.0,0.02,5.985714285714287,0.032355714285714286,58.58857142857143,0.0,0.0,2017-01-02,5.82
0.0516,0.9987,5.73,5.61,5.96,6.82,0.03314,0.03203,23.9,26.3,13.7,15.7,49.5,65.19,32.22,23.09,0.0,0.02,5.842857142857143,0.03226142857142857,57.33,0.0,0.0,2017-01-03,5.73
0.0688,0.9976,5.82,5.73,5.61,6.19,0.03324,0.03288,24.1,24.0,12.6,13.9,42.93,51.22,33.97,33.14,0.0,0.0,5.777142857142858,0.03241142857142857,54.85857142857143,0.0,0.0,2017-01-04,5.62
0.0859,0.9963,5.73,5.82,5.73,5.61,0.03345,0.03314,23.4,23.9,11.4,13.7,41.04,49.5,34.0,32.22,0.0,0.0,5.778571428571429,0.032837142857142856,51.645714285714284,0.0,0.0,2017-01-05,5.68
0.103,0.9947,5.62,5.73,5.82,5.98,0.03309,0.03324,22.6,24.1,14.4,12.6,43.64,42.93,33.25,33.97,0.0,0.0,5.735714285714286,0.03296142857142857,49.792857142857144,0.0,0.0,2017-01-06,5.34
0.1201,0.9928,5.68,5.62,5.73,5.96,0.0329,0.03345,23.2,23.4,13.7,11.4,55.03,41.04,30.92,34.0,0.0,0.0,5.647142857142858,0.03288571428571429,48.23428571428571,0.0,0.0,2017-01-07,5.31
0.1372,0.9905,5.34,5.68,5.62,5.61,0.0315,0.03309,23.2,22.6,13.6,14.4,54.28,43.64,30.03,33.25,0.01,0.0,5.604285714285715,0.03276,48.82857142857143,0.0,0.0,2017-01-08,5.47
0.1542,0.988,5.31,5.34,5.68,5.73,0.032,0.0329,23.2,23.2,14.9,13.7,55.38,55.03,25.47,30.92,0.03,0.0,5.567142857142857,0.032498571428571425,49.44428571428572,0.0,0.0,2017-01-09,5.48
0.1712,0.9852,5.47,5.31,5.34,5.82,0.03131,0.0315,24.9,23.2,15.0,13.6,53.81,54.28,31.85,30.03,0.02,0.01,5.518571428571429,0.03234285714285714,51.41571428571429,0.0,0.0,2017-01-10,5.56
0.1881,0.9821,5.48,5.47,5.31,5.73,0.03215,0.032,23.0,23.2,14.3,14.9,56.73,55.38,30.8,25.47,0.0,0.03,5.494285714285715,0.03218714285714286,52.01857142857143,0.0,0.0,2017-01-11,5.79
0.205,0.9788,5.56,5.48,5.47,5.62,0.03236,0.03131,23.8,24.9,13.7,15.0,45.26,53.81,32.17,31.85,0.0,0.02,5.518571428571428,0.03210142857142857,52.392857142857146,0.0,0.0,2017-01-12,5.7
0.2218,0.9751,5.79,5.56,5.48,5.68,0.032490000000000005,0.03215,26.0,23.0,13.9,14.3,46.26,56.73,31.77,30.8,0.0,0.0,5.521428571428571,0.03201,50.537142857142854,0.0,0.0,2017-01-13,5.36
0.2385,0.9711,5.7,5.79,5.56,5.34,0.03226,0.03236,25.2,23.8,16.1,13.7,42.04,45.26,31.22,32.17,0.0,0.0,5.524285714285715,0.03192285714285714,49.708571428571425,0.0,0.0,2017-01-14,5.38
0.2552,0.9669,5.36,5.7,5.79,5.31,0.03089,0.032490000000000005,24.1,26.0,14.8,13.9,48.48,46.26,26.44,31.77,0.0,0.0,5.534285714285715,0.031914285714285714,48.19571428571429,0.0,0.0,2017-01-15,5.12
0.2718,0.9624,5.38,5.36,5.7,5.47,0.03194,0.03226,22.7,25.2,13.4,16.1,44.79,42.04,30.41,31.22,0.0,0.0,5.484285714285714,0.03187714285714286,47.137142857142855,0.0,0.0,2017-01-16,5.92
0.2883,0.9575,5.12,5.38,5.36,5.48,0.03105,0.03089,22.7,24.1,13.5,14.8,46.4,48.48,26.68,26.44,0.0,0.0,5.547142857142857,0.03191,44.25142857142857,0.0,0.0,2017-01-17,5.89
0.3047,0.9524,5.92,5.12,5.38,5.56,0.032380000000000006,0.03194,26.6,22.7,16.3,13.4,36.53,44.79,32.86,30.41,0.0,0.0,5.594285714285713,0.03194,43.10857142857143,0.0,0.0,2017-01-18,5.75
0.3211,0.9471,5.89,5.92,5.12,5.79,0.03257,0.03105,25.5,22.7,16.0,13.5,37.26,46.4,33.07,26.68,0.0,0.0,5.588571428571428,0.03190571428571429,41.68714285714286,0.0,0.0,2017-01-19,5.73
0.3373,0.9414,5.75,5.89,5.92,5.7,0.03225,0.032380000000000006,26.9,26.6,14.5,16.3,36.31,36.53,31.33,32.86,0.0,0.0,5.5928571428571425,0.03185,40.642857142857146,0.0,0.0,2017-01-20,5.32
0.3534,0.9355,5.73,5.75,5.89,5.36,0.03187,0.03257,25.7,25.5,15.5,16.0,34.73,37.26,31.41,33.07,0.0,0.0,5.587142857142857,0.03176285714285714,40.364285714285714,0.0,0.0,2017-01-21,5.11
0.3695,0.9292,5.32,5.73,5.75,5.38,0.03028,0.03225,25.2,26.9,15.6,14.5,46.53,36.31,29.4,31.33,0.0,0.0,5.548571428571429,0.03147857142857143,41.220000000000006,0.0,0.0,2017-01-22,5.29
0.3854,0.9227,5.11,5.32,5.73,5.12,0.02995,0.03187,24.6,25.7,16.6,15.5,50.78,34.73,27.8,31.41,0.01,0.0,5.572857142857143,0.03129857142857143,42.20142857142857,0.0,0.0,2017-01-23,5.82
0.4012,0.916,5.29,5.11,5.32,5.92,0.02979,0.03028,24.8,25.2,17.4,15.6,53.27,46.53,25.55,29.4,0.24,0.0,5.558571428571429,0.031147142857142856,42.83,0.0,0.0,2017-01-24,5.92
0.4169,0.9089,5.82,5.29,5.11,5.89,0.03132,0.02995,26.8,24.6,15.5,16.6,40.93,50.78,29.08,27.8,0.0,0.01,5.562857142857142,0.030982857142857145,43.27285714285715,0.0,0.0,2017-01-25,5.55
0.4325,0.9016,5.92,5.82,5.29,5.75,0.031420000000000003,0.02979,27.2,24.8,16.0,17.4,40.36,53.27,30.03,25.55,0.0,0.24,5.534285714285715,0.030754285714285713,45.31428571428571,0.0,0.0,2017-01-26,5.03
0.4479,0.8941,5.55,5.92,5.82,5.73,0.03065,0.03132,26.5,26.8,17.4,15.5,50.6,40.93,26.49,29.08,0.0,0.0,5.434285714285714,0.030262857142857143,49.18571428571429,0.0,0.0,2017-01-27,4.83
0.4633,0.8862,5.03,5.55,5.92,5.32,0.02843,0.031420000000000003,25.2,27.2,18.6,16.0,61.83,40.36,29.64,30.03,0.0,0.0,5.364285714285714,0.029917142857142857,51.30428571428571,0.0,0.0,2017-01-28,4.79
0.4784,0.8781,4.83,5.03,5.55,5.11,0.02786,0.03065,24.8,26.5,18.3,17.4,61.36,50.6,22.78,26.49,0.0,0.0,5.318571428571429,0.02961857142857143,52.027142857142856,0.0,0.0,2017-01-29,5.14
0.4935,0.8698,4.79,4.83,5.03,5.29,0.02786,0.02843,24.1,25.2,16.4,18.6,55.84,61.83,21.07,29.64,0.0,0.0,5.297142857142857,0.029500000000000002,51.54571428571428,0.0,0.0,2017-01-30,5.13
0.5084,0.8611,5.14,4.79,4.83,5.82,0.02896,0.02786,25.0,24.8,16.4,18.3,49.9,61.36,24.19,22.78,0.0,0.0,5.198571428571428,0.02933857142857143,52.38428571428572,0.0,0.0,2017-01-31,4.94
0.5231,0.8523,5.13,5.14,4.79,5.92,0.03019,0.02786,23.4,24.1,16.7,16.4,46.8,55.84,27.0,21.07,0.0,0.0,5.058571428571428,0.029062857142857144,53.51857142857143,0.0,0.0,2017-02-01,4.47
0.5377,0.8432,4.94,5.13,5.14,5.55,0.02949,0.02896,22.7,25.0,14.7,16.4,48.3,49.9,22.91,24.19,0.0,0.0,4.904285714285714,0.02850142857142857,54.55571428571428,0.0,0.0,2017-02-02,3.97
0.5521,0.8338,4.47,4.94,5.13,5.03,0.026719999999999997,0.03019,21.8,23.4,15.2,16.7,57.86,46.8,22.12,27.0,0.01,0.0,4.752857142857144,0.027745714285714287,55.22571428571428,0.0,0.0,2017-02-03,5.27
0.5664,0.8242,3.97,4.47,4.94,4.83,0.02314,0.02949,21.5,22.7,13.4,14.7,66.52,48.3,17.63,22.91,0.01,0.0,4.815714285714286,0.027994285714285715,55.89857142857142,0.0,0.0,2017-02-04,5.34
0.5805,0.8143,5.27,3.97,4.47,4.79,0.0296,0.026719999999999997,24.3,21.8,15.4,15.2,66.07,57.86,28.8,22.12,0.38,0.01,4.894285714285714,0.02836142857142857,54.01857142857143,0.0,0.0,2017-02-05,5.13
0.5944,0.8042,5.34,5.27,3.97,5.14,0.03043,0.02314,24.4,21.5,15.2,13.4,42.68,66.52,30.38,17.63,0.0,0.01,4.892857142857143,0.028452857142857144,54.16428571428571,0.0,0.0,2017-02-06,4.62
0.6081,0.7938,5.13,5.34,5.27,5.13,0.0296,0.0296,24.1,24.3,15.6,15.4,50.92,66.07,24.25,28.8,0.0,0.38,4.82,0.028055714285714288,56.152857142857144,0.0,0.0,2017-02-07,4.57
0.6217,0.7833,4.62,5.13,5.34,4.94,0.02741,0.03043,22.5,24.4,15.4,15.2,60.72,42.68,25.41,30.38,0.08,0.0,4.767142857142857,0.02766714285714286,57.33857142857143,0.0,0.0,2017-02-08,5.07
0.6351,0.7725,4.57,4.62,5.13,4.47,0.02677,0.0296,22.1,24.1,14.3,15.6,56.6,50.92,29.58,24.25,0.02,0.0,4.852857142857142,0.02817,56.534285714285716,0.0,0.0,2017-02-09,4.99
0.6483,0.7614,5.07,4.57,4.62,3.97,0.03024,0.02741,22.4,22.5,11.9,15.4,52.23,60.72,29.76,25.41,0.0,0.08,4.998571428571429,0.028985714285714285,54.644285714285715,0.0,0.0,2017-02-10,4.78
0.6613,0.7502,4.99,5.07,4.57,5.27,0.02885,0.02677,24.3,22.1,13.9,14.3,53.29,56.6,24.23,29.58,0.01,0.02,4.928571428571429,0.028877142857142855,52.598571428571425,0.0,0.0,2017-02-11,4.89
0.6741,0.7387,4.78,4.99,5.07,5.34,0.02884,0.03024,22.4,22.4,14.4,11.9,51.75,52.23,26.28,29.76,0.02,0.0,4.864285714285714,0.02861,54.01428571428572,0.0,0.0,2017-02-12,4.28
0.6867,0.727,4.89,4.78,4.99,5.13,0.02856,0.02885,24.1,24.3,14.0,13.9,52.59,53.29,23.64,24.23,0.0,0.01,4.742857142857143,0.02800714285714286,55.31428571428571,0.0,0.0,2017-02-13,4.61
0.6991,0.715,4.28,4.89,4.78,4.62,0.02538,0.02884,22.3,22.4,14.9,14.4,60.02,51.75,19.66,26.28,0.11,0.02,4.741428571428571,0.027957142857142854,55.23285714285714,0.0,0.0,2017-02-14,4.73
0.7113,0.7029,4.61,4.28,4.89,4.57,0.027059999999999997,0.02856,23.0,24.1,15.5,14.0,60.15,52.59,22.89,23.64,0.0,0.0,4.764285714285714,0.028075714285714287,55.91571428571429,0.0,0.0,2017-02-15,4.57
0.7233,0.6906,4.73,4.61,4.28,5.07,0.027600000000000003,0.02538,23.2,22.3,15.1,14.9,61.38,60.02,27.13,19.66,0.0,0.11,4.692857142857143,0.02758285714285714,58.07857142857143,0.0,0.0,2017-02-16,4.52
0.735,0.678,4.57,4.73,4.61,4.99,0.026789999999999998,0.027059999999999997,23.6,23.0,14.9,15.5,67.37,60.15,24.8,22.89,0.0,0.0,4.625714285714286,0.027242857142857145,59.714285714285715,0.0,0.0,2017-02-17,5.08
0.7466,0.6653,4.52,4.57,4.73,4.78,0.02647,0.027600000000000003,23.4,23.2,14.9,15.1,64.74,61.38,23.34,27.13,0.0,0.0,4.668571428571428,0.027185714285714285,59.105714285714285,0.0,0.0,2017-02-18,5.12
0.7579,0.6523,5.08,4.52,4.57,4.89,0.02844,0.026789999999999998,23.8,23.6,13.5,14.9,47.49,67.37,28.7,24.8,0.0,0.0,4.701428571428572,0.027148571428571428,58.72571428571428,0.0,0.0,2017-02-19,4.97
0.769,0.6392,5.12,5.08,4.52,4.28,0.028300000000000002,0.02647,25.5,23.4,14.5,14.9,49.93,64.74,28.37,23.34,0.0,0.0,4.8,0.0275,57.98285714285714,0.0,0.0,2017-02-20,4.52
0.7799,0.6259,4.97,5.12,5.08,4.61,0.02784,0.02844,25.6,23.8,15.8,13.5,54.82,47.49,25.85,28.7,0.0,0.0,4.7871428571428565,0.027407142857142856,57.13142857142857,0.0,0.0,2017-02-21,4.2
0.7906,0.6124,4.52,4.97,5.12,4.73,0.02641,0.028300000000000002,25.1,25.5,16.5,14.5,54.19,49.93,21.81,28.37,0.0,0.0,4.711428571428571,0.02687,56.70285714285715,0.0,0.0,2017-02-22,4.42
0.801,0.5987,4.2,4.52,4.97,4.57,0.02384,0.02784,25.0,25.6,16.9,15.8,58.38,54.82,18.66,25.85,0.08,0.0,4.6899999999999995,0.02659142857142857,56.72714285714286,0.0,0.0,2017-02-23,4.38
0.8112,0.5848,4.42,4.2,4.52,4.52,0.02484,0.02641,24.7,25.1,17.6,16.5,67.54,54.19,22.39,21.81,0.08,0.0,4.67,0.026274285714285715,56.63857142857143,0.0,0.0,2017-02-24,3.95
0.8211,0.5708,4.38,4.42,4.2,5.08,0.02425,0.02384,25.4,25.0,17.1,16.9,64.12,58.38,20.46,18.66,0.58,0.08,4.508571428571428,0.02536857142857143,59.13714285714286,0.08571428571428572,0.0,2017-02-25,4.12
0.8308,0.5566,3.95,4.38,4.42,5.12,0.0221,0.02484,24.1,24.7,16.8,17.6,64.98,67.54,16.3,22.39,0.07,0.08,4.365714285714286,0.024375714285714285,61.205714285714286,0.08571428571428572,0.6,2017-02-26,4.47
0.8402,0.5422,4.12,3.95,4.38,4.97,0.02135,0.02425,26.8,25.4,16.6,17.1,64.41,64.12,22.12,20.46,0.0,0.58,4.2942857142857145,0.023855714285714286,62.88428571428572,0.08571428571428572,0.0,2017-02-27,4.6
0.8495,0.5277,4.47,4.12,3.95,4.52,0.0242,0.0221,26.0,24.1,18.2,16.8,66.57,64.98,25.42,16.3,0.03,0.07,4.305714285714286,0.023702857142857144,64.76714285714286,0.08571428571428572,0.0,2017-02-28,4.4
0.8584,0.513,4.6,4.47,4.12,4.2,0.02534,0.02135,26.0,26.8,18.1,16.6,67.37,64.41,25.91,22.12,0.01,0.0,4.3342857142857145,0.023884285714285716,65.80857142857143,0.08571428571428572,0.0,2017-03-01,4.09
0.8671,0.4981,4.4,4.6,4.47,4.42,0.02511,0.0242,24.4,26.0,17.4,18.2,65.67,66.57,26.03,25.42,0.0,0.03,4.2871428571428565,0.023467142857142857,65.66571428571429,0.09999999999999999,0.0,2017-03-02,4.55
0.8755,0.4831,4.09,4.4,4.6,4.38,0.021920000000000002,0.02534,26.2,26.0,16.8,18.1,66.54,67.37,24.2,25.91,0.0,0.01,4.311428571428571,0.023518571428571427,65.61,0.09999999999999999,0.1,2017-03-03,4.53
0.8837,0.468,4.55,4.09,4.4,3.95,0.02461,0.02511,25.2,24.4,16.7,17.4,63.73,65.67,23.86,26.03,0.0,0.0,4.394285714285714,0.02407857142857143,64.34142857142857,0.014285714285714287,0.0,2017-03-04,4.61
0.8916,0.4527,4.53,4.55,4.09,4.12,0.026019999999999998,0.021920000000000002,23.3,26.2,14.1,16.8,56.1,66.54,26.14,24.2,0.0,0.0,4.464285714285714,0.02469714285714286,61.378571428571426,0.014285714285714287,0.0,2017-03-05,4.77
0.8993,0.4373,4.61,4.53,4.55,4.47,0.02568,0.02461,24.5,25.2,14.4,16.7,43.67,63.73,26.2,23.86,0.0,0.0,4.507142857142857,0.024957142857142855,56.895714285714284,0.014285714285714287,0.0,2017-03-06,4.01
0.9067,0.4218,4.77,4.61,4.53,4.6,0.026019999999999998,0.026019999999999998,25.3,23.3,15.2,14.1,35.19,56.1,26.79,26.14,0.0,0.0,4.422857142857143,0.024518571428571428,54.339999999999996,0.014285714285714287,0.0,2017-03-07,4.26
0.9138,0.4061,4.01,4.77,4.61,4.4,0.022269999999999998,0.02568,24.4,24.5,14.5,14.4,49.48,43.67,19.64,26.2,0.0,0.0,4.402857142857143,0.024431428571428573,52.17714285714286,0.014285714285714287,0.0,2017-03-08,4.42
0.9207,0.3904,4.26,4.01,4.77,4.09,0.0245,0.026019999999999998,22.9,25.3,14.4,15.2,50.53,35.19,24.66,26.79,0.01,0.0,4.45,0.02486285714285714,49.332857142857144,0.0,0.0,2017-03-09,4.52
0.9272,0.3745,4.42,4.26,4.01,4.55,0.02494,0.022269999999999998,23.6,24.4,12.3,14.5,46.63,49.48,25.68,19.64,0.15,0.0,4.445714285714286,0.02503714285714286,45.65571428571429,0.0,0.0,2017-03-10,4.48
0.9335,0.3585,4.52,4.42,4.26,4.53,0.02583,0.0245,22.8,22.9,11.8,14.4,37.99,50.53,26.17,24.66,0.0,0.01,4.438571428571429,0.02496,43.00857142857143,0.0,0.0,2017-03-11,4.83
0.9396,0.3424,4.48,4.52,4.42,4.61,0.02548,0.02494,24.1,23.6,11.3,12.3,37.57,46.63,25.52,25.68,3.03,0.15,4.47,0.024964285714285713,40.55571428571428,0.0,0.0,2017-03-12,4.05
0.9453,0.3261,4.83,4.48,4.52,4.77,0.02571,0.02583,24.9,22.8,14.2,11.8,26.5,37.99,26.07,26.17,0.0,0.0,4.367142857142857,0.024801428571428568,42.371428571428574,0.0,0.0,2017-03-13,3.9
0.9508,0.3098,4.05,4.83,4.48,4.01,0.02488,0.02548,21.6,24.1,12.5,11.3,47.9,37.57,19.52,25.52,0.02,3.03,4.351428571428571,0.024737142857142857,45.05285714285714,0.05714285714285715,0.0,2017-03-14,4.01
0.956,0.2934,3.9,4.05,4.83,4.26,0.02182,0.02571,22.8,24.9,15.5,14.2,68.25,26.5,20.34,26.07,0.11,0.0,4.315714285714286,0.024692857142857145,45.16142857142857,0.05714285714285715,0.4,2017-03-15,3.77
0.9609,0.2769,4.01,3.9,4.05,4.42,0.02419,0.02488,23.4,21.6,12.8,12.5,51.29,47.9,20.2,19.52,0.18,0.02,4.222857142857142,0.02445857142857143,46.03285714285715,0.05714285714285715,0.0,2017-03-16,3.49
0.9655,0.2604,3.77,4.01,3.9,4.52,0.0233,0.02182,21.1,22.8,13.3,15.5,52.73,68.25,15.02,20.34,0.0,0.11,4.075714285714286,0.023838571428571428,48.37714285714286,0.05714285714285715,0.0,2017-03-17,3.63
0.9698,0.2437,3.49,3.77,4.01,4.48,0.02149,0.02419,21.1,23.4,12.7,12.8,54.4,51.29,15.44,20.2,0.0,0.18,3.954285714285714,0.02345,51.03142857142857,0.05714285714285715,0.0,2017-03-18,3.31
0.9739,0.227,3.63,3.49,3.77,4.83,0.022760000000000002,0.0233,21.0,21.1,12.6,13.3,56.15,52.73,16.0,15.02,0.0,0.0,3.737142857142857,0.022664285714285717,56.378571428571426,0.05714285714285715,0.0,2017-03-19,3.51
0.9777,0.2102,3.31,3.63,3.49,4.05,0.020210000000000002,0.02149,21.0,21.1,13.5,12.7,63.93,54.4,15.72,15.44,0.0,0.0,3.66,0.02216142857142857,58.08571428571429,0.05714285714285715,0.0,2017-03-20,3.54
0.9811,0.1934,3.51,3.31,3.63,3.9,0.02136,0.022760000000000002,21.3,21.0,14.0,12.6,59.85,56.15,17.57,16.0,0.0,0.0,3.608571428571428,0.022211428571428573,56.005714285714284,0.0,0.0,2017-03-21,2.83
0.9843,0.1765,3.54,3.51,3.31,4.01,0.022170000000000002,0.020210000000000002,20.7,21.0,13.0,13.5,53.69,63.93,14.13,15.72,0.0,0.0,3.44,0.02129,56.92,0.0,0.0,2017-03-22,2.49
0.9872,0.1595,2.83,3.54,3.51,3.77,0.01774,0.02136,19.7,21.3,13.5,14.0,57.69,59.85,12.6,17.57,0.01,0.0,3.257142857142857,0.02011,58.521428571428565,0.0,0.0,2017-03-23,2.59
0.9898,0.1425,2.49,2.83,3.54,3.49,0.01504,0.022170000000000002,20.8,20.7,13.4,13.0,63.94,53.69,11.01,14.13,0.01,0.0,3.1285714285714286,0.019077142857142855,61.40714285714285,0.014285714285714287,0.0,2017-03-24,3.54
0.9921,0.1255,2.59,2.49,2.83,3.63,0.01426,0.01774,21.8,19.7,16.1,13.5,74.6,57.69,12.84,12.6,0.02,0.01,3.1157142857142857,0.018850000000000002,63.83,0.014285714285714287,0.1,2017-03-25,3.95
0.9941,0.1084,3.54,2.59,2.49,3.31,0.02117,0.01504,21.3,20.8,13.1,13.4,73.11,63.94,19.95,11.01,0.0,0.01,3.207142857142857,0.019155714285714286,63.07285714285714,0.014285714285714287,0.0,2017-03-26,3.7
0.9958,0.0913,3.95,3.54,2.59,3.51,0.022350000000000002,0.01426,22.9,21.8,13.2,16.1,58.63,74.6,21.97,12.84,0.0,0.02,3.2342857142857144,0.01924,62.708571428571425,0.014285714285714287,0.0,2017-03-27,3.53
0.9972,0.0741,3.7,3.95,3.54,3.54,0.02195,0.02117,22.8,21.3,12.7,13.1,57.3,73.11,21.05,19.95,0.02,0.0,3.2328571428571427,0.01915,64.36999999999999,0.014285714285714287,0.0,2017-03-28,3.12
0.9984,0.057,3.53,3.7,3.95,2.83,0.02154,0.022350000000000002,21.5,22.9,14.2,13.2,65.32,58.63,18.94,21.97,0.02,0.0,3.2742857142857145,0.019142857142857145,67.03285714285714,0.014285714285714287,0.0,2017-03-29,3.57
0.9992,0.0398,3.12,3.53,3.7,2.49,0.01769,0.02195,21.7,22.8,14.0,12.7,76.33,57.3,19.39,21.05,0.15,0.02,3.4285714285714284,0.020075714285714287,66.04857142857142,0.014285714285714287,0.0,2017-03-30,3.29
0.9997,0.0226,3.57,3.12,3.53,2.59,0.02157,0.02154,21.7,21.5,12.2,14.2,57.05,65.32,20.89,18.94,0.0,0.02,3.5285714285714285,0.02095,64.87285714285714,0.0,0.0,2017-03-31,2.41
1.0,0.0054,3.29,3.57,3.12,3.54,0.02038,0.01769,21.0,21.7,14.3,14.0,66.37,76.33,19.06,19.39,0.0,0.15,3.367142857142857,0.019882857142857143,64.87714285714286,0.0,0.0,2017-04-01,3.52
0.9999,-0.0118,2.41,3.29,3.57,3.95,0.013699999999999999,0.02157,20.2,21.7,14.1,12.2,73.14,57.05,18.43,20.89,0.04,0.0,3.3057142857142856,0.01968285714285714,64.21142857142857,0.0,0.0,2017-04-02,2.99
0.9996,-0.029,3.52,2.41,3.29,3.7,0.02095,0.02038,22.2,21.0,10.8,14.3,53.97,66.37,21.85,19.06,0.0,0.0,3.204285714285714,0.01911857142857143,63.4,0.0,0.0,2017-04-03,2.41
0.9989,-0.0462,2.99,3.52,2.41,3.53,0.018,0.013699999999999999,20.7,20.2,12.2,14.1,51.62,73.14,17.38,18.43,0.01,0.04,3.0442857142857145,0.018112857142857142,63.30857142857143,0.0,0.0,2017-04-04,3.37
0.998,-0.0634,2.41,2.99,3.52,3.12,0.0145,0.02095,19.4,22.2,13.1,10.8,64.68,53.97,17.03,21.85,0.19,0.0,3.0800000000000005,0.018487142857142858,59.019999999999996,0.0,0.0,2017-04-05,3.25
0.9968,-0.0805,3.37,2.41,2.99,3.57,0.020309999999999998,0.018,22.3,20.7,10.9,12.2,46.31,51.62,20.88,17.38,0.0,0.01,3.0342857142857147,0.018265714285714284,58.69571428571429,0.0,0.0,2017-04-06,2.56
0.9952,-0.0977,3.25,3.37,2.41,3.29,0.02002,0.0145,21.7,19.4,12.1,13.1,54.78,64.68,19.86,17.03,0.17,0.19,2.93,0.017435714285714284,59.52428571428572,0.08571428571428572,0.0,2017-04-07,3.22
0.9934,-0.1148,2.56,3.25,3.37,2.41,0.01457,0.020309999999999998,19.6,22.3,13.6,10.9,72.17,46.31,15.78,20.88,2.58,0.0,3.045714285714286,0.018318571428571427,58.67,0.08571428571428572,0.6,2017-04-08,3.17
0.9913,-0.1319,3.22,2.56,3.25,3.52,0.01988,0.02002,19.0,21.7,9.5,12.1,67.16,54.78,18.33,19.86,0.09,0.17,2.9957142857142856,0.018155714285714282,58.41571428571429,0.08571428571428572,0.0,2017-04-09,3.4
0.9889,-0.1489,3.17,3.22,2.56,2.99,0.019809999999999998,0.01457,20.1,19.6,10.0,13.6,52.19,72.17,19.37,15.78,0.0,2.58,3.0542857142857143,0.01839714285714286,56.027142857142856,0.08571428571428572,0.0,2017-04-10,3.22
0.9861,-0.1659,3.4,3.17,3.22,2.41,0.019690000000000003,0.01988,22.5,19.0,10.3,9.5,34.9,67.16,19.4,18.33,0.02,0.09,3.1700000000000004,0.019107142857142854,52.38428571428572,0.08571428571428572,0.0,2017-04-11,2.59
0.9831,-0.1828,3.22,3.4,3.17,3.37,0.019469999999999998,0.019809999999999998,21.8,20.1,13.7,10.0,39.18,52.19,15.2,19.37,0.05,0.0,3.0585714285714287,0.01851,54.18,0.09999999999999999,0.0,2017-04-12,2.85
0.9799,-0.1997,2.59,3.22,3.4,3.25,0.01613,0.019690000000000003,20.3,22.5,12.4,10.3,58.88,34.9,17.44,19.4,0.04,0.02,3.001428571428572,0.01812428571428571,56.980000000000004,0.09999999999999999,0.1,2017-04-13,2.91
0.9763,-0.2165,2.85,2.59,3.22,2.56,0.01732,0.019469999999999998,21.5,21.8,11.7,13.7,74.38,39.18,16.67,15.2,0.02,0.05,3.051428571428571,0.018584285714285713,57.75714285714286,0.014285714285714287,0.0,2017-04-14,1.74
0.9724,-0.2333,2.91,2.85,2.59,3.22,0.01779,0.01613,20.9,20.3,11.6,12.4,77.61,58.88,17.84,17.44,0.02,0.04,2.84,0.01708142857142857,58.00857142857143,0.014285714285714287,0.0,2017-04-15,1.89
0.9683,-0.25,1.74,2.91,2.85,3.17,0.00936,0.01732,19.9,21.5,13.3,11.7,68.92,74.38,8.53,16.67,0.0,0.02,2.6571428571428575,0.015821428571428573,60.01714285714286,0.014285714285714287,0.0,2017-04-16,2.75
0.9638,-0.2666,1.89,1.74,2.91,3.4,0.01099,0.01779,19.7,20.9,13.2,11.6,66.25,77.61,9.11,17.84,0.05,0.02,2.564285714285714,0.015481428571428571,65.14857142857143,0.028571428571428574,0.0,2017-04-17,2.51
0.9591,-0.2831,2.75,1.89,1.74,3.22,0.01731,0.00936,19.4,19.9,13.2,13.3,70.82,68.92,13.22,8.53,0.08,0.0,2.4628571428571426,0.014851428571428571,69.52142857142857,0.5857142857142856,0.1,2017-04-18,2.71
0.9541,-0.2996,2.51,2.75,1.89,2.59,0.01506,0.01099,22.4,19.7,12.7,13.2,69.79,66.25,13.0,9.11,0.95,0.05,2.48,0.014955714285714286,70.54428571428572,0.5714285714285714,3.9,2017-04-19,1.84
0.9488,-0.316,2.71,2.51,2.75,2.85,0.01686,0.01731,21.1,19.4,11.9,13.2,66.04,70.82,13.89,13.22,0.07,0.08,2.335714285714286,0.013632857142857143,69.61714285714285,0.6,0.0,2017-04-20,2.79
0.9432,-0.3322,1.84,2.71,2.51,2.91,0.008060000000000001,0.01506,23.7,22.4,15.2,12.7,67.89,69.79,10.64,13.0,1.49,0.95,2.3185714285714285,0.01351,67.01142857142857,0.6,0.2,2017-04-21,2.8
0.9373,-0.3484,2.79,1.84,2.71,1.74,0.01693,0.01686,22.2,21.1,14.5,11.9,59.37,66.04,17.42,13.89,0.0,0.07,2.4699999999999998,0.01459,64.32857142857144,0.6,0.0,2017-04-22,2.8
0.9312,-0.3645,2.8,2.79,1.84,1.89,0.01692,0.008060000000000001,21.8,23.7,13.2,15.2,50.14,67.89,17.14,10.64,0.0,1.49,2.6,0.015451428571428573,62.58571428571429,0.6,0.0,2017-04-23,2.33
0.9248,-0.3804,2.8,2.8,2.79,2.75,0.01702,0.01693,21.1,22.2,12.5,14.5,54.05,59.37,16.89,17.42,0.0,0.0,2.54,0.015055714285714285,60.13285714285714,0.6142857142857142,0.0,2017-04-24,2.3
0.9181,-0.3963,2.33,2.8,2.8,2.51,0.014539999999999999,0.01692,18.7,21.8,9.7,13.2,53.65,50.14,13.63,17.14,0.2,0.0,2.5100000000000002,0.014895714285714286,58.378571428571426,0.1285714285714286,0.2,2017-04-25,2.8
0.9112,-0.412,2.3,2.33,2.8,2.71,0.01394,0.01702,19.0,21.1,9.7,12.5,57.51,54.05,16.61,16.89,0.52,0.0,2.5228571428571427,0.01493,53.269999999999996,0.1285714285714286,0.5,2017-04-26,2.78
0.9039,-0.4276,2.8,2.3,2.33,1.84,0.0171,0.014539999999999999,21.0,18.7,9.0,9.7,30.28,53.65,17.79,13.63,0.0,0.2,2.657142857142857,0.016222857142857143,48.121428571428574,0.09999999999999999,0.0,2017-04-27,2.72
0.8965,-0.4431,2.78,2.8,2.3,2.79,0.01711,0.01394,20.2,19.0,11.3,9.7,31.85,57.51,16.58,16.61,0.0,0.52,2.6471428571428572,0.016205714285714285,44.48428571428571,0.09999999999999999,0.0,2017-04-28,2.79
0.8887,-0.4585,2.72,2.78,2.8,2.8,0.01681,0.0171,20.5,21.0,11.1,9.0,33.91,30.28,16.74,17.79,0.0,0.0,2.6457142857142855,0.016172857142857145,42.47571428571428,0.09999999999999999,0.0,2017-04-29,2.43
0.8807,-0.4737,2.79,2.72,2.78,2.8,0.01669,0.01711,22.3,20.2,12.8,11.3,36.08,31.85,16.58,16.58,0.0,0.0,2.5928571428571425,0.01607,40.51,0.09999999999999999,0.0,2017-04-30,1.92
0.8724,-0.4888,2.43,2.79,2.72,2.33,0.016300000000000002,0.01681,19.0,20.5,11.7,11.1,40.29,33.91,12.82,16.74,0.13,0.0,2.5342857142857143,0.01573,40.67857142857143,0.08571428571428572,0.0,2017-05-01,2.27
0.8639,-0.5037,1.92,2.43,2.79,2.3,0.01216,0.01669,18.7,22.3,12.0,12.8,54.83,36.08,8.31,16.58,0.27,0.0,2.5300000000000002,0.01584,40.69571428571429,0.014285714285714287,0.1,2017-05-02,2.52
0.8551,-0.5185,2.27,1.92,2.43,2.8,0.01471,0.016300000000000002,19.5,19.0,10.5,11.7,57.63,40.29,14.54,12.82,0.06,0.13,2.4899999999999998,0.01566,42.80571428571428,0.014285714285714287,0.0,2017-05-03,2.18
0.846,-0.5331,2.52,2.27,1.92,2.78,0.01584,0.01216,19.6,18.7,10.2,12.0,45.05,54.83,15.57,8.31,0.88,0.27,2.4042857142857144,0.01527857142857143,45.57,0.014285714285714287,0.0,2017-05-04,1.89
0.8367,-0.5476,2.18,2.52,2.27,2.72,0.01444,0.01471,18.7,19.5,10.3,10.5,51.2,57.63,10.39,14.54,6.19,0.06,2.2857142857142856,0.014791428571428572,49.11857142857143,0.014285714285714287,0.0,2017-05-05,1.57
0.8272,-0.5619,1.89,2.18,2.52,2.79,0.0134,0.01584,16.7,19.6,9.6,10.2,58.75,45.05,7.22,15.57,0.65,0.88,2.1114285714285717,0.013474285714285715,56.28142857142858,0.042857142857142864,0.0,2017-05-06,1.38
0.8174,-0.5761,1.57,1.89,2.18,2.43,0.00747,0.01444,18.9,18.7,10.8,10.3,86.22,51.2,9.06,10.39,1.08,6.19,1.9614285714285715,0.012245714285714287,63.15,1.8714285714285717,0.2,2017-05-07,2.1
0.8074,-0.59,1.38,1.57,1.89,1.92,0.0077,0.0134,17.5,16.7,12.2,9.6,88.37,58.75,4.63,7.22,17.05,0.65,1.987142857142857,0.012384285714285714,66.70857142857143,2.342857142857143,12.8,2017-05-08,1.54
0.7971,-0.6038,2.1,1.38,1.57,2.27,0.013130000000000001,0.00747,20.5,18.9,12.2,10.8,79.74,86.22,13.27,9.06,4.2,1.08,1.8828571428571428,0.011752857142857143,68.67,2.342857142857143,3.4,2017-05-09,1.96
0.7866,-0.6175,1.54,2.1,1.38,2.52,0.010289999999999999,0.0077,18.0,17.5,11.0,12.2,71.36,88.37,7.64,4.63,0.01,17.05,1.802857142857143,0.011088571428571429,73.28714285714285,2.8714285714285714,0.0,2017-05-10,1.08
0.7759,-0.6309,1.96,1.54,2.1,2.18,0.01119,0.013130000000000001,19.9,20.5,11.6,12.2,77.37,79.74,9.85,13.27,3.01,4.2,1.6457142857142857,0.009322857142857143,78.66571428571429,10.685714285714285,3.7,2017-05-11,1.54
0.7649,-0.6442,1.08,1.96,1.54,1.89,0.0020800000000000003,0.010289999999999999,15.4,18.0,13.4,11.0,88.85,71.36,2.67,7.64,52.31,0.01,1.5957142857142856,0.008248571428571428,81.60142857142857,11.157142857142858,54.7,2017-05-12,2.14
0.7537,-0.6572,1.54,1.08,1.96,1.57,0.00588,0.01119,19.6,19.9,13.1,11.6,79.3,77.37,5.61,9.85,4.04,3.01,1.6771428571428573,0.008987142857142857,80.36,11.12857142857143,3.3,2017-05-13,1.14
0.7423,-0.6701,2.14,1.54,1.08,1.38,0.01264,0.0020800000000000003,20.7,15.4,12.9,13.4,77.53,88.85,12.73,2.67,0.09,52.31,1.6428571428571428,0.008782857142857143,78.40428571428572,9.342857142857143,0.0,2017-05-14,1.68
0.7306,-0.6828,1.14,2.14,1.54,2.1,0.0062699999999999995,0.00588,18.1,19.6,12.1,13.1,74.68,79.3,6.47,5.61,0.37,4.04,1.582857142857143,0.008552857142857143,76.47571428571429,8.857142857142858,0.3,2017-05-15,1.1
0.7188,-0.6952,1.68,1.14,2.14,1.54,0.011519999999999999,0.01264,16.4,20.7,10.0,12.9,66.24,77.53,9.8,12.73,0.01,0.09,1.52,0.007901428571428571,78.15285714285713,8.857142857142858,0.0,2017-05-16,1.63
0.7067,-0.7075,1.1,1.68,1.14,1.96,0.005730000000000001,0.0062699999999999995,16.5,18.1,10.4,12.1,83.1,74.68,7.04,6.47,0.12,0.37,1.4728571428571429,0.007661428571428571,78.89142857142858,8.514285714285714,0.0,2017-05-17,1.4
0.6945,-0.7195,1.63,1.1,1.68,1.08,0.00951,0.011519999999999999,17.2,16.4,12.1,10.0,82.54,66.24,8.64,9.8,9.64,0.01,1.5185714285714285,0.00863,78.19714285714285,3.414285714285714,1.3,2017-05-18,1.95
0.682,-0.7314,1.4,1.63,1.1,1.54,0.00886,0.005730000000000001,14.2,16.5,10.0,10.4,83.99,83.1,7.55,7.04,13.78,0.12,1.577142857142857,0.009781428571428571,75.78857142857143,2.942857142857143,19.0,2017-05-19,2.01
0.6693,-0.743,1.95,1.4,1.63,2.14,0.01394,0.00951,15.3,17.2,5.3,12.1,62.44,82.54,13.98,8.64,0.0,9.64,1.5585714285714285,0.009964285714285714,71.9342857142857,2.942857142857143,0.0,2017-05-20,1.99
0.6564,-0.7544,2.01,1.95,1.4,1.14,0.01392,0.00886,15.9,14.2,5.1,10.0,50.55,83.99,13.96,7.55,0.0,13.78,1.68,0.010915714285714287,68.48857142857142,2.9,0.0,2017-05-21,1.09
0.6433,-0.7656,1.99,2.01,1.95,1.68,0.01293,0.01394,16.9,15.3,6.9,5.3,50.56,62.44,12.92,13.98,0.0,0.0,1.5957142857142856,0.010227142857142857,68.80857142857143,2.9,0.0,2017-05-22,1.07
0.6301,-0.7765,1.09,1.99,2.01,1.1,0.0067,0.01392,15.3,15.9,8.6,5.1,68.48,50.55,5.73,13.96,0.0,0.0,1.5914285714285714,0.010342857142857141,68.83,2.9,0.0,2017-05-23,0.76
0.6166,-0.7873,1.07,1.09,1.99,1.63,0.00654,0.01293,14.7,16.9,8.7,6.9,83.25,50.56,4.5,12.92,0.0,0.0,1.467142857142857,0.009598571428571429,68.10142857142857,2.9,0.0,2017-05-24,1.69
0.603,-0.7978,0.76,1.07,1.09,1.4,0.0043,0.0067,13.4,15.3,9.3,8.6,77.44,68.48,4.47,5.73,1.57,0.0,1.5085714285714287,0.009684285714285715,67.21142857142857,1.385714285714286,1.3,2017-05-25,1.98
0.5892,-0.808,1.69,0.76,1.07,1.95,0.009460000000000001,0.00654,17.3,14.7,10.0,8.7,77.76,83.25,9.76,4.5,1.34,0.0,1.512857142857143,0.00950857142857143,67.31857142857143,1.385714285714286,8.4,2017-05-26,1.82
0.5752,-0.818,1.98,1.69,0.76,2.01,0.01271,0.0043,18.4,13.4,8.6,9.3,63.19,77.44,12.46,4.47,0.12,1.57,1.4857142857142858,0.009325714285714286,69.38142857142857,1.385714285714286,0.0,2017-05-27,1.63
0.561,-0.8278,1.82,1.98,1.69,1.99,0.01264,0.009460000000000001,17.3,17.3,8.5,10.0,64.99,77.76,12.95,9.76,0.0,1.34,1.4342857142857142,0.009147142857142857,71.73,1.385714285714286,0.0,2017-05-28,1.67
0.5467,-0.8373,1.63,1.82,1.98,1.09,0.01168,0.01271,16.0,18.4,9.2,8.6,67.0,63.19,9.85,12.46,0.0,0.12,1.5171428571428571,0.009905714285714285,73.59285714285714,1.385714285714286,0.0,2017-05-29,1.69
0.5322,-0.8466,1.67,1.63,1.82,1.07,0.01201,0.01264,15.7,17.3,8.3,8.5,81.52,64.99,9.08,12.95,0.01,0.0,1.6057142857142856,0.010754285714285714,72.08142857142857,1.385714285714286,0.0,2017-05-30,1.76
0.5176,-0.8556,1.69,1.67,1.63,0.76,0.01248,0.01168,16.4,16.0,7.5,9.2,72.67,67.0,12.22,9.85,0.01,0.0,1.7485714285714287,0.011938571428571429,68.51571428571428,1.2,0.0,2017-05-31,1.68
0.5028,-0.8644,1.76,1.69,1.67,1.69,0.01259,0.01201,16.3,15.7,9.3,8.3,52.48,81.52,13.02,9.08,0.0,0.01,1.747142857142857,0.012334285714285714,65.25142857142858,0.0,0.0,2017-06-01,1.58
0.4878,-0.8729,1.68,1.76,1.69,1.98,0.012230000000000001,0.01248,15.9,16.4,8.8,7.5,54.91,72.67,11.17,12.22,0.0,0.01,1.69,0.012157142857142858,65.75,0.0,0.0,2017-06-02,1.8
0.4728,-0.8812,1.58,1.68,1.76,1.82,0.011470000000000001,0.01259,15.2,16.3,7.2,9.3,66.68,52.48,10.74,13.02,0.0,0.0,1.6871428571428573,0.012162857142857144,66.13714285714285,0.0,0.0,2017-06-03,1.6
0.4575,-0.8892,1.8,1.58,1.68,1.63,0.01268,0.012230000000000001,16.0,15.9,5.6,8.8,67.7,54.91,12.85,11.17,0.0,0.0,1.6828571428571428,0.01216,65.33428571428571,0.0,0.0,2017-06-04,1.56
0.4422,-0.8969,1.6,1.8,1.58,1.67,0.01166,0.011470000000000001,14.7,15.2,5.5,7.2,61.38,66.68,11.98,10.74,0.0,0.0,1.667142857142857,0.0121,61.645714285714284,0.0,0.0,2017-06-05,1.66
0.4267,-0.9044,1.56,1.6,1.8,1.69,0.01159,0.01268,13.9,16.0,4.9,5.6,55.7,67.7,11.65,12.85,0.0,0.0,1.662857142857143,0.012105714285714287,57.61714285714286,0.0,0.0,2017-06-06,0.98
0.4111,-0.9116,1.66,1.56,1.6,1.76,0.01252,0.01166,14.5,14.7,4.8,5.5,44.47,61.38,12.85,11.98,0.0,0.0,1.5514285714285714,0.01102,60.791428571428575,0.2714285714285714,0.0,2017-06-07,1.65
0.3953,-0.9185,0.98,1.66,1.56,1.68,0.0049900000000000005,0.01159,13.4,13.9,5.7,4.9,74.7,55.7,4.25,11.65,12.88,0.0,1.5471428571428572,0.010805714285714285,64.18428571428572,0.5714285714285714,1.9,2017-06-08,1.89
0.3795,-0.9252,1.65,0.98,1.66,1.58,0.01073,0.01252,15.8,14.5,8.2,4.8,78.66,44.47,9.0,12.85,5.58,0.0,1.5914285714285714,0.010928571428571428,63.00142857142857,0.5714285714285714,2.1,2017-06-09,1.8
0.3635,-0.9316,1.89,1.65,0.98,1.8,0.01233,0.0049900000000000005,18.5,13.4,6.5,5.7,58.4,74.7,12.35,4.25,0.0,12.88,1.5914285714285714,0.010892857142857143,60.370000000000005,0.5714285714285714,0.0,2017-06-10,1.65
0.3474,-0.9377,1.8,1.89,1.65,1.6,0.01243,0.01073,16.7,15.8,7.9,8.2,49.28,78.66,12.76,9.0,0.0,5.58,1.5985714285714285,0.010964285714285715,58.58142857142857,0.5714285714285714,0.0,2017-06-11,1.4
0.3312,-0.9436,1.65,1.8,1.89,1.56,0.01216,0.01233,15.9,18.5,6.8,6.5,48.86,58.4,11.62,12.35,0.0,0.0,1.5757142857142856,0.010898571428571428,58.15428571428571,0.5714285714285714,0.0,2017-06-12,1.37
0.3149,-0.9491,1.4,1.65,1.8,1.66,0.011130000000000001,0.01243,14.0,16.7,7.4,7.9,52.71,49.28,8.02,12.76,0.0,0.0,1.5342857142857143,0.010462857142857144,59.970000000000006,0.5714285714285714,0.0,2017-06-13,1.15
0.2986,-0.9544,1.37,1.4,1.65,0.98,0.009470000000000001,0.01216,15.6,15.9,8.7,6.8,57.18,48.86,7.74,11.62,0.0,0.0,1.5585714285714285,0.010861428571428572,60.38428571428572,0.3,0.0,2017-06-14,1.35
0.2821,-0.9594,1.15,1.37,1.4,1.65,0.0077800000000000005,0.011130000000000001,15.2,14.0,8.7,7.4,77.6,52.71,7.78,8.02,0.02,0.0,1.5157142857142856,0.01055,60.40857142857143,0.0,0.0,2017-06-15,0.91
0.2656,-0.9641,1.35,1.15,1.37,1.89,0.00855,0.009470000000000001,17.1,15.6,6.5,8.7,78.83,57.18,8.57,7.74,1.95,0.0,1.375714285714286,0.009344285714285716,64.24142857142857,6.371428571428572,0.0,2017-06-16,1.22
0.2489,-0.9685,0.91,1.35,1.15,1.8,0.0038900000000000002,0.0077800000000000005,17.6,15.2,9.5,8.7,85.23,77.6,3.93,7.78,35.07,0.02,1.292857142857143,0.008424285714285714,68.63,7.057142857142857,44.6,2017-06-17,1.64
0.2322,-0.9727,1.22,0.91,1.35,1.65,0.0059900000000000005,0.00855,14.2,17.1,7.9,6.5,80.0,78.83,8.77,8.57,3.65,1.95,1.2914285714285714,0.008432857142857143,68.75285714285714,7.057142857142857,4.8,2017-06-18,1.66
0.2155,-0.9765,1.64,1.22,0.91,1.4,0.01222,0.0038900000000000002,14.4,17.6,3.6,9.5,49.72,85.23,12.69,3.93,0.0,35.07,1.3285714285714287,0.008184285714285715,67.30285714285715,7.071428571428571,0.0,2017-06-19,1.09
0.1986,-0.9801,1.66,1.64,1.22,1.37,0.00939,0.0059900000000000005,16.6,14.2,3.8,7.9,42.56,80.0,7.66,8.77,0.0,3.65,1.2885714285714285,0.007667142857142858,67.39428571428572,7.071428571428571,0.1,2017-06-20,1.28
0.1818,-0.9833,1.09,1.66,1.64,1.15,0.005849999999999999,0.01222,14.5,14.4,9.7,3.6,57.82,49.72,4.15,12.69,0.0,0.0,1.3071428571428572,0.007727142857142857,67.29142857142857,7.071428571428571,0.0,2017-06-21,0.66
0.1648,-0.9863,1.28,1.09,1.66,1.35,0.008199999999999999,0.00939,16.0,16.6,7.3,3.8,76.88,42.56,6.09,7.66,0.04,0.0,1.2085714285714286,0.006854285714285715,67.88857142857144,7.171428571428572,0.0,2017-06-22,1.32
0.1478,-0.989,0.66,1.28,1.09,0.91,0.00244,0.005849999999999999,14.6,14.5,10.9,9.7,83.01,57.82,1.66,4.15,40.58,0.0,1.2671428571428571,0.007454285714285714,66.40857142857143,0.8857142857142858,0.7,2017-06-23,0.97
0.1308,-0.9914,1.32,0.66,1.28,1.22,0.00809,0.008199999999999999,17.4,16.0,10.1,7.3,74.87,76.88,7.11,6.09,2.42,0.04,1.2314285714285713,0.007344285714285714,66.14,0.19999999999999998,0.6,2017-06-24,1.03
0.1137,-0.9935,0.97,1.32,0.66,1.64,0.00522,0.00244,16.9,14.6,10.0,10.9,78.12,83.01,4.12,1.66,1.58,40.58,1.1442857142857144,0.006231428571428571,70.74428571428572,2.5,0.0,2017-06-25,0.56
0.0966,-0.9953,1.03,0.97,1.32,1.66,0.00443,0.00809,17.2,17.4,10.8,10.1,81.95,74.87,4.58,7.11,22.96,2.42,0.9871428571428572,0.005141428571428572,77.60857142857142,8.22857142857143,16.1,2017-06-26,1.9
0.0795,-0.9968,0.56,1.03,0.97,1.09,0.00176,0.00522,13.8,16.9,11.1,10.0,90.61,78.12,1.44,4.12,24.91,1.58,1.1028571428571428,0.0059557142857142855,79.59714285714287,8.500000000000002,40.2,2017-06-27,1.61
0.0623,-0.9981,1.9,0.56,1.03,1.28,0.011550000000000001,0.00443,19.2,17.2,9.0,10.8,71.74,81.95,11.68,4.58,1.22,22.96,1.1500000000000001,0.0064714285714285716,77.79142857142857,8.500000000000002,1.9,2017-06-28,1.7
0.0451,-0.999,1.61,1.9,0.56,0.66,0.011810000000000001,0.00176,16.2,13.8,6.5,11.1,64.24,90.61,11.7,1.44,0.0,24.91,1.2985714285714285,0.007857142857142858,73.89857142857143,8.4,0.0,2017-06-29,1.99
0.028,-0.9996,1.7,1.61,1.9,1.32,0.01214,0.011550000000000001,16.8,19.2,8.0,9.0,55.76,71.74,11.51,11.68,0.0,1.22,1.3942857142857144,0.008450000000000001,70.80285714285715,8.314285714285715,0.0,2017-06-30,1.74
0.0108,-0.9999,1.99,1.7,1.61,0.97,0.012240000000000001,0.011810000000000001,20.5,16.2,7.2,6.5,53.2,64.24,12.17,11.7,0.0,0.0,1.5042857142857142,0.009457142857142858,66.78,8.342857142857143,0.0,2017-07-01,1.27
-0.0065,-1.0,1.74,1.99,1.7,1.03,0.01227,0.01214,17.1,16.8,8.6,8.0,49.96,55.76,9.6,11.51,0.02,0.0,1.5385714285714285,0.010195714285714285,62.84571428571428,6.1000000000000005,0.2,2017-07-02,0.79
-0.0237,-0.9997,1.27,1.74,1.99,0.56,0.0096,0.012240000000000001,14.3,20.5,8.7,7.2,54.41,53.2,6.11,12.17,0.03,0.0,1.5714285714285714,0.010514285714285714,61.644285714285715,0.5142857142857143,0.4,2017-07-03,1.1
-0.0408,-0.9992,0.79,1.27,1.74,1.9,0.0039900000000000005,0.01227,15.0,17.1,10.4,8.6,82.2,49.96,4.02,9.6,0.84,0.02,1.457142857142857,0.009832857142857143,63.205714285714286,1.5,1.1,2017-07-04,1.1
-0.058,-0.9983,1.1,0.79,1.27,1.61,0.0067800000000000004,0.0096,13.6,14.3,6.1,8.7,82.67,54.41,8.23,6.11,11.09,0.03,1.3842857142857141,0.008918571428571428,62.58571428571429,1.6285714285714286,8.8,2017-07-05,1.71
-0.0752,-0.9972,1.1,1.1,0.79,1.7,0.00541,0.0039900000000000005,13.9,15.0,4.9,10.4,59.9,82.2,4.19,4.02,0.0,0.84,1.3857142857142857,0.008787142857142858,62.80714285714286,1.6285714285714286,0.9,2017-07-06,1.82
-0.0923,-0.9957,1.71,1.1,1.1,1.99,0.01122,0.0067800000000000004,16.5,13.6,4.4,6.1,57.31,82.67,9.42,8.23,0.0,11.09,1.3614285714285717,0.008785714285714286,64.09142857142857,1.6285714285714286,0.0,2017-07-07,1.32
-0.1094,-0.994,1.82,1.71,1.1,1.74,0.012230000000000001,0.00541,17.6,13.9,6.9,4.9,62.19,59.9,11.87,4.19,0.02,0.0,1.3014285714285714,0.008442857142857143,66.18571428571428,1.6142857142857143,0.0,2017-07-08,1.56
-0.1265,-0.992,1.32,1.82,1.71,1.27,0.009869999999999999,0.01122,15.4,16.5,8.2,4.4,64.62,57.31,8.1,9.42,0.05,0.0,1.342857142857143,0.008704285714285715,68.09714285714286,1.5571428571428572,0.1,2017-07-09,1.62
-0.1436,-0.9896,1.56,1.32,1.82,0.79,0.01143,0.012230000000000001,15.9,17.6,9.2,6.9,67.79,62.19,10.64,11.87,0.03,0.02,1.4614285714285715,0.00983,65.08857142857143,1.4000000000000001,0.0,2017-07-10,1.66
-0.1606,-0.987,1.62,1.56,1.32,1.1,0.011869999999999999,0.009869999999999999,16.7,15.4,8.6,8.2,61.14,64.62,12.01,8.1,0.0,0.05,1.5414285714285716,0.010595714285714286,60.31428571428571,0.14285714285714285,0.0,2017-07-11,1.21
-0.1775,-0.9841,1.66,1.62,1.56,1.1,0.01214,0.01143,16.4,15.9,8.5,9.2,49.25,67.79,12.84,10.64,0.0,0.03,1.5571428571428572,0.010917142857142858,63.08714285714286,0.014285714285714287,0.0,2017-07-12,0.89
-0.1944,-0.9809,1.21,1.66,1.62,1.71,0.00766,0.011869999999999999,14.9,16.7,8.8,8.6,79.31,61.14,6.78,12.01,0.84,0.0,1.44,0.01012,67.74,0.5999999999999999,0.0,2017-07-13,1.3
-0.2113,-0.9774,0.89,1.21,1.66,1.82,0.00564,0.01214,14.3,16.4,9.4,8.5,89.88,49.25,7.99,12.84,3.72,0.0,1.3657142857142859,0.00971,70.16,0.5999999999999999,4.1,2017-07-14,1.7
-0.2281,-0.9736,1.3,0.89,1.21,1.32,0.00936,0.00766,13.5,14.9,7.6,8.8,79.13,79.31,9.73,6.78,1.78,0.84,1.42,0.009989999999999999,72.95285714285714,2.742857142857143,0.0,2017-07-15,1.94
-0.2448,-0.9696,1.7,1.3,0.89,1.56,0.01183,0.00564,12.4,14.3,4.4,9.4,84.17,89.88,10.76,7.99,13.35,3.72,1.4742857142857144,0.010212857142857143,73.04142857142857,2.742857142857143,15.1,2017-07-16,2.03
-0.2614,-0.9652,1.94,1.7,1.3,1.62,0.01299,0.00936,13.8,13.5,2.0,7.6,68.41,79.13,13.0,9.73,0.06,1.78,1.532857142857143,0.010452857142857142,70.93285714285715,2.742857142857143,0.0,2017-07-17,1.91
-0.278,-0.9606,2.03,1.94,1.7,1.66,0.013550000000000001,0.01183,14.7,12.4,0.9,4.4,46.38,84.17,13.58,10.76,0.0,13.35,1.5685714285714287,0.010612857142857143,70.65714285714286,2.742857142857143,0.0,2017-07-18,1.88
-0.2945,-0.9557,1.91,2.03,1.94,1.21,0.01326,0.01299,14.8,13.8,6.2,2.0,47.32,68.41,13.41,13.0,0.0,0.06,1.6642857142857144,0.011375714285714286,66.38142857142857,2.742857142857143,0.0,2017-07-19,2.16
-0.3109,-0.9505,1.88,1.91,2.03,0.89,0.013,0.013550000000000001,16.9,14.7,6.0,0.9,49.38,46.38,13.4,13.58,0.0,0.0,1.8457142857142856,0.012451428571428572,60.32285714285714,2.157142857142857,0.0,2017-07-20,1.48
-0.3272,-0.945,2.16,1.88,1.91,1.3,0.01317,0.01326,20.5,14.8,7.8,6.2,47.47,47.32,12.68,13.41,0.0,0.0,1.8714285714285714,0.012731428571428572,57.10285714285715,2.157142857142857,0.0,2017-07-21,1.05
-0.3434,-0.9392,1.48,2.16,1.88,1.7,0.01132,0.013,13.9,16.9,6.3,6.0,56.59,49.38,7.48,13.4,0.01,0.0,1.7785714285714285,0.011898571428571428,56.20285714285715,0.09999999999999999,0.0,2017-07-22,1.44
-0.3595,-0.9332,1.05,1.48,2.16,1.94,0.006,0.01317,14.8,20.5,9.1,7.8,77.87,47.47,4.33,12.68,0.07,0.0,1.707142857142857,0.011422857142857143,59.15,0.19999999999999998,0.7,2017-07-23,1.32
-0.3755,-0.9268,1.44,1.05,1.48,2.03,0.00966,0.01132,15.5,13.9,7.5,6.3,89.04,56.59,6.95,7.48,0.11,0.01,1.6057142857142856,0.010897142857142857,64.19285714285715,0.19999999999999998,0.7,2017-07-24,1.23
-0.3914,-0.9202,1.32,1.44,1.05,1.91,0.009869999999999999,0.006,15.1,14.8,8.6,9.1,81.68,77.87,13.61,4.33,0.0,0.07,1.5085714285714287,0.010362857142857142,67.12857142857143,0.19999999999999998,0.0,2017-07-25,1.86
-0.4071,-0.9134,1.23,1.32,1.44,1.88,0.009519999999999999,0.00966,12.9,15.5,7.1,7.5,67.87,89.04,11.69,6.95,0.0,0.11,1.5057142857142858,0.010468571428571428,68.17857142857143,0.19999999999999998,0.0,2017-07-26,1.3
-0.4228,-0.9062,1.86,1.23,1.32,2.16,0.01374,0.009869999999999999,16.1,15.1,6.3,8.6,56.73,81.68,14.31,13.61,0.0,0.0,1.3828571428571428,0.009992857142857142,70.72857142857143,0.19999999999999998,0.0,2017-07-27,1.61
-0.4383,-0.8988,1.3,1.86,1.23,1.48,0.00984,0.009519999999999999,12.8,12.9,6.9,7.1,65.32,67.87,11.45,11.69,0.0,0.0,1.4014285714285715,0.010111428571428572,72.96571428571428,0.19999999999999998,0.0,2017-07-28,1.29
-0.4537,-0.8912,1.61,1.3,1.86,1.05,0.012150000000000001,0.01374,13.9,16.1,5.0,6.3,72.25,56.73,11.91,14.31,0.0,0.0,1.4357142857142857,0.010611428571428572,72.00285714285714,0.09999999999999999,0.0,2017-07-29,1.75
-0.469,-0.8832,1.29,1.61,1.3,1.44,0.0095,0.00984,13.2,12.8,7.6,6.9,71.13,65.32,11.74,11.45,0.0,0.0,1.48,0.01115857142857143,68.56428571428572,0.0,0.0,2017-07-30,1.76
-0.4841,-0.875,1.75,1.29,1.61,1.32,0.01349,0.012150000000000001,13.9,13.9,6.5,5.0,64.97,72.25,14.53,11.91,0.0,0.0,1.542857142857143,0.01169,66.00142857142858,0.0,0.0,2017-07-31,0.95
-0.4991,-0.8666,1.76,1.75,1.29,1.23,0.01359,0.0095,14.2,13.2,6.7,7.6,63.74,71.13,13.23,11.74,0.0,0.0,1.502857142857143,0.011112857142857143,69.0142857142857,0.24285714285714285,0.0,2017-08-01,1.97
-0.5139,-0.8578,0.95,1.76,1.75,1.86,0.0054800000000000005,0.01349,13.0,13.9,6.7,6.5,88.96,64.97,7.78,14.53,0.0,0.0,1.5185714285714287,0.01125142857142857,70.38428571428571,0.24285714285714285,1.7,2017-08-02,1.63
-0.5286,-0.8489,1.97,0.95,1.76,1.3,0.01471,0.01359,15.1,14.2,4.5,6.7,66.32,63.74,15.23,13.23,0.0,0.0,1.5657142857142858,0.011517142857142856,69.38142857142857,0.24285714285714285,0.0,2017-08-03,1.09
-0.5431,-0.8397,1.63,1.97,0.95,1.61,0.011699999999999999,0.0054800000000000005,13.6,13.0,8.3,6.7,58.3,88.96,11.07,7.78,0.0,0.0,1.4914285714285713,0.010877142857142858,68.97571428571429,0.24285714285714285,0.0,2017-08-04,1.36
-0.5575,-0.8302,1.09,1.63,1.97,1.29,0.00767,0.01471,13.1,15.1,8.0,4.5,69.41,66.32,7.33,15.23,0.01,0.0,1.5014285714285713,0.010912857142857143,70.11,0.2714285714285714,0.0,2017-08-05,1.69
-0.5717,-0.8205,1.36,1.09,1.63,1.75,0.00975,0.011699999999999999,13.0,13.6,8.1,8.3,79.07,58.3,11.32,11.07,0.01,0.0,1.4928571428571427,0.010712857142857144,71.03714285714285,0.2714285714285714,0.2,2017-08-06,1.38
-0.5857,-0.8105,1.69,1.36,1.09,1.76,0.01209,0.00767,15.5,13.1,7.2,8.0,71.46,69.41,11.15,7.33,0.0,0.01,1.4385714285714286,0.01008857142857143,73.07714285714285,0.2714285714285714,0.0,2017-08-07,2.27
-0.5996,-0.8003,1.38,1.69,1.36,0.95,0.00922,0.00975,15.0,13.0,9.3,8.1,78.02,79.07,12.12,11.32,0.0,0.01,1.6271428571428572,0.01144,68.92571428571428,0.028571428571428574,0.0,2017-08-08,1.67
-0.6132,-0.7899,2.27,1.38,1.69,1.97,0.01494,0.01209,18.2,15.5,6.6,7.2,59.9,71.46,14.39,11.15,0.0,0.0,1.5842857142857143,0.010615714285714286,70.46,0.22857142857142856,0.0,2017-08-09,0.91
-0.6267,-0.7792,1.67,2.27,1.38,1.63,0.00894,0.00922,16.6,15.0,8.4,9.3,77.06,78.02,8.84,12.12,15.06,0.0,1.4814285714285713,0.009515714285714285,75.16285714285713,5.457142857142857,1.4,2017-08-10,0.71
-0.64,-0.7683,0.91,1.67,2.27,1.09,0.004,0.01494,14.1,18.2,9.9,6.6,91.22,59.9,6.0,14.39,26.61,0.0,1.4271428571428573,0.008901428571428572,77.78999999999999,6.885714285714286,36.6,2017-08-11,2.13
-0.6532,-0.7572,0.71,0.91,1.67,1.36,0.00337,0.00894,11.6,16.6,7.3,8.4,87.8,77.06,5.82,8.84,8.73,15.06,1.5371428571428571,0.009692857142857144,77.32428571428571,6.857142857142857,10.0,2017-08-12,1.02
-0.6661,-0.7459,2.13,0.71,0.91,1.69,0.01529,0.004,14.2,14.1,5.6,9.9,75.81,91.22,15.41,6.0,0.11,26.61,1.4414285714285715,0.008745714285714285,75.59285714285714,6.857142857142857,0.0,2017-08-13,2.38
-0.6788,-0.7343,1.02,2.13,0.71,1.38,0.00546,0.00337,12.8,11.6,4.9,7.3,59.34,87.8,9.0,5.82,0.17,8.73,1.5842857142857143,0.009782857142857143,72.79142857142857,6.857142857142857,0.0,2017-08-14,1.45
-0.6914,-0.7225,2.38,1.02,2.13,2.27,0.01648,0.01529,16.1,14.2,4.7,5.6,58.41,75.81,16.65,15.41,0.0,0.11,1.467142857142857,0.009195714285714284,71.90285714285714,6.857142857142857,0.0,2017-08-15,2.13
-0.7037,-0.7105,1.45,2.38,1.02,1.67,0.01083,0.00546,15.0,12.8,8.2,4.9,53.68,59.34,13.1,9.0,0.0,0.17,1.532857142857143,0.010172857142857141,69.00857142857143,6.6571428571428575,0.0,2017-08-16,1.99
-0.7158,-0.6983,2.13,1.45,2.38,0.91,0.01578,0.01648,15.9,16.1,7.1,4.7,56.8,58.41,17.13,16.65,0.0,0.0,1.687142857142857,0.01171,64.65142857142857,1.4285714285714286,0.0,2017-08-17,1.52
-0.7277,-0.6859,1.99,2.13,1.45,0.71,0.01476,0.01083,15.8,15.0,7.9,8.2,60.72,53.68,16.11,13.1,0.01,0.0,1.8028571428571427,0.012731428571428572,63.01142857142857,0.6,0.0,2017-08-18,2.22
-0.7394,-0.6733,1.52,1.99,2.13,2.13,0.01052,0.01578,14.0,15.9,9.1,7.1,76.32,56.8,8.82,17.13,7.54,0.0,1.8157142857142858,0.01281857142857143,62.93285714285714,0.9000000000000001,4.2,2017-08-19,2.42
-0.7509,-0.6605,2.22,1.52,1.99,1.02,0.0159,0.01476,16.1,15.8,8.0,7.9,75.26,60.72,13.62,16.11,1.49,0.01,2.0157142857142856,0.014515714285714286,61.25714285714286,0.9000000000000001,2.1,2017-08-20,2.48
-0.7621,-0.6474,2.42,2.22,1.52,2.38,0.01734,0.01052,16.4,14.0,6.7,9.1,47.61,76.32,17.5,8.82,0.0,7.54,2.0300000000000002,0.014625714285714285,60.15714285714286,0.9000000000000001,0.0,2017-08-21,1.58
-0.7731,-0.6342,2.48,2.42,2.22,1.45,0.01725,0.0159,17.6,16.1,8.6,8.0,50.71,75.26,17.11,13.62,0.0,1.49,2.0485714285714285,0.01464,63.167142857142856,0.9142857142857144,0.0,2017-08-22,2.17
-0.7839,-0.6208,1.58,2.48,2.42,2.13,0.01093,0.01734,14.4,16.4,8.2,6.7,74.75,47.61,8.24,17.5,3.26,0.0,2.0542857142857143,0.014538571428571428,66.34714285714286,0.9142857142857144,0.1,2017-08-23,1.98
-0.7945,-0.6073,2.17,1.58,2.48,1.99,0.01507,0.01725,16.5,17.6,8.0,8.6,79.06,50.71,12.83,17.11,7.03,0.0,2.052857142857143,0.014362857142857144,68.56714285714285,0.9571428571428572,0.0,2017-08-24,2.5
-0.8048,-0.5935,1.98,2.17,1.58,1.52,0.013529999999999999,0.01093,14.4,14.4,9.6,8.2,76.26,74.75,15.3,8.24,0.11,3.26,2.1928571428571426,0.015345714285714285,68.33571428571429,0.35714285714285715,0.3,2017-08-25,2.01
-0.8149,-0.5796,2.5,1.98,2.17,2.22,0.0174,0.01507,16.0,16.5,6.7,8.0,74.7,79.06,17.38,12.83,0.0,7.03,2.162857142857143,0.01509857142857143,68.1557142857143,0.05714285714285715,0.0,2017-08-26,2.28
-0.8248,-0.5655,2.01,2.5,1.98,2.42,0.01417,0.013529999999999999,15.3,14.4,6.4,9.6,74.0,76.26,12.77,15.3,0.01,0.11,2.142857142857143,0.014857142857142857,73.15142857142858,0.05714285714285715,0.0,2017-08-27,1.9
-0.8344,-0.5512,2.28,2.01,2.5,2.48,0.01565,0.0174,15.2,16.0,8.0,6.7,82.58,74.7,16.94,17.38,0.01,0.0,2.06,0.014174285714285714,77.98285714285714,0.32857142857142857,0.0,2017-08-28,2.64
-0.8437,-0.5368,1.9,2.28,2.01,1.58,0.01247,0.01417,15.2,15.3,6.5,6.4,84.53,74.0,10.37,12.77,3.83,0.01,2.2114285714285713,0.0153,76.33142857142857,0.3142857142857142,1.9,2017-08-29,2.58
-0.8528,-0.5222,2.64,1.9,2.28,2.17,0.01881,0.01565,16.4,15.2,6.6,8.0,63.19,82.58,19.52,16.94,0.79,0.01,2.27,0.015872857142857143,72.57857142857144,0.3142857142857142,0.0,2017-08-30,2.05
-0.8617,-0.5074,2.58,2.64,1.9,1.98,0.01908,0.01247,15.3,15.2,7.6,6.5,52.79,84.53,19.93,10.37,0.0,3.83,2.28,0.016178571428571428,69.67,0.2714285714285714,0.0,2017-08-31,2.26
-0.8703,-0.4925,2.05,2.58,2.64,2.5,0.01567,0.01881,14.0,16.4,6.9,6.6,55.9,63.19,16.95,19.52,0.0,0.79,2.2457142857142856,0.01587142857142857,69.08714285714287,0.3142857142857142,0.0,2017-09-01,2.34
-0.8786,-0.4775,2.26,2.05,2.58,2.01,0.01525,0.01908,17.6,15.3,7.7,7.6,70.62,52.79,14.22,19.93,0.69,0.0,2.292857142857143,0.016181428571428572,69.56857142857143,0.3142857142857142,0.3,2017-09-02,2.26
-0.8867,-0.4623,2.34,2.26,2.05,2.28,0.01634,0.01567,16.3,14.0,6.3,6.9,77.37,55.9,16.35,16.95,0.04,0.0,2.29,0.016132857142857143,69.61857142857143,0.3142857142857142,0.0,2017-09-03,2.85
-0.8945,-0.447,2.26,2.34,2.26,1.9,0.01531,0.01525,14.9,17.6,9.8,7.7,82.93,70.62,15.41,14.22,0.0,0.69,2.4257142857142857,0.017214285714285713,65.63571428571429,0.04285714285714286,0.0,2017-09-04,2.43
-0.9021,-0.4315,2.85,2.26,2.34,2.64,0.02004,0.01634,16.9,16.3,5.0,6.3,56.65,77.37,20.82,16.35,0.0,0.04,2.3957142857142855,0.016951428571428572,64.47285714285714,0.04285714285714286,0.0,2017-09-05,2.59
-0.9094,-0.4159,2.43,2.85,2.26,2.58,0.01697,0.01531,15.8,14.9,8.3,9.8,55.05,82.93,16.04,15.41,0.0,0.0,2.3971428571428572,0.01692142857142857,65.80857142857143,0.04285714285714286,0.0,2017-09-06,2.32
-0.9164,-0.4002,2.59,2.43,2.85,2.05,0.01887,0.02004,15.4,16.9,5.6,5.0,62.14,56.65,19.71,20.82,0.0,0.0,2.435714285714286,0.01698857142857143,68.38571428571429,0.04285714285714286,0.0,2017-09-07,1.53
-0.9232,-0.3844,2.32,2.59,2.43,2.26,0.01614,0.01697,15.7,15.8,9.1,8.3,73.94,55.05,16.23,16.04,0.02,0.0,2.3314285714285714,0.016112857142857144,70.19571428571429,0.0,0.0,2017-09-08,1.79
-0.9296,-0.3685,1.53,2.32,2.59,2.34,0.00912,0.01887,13.2,15.4,9.3,5.6,83.29,62.14,10.79,19.71,0.06,0.0,2.2528571428571427,0.015422857142857143,71.61857142857143,0.0,0.0,2017-09-09,1.99
-0.9358,-0.3524,1.79,1.53,2.32,2.26,0.01151,0.01614,14.3,15.7,9.1,9.1,87.33,73.94,9.33,16.23,1.76,0.02,2.2142857142857144,0.015072857142857141,71.67857142857143,0.2857142857142857,0.0,2017-09-10,2.76
-0.9418,-0.3363,1.99,1.79,1.53,2.85,0.01286,0.00912,14.1,13.2,9.0,9.3,83.35,83.29,15.81,10.79,1.78,0.06,2.2014285714285715,0.015102857142857144,73.39,0.2857142857142857,2.0,2017-09-11,2.43
-0.9474,-0.32,2.76,1.99,1.79,2.43,0.02025,0.01151,14.8,14.3,4.7,9.1,68.63,87.33,19.65,9.33,0.0,1.76,2.2014285714285715,0.015091428571428573,77.61428571428571,0.2857142857142857,0.0,2017-09-12,2.6
-0.9528,-0.3037,2.43,2.76,1.99,2.59,0.016890000000000002,0.01286,15.7,14.1,8.2,9.0,84.62,83.35,15.77,15.81,0.01,1.78,2.202857142857143,0.014934285714285716,80.68142857142857,0.39999999999999997,0.0,2017-09-13,2.45
-0.9579,-0.2873,2.6,2.43,2.76,2.32,0.01777,0.02025,16.1,14.8,9.1,4.7,83.61,68.63,18.41,19.65,0.05,0.0,2.2214285714285715,0.01512,79.45142857142856,0.39999999999999997,0.8,2017-09-14,3.12
-0.9627,-0.2707,2.45,2.6,2.43,1.53,0.01744,0.016890000000000002,16.3,15.7,8.5,8.2,65.33,84.62,20.56,15.77,0.0,0.01,2.448571428571429,0.016864285714285714,74.72857142857143,0.39999999999999997,0.0,2017-09-15,3.56
-0.9672,-0.2541,3.12,2.45,2.6,1.79,0.02133,0.01777,18.9,16.1,7.0,9.1,50.23,83.61,22.79,18.41,0.01,0.05,2.7014285714285715,0.018445714285714288,68.61,0.39999999999999997,0.0,2017-09-16,2.41
-0.9714,-0.2375,3.56,3.12,2.45,1.99,0.02258,0.01744,21.4,16.3,9.2,8.5,44.5,65.33,22.88,20.56,0.0,0.0,2.7614285714285716,0.019044285714285715,64.17999999999999,0.15714285714285717,0.0,2017-09-17,1.56
-0.9753,-0.2207,2.41,3.56,3.12,2.76,0.01705,0.02133,16.8,18.9,8.2,7.0,52.34,50.23,10.89,22.79,0.0,0.01,2.5900000000000003,0.017597142857142856,63.794285714285714,0.2285714285714286,0.3,2017-09-18,2.93
-0.979,-0.2039,1.56,2.41,3.56,2.43,0.010119999999999999,0.02258,14.9,21.4,9.2,9.2,65.93,44.5,8.63,22.88,0.12,0.0,2.661428571428572,0.017905714285714285,64.37285714285714,0.2571428571428572,0.5,2017-09-19,3.05
-0.9824,-0.187,2.93,1.56,2.41,2.6,0.01905,0.01705,17.0,16.8,11.0,8.2,88.67,52.34,14.28,10.89,0.19,0.0,2.725714285714286,0.01842285714285714,63.278571428571425,0.14285714285714285,0.2,2017-09-20,3.14
-0.9854,-0.1701,3.05,2.93,1.56,2.45,0.02139,0.010119999999999999,17.7,14.9,10.3,9.2,75.95,65.93,22.41,8.63,0.0,0.12,2.8242857142857143,0.01907,63.097142857142856,0.14285714285714285,0.0,2017-09-21,3.11
-0.9882,-0.1531,3.14,3.05,2.93,3.12,0.02197,0.01905,18.5,17.0,8.3,11.0,64.06,88.67,23.17,14.28,0.0,0.19,2.822857142857143,0.01907,63.46142857142858,0.14285714285714285,0.0,2017-09-22,2.91
-0.9907,-0.1361,3.11,3.14,3.05,3.56,0.02133,0.02139,19.2,17.7,8.9,10.3,52.78,75.95,22.84,22.41,0.0,0.0,2.73,0.018748571428571427,65.37,0.14285714285714285,0.0,2017-09-23,2.28
-0.9929,-0.1191,2.91,3.11,3.14,2.41,0.020329999999999997,0.02197,17.2,18.5,9.4,8.3,57.86,64.06,16.83,23.17,0.0,0.0,2.7114285714285713,0.01853285714285714,67.71285714285715,0.09999999999999999,0.0,2017-09-24,3.07
-0.9948,-0.102,2.28,2.91,3.11,1.56,0.01554,0.02133,16.9,19.2,9.6,8.9,68.74,52.78,16.53,22.84,0.0,0.0,2.927142857142857,0.02009714285714286,67.19142857142857,0.028571428571428574,0.0,2017-09-25,2.93
-0.9964,-0.0848,3.07,2.28,2.91,2.93,0.021070000000000002,0.020329999999999997,18.4,17.2,9.7,9.4,62.28,57.86,22.88,16.83,0.0,0.0,2.927142857142857,0.02020571428571428,63.08857142857143,0.0,0.0,2017-09-26,2.94
-0.9977,-0.0677,2.93,3.07,2.28,3.05,0.019809999999999998,0.01554,17.4,16.9,8.9,9.6,59.95,68.74,20.34,16.53,0.0,0.0,2.9114285714285715,0.01993285714285714,61.11857142857143,0.0,0.0,2017-09-27,1.96
-0.9987,-0.0505,2.94,2.93,3.07,3.14,0.01948,0.021070000000000002,17.8,18.4,9.3,9.7,62.16,62.28,17.5,22.88,0.0,0.0,2.742857142857143,0.018651428571428572,62.107142857142854,0.0,0.0,2017-09-28,2.73
-0.9994,-0.0333,1.96,2.94,2.93,3.11,0.013,0.019809999999999998,18.0,17.4,9.8,8.9,70.98,59.95,12.11,20.34,0.01,0.0,2.6885714285714286,0.01826857142857143,63.708571428571425,0.21428571428571427,0.0,2017-09-29,1.13
-0.9999,-0.0161,2.73,1.96,2.94,2.91,0.01865,0.01948,17.5,17.8,9.2,9.3,63.99,62.16,18.65,17.5,0.0,0.0,2.434285714285714,0.01625,67.16,1.1285714285714286,1.5,2017-09-30,2.52
-1.0,0.0011,1.13,2.73,1.96,2.28,0.0062,0.013,15.6,18.0,9.6,9.8,82.02,70.98,8.63,12.11,8.3,0.01,2.468571428571429,0.01640857142857143,67.4,1.1285714285714286,6.4,2017-10-01,3.27
-0.9998,0.0183,2.52,1.13,2.73,3.07,0.016649999999999998,0.01865,17.5,17.5,9.6,9.2,70.42,63.99,22.26,18.65,0.01,0.0,2.4971428571428573,0.016648571428571426,66.35714285714286,1.1285714285714286,0.0,2017-10-02,3.34
-0.9994,0.0355,3.27,2.52,1.13,2.93,0.02275,0.0062,17.0,15.6,8.2,9.6,54.98,82.02,22.74,8.63,0.0,8.3,2.5557142857142856,0.017004285714285715,65.55428571428571,1.1285714285714286,0.0,2017-10-03,2.71
-0.9986,0.0527,3.34,3.27,2.52,2.94,0.0223,0.016649999999999998,19.1,17.5,7.7,9.6,54.33,70.42,22.43,22.26,0.0,0.01,2.5228571428571427,0.016687142857142855,67.87714285714286,1.8000000000000003,0.0,2017-10-04,3.31
-0.9976,0.0698,2.71,3.34,3.27,1.96,0.01726,0.02275,16.8,17.0,9.8,8.2,78.42,54.98,17.14,22.74,19.87,0.0,2.7157142857142853,0.017898571428571427,69.09285714285714,4.728571428571429,4.7,2017-10-05,3.76
-0.9962,0.087,3.31,2.71,3.34,2.73,0.02148,0.0223,18.2,19.1,9.9,7.7,79.49,54.33,20.59,22.43,6.56,0.0,2.8628571428571425,0.018864285714285715,67.1842857142857,4.514285714285714,20.5,2017-10-06,1.78
-0.9946,0.1041,3.76,3.31,2.71,1.13,0.02541,0.01726,18.9,16.8,8.0,9.8,50.63,78.42,26.48,17.14,0.01,19.87,2.955714285714286,0.019548571428571426,66.18857142857142,3.6285714285714286,0.0,2017-10-07,3.24
-0.9926,0.1212,1.78,3.76,3.31,2.52,0.01099,0.02148,15.5,18.2,10.0,9.9,75.05,79.49,10.21,20.59,0.66,6.56,3.0585714285714287,0.020468571428571426,66.45,3.6285714285714286,0.2,2017-10-08,2.98
-0.9904,0.1383,3.24,1.78,3.76,3.27,0.02309,0.02541,16.6,18.9,9.5,8.0,72.25,50.63,25.94,26.48,0.03,0.01,3.0171428571428573,0.02025142857142857,68.10428571428572,3.6285714285714286,0.0,2017-10-09,3.24
-0.9879,0.1553,2.98,3.24,1.78,3.34,0.02123,0.01099,17.6,15.5,9.0,10.0,66.56,75.05,26.07,10.21,0.02,0.66,3.0028571428571427,0.020331428571428573,70.21428571428571,3.6285714285714286,0.0,2017-10-10,2.79
-0.9851,0.1722,3.24,2.98,3.24,2.71,0.02286,0.02309,15.6,16.6,8.8,9.5,69.1,72.25,21.13,25.94,0.01,0.03,3.0142857142857147,0.02056,70.16571428571429,2.957142857142857,0.0,2017-10-11,3.44
-0.9819,0.1892,2.79,3.24,2.98,3.31,0.01886,0.02123,14.6,17.6,7.0,9.0,78.08,66.56,17.97,26.07,0.07,0.02,3.032857142857143,0.021022857142857142,68.69571428571429,0.028571428571428574,0.0,2017-10-12,3.93
-0.9785,0.206,3.44,2.79,3.24,3.76,0.02472,0.02286,15.3,15.6,8.8,8.8,69.2,69.1,25.09,21.13,0.06,0.01,3.0571428571428574,0.02121,70.14714285714285,0.028571428571428574,0.0,2017-10-13,3.93
-0.9749,0.2228,3.93,3.44,2.79,1.78,0.026719999999999997,0.01886,18.7,14.6,8.0,7.0,60.79,78.08,23.03,17.97,0.0,0.07,3.3642857142857143,0.023407142857142856,67.42142857142856,0.0,0.0,2017-10-14,3.39
-0.9709,0.2396,3.93,3.93,3.44,3.24,0.02637,0.02472,19.8,15.3,9.2,8.8,55.97,69.2,21.56,25.09,0.01,0.06,3.3857142857142857,0.02339428571428571,65.08428571428571,0.0,0.0,2017-10-15,1.98
-0.9666,0.2562,3.39,3.93,3.93,2.98,0.023,0.026719999999999997,19.2,18.7,10.3,8.0,55.89,60.79,20.78,23.03,0.02,0.0,3.242857142857143,0.022125714285714283,65.58428571428571,0.0,0.0,2017-10-16,3.63
-0.9621,0.2728,1.98,3.39,3.93,3.24,0.01235,0.02637,15.8,19.8,9.9,9.2,70.06,55.97,14.37,21.56,0.07,0.01,3.2985714285714285,0.022464285714285714,64.88857142857144,0.0,0.0,2017-10-17,3.47
-0.9572,0.2893,3.63,1.98,3.39,2.79,0.02523,0.023,18.1,19.2,8.9,10.3,64.23,55.89,24.28,20.78,0.0,0.02,3.3957142857142855,0.02307,63.50428571428572,0.0,0.0,2017-10-18,4.1
-0.9521,0.3057,3.47,3.63,1.98,3.44,0.023100000000000002,0.01235,18.9,15.8,10.2,9.9,68.39,70.06,24.03,14.37,0.0,0.07,3.4899999999999998,0.023375714285714284,61.03000000000001,0.0,0.0,2017-10-19,2.79
-0.9467,0.3221,4.1,3.47,3.63,3.93,0.02686,0.02523,19.7,18.1,10.5,8.9,51.88,64.23,28.79,24.28,0.0,0.0,3.327142857142857,0.022189999999999998,60.771428571428565,0.0,0.0,2017-10-20,4.35
-0.941,0.3383,2.79,4.1,3.47,3.93,0.018420000000000002,0.023100000000000002,17.3,18.9,9.8,10.2,58.98,68.39,18.8,24.03,0.0,0.0,3.3871428571428575,0.022452857142857142,59.955714285714286,0.0,0.0,2017-10-21,4.28
-0.9351,0.3545,4.35,2.79,4.1,3.39,0.028210000000000002,0.02686,19.9,19.7,8.2,10.5,50.26,51.88,29.6,28.79,0.0,0.0,3.5142857142857147,0.022978571428571428,59.76571428571429,0.0,0.0,2017-10-22,4.27
-0.9288,0.3705,4.28,4.35,2.79,1.98,0.02668,0.018420000000000002,21.0,17.3,11.3,9.8,54.56,58.98,25.02,18.8,0.0,0.0,3.8414285714285716,0.025161428571428574,58.215714285714284,0.0,0.0,2017-10-23,3.93
-0.9223,0.3864,4.27,4.28,4.35,3.63,0.02763,0.028210000000000002,19.4,19.9,10.1,8.2,59.21,50.26,27.1,29.6,0.0,0.0,3.884285714285714,0.025357142857142856,58.50857142857143,0.0,0.0,2017-10-24,3.73
-0.9155,0.4022,3.93,4.27,4.28,3.47,0.026600000000000002,0.02668,18.4,21.0,9.3,11.3,66.28,54.56,22.31,25.02,0.0,0.0,3.9214285714285713,0.02571714285714286,58.455714285714286,0.0,0.0,2017-10-25,2.91
-0.9085,0.4179,3.73,3.93,4.27,4.1,0.02562,0.02763,17.6,19.4,9.9,10.1,68.02,59.21,21.1,27.1,0.0,0.0,3.7514285714285713,0.024665714285714287,61.31285714285714,0.014285714285714287,0.0,2017-10-26,3.62
-0.9012,0.4335,2.91,3.73,3.93,2.79,0.0195,0.026600000000000002,18.3,18.4,10.8,9.3,71.88,66.28,15.83,22.31,0.0,0.0,3.87,0.025627142857142855,61.74,0.014285714285714287,0.1,2017-10-27,3.33
-0.8936,0.4489,3.62,2.91,3.73,4.35,0.02515,0.02562,17.6,17.6,8.5,9.9,61.97,68.02,21.71,21.1,0.0,0.0,3.724285714285714,0.02461714285714286,65.49857142857142,0.05714285714285715,0.0,2017-10-28,3.32
-0.8857,0.4642,3.33,3.62,2.91,4.28,0.02114,0.0195,18.2,18.3,11.6,10.8,76.57,71.88,18.3,15.83,0.01,0.0,3.587142857142857,0.023847142857142855,67.59285714285714,0.07142857142857142,0.3,2017-10-29,4.36
-0.8776,0.4794,3.32,3.33,3.62,4.27,0.02129,0.02515,16.4,17.6,10.7,8.5,69.22,61.97,25.53,21.71,0.0,0.0,3.6,0.02409,67.5142857142857,0.07142857142857142,0.1,2017-10-30,4.09
-0.8692,0.4944,4.36,3.32,3.33,3.93,0.02933,0.02114,17.9,18.2,5.9,11.6,58.66,76.57,30.35,18.3,0.0,0.01,3.6228571428571428,0.024187142857142855,66.19714285714285,0.07142857142857142,0.0,2017-10-31,3.36
-0.8606,0.5093,4.09,4.36,3.32,3.73,0.027280000000000002,0.02129,17.2,16.4,7.5,10.7,57.06,69.22,27.7,25.53,0.0,0.0,3.5700000000000003,0.023321428571428573,65.64571428571428,0.07142857142857142,0.0,2017-11-01,3.42
-0.8517,0.524,3.36,4.09,4.36,2.91,0.019559999999999998,0.02933,20.3,17.9,7.2,5.9,64.16,58.66,17.29,30.35,0.55,0.0,3.642857142857143,0.023578571428571428,65.91,0.3857142857142857,0.0,2017-11-02,2.68
-0.8426,0.5386,3.42,3.36,4.09,3.62,0.0213,0.027280000000000002,18.1,17.2,11.8,7.5,73.73,57.06,18.21,27.7,0.38,0.0,3.5085714285714285,0.022299999999999997,66.33714285714287,0.3857142857142857,2.3,2017-11-03,2.6
-0.8332,0.553,2.68,3.42,3.36,3.33,0.0162,0.019559999999999998,17.4,20.3,10.2,7.2,64.96,64.16,20.37,17.29,0.0,0.55,3.404285714285714,0.021271428571428573,63.910000000000004,0.34285714285714286,0.0,2017-11-04,4.96
-0.8235,0.5672,2.6,2.68,3.42,3.32,0.01394,0.0213,17.8,18.1,10.0,11.8,59.58,73.73,15.47,18.21,0.0,0.38,3.6385714285714283,0.022398571428571427,62.535714285714285,0.32857142857142857,0.0,2017-11-05,2.28
-0.8137,0.5813,4.96,2.6,2.68,4.36,0.02918,0.0162,21.3,17.4,9.7,10.2,59.6,64.96,27.59,20.37,0.01,0.0,3.3414285714285716,0.020212857142857144,65.34714285714286,0.32857142857142857,0.0,2017-11-06,3.2
-0.8035,0.5952,2.28,4.96,2.6,4.09,0.014029999999999999,0.01394,18.5,17.8,12.7,10.0,78.34,59.58,14.15,15.47,0.32,0.0,3.2142857142857144,0.019175714285714286,68.5957142857143,0.32857142857142857,0.0,2017-11-07,4.38
-0.7932,0.609,3.2,2.28,4.96,3.36,0.02002,0.02918,20.1,21.3,13.2,9.7,79.8,59.6,21.59,27.59,0.03,0.01,3.36,0.020267142857142855,68.96428571428571,0.32857142857142857,0.0,2017-11-08,4.91
-0.7826,0.6225,4.38,3.2,2.28,3.42,0.0272,0.014029999999999999,22.0,18.5,13.4,12.7,66.74,78.34,19.85,14.15,0.01,0.32,3.572857142857143,0.02132,67.28285714285714,0.0,0.0,2017-11-09,5.25
-0.7718,0.6359,4.91,4.38,3.2,2.68,0.02867,0.02002,23.1,20.1,12.7,13.2,61.96,79.8,29.13,21.59,0.0,0.03,3.94,0.023375714285714284,65.11,0.0,0.0,2017-11-10,4.98
-0.7607,0.6491,5.25,4.91,4.38,2.6,0.03059,0.0272,24.3,22.0,12.9,13.4,49.75,66.74,31.68,19.85,0.0,0.01,4.28,0.02575,64.23285714285714,0.0,0.0,2017-11-11,4.81
-0.7494,0.6621,4.98,5.25,4.91,4.96,0.03056,0.02867,22.1,23.1,12.2,12.7,53.44,61.96,28.73,29.13,0.01,0.0,4.258571428571428,0.025862857142857142,64.65714285714286,0.0,0.0,2017-11-12,4.32
-0.7379,0.6749,4.81,4.98,5.25,2.28,0.02997,0.03059,21.7,24.3,12.1,12.9,62.57,49.75,22.82,31.68,0.01,0.0,4.55,0.027775714285714286,63.037142857142854,0.0,0.0,2017-11-13,3.79
-0.7262,0.6875,4.32,4.81,4.98,3.2,0.027420000000000003,0.03056,20.3,22.1,12.3,12.2,67.0,53.44,21.46,28.73,0.04,0.01,4.634285714285714,0.028364285714285713,61.16714285714285,0.0,0.0,2017-11-14,4.39
-0.7143,0.6998,3.79,4.32,4.81,4.38,0.02414,0.02997,18.8,21.7,12.4,12.1,66.71,62.57,17.8,22.82,0.03,0.01,4.635714285714286,0.028482857142857143,60.815714285714286,0.0,0.0,2017-11-15,4.98
-0.7021,0.712,4.39,3.79,4.32,4.91,0.028030000000000003,0.027420000000000003,20.2,20.3,12.6,12.3,64.28,67.0,30.05,21.46,0.01,0.04,4.645714285714286,0.02884857142857143,59.355714285714285,0.0,0.0,2017-11-16,4.78
-0.6898,0.724,4.98,4.39,3.79,5.25,0.03123,0.02414,20.6,18.8,10.2,12.4,51.74,66.71,32.52,17.8,0.01,0.03,4.578571428571428,0.028887142857142858,60.85857142857143,0.0,0.0,2017-11-17,4.82
-0.6772,0.7358,4.78,4.98,4.39,4.98,0.03086,0.028030000000000003,20.7,20.2,10.7,12.6,60.27,64.28,31.09,30.05,0.05,0.01,4.555714285714286,0.02900142857142857,60.620000000000005,0.0,0.0,2017-11-18,4.94
-0.6645,0.7473,4.82,4.78,4.98,4.81,0.03136,0.03123,19.0,20.6,10.0,10.2,51.77,51.74,32.79,32.52,10.47,0.01,4.574285714285715,0.02918857142857143,59.39714285714285,0.0,0.0,2017-11-19,4.34
-0.6515,0.7586,4.94,4.82,4.78,4.32,0.03128,0.03086,20.6,20.7,10.1,10.7,54.01,60.27,30.27,31.09,0.06,0.05,4.577142857142857,0.029391428571428572,58.787142857142854,0.0,0.0,2017-11-20,5.27
-0.6384,0.7697,4.34,4.94,4.82,3.79,0.02884,0.03136,18.9,19.0,11.7,10.0,62.73,51.77,26.42,32.79,0.04,10.47,4.788571428571429,0.030497142857142858,56.14857142857143,0.0,0.0,2017-11-21,5.25
-0.625,0.7806,5.27,4.34,4.94,4.39,0.03188,0.03128,21.8,20.6,10.1,10.1,48.24,54.01,33.17,30.27,0.0,0.06,4.911428571428572,0.031064285714285714,53.800000000000004,0.0,0.0,2017-11-22,4.91
-0.6115,0.7912,5.25,5.27,4.34,4.98,0.032,0.02884,21.8,18.9,12.0,11.7,47.84,62.73,32.49,26.42,0.0,0.04,4.901428571428572,0.03111714285714286,54.41857142857143,0.0,0.0,2017-11-23,3.79
-0.5978,0.8016,4.91,5.25,5.27,4.78,0.0316,0.03188,21.0,21.8,10.9,10.1,56.07,48.24,22.35,33.17,0.0,0.0,4.76,0.03012,55.30857142857143,0.0,0.0,2017-11-24,5.12
-0.584,0.8118,3.79,4.91,5.25,4.82,0.02388,0.032,19.6,21.8,12.2,12.0,66.5,47.84,26.04,32.49,0.06,0.0,4.8028571428571425,0.030152857142857144,55.54571428571428,0.0,0.0,2017-11-25,4.53
-0.5699,0.8217,5.12,3.79,4.91,4.94,0.03159,0.0316,21.8,21.0,9.7,10.9,53.43,56.07,32.49,22.35,0.01,0.0,4.744285714285715,0.029962857142857145,56.80857142857143,0.0,0.0,2017-11-26,4.21
-0.5557,0.8314,4.53,5.12,3.79,4.34,0.02995,0.02388,19.4,19.6,11.5,12.2,62.85,66.5,18.73,26.04,0.03,0.06,4.725714285714285,0.02972,57.05428571428571,0.0,0.0,2017-11-27,3.28
-0.5413,0.8408,4.21,4.53,5.12,5.27,0.02714,0.03159,19.7,21.8,13.0,9.7,64.45,53.43,18.16,32.49,0.06,0.01,4.441428571428571,0.02809285714285714,59.815714285714286,0.0,0.0,2017-11-28,3.86
-0.5268,0.85,3.28,4.21,4.53,5.25,0.020489999999999998,0.02995,18.6,19.4,13.3,11.5,67.57,62.85,13.94,18.73,0.14,0.03,4.242857142857143,0.027052857142857146,62.28285714285715,0.0,0.0,2017-11-29,4.01
-0.5121,0.859,3.86,3.28,4.21,4.91,0.02472,0.02714,18.8,19.7,10.7,13.0,65.11,64.45,22.08,18.16,0.02,0.06,4.114285714285715,0.02621,63.00428571428571,0.0,0.0,2017-11-30,3.34
-0.4972,0.8676,4.01,3.86,3.28,3.79,0.0257,0.020489999999999998,19.7,18.6,10.0,13.3,61.12,67.57,21.98,13.94,0.0,0.14,4.05,0.025692857142857146,63.04857142857143,0.0,0.0,2017-12-01,3.25
-0.4822,0.8761,3.34,4.01,3.86,5.12,0.02026,0.02472,18.7,18.8,13.3,10.7,66.81,65.11,16.21,22.08,0.73,0.02,3.782857142857143,0.023974285714285715,65.80285714285715,0.014285714285714287,0.0,2017-12-02,4.66
-0.4671,0.8842,3.25,3.34,4.01,4.53,0.019559999999999998,0.0257,19.5,19.7,14.0,10.0,72.71,61.12,14.97,21.98,1.29,0.0,3.801428571428571,0.02387,66.62857142857142,0.014285714285714287,0.1,2017-12-03,4.34
-0.4518,0.8921,4.66,3.25,3.34,4.21,0.02922,0.02026,20.1,18.7,12.8,13.3,68.63,66.81,29.83,16.21,0.12,0.73,3.82,0.02404,66.95142857142856,0.014285714285714287,0.0,2017-12-04,4.81
-0.4364,0.8998,4.34,4.66,3.25,3.28,0.028329999999999998,0.019559999999999998,18.9,19.5,11.5,14.0,66.71,72.71,21.22,14.97,0.39,1.29,4.038571428571428,0.02537,66.65714285714286,0.014285714285714287,0.0,2017-12-05,4.37
-0.4208,0.9071,4.81,4.34,4.66,3.86,0.0298,0.02922,21.0,20.1,12.8,12.8,65.51,68.63,21.95,29.83,0.13,0.12,4.111428571428571,0.02575142857142857,65.91714285714285,0.014285714285714287,0.0,2017-12-06,4.21
-0.4052,0.9142,4.37,4.81,4.34,4.01,0.02739,0.028329999999999998,20.6,18.9,12.0,11.5,59.93,66.71,24.69,21.22,0.14,0.39,4.14,0.025911428571428568,65.49142857142857,0.014285714285714287,0.0,2017-12-07,4.75
-0.3894,0.9211,4.21,4.37,4.81,3.34,0.02682,0.0298,20.3,21.0,12.1,12.8,58.14,65.51,18.6,21.95,0.01,0.13,4.341428571428572,0.02741142857142857,63.651428571428575,0.014285714285714287,0.0,2017-12-08,5.16
-0.3735,0.9276,4.75,4.21,4.37,3.25,0.030760000000000003,0.02739,19.6,20.6,11.9,12.0,53.93,59.93,22.57,24.69,0.0,0.14,4.614285714285714,0.029291428571428572,59.978571428571435,0.0,0.0,2017-12-09,5.06
-0.3575,0.9339,5.16,4.75,4.21,4.66,0.03272,0.02682,21.7,20.3,10.6,12.1,47.0,58.14,29.28,18.6,0.0,0.01,4.671428571428572,0.02961857142857143,57.534285714285716,0.0,0.0,2017-12-10,3.37
-0.3413,0.9399,5.06,5.16,4.75,4.34,0.03151,0.030760000000000003,21.9,19.6,12.4,11.9,51.52,53.93,25.92,22.57,0.01,0.0,4.532857142857143,0.028327142857142856,57.81142857142857,0.0,0.0,2017-12-11,3.81
-0.3251,0.9457,3.37,5.06,5.16,4.81,0.019289999999999998,0.03272,20.5,21.7,15.4,10.6,68.65,47.0,14.47,29.28,0.04,0.0,4.39,0.027134285714285715,59.298571428571435,0.014285714285714287,0.0,2017-12-12,5.15
-0.3088,0.9511,3.81,3.37,5.06,4.37,0.02145,0.03151,20.4,21.9,15.6,12.4,75.92,51.52,20.11,25.92,0.06,0.01,4.501428571428572,0.027725714285714288,59.465714285714284,0.014285714285714287,0.1,2017-12-13,5.37
-0.2924,0.9563,5.15,3.81,3.37,4.21,0.03153,0.019289999999999998,22.0,20.5,14.0,15.4,61.1,68.65,32.6,14.47,0.0,0.04,4.667142857142857,0.028398571428571433,57.15,0.014285714285714287,0.0,2017-12-14,5.4
-0.2759,0.9612,5.37,5.15,3.81,4.75,0.03153,0.02145,24.0,20.4,12.3,15.6,41.93,75.92,30.34,20.11,0.0,0.06,4.76,0.028611428571428572,55.797142857142866,0.014285714285714287,0.0,2017-12-15,3.77
-0.2593,0.9658,5.4,5.37,5.15,5.16,0.03225,0.03153,23.5,22.0,14.0,14.0,44.46,61.1,27.68,32.6,0.0,0.0,4.561428571428571,0.02723,56.41571428571429,0.014285714285714287,0.0,2017-12-16,5.44
-0.2427,0.9701,3.77,5.4,5.37,5.06,0.02305,0.03153,20.8,24.0,13.9,12.3,51.33,41.93,23.49,30.34,0.0,0.0,4.615714285714286,0.027348571428571427,54.691428571428574,0.014285714285714287,0.0,2017-12-17,4.55
-0.226,0.9741,5.44,3.77,5.4,3.37,0.03234,0.03225,23.8,23.5,12.1,14.0,39.45,44.46,33.56,27.68,0.0,0.0,4.784285714285715,0.028421428571428573,52.31428571428571,0.014285714285714287,0.0,2017-12-18,5.42
-0.2092,0.9779,4.55,5.44,3.77,3.81,0.0268,0.02305,22.8,20.8,12.6,13.9,52.01,51.33,24.93,23.49,0.0,0.0,5.014285714285714,0.030005714285714285,48.12285714285714,0.0,0.0,2017-12-19,4.98
-0.1923,0.9813,5.42,4.55,5.44,5.15,0.03254,0.03234,23.1,23.8,12.5,12.1,46.58,39.45,31.48,33.56,0.0,0.0,4.99,0.029894285714285714,46.77285714285714,0.0,0.0,2017-12-20,5.32
-0.1754,0.9845,4.98,5.42,4.55,5.37,0.03075,0.0268,21.7,22.8,13.5,12.6,51.65,52.01,23.92,24.93,0.0,0.0,4.982857142857143,0.030014285714285716,47.63857142857143,0.0,0.0,2017-12-21,5.54
-0.1585,0.9874,5.32,4.98,5.42,5.4,0.032369999999999996,0.03254,22.4,23.1,14.3,12.5,47.99,46.58,27.7,31.48,0.0,0.0,5.002857142857144,0.030067142857142855,48.25428571428571,0.0,0.0,2017-12-22,5.41
-0.1414,0.9899,5.54,5.32,4.98,3.77,0.032619999999999996,0.03075,22.6,21.7,13.0,13.5,48.77,51.65,33.64,23.92,0.0,0.0,5.2371428571428575,0.031478571428571425,47.33857142857143,0.0,0.0,2017-12-23,5.45
-0.1244,0.9922,5.41,5.54,5.32,5.44,0.03293,0.032369999999999996,21.7,22.4,12.8,14.3,44.92,47.99,34.06,27.7,0.17,0.0,5.238571428571428,0.03155,47.86714285714286,0.0,0.0,2017-12-24,5.45
-0.1073,0.9942,5.45,5.41,5.54,4.55,0.03284,0.032619999999999996,22.4,22.6,12.0,13.0,43.15,48.77,33.09,33.64,0.01,0.0,5.367142857142857,0.03240428571428571,47.50285714285714,0.0,0.0,2017-12-25,4.71
-0.0902,0.9959,5.45,5.45,5.41,5.42,0.032780000000000004,0.03293,23.1,21.7,12.2,12.8,49.46,44.92,23.5,34.06,0.08,0.17,5.265714285714286,0.03186714285714286,49.089999999999996,0.0,0.0,2017-12-26,5.33
-0.073,0.9973,4.71,5.45,5.45,4.98,0.02878,0.03284,21.6,22.4,13.8,12.0,57.69,43.15,25.39,33.09,0.05,0.01,5.315714285714286,0.031934285714285714,49.151428571428575,0.0,0.0,2017-12-27,5.32
-0.0559,0.9984,5.33,4.71,5.45,5.32,0.031219999999999998,0.032780000000000004,23.0,23.1,14.8,12.2,52.08,49.46,32.55,23.5,0.38,0.08,5.315714285714286,0.03188714285714286,49.137142857142855,0.0,0.0,2017-12-28,4.73
-0.0387,0.9993,5.32,5.33,4.71,5.54,0.03204,0.02878,22.7,21.6,13.0,13.8,47.89,57.69,31.58,25.39,0.01,0.05,5.2,0.03145142857142857,49.60857142857143,0.0,0.0,2017-12-29,4.73
-0.0215,0.9998,4.73,5.32,5.33,5.41,0.02957,0.031219999999999998,21.7,23.0,14.5,14.8,52.07,52.08,26.79,32.55,0.01,0.38,5.102857142857142,0.03091142857142857,50.83,0.0,0.0,2017-12-30,4.66
-0.0043,1.0,4.73,4.73,5.32,5.45,0.02915,0.03204,21.6,22.7,14.3,13.0,53.47,47.89,23.11,31.58,0.02,0.01,4.99,0.030205714285714284,54.614285714285714,0.0,0.0,2017-12-31,4.9
0.0172,0.9999,4.66,4.73,4.73,5.45,0.027899999999999998,0.02957,21.7,21.7,14.9,14.5,69.64,52.07,22.64,26.79,0.0,0.01,4.911428571428572,0.029707142857142856,55.86857142857143,0.0,0.0,2018-01-01,5.0
0.0344,0.9994,4.9,4.66,4.73,4.71,0.02929,0.02915,21.6,21.6,13.7,14.3,58.24,53.47,24.73,23.11,0.0,0.02,4.952857142857143,0.029987142857142855,54.964285714285715,0.0,0.0,2018-01-02,5.64
0.0516,0.9987,5.0,4.9,4.66,5.33,0.03074,0.027899999999999998,21.3,21.7,13.3,14.9,51.36,69.64,31.83,22.64,0.0,0.0,4.997142857142857,0.030167142857142858,55.07,0.0,0.0,2018-01-03,5.02
0.0688,0.9976,5.64,5.0,4.9,5.32,0.032479999999999995,0.02929,25.2,21.6,13.3,13.7,52.82,58.24,24.93,24.73,0.0,0.0,4.954285714285715,0.029897142857142855,56.06142857142857,0.0,0.0,2018-01-04,5.08
0.0859,0.9963,5.02,5.64,5.0,4.73,0.03015,0.03074,23.6,21.3,14.4,13.3,54.83,51.36,29.83,31.83,0.0,0.0,5.0042857142857144,0.02983857142857143,56.135714285714286,0.0,0.0,2018-01-05,5.88
0.103,0.9947,5.08,5.02,5.64,4.73,0.02916,0.032479999999999995,23.5,25.2,15.2,13.3,52.59,52.82,32.39,24.93,0.0,0.0,5.168571428571428,0.030285714285714284,53.925714285714285,0.0,0.0,2018-01-06,5.27
0.1201,0.9928,5.88,5.08,5.02,4.66,0.03228,0.03015,25.4,23.6,14.0,14.4,38.0,54.83,33.99,29.83,0.0,0.0,5.255714285714285,0.03069857142857143,51.81285714285714,0.0,0.0,2018-01-07,3.78
0.1372,0.9905,5.27,5.88,5.08,4.9,0.030789999999999998,0.02916,23.5,23.5,14.2,15.2,54.85,52.59,28.03,32.39,0.0,0.0,5.095714285714286,0.02961428571428571,53.55142857142857,0.0,0.0,2018-01-08,5.32
0.1542,0.988,3.78,5.27,5.88,5.0,0.0217,0.03228,21.9,25.4,16.1,14.0,70.41,38.0,24.59,33.99,0.17,0.0,5.1414285714285715,0.029678571428571426,55.68571428571429,0.0,0.0,2018-01-09,4.55
0.1712,0.9852,5.32,3.78,5.27,5.64,0.031190000000000002,0.030789999999999998,23.1,23.5,15.1,14.2,66.3,54.85,30.77,28.03,0.0,0.0,4.985714285714286,0.028958571428571427,56.99142857142857,0.0,0.0,2018-01-10,3.53
0.1881,0.9821,4.55,5.32,3.78,5.02,0.027440000000000003,0.0217,22.1,21.9,14.3,16.1,61.96,70.41,17.7,24.59,0.03,0.17,4.772857142857142,0.027598571428571427,57.94428571428572,0.0,0.0,2018-01-11,3.64
0.205,0.9788,3.53,4.55,5.32,5.08,0.02063,0.031190000000000002,21.3,23.1,15.5,15.1,61.5,66.3,18.13,30.77,0.09,0.0,4.567142857142857,0.026432857142857143,59.825714285714284,0.0,0.0,2018-01-12,3.41
0.2218,0.9751,3.64,3.53,4.55,5.88,0.021,0.027440000000000003,21.0,22.1,14.7,14.3,65.76,61.96,16.17,17.7,0.17,0.03,4.214285714285714,0.02454142857142857,64.56714285714285,0.0,0.0,2018-01-13,2.5
0.2385,0.9711,3.41,3.64,3.53,5.27,0.019039999999999998,0.02063,21.6,21.3,16.0,15.5,71.19,61.5,15.18,18.13,0.45,0.09,3.8185714285714285,0.022104285714285715,66.16142857142857,0.0,0.0,2018-01-14,4.02
0.2552,0.9669,2.5,3.41,3.64,3.78,0.013730000000000001,0.021,20.3,21.0,15.2,14.7,66.01,65.76,13.13,16.17,0.04,0.17,3.8528571428571428,0.022205714285714283,65.88857142857144,0.0,0.0,2018-01-15,4.55
0.2718,0.9624,4.02,2.5,3.41,5.32,0.02241,0.019039999999999998,22.7,21.6,16.2,16.0,68.5,71.19,19.45,15.18,0.23,0.45,3.742857142857143,0.021742857142857144,65.38000000000001,0.0,0.0,2018-01-16,5.38
0.2883,0.9575,4.55,4.02,2.5,4.55,0.02795,0.013730000000000001,21.3,20.3,13.8,15.2,62.74,66.01,27.08,13.13,0.03,0.04,3.8614285714285717,0.02233857142857143,63.88,0.0,0.0,2018-01-17,5.28
0.3047,0.9524,5.38,4.55,4.02,3.53,0.03161,0.02241,23.1,22.7,12.5,16.2,51.46,68.5,28.58,19.45,0.0,0.23,4.111428571428571,0.023797142857142857,62.06,0.0,0.0,2018-01-18,4.25
0.3211,0.9471,5.28,5.38,4.55,3.64,0.03084,0.02795,23.5,21.3,14.3,13.8,48.76,62.74,23.79,27.08,0.0,0.03,4.198571428571428,0.024305714285714285,60.370000000000005,0.0,0.0,2018-01-19,3.88
0.3373,0.9414,4.25,5.28,5.38,3.41,0.02456,0.03161,23.4,23.1,14.7,12.5,53.93,51.46,18.33,28.58,0.09,0.0,4.265714285714286,0.02475142857142857,58.972857142857144,0.0,0.0,2018-01-20,4.73
0.3534,0.9355,3.88,4.25,5.28,2.5,0.02216,0.03084,22.2,23.5,16.1,14.3,61.41,48.76,16.68,23.79,0.07,0.0,4.5842857142857145,0.026705714285714284,58.30571428571428,0.0,0.0,2018-01-21,5.02
0.3695,0.9292,4.73,3.88,4.25,4.02,0.02741,0.02456,23.4,23.4,16.4,14.7,61.34,53.93,15.93,18.33,0.03,0.09,4.727142857142858,0.027774285714285713,57.29,0.0,0.0,2018-01-22,4.52
0.3854,0.9227,5.02,4.73,3.88,4.55,0.02989,0.02216,22.8,22.2,13.7,16.1,61.39,61.41,25.16,16.68,0.03,0.07,4.722857142857143,0.027498571428571428,56.962857142857146,0.0,0.0,2018-01-23,4.66
0.4012,0.916,4.52,5.02,4.73,5.38,0.026019999999999998,0.02741,23.0,23.4,15.2,16.4,60.45,61.34,22.54,15.93,0.03,0.03,4.62,0.026997142857142855,58.04714285714285,0.0,0.0,2018-01-24,4.4
0.4169,0.9089,4.66,4.52,5.02,5.28,0.0281,0.02989,22.3,22.8,13.2,13.7,59.05,61.39,19.35,25.16,0.14,0.03,4.494285714285715,0.026404285714285713,59.73857142857143,0.0,0.0,2018-01-25,4.44
0.4325,0.9016,4.4,4.66,4.52,4.25,0.026690000000000002,0.026019999999999998,22.2,23.0,14.8,15.2,60.6,60.45,20.06,22.54,0.01,0.03,4.521428571428571,0.02683857142857143,60.36571428571428,0.0,0.0,2018-01-26,5.34
0.4479,0.8941,4.44,4.4,4.66,3.88,0.027600000000000003,0.0281,21.0,22.3,13.0,13.2,58.32,59.05,26.24,19.35,0.02,0.14,4.7299999999999995,0.028071428571428574,57.871428571428574,0.0,0.0,2018-01-27,5.52
0.4633,0.8862,5.34,4.44,4.4,4.73,0.030789999999999998,0.026690000000000002,24.5,22.2,12.4,14.8,43.95,60.6,32.13,20.06,0.0,0.01,4.8428571428571425,0.02864142857142857,54.51142857142857,0.0,0.0,2018-01-28,4.51
0.4784,0.8781,5.52,5.34,4.44,5.02,0.0314,0.027600000000000003,24.5,21.0,14.5,13.0,37.82,58.32,32.24,26.24,0.09,0.02,4.7700000000000005,0.028318571428571426,53.33857142857143,0.0,0.0,2018-01-29,4.44
0.4935,0.8698,4.51,5.52,5.34,4.52,0.02763,0.030789999999999998,21.7,24.5,14.5,12.4,53.18,43.95,22.37,32.13,0.0,0.0,4.758571428571429,0.02843,51.94428571428572,0.0,0.0,2018-01-30,5.06
0.5084,0.8611,4.44,4.51,5.52,4.66,0.0268,0.0314,21.8,24.5,13.5,14.5,50.69,37.82,27.51,32.24,0.01,0.09,4.815714285714286,0.02866714285714286,50.86142857142857,0.0,0.0,2018-01-31,4.99
0.5231,0.8523,5.06,4.44,4.51,4.4,0.02976,0.02763,23.1,21.7,13.6,14.5,51.47,53.18,29.93,22.37,0.01,0.0,4.8999999999999995,0.029175714285714284,50.42857142857143,0.0,0.0,2018-02-01,4.68
0.5377,0.8432,4.99,5.06,4.44,4.44,0.03025,0.0268,22.7,21.8,13.9,13.5,57.57,50.69,26.95,27.51,0.01,0.01,4.934285714285714,0.029227142857142858,51.5,0.0,0.0,2018-02-02,4.14
0.5521,0.8338,4.68,4.99,5.06,5.34,0.027960000000000002,0.02976,22.8,23.1,14.9,13.6,65.82,51.47,19.62,29.93,0.14,0.01,4.7628571428571425,0.028205714285714285,53.61714285714286,0.04285714285714286,0.0,2018-02-03,4.82
0.5664,0.8242,4.14,4.68,4.99,5.52,0.02364,0.03025,22.7,22.7,16.5,13.9,58.77,57.57,22.35,26.95,0.0,0.01,4.662857142857143,0.0278,57.16428571428571,0.04285714285714286,0.3,2018-02-04,4.26
0.5805,0.8143,4.82,4.14,4.68,4.51,0.02856,0.027960000000000002,23.0,22.8,16.1,14.9,62.65,65.82,20.55,19.62,0.0,0.14,4.627142857142857,0.02736714285714286,58.50714285714286,0.04285714285714286,0.0,2018-02-05,4.4
0.5944,0.8042,4.26,4.82,4.14,4.44,0.0246,0.02364,23.6,22.7,16.5,16.5,62.58,58.77,21.08,22.35,0.0,0.0,4.621428571428572,0.027208571428571433,60.160000000000004,0.05714285714285715,0.0,2018-02-06,4.31
0.6081,0.7938,4.4,4.26,4.82,5.06,0.02569,0.02856,22.9,23.0,16.2,16.1,62.26,62.65,20.24,20.55,0.01,0.0,4.514285714285714,0.026624285714285715,62.138571428571424,0.05714285714285715,0.1,2018-02-07,4.44
0.6217,0.7833,4.31,4.4,4.26,4.99,0.025670000000000002,0.0246,22.2,23.6,15.6,16.5,65.32,62.58,20.2,21.08,0.0,0.0,4.435714285714286,0.0261,62.708571428571425,0.05714285714285715,0.0,2018-02-08,4.93
0.6351,0.7725,4.44,4.31,4.4,4.68,0.02658,0.02569,22.5,22.9,15.1,16.2,61.56,62.26,22.5,20.24,0.0,0.01,4.4714285714285715,0.02617,59.86714285714286,0.05714285714285715,0.0,2018-02-09,5.29
0.6483,0.7614,4.93,4.44,4.31,4.14,0.02845,0.025670000000000002,24.2,22.2,14.6,15.6,45.93,65.32,31.04,20.2,0.0,0.0,4.635714285714286,0.027062857142857142,55.92428571428571,0.014285714285714287,0.0,2018-02-10,5.15
0.6613,0.7502,5.29,4.93,4.44,4.82,0.02989,0.02658,24.0,22.5,13.6,15.1,31.17,61.56,31.38,22.5,0.0,0.0,4.682857142857143,0.027219999999999998,51.894285714285715,0.014285714285714287,0.0,2018-02-11,5.06
0.6741,0.7387,5.15,5.29,4.93,4.26,0.02966,0.02845,24.0,24.2,13.1,14.6,34.44,45.93,31.03,31.04,0.0,0.0,4.797142857142857,0.027884285714285716,47.91285714285714,0.014285714285714287,0.0,2018-02-12,4.55
0.6867,0.727,5.06,5.15,5.29,4.4,0.02925,0.02989,23.4,24.0,14.4,13.6,34.71,31.17,29.17,31.38,0.0,0.0,4.8185714285714285,0.02814142857142857,46.20428571428572,0.0,0.0,2018-02-13,4.37
0.6991,0.715,4.55,5.06,5.15,4.31,0.027489999999999997,0.02966,23.0,24.0,13.5,13.1,50.3,34.44,22.87,31.03,0.0,0.0,4.827142857142857,0.02817,44.98285714285714,0.0,0.0,2018-02-14,4.09
0.7113,0.7029,4.37,4.55,5.06,4.44,0.02587,0.02925,22.8,23.4,14.8,14.4,56.77,34.71,24.65,29.17,0.0,0.0,4.777142857142857,0.02786857142857143,43.87428571428571,0.0,0.0,2018-02-15,3.91
0.7233,0.6906,4.09,4.37,4.55,4.93,0.02447,0.027489999999999997,22.0,23.0,15.2,13.5,53.8,50.3,19.03,22.87,0.0,0.0,4.631428571428572,0.02727857142857143,44.582857142857144,0.0,0.0,2018-02-16,3.94
0.735,0.678,3.91,4.09,4.37,5.29,0.02432,0.02587,21.4,22.8,13.1,14.8,50.89,56.77,17.22,24.65,0.0,0.0,4.438571428571429,0.02653714285714286,47.30142857142857,0.014285714285714287,0.0,2018-02-17,4.28
0.7466,0.6653,3.94,3.91,4.09,5.15,0.0247,0.02447,21.3,22.0,13.0,15.2,50.2,53.8,18.33,19.03,0.03,0.0,4.314285714285714,0.025912857142857144,51.021428571428565,0.014285714285714287,0.1,2018-02-18,4.22
0.7579,0.6523,4.28,3.94,3.91,5.06,0.02529,0.02432,22.9,21.4,14.2,13.1,60.48,50.89,20.55,17.22,0.01,0.0,4.194285714285714,0.02531285714285714,55.20285714285715,0.014285714285714287,0.0,2018-02-19,4.93
0.769,0.6392,4.22,4.28,3.94,4.55,0.02505,0.0247,22.5,21.3,15.7,13.0,63.98,50.2,24.11,18.33,0.0,0.03,4.248571428571428,0.025267142857142856,56.417142857142856,0.014285714285714287,0.0,2018-02-20,4.42
0.7799,0.6259,4.93,4.22,4.28,4.37,0.027170000000000003,0.02529,25.5,22.9,14.3,14.2,58.8,60.48,28.08,20.55,0.01,0.01,4.255714285714285,0.025334285714285715,55.86714285714286,0.014285714285714287,0.0,2018-02-21,4.46
0.7906,0.6124,4.42,4.93,4.22,4.09,0.02634,0.02505,23.2,22.5,15.8,15.7,52.92,63.98,23.63,24.11,0.03,0.0,4.308571428571429,0.025655714285714285,56.37714285714286,0.014285714285714287,0.0,2018-02-22,4.08
0.801,0.5987,4.46,4.42,4.93,3.91,0.026719999999999997,0.027170000000000003,22.5,25.5,14.5,14.3,57.37,58.8,22.47,28.08,0.01,0.01,4.332857142857143,0.025574285714285716,58.05142857142857,0.014285714285714287,0.0,2018-02-23,3.78
0.8112,0.5848,4.08,4.46,4.42,3.94,0.02375,0.02634,22.9,23.2,14.8,15.8,62.61,52.92,17.61,23.63,0.54,0.03,4.31,0.025245714285714285,59.73571428571428,0.0,0.0,2018-02-24,3.95
0.8211,0.5708,3.78,4.08,4.46,4.28,0.0224,0.026719999999999997,22.2,22.5,15.4,14.5,61.99,57.37,17.92,22.47,0.03,0.01,4.2628571428571425,0.025051428571428568,59.621428571428574,0.0,0.0,2018-02-25,3.8
0.8308,0.5566,3.95,3.78,4.08,4.22,0.02393,0.02375,21.0,22.9,14.0,14.8,59.68,62.61,21.89,17.61,0.02,0.54,4.202857142857143,0.02473,59.825714285714284,0.0,0.0,2018-02-26,2.78
0.8402,0.5422,3.8,3.95,3.78,4.93,0.0228,0.0224,22.2,22.2,13.7,15.4,65.41,61.99,16.03,17.92,0.03,0.03,3.8957142857142855,0.023062857142857142,61.25,0.014285714285714287,0.0,2018-02-27,3.62
0.8495,0.5277,2.78,3.8,3.95,4.42,0.0155,0.02393,21.8,21.0,15.8,14.0,68.77,59.68,13.9,21.89,0.67,0.02,3.781428571428571,0.022314285714285714,63.4,0.014285714285714287,0.1,2018-02-28,3.73
0.8584,0.513,3.62,2.78,3.8,4.46,0.0211,0.0228,22.2,22.2,14.5,13.7,67.97,65.41,17.79,16.03,0.04,0.03,3.677142857142857,0.021724285714285717,64.22142857142858,0.014285714285714287,0.0,2018-03-01,3.41
0.8671,0.4981,3.73,3.62,2.78,4.08,0.02259,0.0155,22.1,21.8,13.4,15.8,63.12,68.77,16.27,13.9,0.01,0.67,3.5814285714285714,0.021275714285714287,64.10428571428572,0.028571428571428574,0.0,2018-03-02,2.92
0.8755,0.4831,3.41,3.73,3.62,3.78,0.02061,0.0211,21.8,22.2,14.7,14.5,61.79,67.97,14.01,17.79,0.0,0.04,3.4585714285714286,0.02050714285714286,63.81142857142857,0.028571428571428574,0.1,2018-03-03,3.58
0.8837,0.468,2.92,3.41,3.73,3.95,0.01702,0.02259,21.0,22.1,15.1,13.4,59.94,63.12,15.45,16.27,0.0,0.01,3.4057142857142857,0.020195714285714286,63.06285714285714,0.028571428571428574,0.0,2018-03-04,4.33
0.8916,0.4527,3.58,2.92,3.41,3.8,0.02175,0.02061,21.5,21.8,13.4,14.7,54.44,61.79,24.91,14.01,0.0,0.0,3.4814285714285718,0.020584285714285715,60.55285714285714,0.028571428571428574,0.0,2018-03-05,4.06
0.8993,0.4373,4.33,3.58,2.92,2.78,0.02552,0.01702,22.8,21.0,14.3,15.1,47.84,59.94,25.62,15.45,0.01,0.0,3.664285714285714,0.021954285714285714,58.480000000000004,0.014285714285714287,0.0,2018-03-06,3.22
0.9067,0.4218,4.06,4.33,3.58,3.62,0.02509,0.02175,22.0,21.5,12.8,13.4,54.26,54.44,18.68,24.91,0.0,0.0,3.607142857142857,0.021657142857142857,57.59571428571429,0.014285714285714287,0.0,2018-03-07,3.92
0.9138,0.4061,3.22,4.06,4.33,3.73,0.01902,0.02552,22.0,22.8,15.9,14.3,61.78,47.84,15.54,25.62,0.0,0.01,3.6342857142857143,0.021757142857142857,57.871428571428574,0.014285714285714287,0.0,2018-03-08,4.12
0.9207,0.3904,3.92,3.22,4.06,3.41,0.023289999999999998,0.02509,22.4,22.0,14.5,12.8,65.05,54.26,15.79,18.68,0.0,0.0,3.7357142857142853,0.02234,58.11142857142857,0.0,0.0,2018-03-09,4.17
0.9272,0.3745,4.12,3.92,3.22,2.92,0.02469,0.01902,21.8,22.0,13.8,15.9,63.47,61.78,25.34,15.54,0.0,0.0,3.914285714285714,0.02346857142857143,58.12571428571429,0.0,0.0,2018-03-10,4.44
0.9335,0.3585,4.17,4.12,3.92,3.58,0.02492,0.023289999999999998,22.5,22.4,12.7,14.5,60.04,65.05,25.57,15.79,0.0,0.0,4.037142857142857,0.023947142857142858,55.53857142857142,0.0,0.0,2018-03-11,4.22
0.9396,0.3424,4.44,4.17,4.12,4.33,0.0251,0.02469,24.6,21.8,11.9,13.8,36.33,63.47,26.28,25.34,0.0,0.0,4.021428571428571,0.023815714285714284,54.37285714285714,0.0,0.0,2018-03-12,4.07
0.9453,0.3261,4.22,4.44,4.17,4.06,0.0246,0.02492,23.4,22.5,12.6,12.7,39.68,60.04,25.76,25.57,0.0,0.0,4.022857142857143,0.023741428571428573,52.144285714285715,0.0,0.0,2018-03-13,4.07
0.9508,0.3098,4.07,4.22,4.44,3.22,0.02457,0.0251,21.9,24.6,12.7,11.9,38.66,36.33,25.98,26.28,0.0,0.0,4.144285714285714,0.024547142857142858,49.00714285714286,0.0,0.0,2018-03-14,4.06
0.956,0.2934,4.07,4.07,4.22,3.92,0.02466,0.0246,21.4,23.4,11.3,12.6,39.82,39.68,25.37,25.76,0.0,0.0,4.164285714285714,0.024730000000000002,45.17,0.0,0.0,2018-03-15,4.05
0.9609,0.2769,4.06,4.07,4.07,4.12,0.02457,0.02457,21.4,21.9,11.7,12.7,38.19,38.66,25.22,25.98,0.0,0.0,4.154285714285714,0.02469142857142857,43.712857142857146,0.0,0.0,2018-03-16,4.31
0.9655,0.2604,4.05,4.06,4.07,4.17,0.02442,0.02466,22.0,21.4,12.5,11.3,53.27,39.82,24.98,25.37,0.0,0.0,4.174285714285714,0.02455571428571429,44.339999999999996,0.014285714285714287,0.0,2018-03-17,3.93
0.9698,0.2437,4.31,4.05,4.06,4.44,0.023969999999999998,0.02457,23.1,21.4,10.5,11.7,64.43,38.19,22.71,25.22,0.95,0.0,4.101428571428571,0.02429857142857143,46.728571428571435,0.05714285714285715,0.1,2018-03-18,3.77
0.9739,0.227,3.93,4.31,4.05,4.22,0.0233,0.02442,22.4,22.0,13.8,12.5,53.05,53.27,24.62,24.98,0.03,0.0,4.0371428571428565,0.024142857142857143,48.544285714285714,0.05714285714285715,0.3,2018-03-19,3.8
0.9777,0.2102,3.77,3.93,4.31,4.07,0.023510000000000003,0.023969999999999998,20.7,23.1,12.3,10.5,52.39,64.43,23.89,22.71,0.0,0.95,3.998571428571428,0.023981428571428574,49.56857142857143,0.05714285714285715,0.0,2018-03-20,3.48
0.9811,0.1934,3.8,3.77,3.93,4.07,0.023440000000000003,0.0233,21.4,22.4,10.8,13.8,45.83,53.05,23.74,24.62,0.0,0.03,3.914285714285714,0.02364142857142857,51.528571428571425,0.05714285714285715,0.0,2018-03-21,3.97
0.9843,0.1765,3.48,3.8,3.77,4.06,0.02228,0.023510000000000003,20.2,20.7,11.7,12.3,53.54,52.39,16.89,23.89,0.0,0.0,3.9014285714285712,0.023437142857142858,53.76285714285715,0.05714285714285715,0.0,2018-03-22,3.85
0.9872,0.1595,3.97,3.48,3.8,4.05,0.02314,0.023440000000000003,22.3,21.4,11.3,10.8,53.83,45.83,23.52,23.74,0.0,0.0,3.8728571428571428,0.02315,54.050000000000004,0.05714285714285715,0.0,2018-03-23,3.86
0.9898,0.1425,3.85,3.97,3.48,4.31,0.02241,0.02228,22.6,20.2,12.0,11.7,55.28,53.54,23.02,16.89,0.0,0.0,3.8085714285714287,0.022902857142857145,51.029999999999994,0.04285714285714286,0.0,2018-03-24,3.88
0.9921,0.1255,3.86,3.85,3.97,3.93,0.02224,0.02314,23.9,22.3,13.1,11.3,43.29,53.83,23.71,23.52,0.0,0.0,3.801428571428571,0.022822857142857145,47.37571428571429,0.0,0.0,2018-03-25,3.35
0.9941,0.1084,3.88,3.86,3.85,3.77,0.02274,0.02241,22.6,22.6,12.7,12.0,27.47,55.28,22.94,23.02,0.0,0.0,3.7414285714285715,0.022345714285714285,45.951428571428565,0.0,0.0,2018-03-26,3.53
0.9958,0.0913,3.35,3.88,3.86,3.8,0.02017,0.02224,21.0,23.9,11.9,13.1,42.42,43.29,20.13,23.71,0.0,0.0,3.7028571428571433,0.02214714285714286,45.57857142857143,0.0,0.0,2018-03-27,3.28
0.9972,0.0741,3.53,3.35,3.88,3.48,0.02205,0.02274,21.2,22.6,10.3,12.7,43.22,27.47,18.93,22.94,0.0,0.0,3.674285714285714,0.021925714285714288,44.958571428571425,0.0,0.0,2018-03-28,3.51
0.9984,0.057,3.28,3.53,3.35,3.97,0.020730000000000002,0.02017,20.6,21.0,11.9,11.9,49.2,42.42,16.99,20.13,0.0,0.0,3.608571428571428,0.02167857142857143,43.17142857142857,0.0,0.0,2018-03-29,3.5
0.9992,0.0398,3.51,3.28,3.53,3.85,0.02141,0.02205,21.8,21.2,11.3,10.3,41.32,43.22,17.11,18.93,0.0,0.0,3.5585714285714287,0.021382857142857144,41.41285714285714,0.0,0.0,2018-03-30,2.92
0.9997,0.0226,3.5,3.51,3.28,3.86,0.02034,0.020730000000000002,22.7,20.6,13.6,11.9,42.97,49.2,20.83,16.99,0.0,0.0,3.424285714285714,0.020925714285714287,42.962857142857146,0.0,0.0,2018-03-31,2.85
1.0,0.0054,2.92,3.5,3.51,3.88,0.019039999999999998,0.02141,19.8,21.8,12.9,11.3,54.14,41.32,13.49,17.11,0.0,0.0,3.2771428571428567,0.020292857142857144,47.59571428571429,0.0,0.0,2018-04-01,2.6
0.9999,-0.0118,2.85,2.92,3.5,3.35,0.01831,0.02034,19.1,22.7,11.9,13.6,59.9,42.97,11.9,20.83,0.27,0.0,3.1699999999999995,0.019828571428571428,50.35,0.0,0.0,2018-04-02,3.19
0.9996,-0.029,2.6,2.85,2.92,3.53,0.01692,0.019039999999999998,19.0,19.8,12.4,12.9,61.7,54.14,10.0,13.49,0.06,0.0,3.1214285714285714,0.019545714285714284,53.137142857142855,0.0,0.0,2018-04-03,2.69
0.9989,-0.0462,3.19,2.6,2.85,3.28,0.02007,0.01831,21.2,19.1,11.4,11.9,62.73,59.9,16.73,11.9,0.02,0.27,3.037142857142857,0.019107142857142857,55.30571428571428,0.0,0.0,2018-04-04,2.75
0.998,-0.0634,2.69,3.19,2.6,3.51,0.01766,0.01692,19.5,19.0,12.0,12.4,64.38,61.7,11.44,10.0,0.01,0.06,2.9285714285714284,0.01854857142857143,57.73571428571428,0.0,0.0,2018-04-05,2.37
0.9968,-0.0805,2.75,2.69,3.19,3.5,0.0175,0.02007,20.3,21.2,11.8,11.4,58.33,62.73,13.97,16.73,0.0,0.02,2.7671428571428573,0.017692857142857142,61.76428571428572,0.0,0.0,2018-04-06,2.89
0.9952,-0.0977,2.37,2.75,2.69,2.92,0.01435,0.01766,19.8,19.5,11.8,12.0,71.17,64.38,9.96,11.44,0.0,0.01,2.762857142857143,0.017538571428571428,63.41285714285714,0.0,0.0,2018-04-07,3.05
0.9934,-0.1148,2.89,2.37,2.75,2.85,0.01796,0.0175,19.9,20.3,12.3,11.8,65.68,58.33,15.47,13.97,0.0,0.0,2.7914285714285714,0.017692857142857142,62.75142857142857,0.0,0.0,2018-04-08,2.76
0.9913,-0.1319,3.05,2.89,2.37,2.6,0.01939,0.01435,20.6,19.8,10.7,11.8,55.27,71.17,14.58,9.96,0.0,0.0,2.814285714285714,0.017788571428571428,63.41142857142857,0.0,0.0,2018-04-09,2.62
0.9889,-0.1489,2.76,3.05,2.89,3.19,0.01759,0.01796,19.4,19.9,12.2,12.3,66.32,65.68,12.48,15.47,0.02,0.0,2.7328571428571427,0.017028571428571428,64.51142857142857,0.0,0.0,2018-04-10,2.88
0.9861,-0.1659,2.62,2.76,3.05,2.69,0.01475,0.01939,21.2,20.6,12.0,10.7,70.43,55.27,13.31,14.58,0.01,0.0,2.7600000000000002,0.01690142857142857,65.77142857142857,0.0,0.0,2018-04-11,2.84
0.9831,-0.1828,2.88,2.62,2.76,2.75,0.01677,0.01759,21.4,19.4,12.3,12.2,73.2,66.32,17.57,12.48,0.01,0.02,2.7728571428571427,0.01703714285714286,64.61571428571429,0.0,0.0,2018-04-12,2.48
0.9799,-0.1997,2.84,2.88,2.62,2.37,0.018449999999999998,0.01475,19.6,21.2,11.2,12.0,50.24,70.43,19.53,13.31,0.0,0.01,2.7885714285714287,0.01735142857142857,62.90857142857143,0.0,0.0,2018-04-13,2.22
0.9763,-0.2165,2.48,2.84,2.88,2.89,0.016550000000000002,0.01677,18.2,21.4,10.9,12.3,59.22,73.2,16.81,17.57,0.0,0.01,2.692857142857143,0.016884285714285716,60.56428571428571,0.0,0.0,2018-04-14,2.39
0.9724,-0.2333,2.22,2.48,2.84,3.05,0.01469,0.018449999999999998,17.9,19.6,10.5,11.2,49.27,50.24,17.55,19.53,0.0,0.0,2.5985714285714288,0.016287142857142858,59.847142857142856,0.0,0.0,2018-04-15,2.13
0.9683,-0.25,2.39,2.22,2.48,2.76,0.015210000000000001,0.016550000000000002,19.3,18.2,10.3,10.9,50.25,59.22,12.95,16.81,0.0,0.0,2.5085714285714285,0.01573,59.38571428571429,0.0,0.0,2018-04-16,2.61
0.9638,-0.2666,2.13,2.39,2.22,2.62,0.013689999999999999,0.01469,18.6,17.9,11.4,10.5,63.09,49.27,11.82,17.55,0.0,0.0,2.507142857142857,0.016021428571428572,56.69285714285714,0.0,0.0,2018-04-17,2.29
0.9591,-0.2831,2.61,2.13,2.39,2.88,0.01679,0.015210000000000001,20.5,19.3,12.1,10.3,51.58,50.25,16.11,12.95,0.0,0.0,2.422857142857143,0.015778571428571427,53.08142857142857,0.0,0.0,2018-04-18,2.7
0.9541,-0.2996,2.29,2.61,2.13,2.84,0.01507,0.013689999999999999,18.6,18.6,11.5,11.4,47.92,63.09,17.39,11.82,0.0,0.0,2.402857142857143,0.01568,53.29714285714285,0.0,0.0,2018-04-19,2.66
0.9488,-0.316,2.7,2.29,2.61,2.48,0.01776,0.01679,19.1,20.5,8.8,12.1,51.75,51.58,17.89,16.11,0.0,0.0,2.4285714285714284,0.01580857142857143,52.120000000000005,0.0,0.0,2018-04-20,2.39
0.9432,-0.3322,2.66,2.7,2.29,2.22,0.01745,0.01507,20.2,18.6,11.0,11.5,50.98,47.92,13.06,17.39,0.0,0.0,2.4528571428571433,0.015997142857142856,52.26428571428572,0.0,0.0,2018-04-21,2.26
0.9373,-0.3484,2.39,2.66,2.7,2.39,0.01601,0.01776,18.9,19.1,11.9,8.8,50.28,51.75,13.76,17.89,0.0,0.0,2.434285714285714,0.015967142857142857,52.43142857142857,0.0,0.0,2018-04-22,1.96
0.9312,-0.3645,2.26,2.39,2.66,2.13,0.015,0.01745,18.8,20.2,12.8,11.0,51.42,50.98,12.98,13.06,0.0,0.0,2.41,0.015807142857142856,51.07714285714286,0.0,0.0,2018-04-23,2.31
0.9248,-0.3804,1.96,2.26,2.39,2.61,0.01257,0.01601,18.7,18.9,11.3,11.9,53.61,50.28,9.88,13.76,0.0,0.0,2.367142857142857,0.01565,51.04571428571428,0.0,0.0,2018-04-24,2.42
0.9181,-0.3963,2.31,1.96,2.26,2.29,0.01569,0.015,18.3,18.8,10.6,12.8,51.36,51.42,12.89,12.98,0.0,0.0,2.3857142857142857,0.015838571428571428,50.18285714285714,0.0,0.0,2018-04-25,2.77
0.9112,-0.412,2.42,2.31,1.96,2.7,0.016390000000000002,0.01257,19.0,18.7,10.3,11.3,41.88,53.61,17.04,9.88,0.0,0.0,2.3957142857142855,0.015692857142857144,50.73285714285714,0.0,0.0,2018-04-26,2.7
0.9039,-0.4276,2.77,2.42,2.31,2.66,0.016739999999999998,0.01569,20.3,18.3,9.8,10.6,55.6,51.36,17.3,12.89,0.01,0.0,2.4014285714285712,0.015474285714285715,50.05714285714286,0.0,0.0,2018-04-27,2.09
0.8965,-0.4431,2.7,2.77,2.42,2.39,0.01592,0.016390000000000002,20.1,19.0,10.3,10.3,46.25,41.88,16.13,17.04,0.0,0.0,2.358571428571428,0.015077142857142857,50.0,0.0,0.0,2018-04-28,2.03
0.8887,-0.4585,2.09,2.7,2.77,2.26,0.01323,0.016739999999999998,18.8,20.3,11.2,9.8,49.88,55.6,11.3,17.3,0.0,0.01,2.325714285714286,0.014928571428571428,50.50428571428572,0.0,0.0,2018-04-29,1.8
0.8807,-0.4737,2.03,2.09,2.7,1.96,0.01396,0.01592,16.3,20.1,10.4,10.3,54.95,46.25,8.66,16.13,0.0,0.0,2.302857142857143,0.014838571428571428,50.55714285714286,0.0,0.0,2018-04-30,2.16
0.8724,-0.4888,1.8,2.03,2.09,2.31,0.01194,0.01323,16.2,18.8,9.7,11.2,53.98,49.88,10.07,11.3,0.0,0.0,2.2814285714285716,0.01444857142857143,50.40857142857143,0.0,0.0,2018-05-01,2.26
0.8639,-0.5037,2.16,1.8,2.03,2.42,0.012960000000000001,0.01396,19.4,16.3,9.0,10.4,50.32,54.95,10.62,8.66,0.1,0.0,2.2585714285714285,0.014201428571428571,52.857142857142854,0.0,0.0,2018-05-02,2.31
0.8551,-0.5185,2.26,2.16,1.8,2.77,0.01466,0.01194,18.7,16.2,9.6,9.7,59.02,53.98,15.73,10.07,0.04,0.0,2.1928571428571426,0.013945714285714285,51.901428571428575,0.0,0.0,2018-05-03,2.54
0.846,-0.5331,2.31,2.26,2.16,2.7,0.01495,0.012960000000000001,19.3,19.4,9.3,9.0,48.91,50.32,15.55,10.62,0.01,0.1,2.17,0.013831428571428573,52.18714285714286,0.0,0.0,2018-05-04,2.06
0.8367,-0.5476,2.54,2.31,2.26,2.09,0.01512,0.01466,21.7,18.7,10.4,9.6,48.25,59.02,12.2,15.73,0.01,0.04,2.165714285714286,0.014,53.13428571428572,0.0,0.0,2018-05-05,1.79
0.8272,-0.5619,2.06,2.54,2.31,2.03,0.014410000000000001,0.01495,17.8,19.3,10.6,9.3,56.51,48.91,9.8,15.55,0.02,0.01,2.1314285714285712,0.013717142857142857,55.78285714285715,0.0,0.0,2018-05-06,1.54
0.8174,-0.5761,1.79,2.06,2.54,1.8,0.011980000000000001,0.01512,17.3,21.7,10.7,10.4,73.49,48.25,10.18,12.2,0.07,0.01,2.0942857142857143,0.01329,59.857142857142854,0.0,0.0,2018-05-07,2.16
0.8074,-0.59,1.54,1.79,2.06,2.16,0.00895,0.014410000000000001,19.0,17.8,11.6,10.6,82.5,56.51,11.85,9.8,0.02,0.02,2.0942857142857143,0.013444285714285714,63.43428571428571,0.0,0.0,2018-05-08,1.41
0.7971,-0.6038,2.16,1.54,1.79,2.26,0.014039999999999999,0.011980000000000001,18.5,17.3,11.6,10.7,75.36,73.49,10.02,10.18,0.0,0.07,1.9728571428571429,0.012565714285714286,65.61571428571429,0.0,0.0,2018-05-09,2.21
0.7866,-0.6175,1.41,2.16,1.54,2.31,0.00851,0.00895,16.2,19.0,10.6,11.6,74.29,82.5,10.16,11.85,0.27,0.02,1.9585714285714286,0.01246,67.8457142857143,0.0,0.0,2018-05-10,2.37
0.7759,-0.6309,2.21,1.41,2.16,2.54,0.01421,0.014039999999999999,18.9,18.5,8.5,11.6,64.52,75.36,14.6,10.02,0.1,0.0,1.9342857142857144,0.012371428571428571,66.30857142857143,0.0,0.0,2018-05-11,1.66
0.7649,-0.6442,2.37,2.21,1.41,2.06,0.0145,0.00851,21.1,16.2,9.5,10.6,37.49,74.29,14.99,10.16,0.0,0.27,1.8771428571428572,0.01195,66.48,0.0,0.0,2018-05-12,1.47
0.7537,-0.6572,1.66,2.37,2.21,1.79,0.011460000000000001,0.01421,16.9,18.9,10.8,8.5,57.71,64.52,8.82,14.6,0.02,0.1,1.8314285714285714,0.01151857142857143,66.14571428571428,0.0,0.0,2018-05-13,1.59
0.7423,-0.6701,1.47,1.66,2.37,1.54,0.008960000000000001,0.0145,17.0,21.1,11.1,9.5,71.15,37.49,6.95,14.99,0.02,0.0,1.8385714285714287,0.01168,63.12571428571429,0.0,0.0,2018-05-14,1.04
0.7306,-0.6828,1.59,1.47,1.66,2.16,0.01008,0.011460000000000001,17.8,16.9,9.2,10.8,61.36,57.71,9.78,8.82,0.01,0.02,1.6785714285714286,0.01041,59.02285714285715,0.0,0.0,2018-05-15,1.9
0.7188,-0.6952,1.04,1.59,1.47,1.41,0.00515,0.008960000000000001,17.0,17.0,11.8,11.1,46.64,71.15,5.43,6.95,0.0,0.02,1.7485714285714287,0.01095,55.86714285714286,0.0,0.0,2018-05-16,1.96
0.7067,-0.7075,1.9,1.04,1.59,2.21,0.012289999999999999,0.01008,18.1,17.8,10.0,9.2,52.2,61.36,13.06,9.78,0.0,0.01,1.7128571428571429,0.010745714285714287,54.362857142857145,0.04285714285714286,0.0,2018-05-17,2.21
0.6945,-0.7195,1.96,1.9,1.04,2.37,0.01278,0.00515,18.2,17.0,7.9,11.8,53.99,46.64,12.79,5.43,0.0,0.0,1.69,0.010628571428571428,54.06857142857143,0.04285714285714286,0.3,2018-05-18,2.39
0.682,-0.7314,2.21,1.96,1.9,1.66,0.01368,0.012289999999999999,20.5,18.1,8.4,10.0,35.43,52.2,14.39,13.06,0.0,0.0,1.7942857142857143,0.010888571428571428,49.152857142857144,0.04285714285714286,0.0,2018-05-19,2.09
0.6693,-0.743,2.39,2.21,1.96,1.47,0.01328,0.01278,20.4,18.2,8.7,7.9,23.3,53.99,13.62,12.79,0.0,0.0,1.8828571428571428,0.011484285714285714,44.220000000000006,0.04285714285714286,0.0,2018-05-20,1.77
0.6564,-0.7544,2.09,2.39,2.21,1.59,0.013130000000000001,0.01368,19.7,20.5,8.3,8.4,36.62,35.43,13.24,14.39,0.0,0.0,1.9085714285714286,0.011837142857142857,42.48142857142857,0.04285714285714286,0.0,2018-05-21,1.8
0.6433,-0.7656,1.77,2.09,2.39,1.04,0.01255,0.01328,17.2,20.4,9.7,8.7,49.19,23.3,12.8,13.62,0.0,0.0,2.017142857142857,0.01293,41.41142857142857,0.04285714285714286,0.0,2018-05-22,1.93
0.6301,-0.7765,1.8,1.77,2.09,1.9,0.0128,0.013130000000000001,17.0,19.7,9.0,8.3,39.15,36.62,12.69,13.24,0.0,0.0,2.0214285714285714,0.01304142857142857,39.44857142857143,0.04285714285714286,0.0,2018-05-23,2.01
0.6166,-0.7873,1.93,1.8,1.77,1.96,0.01307,0.01255,17.2,17.2,8.4,9.7,38.46,49.19,13.2,12.8,0.0,0.0,2.0285714285714285,0.013091428571428572,36.278571428571425,0.0,0.0,2018-05-24,1.92
0.603,-0.7978,2.01,1.93,1.8,2.21,0.013130000000000001,0.0128,19.6,17.0,9.1,9.0,31.8,39.15,13.62,12.69,0.0,0.0,1.987142857142857,0.013,37.46142857142858,0.0,0.0,2018-05-25,1.51
0.5892,-0.808,1.92,2.01,1.93,2.39,0.01304,0.01307,18.4,17.2,9.3,8.4,43.71,38.46,8.7,13.2,0.04,0.0,1.8614285714285714,0.01252,42.01714285714286,0.04285714285714286,0.0,2018-05-26,1.96
0.5752,-0.818,1.51,1.92,2.01,2.09,0.00992,0.013130000000000001,15.8,19.6,9.5,9.1,55.19,31.8,8.26,13.62,0.1,0.0,1.842857142857143,0.012394285714285715,44.388571428571424,0.04285714285714286,0.3,2018-05-27,1.16
0.561,-0.8278,1.96,1.51,1.92,1.77,0.01225,0.01304,18.2,18.4,6.6,9.3,53.22,43.71,12.39,8.7,0.01,0.04,1.7557142857142856,0.011187142857142857,45.934285714285714,0.04285714285714286,0.0,2018-05-28,0.63
0.5467,-0.8373,1.16,1.96,1.51,1.8,0.0040999999999999995,0.00992,17.0,15.8,11.0,9.5,60.01,55.19,4.96,8.26,1.43,0.1,1.5885714285714285,0.009515714285714285,51.325714285714284,4.785714285714286,0.0,2018-05-29,0.53
0.5322,-0.8466,0.63,1.16,1.96,1.93,0.0011,0.01225,15.7,18.2,11.4,6.6,76.89,53.22,1.51,12.39,26.77,0.01,1.3885714285714283,0.008032857142857144,57.43857142857143,4.785714285714286,33.2,2018-05-30,1.66
0.5176,-0.8556,0.53,0.63,1.16,2.01,0.00269,0.0040999999999999995,13.5,17.0,10.8,11.0,81.25,60.01,8.93,4.96,1.7,1.43,1.3385714285714285,0.007894285714285715,63.25714285714286,4.785714285714286,0.0,2018-05-31,1.75
0.5028,-0.8644,1.66,0.53,0.63,1.92,0.01216,0.0011,13.3,15.7,6.6,11.4,72.53,76.89,11.92,1.51,0.0,26.77,1.3142857142857143,0.007845714285714286,66.40857142857143,4.785714285714286,0.0,2018-06-01,1.54
0.4878,-0.8729,1.75,1.66,0.53,1.51,0.0127,0.00269,13.6,13.5,3.9,10.8,65.77,81.25,12.94,8.93,0.0,1.7,1.3185714285714287,0.008212857142857143,68.06714285714285,4.742857142857143,0.0,2018-06-02,1.73
0.4728,-0.8812,1.54,1.75,1.66,1.96,0.01249,0.01216,12.6,13.3,3.1,6.6,66.8,72.53,12.36,11.92,0.0,0.0,1.2857142857142858,0.008254285714285714,71.04142857142857,4.742857142857143,0.0,2018-06-03,1.46
0.4575,-0.8892,1.73,1.54,1.75,1.16,0.012539999999999999,0.0127,14.3,13.6,5.0,3.9,74.04,65.77,12.77,12.94,0.01,0.0,1.3285714285714287,0.00899142857142857,68.83714285714287,4.742857142857143,0.0,2018-06-04,1.21
0.4422,-0.8969,1.46,1.73,1.54,0.63,0.00926,0.01249,13.9,12.6,4.2,3.1,44.58,66.8,10.93,12.36,0.0,0.0,1.4114285714285713,0.009571428571428573,63.69428571428572,0.0,0.0,2018-06-05,1.95
0.4267,-0.9044,1.21,1.46,1.73,0.53,0.0051600000000000005,0.012539999999999999,13.6,14.3,6.6,5.0,40.89,74.04,4.28,12.77,0.0,0.01,1.6142857142857143,0.010898571428571428,58.15428571428571,0.0,0.0,2018-06-06,2.22
0.4111,-0.9116,1.95,1.21,1.46,1.66,0.011980000000000001,0.00926,17.0,13.9,6.9,4.2,42.47,44.58,12.66,10.93,0.0,0.0,1.6942857142857142,0.010902857142857143,52.88428571428572,0.0,0.0,2018-06-07,1.73
0.3953,-0.9185,2.22,1.95,1.21,1.75,0.01219,0.0051600000000000005,20.9,13.6,6.7,6.6,35.64,40.89,12.54,4.28,0.0,0.0,1.6914285714285715,0.010575714285714286,50.01571428571429,0.0,0.0,2018-06-08,1.19
0.3795,-0.9252,1.73,2.22,1.95,1.54,0.01041,0.011980000000000001,17.9,17.0,8.1,6.9,45.69,42.47,11.05,12.66,0.0,0.0,1.6414285714285715,0.009577142857142857,51.67714285714286,2.442857142857143,0.0,2018-06-09,1.66
0.3635,-0.9316,1.19,1.73,2.22,1.73,0.0055,0.01219,17.1,20.9,9.1,6.7,78.43,35.64,4.38,12.54,10.1,0.0,1.6314285714285715,0.00897857142857143,53.27285714285714,3.5714285714285716,17.1,2018-06-10,1.24
0.3474,-0.9377,1.66,1.19,1.73,1.46,0.00835,0.01041,15.8,17.9,8.5,8.1,85.21,45.69,7.35,11.05,7.94,0.0,1.5999999999999999,0.00871,58.24857142857143,8.314285714285715,7.9,2018-06-11,1.85
0.3312,-0.9436,1.24,1.66,1.19,1.21,0.00738,0.0055,12.0,17.1,6.2,9.1,79.41,78.43,6.11,4.38,22.83,10.1,1.6914285714285715,0.00970857142857143,59.83857142857143,8.314285714285715,33.2,2018-06-12,1.86
0.3149,-0.9491,1.85,1.24,1.66,1.95,0.012150000000000001,0.00835,14.2,15.8,3.1,8.5,52.02,85.21,12.18,7.35,0.0,7.94,1.6785714285714286,0.009731428571428571,60.46857142857142,8.314285714285715,0.0,2018-06-13,1.8
0.2986,-0.9544,1.86,1.85,1.24,2.22,0.01214,0.00738,13.6,12.0,1.5,6.2,46.88,79.41,12.04,6.11,0.0,22.83,1.6185714285714285,0.00970857142857143,62.47571428571428,8.314285714285715,0.0,2018-06-14,1.24
0.2821,-0.9594,1.8,1.86,1.85,1.73,0.012029999999999999,0.012150000000000001,14.4,14.2,4.7,3.1,49.69,52.02,11.88,12.18,0.0,0.0,1.5485714285714285,0.00925857142857143,62.74285714285714,8.314285714285715,0.0,2018-06-15,1.8
0.2656,-0.9641,1.24,1.8,1.86,1.19,0.00726,0.01214,13.9,13.6,7.5,1.5,47.56,46.88,6.84,12.04,0.0,0.0,1.6357142857142857,0.010161428571428571,57.847142857142856,5.871428571428572,0.0,2018-06-16,1.6
0.2489,-0.9685,1.8,1.24,1.8,1.66,0.01182,0.012029999999999999,16.0,14.4,9.0,4.7,44.16,49.69,12.0,11.88,0.02,0.0,1.6271428571428572,0.010644285714285716,52.01857142857143,4.742857142857143,0.0,2018-06-17,1.49
0.2322,-0.9727,1.6,1.8,1.24,1.24,0.01173,0.00726,16.0,13.9,8.7,7.5,44.41,47.56,7.27,6.84,0.06,0.0,1.662857142857143,0.011202857142857143,46.910000000000004,0.028571428571428574,0.0,2018-06-18,0.83
0.2155,-0.9765,1.49,1.6,1.8,1.85,0.01129,0.01182,15.7,16.0,8.8,9.0,43.65,44.16,6.68,12.0,0.05,0.02,1.5171428571428573,0.010377142857142857,46.755714285714284,0.07142857142857142,0.2,2018-06-19,1.19
0.1986,-0.9801,0.83,1.49,1.6,1.86,0.00637,0.01173,12.3,16.0,7.4,8.7,50.94,44.41,4.83,7.27,0.01,0.06,1.4214285714285713,0.010027142857142858,48.14,0.07142857142857142,0.3,2018-06-20,1.54
0.1818,-0.9833,1.19,0.83,1.49,1.8,0.009689999999999999,0.01129,12.8,15.7,7.0,8.8,56.57,43.65,7.43,6.68,0.01,0.05,1.3842857142857141,0.009974285714285713,47.68285714285714,0.07142857142857142,0.0,2018-06-21,1.03
0.1648,-0.9863,1.54,1.19,0.83,1.24,0.01166,0.00637,15.1,12.3,5.9,7.4,46.49,50.94,11.46,4.83,0.0,0.01,1.3542857142857143,0.010144285714285715,48.401428571428575,0.07142857142857142,0.0,2018-06-22,0.53
0.1478,-0.989,1.03,1.54,1.19,1.8,0.00845,0.009689999999999999,12.4,12.8,4.7,7.0,52.59,56.57,10.91,7.43,0.0,0.01,1.172857142857143,0.00891,50.348571428571425,0.07142857142857142,0.0,2018-06-23,1.35
0.1308,-0.9914,0.53,1.03,1.54,1.6,0.00318,0.01166,10.0,15.1,5.0,5.9,57.79,46.49,4.73,11.46,0.13,0.0,1.1371428571428572,0.00863,55.339999999999996,0.6857142857142857,0.0,2018-06-24,1.4
0.1137,-0.9935,1.35,0.53,1.03,1.49,0.00977,0.00845,15.4,12.4,7.5,4.7,79.35,52.59,8.06,10.91,0.26,0.0,1.1242857142857143,0.008597142857142857,57.410000000000004,0.6571428571428571,4.3,2018-06-25,1.51
0.0966,-0.9953,1.4,1.35,0.53,0.83,0.01106,0.00318,13.6,10.0,6.1,5.0,58.14,57.79,10.67,4.73,0.0,0.13,1.2214285714285715,0.009311428571428571,57.30285714285714,0.6142857142857142,0.0,2018-06-26,1.73
0.0795,-0.9968,1.51,1.4,1.35,1.19,0.01137,0.00977,15.2,15.4,7.0,7.5,50.19,79.35,11.78,8.06,0.0,0.26,1.2985714285714285,0.009584285714285714,57.29857142857143,0.6142857142857142,0.0,2018-06-27,0.7
0.0623,-0.9981,1.73,1.51,1.4,1.54,0.0116,0.01106,17.9,13.6,6.8,6.1,56.54,58.14,11.74,10.67,0.0,0.0,1.1785714285714286,0.008527142857142856,60.74428571428571,0.6857142857142857,0.0,2018-06-28,1.04
0.0451,-0.999,0.7,1.73,1.51,1.03,0.00426,0.01137,14.2,15.2,9.0,7.0,70.61,50.19,5.06,11.78,0.0,0.0,1.18,0.008462857142857143,61.50142857142857,0.6857142857142857,0.5,2018-06-29,0.7
0.028,-0.9996,1.04,0.7,1.73,0.53,0.008,0.0116,13.0,17.9,7.8,6.8,57.89,56.54,7.44,11.74,0.0,0.0,1.2042857142857142,0.008632857142857142,62.66285714285714,0.7714285714285714,0.0,2018-06-30,0.71
0.0108,-0.9999,0.7,1.04,0.7,1.35,0.00437,0.00426,12.2,14.2,7.9,9.0,65.92,70.61,4.43,5.06,0.12,0.0,1.1128571428571428,0.0076214285714285715,62.99428571428571,1.7285714285714284,0.6,2018-07-01,1.61
-0.0065,-1.0,0.71,0.7,1.04,1.4,0.00269,0.008,13.3,13.0,6.5,7.8,81.67,57.89,3.34,7.44,2.03,0.0,1.1428571428571428,0.00748,64.26714285714286,1.7285714285714284,11.0,2018-07-02,1.13
-0.0237,-0.9997,1.61,0.71,0.7,1.51,0.01007,0.00437,17.3,12.2,6.9,7.9,67.05,65.92,9.87,4.43,0.01,0.12,1.0885714285714285,0.00691,68.00285714285714,1.7285714285714284,0.0,2018-07-03,0.93
-0.0408,-0.9992,1.13,1.61,0.71,1.73,0.00738,0.00269,15.9,13.3,7.7,6.5,76.34,81.67,6.31,3.34,0.16,2.03,0.9742857142857143,0.005667142857142858,70.75142857142858,3.757142857142857,0.0,2018-07-04,1.11
-0.058,-0.9983,0.93,1.13,1.61,0.7,0.0029,0.01007,18.6,17.3,9.3,6.9,75.78,67.05,3.04,9.87,6.32,0.01,1.032857142857143,0.005868571428571429,72.55857142857143,6.014285714285714,14.2,2018-07-05,1.14
-0.0752,-0.9972,1.11,0.93,1.13,1.04,0.00567,0.00738,18.6,15.9,8.6,7.7,83.26,76.34,2.97,6.31,13.94,0.16,1.0471428571428572,0.005712857142857143,76.81714285714285,7.8999999999999995,16.3,2018-07-06,1.81
-0.0923,-0.9957,1.14,1.11,0.93,0.7,0.00691,0.0029,15.9,18.6,9.6,9.3,87.7,75.78,9.08,3.04,13.51,6.32,1.2057142857142857,0.006805714285714286,75.57142857142857,7.814285714285715,13.2,2018-07-07,1.59
-0.1094,-0.994,1.81,1.14,1.11,0.71,0.01202,0.00567,17.5,18.6,6.3,8.6,57.2,83.26,12.45,2.97,0.01,13.94,1.3314285714285714,0.008094285714285715,70.14285714285714,6.242857142857143,0.0,2018-07-08,1.27
-0.1265,-0.992,1.59,1.81,1.14,1.61,0.011710000000000002,0.00691,15.4,15.9,8.0,9.6,43.67,87.7,12.44,9.08,0.0,13.51,1.282857142857143,0.008105714285714286,67.52571428571429,6.242857142857143,0.0,2018-07-09,0.95
-0.1436,-0.9896,1.27,1.59,1.81,1.13,0.010150000000000001,0.01202,12.6,17.5,6.2,6.3,48.73,57.2,6.64,12.45,0.01,0.01,1.2571428571428573,0.007978571428571429,66.15857142857143,6.271428571428571,0.0,2018-07-10,1.33
-0.1606,-0.987,0.95,1.27,1.59,0.93,0.00649,0.011710000000000002,12.5,15.4,6.9,8.0,66.77,43.67,3.92,12.44,0.0,0.0,1.3142857142857143,0.009041428571428572,65.00428571428571,4.242857142857143,0.2,2018-07-11,1.35
-0.1775,-0.9841,1.33,0.95,1.27,1.11,0.01034,0.010150000000000001,13.4,12.6,6.6,6.2,67.7,48.73,9.42,6.64,0.0,0.01,1.3485714285714285,0.009667142857142859,61.128571428571426,1.9142857142857141,0.0,2018-07-12,1.74
-0.1944,-0.9809,1.35,1.33,0.95,1.14,0.01005,0.00649,15.1,12.5,7.0,6.9,56.13,66.77,11.32,3.92,0.0,0.0,1.4342857142857144,0.010448571428571429,56.49,0.028571428571428574,0.0,2018-07-13,0.97
-0.2113,-0.9774,1.74,1.35,1.33,1.81,0.01238,0.01034,17.7,13.4,5.8,6.6,55.23,67.7,12.56,9.42,0.0,0.0,1.3142857142857143,0.00972857142857143,57.98285714285714,0.042857142857142864,0.0,2018-07-14,1.0
-0.2281,-0.9736,0.97,1.74,1.35,1.59,0.00698,0.01005,14.1,15.1,8.7,7.0,67.65,56.13,10.11,11.32,0.0,0.0,1.23,0.009098571428571428,61.794285714285714,0.05714285714285715,0.1,2018-07-15,1.19
-0.2448,-0.9696,1.0,0.97,1.74,1.27,0.0073,0.01238,14.6,17.7,9.5,5.8,70.35,55.23,10.76,12.56,0.0,0.0,1.2185714285714284,0.008914285714285713,63.88428571428572,0.1142857142857143,0.1,2018-07-16,0.71
-0.2614,-0.9652,1.19,1.0,0.97,0.95,0.00886,0.00698,13.9,14.1,8.7,8.7,63.36,67.65,9.94,10.11,0.0,0.0,1.1842857142857142,0.00855,64.98714285714286,0.08571428571428573,0.4,2018-07-17,1.76
-0.278,-0.9606,0.71,1.19,1.0,1.33,0.00394,0.0073,11.8,14.6,6.7,9.5,74.49,70.35,6.81,10.76,0.0,0.0,1.2457142857142858,0.008932857142857143,65.50857142857143,0.1,0.0,2018-07-18,1.74
-0.2945,-0.9557,1.76,0.71,1.19,1.35,0.01302,0.00886,11.7,13.9,3.5,8.7,71.35,63.36,12.37,9.94,0.0,0.0,1.3014285714285714,0.009381428571428572,66.60142857142857,0.1,0.1,2018-07-19,2.01
-0.3109,-0.9505,1.74,1.76,0.71,1.74,0.01319,0.00394,11.5,11.8,1.4,6.7,63.78,74.49,12.46,6.81,0.0,0.0,1.3399999999999999,0.009548571428571429,64.95857142857143,0.1,0.0,2018-07-20,1.68
-0.3272,-0.945,2.01,1.74,1.76,0.97,0.013550000000000001,0.01302,15.2,11.7,1.1,3.5,43.73,71.35,13.99,12.37,0.0,0.0,1.4414285714285715,0.010222857142857143,62.90857142857142,0.08571428571428573,0.0,2018-07-21,1.82
-0.3434,-0.9392,1.68,2.01,1.74,1.0,0.011699999999999999,0.01319,13.4,11.5,6.0,1.4,53.3,63.78,12.11,12.46,0.04,0.0,1.5585714285714285,0.01103,62.42571428571428,0.07142857142857142,0.0,2018-07-22,1.69
-0.3595,-0.9332,1.82,1.68,2.01,1.19,0.01295,0.013550000000000001,15.1,15.2,4.4,1.1,66.97,43.73,13.79,13.99,0.0,0.0,1.6300000000000001,0.011724285714285715,60.38285714285714,0.014285714285714287,0.0,2018-07-23,1.58
-0.3755,-0.9268,1.69,1.82,1.68,0.71,0.013720000000000001,0.011699999999999999,12.9,13.4,4.5,6.0,49.06,53.3,14.11,12.11,0.0,0.04,1.7542857142857142,0.013045714285714285,59.34142857142857,0.014285714285714287,0.0,2018-07-24,1.17
-0.3914,-0.9202,1.58,1.69,1.82,1.76,0.01319,0.01295,11.9,15.1,3.6,4.4,67.2,66.97,10.12,13.79,0.0,0.0,1.67,0.01258857142857143,56.81857142857143,0.0,0.0,2018-07-25,0.92
-0.4071,-0.9134,1.17,1.58,1.69,1.74,0.00982,0.013720000000000001,12.0,12.9,3.8,4.5,53.69,49.06,10.56,14.11,0.0,0.0,1.5528571428571427,0.01171,57.705714285714286,0.0,0.0,2018-07-26,0.91
-0.4228,-0.9062,0.92,1.17,1.58,2.01,0.00704,0.01319,10.7,11.9,5.3,3.6,69.99,67.2,6.98,10.12,0.02,0.0,1.3957142857142857,0.010491428571428572,64.28714285714285,0.5428571428571428,0.0,2018-07-27,1.91
-0.4383,-0.8988,0.91,0.92,1.17,1.68,0.005019999999999999,0.00982,11.7,12.0,5.8,3.8,89.8,53.69,5.93,10.56,6.97,0.0,1.4285714285714286,0.010818571428571429,64.57714285714285,0.5428571428571428,3.8,2018-07-28,1.73
-0.4537,-0.8912,1.91,0.91,0.92,1.82,0.01399,0.00704,14.7,10.7,3.3,5.3,55.33,69.99,14.51,6.98,0.0,0.02,1.4157142857142857,0.010871428571428572,63.86142857142857,0.5428571428571428,0.0,2018-07-29,2.01
-0.469,-0.8832,1.73,1.91,0.91,1.69,0.01332,0.005019999999999999,12.6,11.7,4.3,5.8,61.96,89.8,13.82,5.93,0.0,6.97,1.4614285714285715,0.010974285714285714,64.30285714285715,0.5428571428571428,0.0,2018-07-30,1.74
-0.4841,-0.875,2.01,1.73,1.91,1.58,0.01444,0.01399,14.9,14.7,2.8,3.3,52.15,55.33,14.85,14.51,0.0,0.0,1.4842857142857144,0.011014285714285714,62.65714285714285,0.5428571428571428,0.0,2018-07-31,1.55
-0.4991,-0.8666,1.74,2.01,1.73,1.17,0.013470000000000001,0.01332,13.0,12.6,3.9,4.3,55.68,61.96,13.95,13.82,0.0,0.0,1.5385714285714285,0.011337142857142856,63.25285714285714,0.5428571428571428,0.0,2018-08-01,0.9
-0.5139,-0.8578,1.55,1.74,2.01,0.92,0.01208,0.01444,13.0,14.9,4.8,2.8,57.86,52.15,10.47,14.85,0.0,0.0,1.5357142857142858,0.011188571428571428,63.37142857142857,0.5428571428571428,0.0,2018-08-02,2.05
-0.5286,-0.8489,0.9,1.55,1.74,0.91,0.006,0.013470000000000001,10.5,13.0,4.8,3.9,70.82,55.68,5.68,13.95,0.04,0.0,1.6985714285714284,0.012557142857142859,59.021428571428565,0.0,0.0,2018-08-03,1.93
-0.5431,-0.8397,2.05,0.9,1.55,1.91,0.0146,0.01208,16.4,13.0,3.3,4.8,59.35,57.86,15.39,10.47,0.0,0.0,1.7014285714285715,0.012634285714285714,57.62428571428571,0.014285714285714287,0.0,2018-08-04,1.8
-0.5575,-0.8302,1.93,2.05,0.9,1.73,0.01453,0.006,14.2,10.5,4.3,4.8,45.55,70.82,13.55,5.68,0.0,0.04,1.7114285714285715,0.012654285714285715,56.279999999999994,0.014285714285714287,0.1,2018-08-05,1.18
-0.5717,-0.8205,1.8,1.93,2.05,2.01,0.013460000000000001,0.0146,14.8,16.4,5.1,3.3,52.55,59.35,10.76,15.39,0.01,0.0,1.592857142857143,0.011734285714285714,59.23142857142857,0.014285714285714287,0.0,2018-08-06,2.08
-0.5857,-0.8105,1.18,1.8,1.93,1.74,0.008,0.01453,15.2,14.2,6.8,4.3,72.81,45.55,7.45,13.55,0.19,0.0,1.6414285714285715,0.01192,61.30142857142857,1.5285714285714285,0.0,2018-08-07,2.73
-0.5996,-0.8003,2.08,1.18,1.8,1.55,0.01477,0.013460000000000001,15.8,14.8,6.9,5.1,70.17,52.55,14.61,10.76,3.76,0.01,1.81,0.01243142857142857,58.31,1.5285714285714285,10.6,2018-08-08,2.28
-0.6132,-0.7899,2.73,2.08,1.18,0.9,0.01566,0.008,22.5,15.2,4.4,6.8,36.92,72.81,16.28,7.45,0.0,0.19,2.007142857142857,0.013730000000000001,55.51857142857143,1.5285714285714285,0.0,2018-08-09,1.86
-0.6267,-0.7792,2.28,2.73,2.08,2.05,0.01509,0.01477,19.2,15.8,8.6,6.9,51.28,70.17,13.74,14.61,0.0,3.76,1.98,0.013512857142857144,54.34571428571429,1.5285714285714285,0.0,2018-08-10,1.8
-0.64,-0.7683,1.86,2.28,2.73,1.93,0.01308,0.01566,18.0,22.5,8.1,4.4,51.14,36.92,11.61,16.28,0.0,0.0,1.9614285714285715,0.013347142857142858,56.58142857142857,1.5142857142857142,0.0,2018-08-11,1.72
-0.6532,-0.7572,1.8,1.86,2.28,1.8,0.01337,0.01509,15.5,19.2,8.6,8.6,61.2,51.28,11.15,13.74,0.0,0.0,1.95,0.013205714285714284,58.854285714285716,1.5142857142857142,0.0,2018-08-12,2.43
-0.6661,-0.7459,1.72,1.8,1.86,1.18,0.01247,0.01308,14.6,18.0,8.6,8.1,68.46,51.14,8.82,11.61,0.0,0.0,2.1285714285714286,0.014372857142857144,57.63428571428572,1.5142857142857142,0.0,2018-08-13,2.38
-0.6788,-0.7343,2.43,1.72,1.8,2.08,0.01617,0.01337,18.2,15.5,7.7,8.6,64.27,61.2,16.67,11.15,0.0,0.0,2.1714285714285713,0.014605714285714286,53.11857142857143,0.0,0.0,2018-08-14,2.42
-0.6914,-0.7225,2.38,2.43,1.72,2.73,0.016399999999999998,0.01247,17.1,14.6,6.8,8.6,38.56,68.46,17.09,8.82,0.0,0.0,2.1271428571428572,0.014714285714285713,54.81714285714286,0.0,0.0,2018-08-15,1.99
-0.7037,-0.7105,2.42,2.38,2.43,2.28,0.01642,0.01617,17.6,18.2,8.6,7.7,48.81,64.27,17.11,16.67,0.0,0.0,2.085714285714286,0.014705714285714286,55.76,0.0,0.0,2018-08-16,1.39
-0.7158,-0.6983,1.99,2.42,2.38,1.86,0.01503,0.016399999999999998,15.9,17.1,6.6,6.8,57.88,38.56,10.71,17.09,0.0,0.0,2.0185714285714282,0.014252857142857142,57.83,0.014285714285714287,0.0,2018-08-17,1.93
-0.7277,-0.6859,1.39,1.99,2.42,1.8,0.00991,0.01642,14.0,17.6,8.4,8.6,65.63,48.81,8.46,17.11,0.01,0.0,2.037142857142857,0.01413142857142857,58.794285714285714,0.014285714285714287,0.1,2018-08-18,2.28
-0.7394,-0.6733,1.93,1.39,1.99,1.72,0.01252,0.01503,17.2,15.9,7.2,6.6,67.95,57.88,14.79,10.71,0.0,0.0,2.117142857142857,0.014842857142857142,56.01714285714286,0.014285714285714287,0.0,2018-08-19,2.25
-0.7509,-0.6605,2.28,1.93,1.39,2.43,0.01745,0.00991,14.8,14.0,5.8,8.4,49.02,65.63,18.14,8.46,0.0,0.01,2.091428571428571,0.015025714285714285,53.705714285714286,0.014285714285714287,0.0,2018-08-20,1.66
-0.7621,-0.6474,2.25,2.28,1.93,2.38,0.01745,0.01252,14.7,17.2,3.2,7.2,48.09,67.95,14.22,14.79,0.0,0.0,1.9885714285714287,0.014577142857142858,54.93142857142857,0.014285714285714287,0.0,2018-08-21,1.26
-0.7731,-0.6342,1.66,2.25,2.28,2.42,0.01326,0.01745,12.9,14.8,4.9,5.8,47.14,49.02,7.51,18.14,0.04,0.0,1.8228571428571427,0.013517142857142856,57.28285714285715,0.014285714285714287,0.0,2018-08-22,1.59
-0.7839,-0.6208,1.26,1.66,2.25,1.99,0.009,0.01745,12.0,14.7,6.9,3.2,65.27,48.09,6.97,14.22,0.17,0.0,1.7657142857142856,0.012737142857142858,60.63,0.17142857142857146,0.0,2018-08-23,2.68
-0.7945,-0.6073,1.59,1.26,1.66,1.39,0.00957,0.01326,13.7,12.9,7.0,4.9,81.31,47.14,13.29,7.51,2.97,0.04,1.95,0.01391,58.87714285714286,0.15714285714285717,1.1,2018-08-24,2.85
-0.8048,-0.5935,2.68,1.59,1.26,1.93,0.01812,0.009,18.1,12.0,3.3,6.9,53.36,65.27,18.87,6.97,0.0,0.17,2.0814285714285714,0.014704285714285713,55.56714285714286,0.15714285714285717,0.0,2018-08-25,2.52
-0.8149,-0.5796,2.85,2.68,1.59,2.28,0.01808,0.00957,19.4,13.7,6.6,7.0,44.78,81.31,18.57,13.29,0.0,2.97,2.1157142857142857,0.01481,55.534285714285716,0.15714285714285717,0.0,2018-08-26,1.17
-0.8248,-0.5655,2.52,2.85,2.68,2.25,0.01819,0.01812,16.5,18.1,8.7,3.3,48.79,53.36,12.58,18.87,0.06,0.0,1.9614285714285715,0.013445714285714285,56.28857142857142,0.21428571428571427,0.0,2018-08-27,1.17
-0.8344,-0.5512,1.17,2.52,2.85,1.66,0.0079,0.01808,13.3,19.4,9.2,6.6,53.37,44.78,7.92,18.57,0.38,0.0,1.8914285714285715,0.012655714285714286,58.05285714285714,0.2857142857142857,0.4,2018-08-28,1.3
-0.8437,-0.5368,1.17,1.17,2.52,1.26,0.007730000000000001,0.01819,13.3,16.5,8.3,8.7,59.49,48.79,9.35,12.58,0.49,0.06,1.8971428571428572,0.012687142857142857,58.09285714285714,0.3,0.5,2018-08-29,1.88
-0.8528,-0.5222,1.3,1.17,1.17,1.59,0.00922,0.0079,13.1,13.3,8.9,9.2,65.55,53.37,12.49,7.92,0.0,0.38,1.9385714285714286,0.013122857142857143,56.862857142857145,0.14285714285714285,0.1,2018-08-30,1.33
-0.8617,-0.5074,1.88,1.3,1.17,2.68,0.01262,0.007730000000000001,16.5,13.3,9.0,8.3,72.7,59.49,7.15,9.35,0.26,0.49,1.7457142857142858,0.011714285714285715,61.54857142857143,0.24285714285714285,0.0,2018-08-31,2.58
-0.8703,-0.4925,1.33,1.88,1.3,2.85,0.00826,0.00922,15.3,13.1,9.9,8.9,86.16,65.55,7.61,12.49,0.29,0.0,1.707142857142857,0.01178857142857143,65.15571428571428,0.24285714285714285,0.7,2018-09-01,2.75
-0.8786,-0.4775,2.58,1.33,1.88,2.52,0.018600000000000002,0.01262,16.9,16.5,7.1,9.0,70.03,72.7,18.52,7.15,0.0,0.26,1.74,0.011901428571428573,65.6542857142857,0.24285714285714285,0.0,2018-09-02,3.43
-0.8867,-0.4623,2.75,2.58,1.33,1.17,0.01898,0.00826,18.3,15.3,7.1,9.9,52.28,86.16,19.89,7.61,0.0,0.29,2.0628571428571427,0.013595714285714286,62.958571428571425,0.18571428571428572,0.0,2018-09-03,2.92
-0.8945,-0.447,3.43,2.75,2.58,1.17,0.019760000000000003,0.018600000000000002,23.6,16.9,8.3,7.1,34.5,70.03,20.7,18.52,0.0,0.0,2.312857142857143,0.015338571428571429,60.87,0.11428571428571428,0.0,2018-09-04,2.31
-0.9021,-0.4315,2.92,3.43,2.75,1.3,0.01993,0.01898,19.2,18.3,11.6,7.1,44.87,52.28,19.17,19.89,0.0,0.0,2.457142857142857,0.01641,61.1,0.09999999999999999,0.0,2018-09-05,2.63
-0.9094,-0.4159,2.31,2.92,3.43,1.88,0.01672,0.019760000000000003,15.3,23.6,8.6,8.3,67.16,34.5,15.1,20.7,0.0,0.0,2.564285714285714,0.017304285714285713,58.464285714285715,0.09999999999999999,0.0,2018-09-06,1.72
-0.9164,-0.4002,2.63,2.31,2.92,1.33,0.018879999999999997,0.01993,16.7,19.2,7.6,11.6,54.25,44.87,20.53,19.17,0.0,0.0,2.62,0.01785142857142857,54.12571428571429,0.0,0.0,2018-09-07,2.88
-0.9232,-0.3844,1.72,2.63,2.31,2.58,0.01209,0.01672,14.5,15.3,8.5,8.6,55.79,67.16,19.27,15.1,0.0,0.0,2.662857142857143,0.01812142857142857,51.459999999999994,0.0,0.0,2018-09-08,2.78
-0.9296,-0.3685,2.88,1.72,2.63,2.75,0.020489999999999998,0.018879999999999997,16.8,16.7,6.8,7.6,51.37,54.25,21.05,20.53,0.0,0.0,2.667142857142857,0.018138571428571428,51.32857142857143,0.0,0.0,2018-09-09,2.96
-0.9358,-0.3524,2.78,2.88,1.72,3.43,0.019100000000000002,0.01209,17.6,14.5,8.8,8.5,51.36,55.79,16.76,19.27,0.0,0.0,2.6,0.01812428571428571,53.287142857142854,0.0,0.0,2018-09-10,2.82
-0.9418,-0.3363,2.96,2.78,2.88,2.92,0.01966,0.020489999999999998,18.6,16.8,7.7,6.8,48.21,51.37,19.07,21.05,0.0,0.0,2.5857142857142854,0.018112857142857146,55.598571428571425,0.0,0.0,2018-09-11,1.93
-0.9474,-0.32,2.82,2.96,2.78,2.31,0.019850000000000003,0.019100000000000002,16.9,17.6,7.5,8.8,61.05,51.36,17.67,16.76,0.0,0.0,2.531428571428571,0.017685714285714287,55.69857142857143,0.0,0.0,2018-09-12,1.85
-0.9528,-0.3037,1.93,2.82,2.96,2.63,0.013730000000000001,0.01966,15.5,18.6,7.8,7.7,67.86,48.21,13.42,19.07,0.0,0.0,2.4199999999999995,0.016787142857142858,57.52428571428572,0.0,0.0,2018-09-13,1.9
-0.9579,-0.2873,1.85,1.93,2.82,1.72,0.01259,0.019850000000000003,15.1,16.9,9.4,7.5,67.03,61.05,10.58,17.67,0.05,0.0,2.4457142857142857,0.016914285714285715,58.98142857142857,0.028571428571428574,0.0,2018-09-14,1.5
-0.9627,-0.2707,1.9,1.85,1.93,2.88,0.01298,0.013730000000000001,14.7,15.5,8.4,7.8,65.99,67.86,7.39,13.42,0.01,0.0,2.2485714285714287,0.015234285714285716,63.201428571428565,0.05714285714285715,0.2,2018-09-15,2.94
-0.9672,-0.2541,1.5,1.9,1.85,2.78,0.00873,0.01259,14.3,15.1,10.1,9.4,80.91,67.03,9.24,10.58,0.01,0.05,2.2714285714285714,0.015405714285714286,65.5942857142857,0.05714285714285715,0.2,2018-09-16,2.71
-0.9714,-0.2375,2.94,1.5,1.9,2.96,0.020300000000000002,0.01298,16.3,14.7,7.2,8.4,68.11,65.99,21.62,7.39,0.0,0.01,2.2357142857142858,0.015202857142857143,67.33142857142857,0.07142857142857142,0.0,2018-09-17,1.39
-0.9753,-0.2207,2.71,2.94,1.5,2.82,0.01824,0.00873,17.0,14.3,7.0,10.1,60.37,80.91,15.59,9.24,1.89,0.01,2.031428571428571,0.013674285714285713,71.45857142857143,2.1285714285714286,0.1,2018-09-18,2.74
-0.979,-0.2039,1.39,2.71,2.94,1.93,0.00915,0.020300000000000002,15.4,16.3,10.1,7.2,89.94,68.11,11.8,21.62,15.04,0.0,2.1471428571428572,0.014182857142857145,70.94,2.1285714285714286,14.4,2018-09-19,2.86
-0.9824,-0.187,2.74,1.39,2.71,1.85,0.01729,0.01824,18.1,17.0,7.6,7.0,64.23,60.37,19.2,15.59,0.0,1.89,2.2914285714285714,0.014881428571428571,68.58714285714287,2.1285714285714286,0.0,2018-09-20,3.7
-0.9854,-0.1701,2.86,2.74,1.39,1.9,0.01748,0.00915,20.1,15.4,8.7,10.1,50.56,89.94,20.8,11.8,0.0,15.04,2.5485714285714285,0.01631142857142857,66.07857142857144,2.1,0.0,2018-09-21,3.08
-0.9882,-0.1531,3.7,2.86,2.74,1.5,0.02299,0.01729,21.0,18.1,10.0,7.6,48.43,64.23,22.67,19.2,0.0,0.0,2.7742857142857145,0.017995714285714285,64.51571428571428,2.1,0.0,2018-09-22,3.19
-0.9907,-0.1361,3.08,3.7,2.86,2.94,0.02052,0.01748,18.6,20.1,9.6,8.7,69.97,50.56,17.91,20.8,0.01,0.0,2.81,0.018111428571428573,64.25714285714285,2.1,0.2,2018-09-23,3.04
-0.9929,-0.1191,3.19,3.08,3.7,2.71,0.02111,0.02299,18.6,21.0,10.2,10.0,66.3,48.43,22.99,22.67,0.0,0.0,2.857142857142857,0.018361428571428574,63.354285714285716,2.085714285714286,0.0,2018-09-24,2.77
-0.9948,-0.102,3.04,3.19,3.08,1.39,0.019989999999999997,0.02052,18.9,18.6,8.7,9.6,54.05,69.97,17.82,17.91,0.0,0.01,3.0542857142857143,0.01958714285714286,58.86,0.028571428571428574,0.0,2018-09-25,2.41
-0.9964,-0.0848,2.77,3.04,3.19,2.74,0.01773,0.02111,18.1,18.6,8.0,10.2,58.48,66.3,19.54,22.99,0.0,0.0,3.007142857142857,0.019235714285714283,59.50714285714286,0.028571428571428574,0.0,2018-09-26,1.99
-0.9977,-0.0677,2.41,2.77,3.04,2.86,0.01483,0.019989999999999997,18.1,18.9,11.2,8.7,68.76,54.05,10.31,17.82,0.0,0.0,2.882857142857143,0.018465714285714283,61.652857142857144,0.028571428571428574,0.0,2018-09-27,3.4
-0.9987,-0.0505,1.99,2.41,2.77,3.7,0.01209,0.01773,18.1,18.1,10.4,8.0,65.58,58.48,14.1,19.54,0.0,0.0,2.84,0.018251428571428568,64.5957142857143,0.028571428571428574,0.0,2018-09-28,2.11
-0.9994,-0.0333,3.4,1.99,2.41,3.08,0.02149,0.01483,20.5,18.1,8.4,11.2,69.03,68.76,18.58,10.31,0.06,0.0,2.7014285714285715,0.01714,66.44714285714285,0.1142857142857143,0.0,2018-09-29,1.57
-0.9999,-0.0161,2.11,3.4,1.99,3.19,0.01274,0.01209,17.2,18.1,11.4,10.4,82.93,65.58,15.91,14.1,2.57,0.0,2.4699999999999998,0.015349999999999999,67.46571428571428,0.17142857142857146,0.8,2018-09-30,3.43
-1.0,0.0011,1.57,2.11,3.4,3.04,0.00858,0.02149,15.2,20.5,10.5,8.4,73.43,69.03,11.14,18.58,0.0,0.06,2.525714285714286,0.01595857142857143,67.87571428571428,0.17142857142857146,0.4,2018-10-01,3.65
-0.9998,0.0183,3.43,1.57,2.11,2.77,0.02425,0.01274,17.2,17.2,6.2,11.4,56.92,82.93,25.67,15.91,0.0,2.57,2.6514285714285712,0.016958571428571427,65.78571428571429,0.17142857142857146,0.0,2018-10-02,4.24
-0.9994,0.0355,3.65,3.43,1.57,2.41,0.024730000000000002,0.00858,18.6,15.2,7.6,10.5,43.85,73.43,26.27,11.14,0.0,0.0,2.912857142857143,0.01848285714285714,60.76857142857143,0.17142857142857146,0.0,2018-10-03,3.23
-0.9986,0.0527,4.24,3.65,3.43,1.99,0.0255,0.02425,22.4,17.2,7.4,6.2,33.64,56.92,26.79,25.67,0.0,0.0,3.09,0.01988857142857143,57.89714285714286,0.17142857142857146,0.0,2018-10-04,3.19
-0.9976,0.0698,3.23,4.24,3.65,3.4,0.021929999999999998,0.024730000000000002,18.3,18.6,12.1,7.6,45.48,43.85,19.19,26.27,0.02,0.0,3.06,0.02002,56.230000000000004,0.2285714285714286,0.0,2018-10-05,3.34
-0.9962,0.087,3.19,3.23,4.24,2.11,0.02241,0.0255,17.2,22.4,8.5,7.4,57.36,33.64,17.29,26.79,0.1,0.0,3.2357142857142853,0.021627142857142855,51.83571428571429,0.1142857142857143,0.4,2018-10-06,2.34
-0.9946,0.1041,3.34,3.19,3.23,1.57,0.023989999999999997,0.021929999999999998,17.3,18.3,6.4,12.1,52.17,45.48,16.28,19.19,0.08,0.02,3.345714285714286,0.02271,50.08,0.05714285714285715,0.0,2018-10-07,3.03
-0.9926,0.1212,2.34,3.34,3.19,3.43,0.01616,0.02241,14.3,17.2,9.0,8.5,61.14,57.36,12.21,17.29,0.05,0.1,3.2885714285714287,0.02201,52.12428571428571,0.05714285714285715,0.0,2018-10-08,2.55
-0.9904,0.1383,3.03,2.34,3.34,3.65,0.019350000000000003,0.023989999999999997,17.9,17.3,10.6,6.4,71.23,52.17,19.37,16.28,0.05,0.08,3.1314285714285712,0.020888571428571426,54.71857142857142,0.05714285714285715,0.0,2018-10-09,2.11
-0.9879,0.1553,2.55,3.03,2.34,4.24,0.01688,0.01616,16.5,14.3,8.7,9.0,62.01,61.14,16.91,12.21,0.0,0.05,2.827142857142857,0.019267142857142854,58.50285714285714,0.05714285714285715,0.0,2018-10-10,3.25
-0.9851,0.1722,2.11,2.55,3.03,3.23,0.014150000000000001,0.019350000000000003,15.1,17.9,8.4,10.6,60.13,71.23,13.59,19.37,0.0,0.05,2.8299999999999996,0.019155714285714283,62.16857142857143,0.09999999999999999,0.0,2018-10-11,2.9
-0.9819,0.1892,3.25,2.11,2.55,3.19,0.02115,0.01688,17.4,16.5,8.7,8.7,71.14,62.01,20.76,16.91,0.0,0.0,2.7885714285714287,0.01870714285714286,63.98142857142857,0.04285714285714286,0.3,2018-10-12,3.24
-0.9785,0.206,2.9,3.25,2.11,3.34,0.01927,0.014150000000000001,16.5,15.1,8.7,8.4,70.05,60.13,15.88,13.59,0.0,0.0,2.774285714285714,0.018432857142857143,66.78571428571429,0.04285714285714286,0.0,2018-10-13,3.81
-0.9749,0.2228,3.24,2.9,3.25,2.34,0.02207,0.02115,16.9,17.4,7.5,8.7,71.8,71.14,18.22,20.76,0.27,0.0,2.9842857142857144,0.019928571428571427,67.66142857142857,0.04285714285714286,0.0,2018-10-14,2.16
-0.9709,0.2396,3.81,3.24,2.9,3.03,0.026629999999999997,0.01927,17.8,16.5,8.5,8.7,67.27,70.05,22.49,15.88,0.03,0.0,2.86,0.01917142857142857,66.27142857142857,0.05714285714285715,0.0,2018-10-15,2.74
-0.9666,0.2562,2.16,3.81,3.24,2.55,0.01405,0.02207,16.1,16.9,8.9,7.5,61.5,71.8,13.06,18.22,0.06,0.27,2.8871428571428575,0.019318571428571428,67.68428571428572,0.21428571428571427,0.1,2018-10-16,3.28
-0.9621,0.2728,2.74,2.16,3.81,2.11,0.01791,0.026629999999999997,16.8,17.8,9.6,8.5,71.9,67.27,15.32,22.49,0.03,0.03,3.0542857142857143,0.02031857142857143,69.98714285714286,0.21428571428571427,1.1,2018-10-17,4.11
-0.9572,0.2893,3.28,2.74,2.16,3.25,0.02115,0.01405,17.7,16.1,9.6,8.9,76.25,61.5,23.41,13.06,0.06,0.06,3.1771428571428575,0.021189999999999997,69.00857142857143,0.17142857142857146,0.0,2018-10-18,4.11
-0.9521,0.3057,4.11,3.28,2.74,2.9,0.02725,0.01791,18.6,16.8,8.6,9.6,64.29,71.9,27.94,15.32,0.0,0.03,3.3500000000000005,0.022375714285714284,68.02428571428571,0.17142857142857146,0.0,2018-10-19,4.06
-0.9467,0.3221,4.11,4.11,3.28,3.24,0.02757,0.02115,18.1,17.7,8.9,9.6,63.16,76.25,27.99,23.41,0.0,0.06,3.467142857142857,0.02318142857142857,66.79571428571428,0.17142857142857146,0.0,2018-10-20,4.05
-0.941,0.3383,4.06,4.11,4.11,3.81,0.027710000000000002,0.02725,17.7,18.6,7.6,8.6,63.2,64.29,27.78,27.94,0.01,0.0,3.501428571428572,0.023219999999999998,63.885714285714286,0.17142857142857146,0.0,2018-10-21,4.36
-0.9351,0.3545,4.05,4.06,4.11,2.16,0.0269,0.02757,18.9,18.1,7.0,8.9,46.9,63.16,28.23,27.99,0.0,0.0,3.815714285714286,0.025181428571428573,62.30142857142857,0.15714285714285717,0.0,2018-10-22,3.53
-0.9288,0.3705,4.36,4.05,4.06,2.74,0.027780000000000003,0.027710000000000002,20.2,17.7,9.8,7.6,50.41,63.2,28.49,27.78,0.01,0.01,3.9285714285714284,0.026022857142857146,60.76,0.0,0.0,2018-10-23,3.8
-0.9223,0.3864,3.53,4.36,4.05,3.28,0.0238,0.0269,17.6,18.9,7.8,7.0,61.11,46.9,18.37,28.23,0.0,0.0,4.002857142857143,0.026345714285714285,58.32714285714286,0.0,0.0,2018-10-24,3.33
-0.9155,0.4022,3.8,3.53,4.36,4.11,0.02341,0.027780000000000003,19.7,20.2,9.4,9.8,59.22,50.41,22.61,28.49,0.0,0.01,3.891428571428571,0.025534285714285714,57.81857142857143,0.0,0.0,2018-10-25,4.5
-0.9085,0.4179,3.33,3.8,3.53,4.11,0.02157,0.0238,18.3,17.6,10.1,7.8,60.73,61.11,17.95,18.37,0.0,0.0,3.947142857142857,0.025585714285714288,56.03142857142857,0.0,0.0,2018-10-26,4.22
-0.9012,0.4335,4.5,3.33,3.8,4.06,0.02793,0.02341,20.7,19.7,9.1,9.4,50.65,59.22,27.21,22.61,0.0,0.0,3.9699999999999998,0.025342857142857143,54.29857142857143,0.0,0.0,2018-10-27,3.68
-0.8936,0.4489,4.22,4.5,3.33,4.05,0.026010000000000002,0.02157,22.1,18.3,11.4,10.1,51.07,60.73,23.02,17.95,0.0,0.0,3.9171428571428573,0.024662857142857146,55.54857142857143,0.08571428571428572,0.0,2018-10-28,2.99
-0.8857,0.4642,3.68,4.22,4.5,4.36,0.02214,0.02793,22.2,20.7,11.1,9.1,55.65,50.65,17.61,27.21,0.04,0.0,3.7214285714285715,0.023268571428571427,58.09285714285714,0.09999999999999999,0.6,2018-10-29,4.09
-0.8776,0.4794,2.99,3.68,4.22,3.53,0.01802,0.026010000000000002,19.9,22.1,12.3,11.4,68.22,51.07,16.16,23.02,3.08,0.0,3.801428571428571,0.02343,59.738571428571426,0.24285714285714285,0.1,2018-10-30,4.35
-0.8692,0.4944,4.09,2.99,3.68,3.8,0.02493,0.02214,21.2,22.2,12.8,11.1,72.63,55.65,25.26,17.61,1.22,0.04,3.88,0.02409,60.42,0.24285714285714285,1.0,2018-10-31,3.85
-0.8606,0.5093,4.35,4.09,2.99,3.33,0.028030000000000003,0.01802,19.9,19.9,11.6,12.3,63.99,68.22,22.16,16.16,0.0,3.08,3.954285714285714,0.02444857142857143,59.527142857142856,0.24285714285714285,0.0,2018-11-01,3.57
-0.8517,0.524,3.85,4.35,4.09,4.5,0.024079999999999997,0.02493,20.1,21.2,9.9,12.8,54.48,72.63,27.1,25.26,0.0,1.22,3.8214285714285716,0.023517142857142855,60.971428571428575,0.2571428571428572,0.0,2018-11-02,4.27
-0.8426,0.5386,3.57,3.85,4.35,4.22,0.02141,0.028030000000000003,20.0,19.9,9.9,11.6,60.76,63.99,26.52,22.16,0.01,0.0,3.8285714285714287,0.023851428571428572,61.410000000000004,0.2571428571428572,0.1,2018-11-03,4.39
-0.8332,0.553,4.27,3.57,3.85,3.68,0.02835,0.024079999999999997,19.0,20.1,10.5,9.9,54.14,54.48,26.63,27.1,0.0,0.0,3.9299999999999997,0.024701428571428572,61.567142857142855,0.17142857142857143,0.0,2018-11-04,4.9
-0.8235,0.5672,4.39,4.27,3.57,2.99,0.02809,0.02141,19.4,20.0,10.2,9.9,56.75,60.76,28.8,26.52,0.0,0.01,4.202857142857143,0.02639,58.255714285714284,0.15714285714285717,0.0,2018-11-05,5.13
-0.8137,0.5813,4.9,4.39,4.27,4.09,0.02984,0.02835,22.4,19.0,9.7,10.5,45.04,54.14,30.71,26.63,0.0,0.0,4.351428571428571,0.027127142857142857,52.855714285714285,0.014285714285714287,0.0,2018-11-06,5.16
-0.8035,0.5952,5.13,4.9,4.39,4.35,0.03009,0.02809,23.5,19.4,12.6,10.2,34.83,56.75,31.32,28.8,0.0,0.0,4.467142857142857,0.027460000000000002,49.709999999999994,0.014285714285714287,0.0,2018-11-07,4.7
-0.7932,0.609,5.16,5.13,4.9,3.85,0.030359999999999998,0.02984,23.8,22.4,12.1,9.7,41.97,45.04,30.77,30.71,0.02,0.0,4.588571428571428,0.028154285714285715,48.18,0.014285714285714287,0.0,2018-11-08,5.06
-0.7826,0.6225,4.7,5.16,5.13,3.57,0.02894,0.03009,21.3,23.5,11.5,12.6,43.77,34.83,29.99,31.32,0.0,0.0,4.801428571428572,0.029519999999999998,46.25142857142857,0.0,0.0,2018-11-09,4.79
-0.7718,0.6359,5.06,4.7,5.16,4.27,0.030969999999999998,0.030359999999999998,21.2,23.8,11.9,12.1,47.26,41.97,27.77,30.77,0.0,0.02,4.875714285714286,0.029597142857142857,47.21857142857142,0.0,0.0,2018-11-10,4.53
-0.7607,0.6491,4.79,5.06,4.7,4.39,0.02889,0.02894,22.2,21.3,12.1,11.5,60.91,43.77,28.2,29.99,0.01,0.0,4.895714285714286,0.029407142857142857,49.62285714285714,0.0,0.0,2018-11-11,3.92
-0.7494,0.6621,4.53,4.79,5.06,4.9,0.026760000000000003,0.030969999999999998,21.6,21.2,14.0,11.9,73.58,47.26,29.6,27.77,0.03,0.0,4.755714285714285,0.028434285714285714,53.00857142857143,0.07142857142857142,0.0,2018-11-12,4.7
-0.7379,0.6749,3.92,4.53,4.79,5.13,0.023030000000000002,0.02889,20.0,22.2,13.5,12.1,68.74,60.91,25.05,28.2,0.19,0.01,4.694285714285714,0.028217142857142857,55.86285714285714,0.07142857142857142,0.5,2018-11-13,5.3
-0.7262,0.6875,4.7,3.92,4.53,5.16,0.02857,0.026760000000000003,20.3,21.6,11.6,14.0,54.81,73.58,30.83,29.6,0.06,0.03,4.714285714285714,0.02828285714285714,54.96142857142858,0.07142857142857142,0.0,2018-11-14,5.13
-0.7143,0.6998,5.3,4.7,3.92,4.7,0.03082,0.023030000000000002,22.6,20.0,11.0,13.5,35.66,68.74,31.86,25.05,0.0,0.19,4.775714285714286,0.02856142857142857,55.19142857142857,0.07142857142857142,0.0,2018-11-15,5.03
-0.7021,0.712,5.13,5.3,4.7,5.06,0.03089,0.02857,22.6,20.3,11.0,11.6,45.38,54.81,31.7,30.83,0.0,0.06,4.771428571428571,0.028495714285714287,56.13428571428572,0.07142857142857142,0.0,2018-11-16,4.95
-0.6898,0.724,5.03,5.13,5.3,4.79,0.030510000000000002,0.03082,22.0,22.6,11.8,11.0,53.86,35.66,31.47,31.86,0.0,0.0,4.7942857142857145,0.02858428571428572,54.91285714285714,0.07142857142857142,0.0,2018-11-17,5.4
-0.6772,0.7358,4.95,5.03,5.13,4.53,0.02951,0.03089,22.5,22.6,11.7,11.0,52.36,45.38,31.76,31.7,0.0,0.0,4.918571428571428,0.029241428571428574,48.66285714285714,0.07142857142857142,0.0,2018-11-18,5.2
-0.6645,0.7473,5.4,4.95,5.03,3.92,0.03136,0.030510000000000002,24.3,22.0,10.6,11.8,29.83,53.86,32.78,31.47,0.0,0.0,5.101428571428571,0.030430000000000002,44.96142857142858,0.0,0.0,2018-11-19,5.05
-0.6515,0.7586,5.2,5.4,4.95,4.7,0.03135,0.02951,22.8,22.5,12.0,11.7,42.83,52.36,32.04,31.76,0.0,0.0,5.151428571428572,0.03077,43.402857142857144,0.0,0.0,2018-11-20,4.61
-0.6384,0.7697,5.05,5.2,5.4,5.3,0.03095,0.03136,22.0,24.3,12.5,10.6,43.9,29.83,31.65,32.78,0.0,0.0,5.052857142857143,0.030544285714285715,46.41285714285714,0.0,0.0,2018-11-21,4.82
-0.625,0.7806,4.61,5.05,5.2,5.13,0.02924,0.03135,20.3,22.8,13.0,12.0,56.73,42.83,27.94,32.04,0.0,0.0,5.008571428571429,0.030415714285714286,47.58857142857143,0.0,0.0,2018-11-22,5.13
-0.6115,0.7912,4.82,4.61,5.05,5.03,0.02999,0.03095,21.5,22.0,13.8,12.5,53.61,43.9,25.06,31.65,0.01,0.0,5.022857142857143,0.030492857142857144,47.24142857142857,0.0,0.0,2018-11-23,5.36
-0.5978,0.8016,5.13,4.82,4.61,4.95,0.03105,0.02924,22.2,20.3,13.1,13.0,51.43,56.73,31.87,27.94,0.02,0.0,5.081428571428572,0.03082714285714286,45.575714285714284,0.0,0.0,2018-11-24,5.3
-0.584,0.8118,5.36,5.13,4.82,5.4,0.03185,0.02999,22.9,21.5,11.7,13.8,40.7,53.61,33.11,25.06,0.0,0.01,5.067142857142857,0.030914285714285717,47.871428571428574,0.0,0.0,2018-11-25,4.89
-0.5699,0.8217,5.3,5.36,5.13,5.2,0.03197,0.03105,22.0,22.2,11.2,13.1,45.9,51.43,30.38,31.87,0.0,0.02,5.022857142857142,0.030872857142857143,49.44,0.0,0.0,2018-11-26,5.11
-0.5557,0.8314,4.89,5.3,5.36,5.05,0.031059999999999997,0.03185,20.8,22.9,10.7,11.7,53.81,40.7,25.7,33.11,0.0,0.0,5.031428571428571,0.031067142857142856,49.77428571428572,0.0,0.0,2018-11-27,4.73
-0.5413,0.8408,5.11,4.89,5.3,4.61,0.032310000000000005,0.03197,20.5,22.0,10.6,11.2,46.24,45.9,30.46,30.38,0.14,0.0,5.048571428571429,0.031129999999999998,49.83428571428572,0.0,0.0,2018-11-28,3.94
-0.5268,0.85,4.73,5.11,4.89,4.82,0.029679999999999998,0.031059999999999997,20.3,20.8,12.9,10.7,57.15,53.81,21.75,25.7,0.08,0.0,4.922857142857143,0.030342857142857144,51.11714285714286,0.05714285714285715,0.0,2018-11-29,4.51
-0.5121,0.859,3.94,4.73,5.11,5.13,0.024480000000000002,0.032310000000000005,19.7,20.5,13.2,10.6,62.59,46.24,19.53,30.46,0.05,0.14,4.8342857142857145,0.029974285714285714,52.425714285714285,0.05714285714285715,0.4,2018-11-30,4.87
-0.4972,0.8676,4.51,3.94,4.73,5.36,0.02847,0.029679999999999998,20.8,20.3,12.0,12.9,60.59,57.15,21.57,21.75,0.02,0.08,4.764285714285714,0.029814285714285713,54.51142857142857,0.05714285714285715,0.0,2018-12-01,4.35
-0.4822,0.8761,4.87,4.51,3.94,5.3,0.03073,0.024480000000000002,21.1,19.7,12.7,13.2,55.3,62.59,22.04,19.53,0.0,0.05,4.628571428571428,0.02911285714285714,55.31,0.05714285714285715,0.0,2018-12-02,4.67
-0.4671,0.8842,4.35,4.87,4.51,4.89,0.027059999999999997,0.02847,21.1,20.8,13.7,12.0,51.49,60.59,18.8,21.57,0.0,0.02,4.597142857142857,0.028818571428571426,56.114285714285714,0.05714285714285715,0.0,2018-12-03,4.24
-0.4518,0.8921,4.67,4.35,4.87,5.11,0.029,0.03073,20.7,21.1,13.7,12.7,59.44,55.3,16.99,22.04,0.01,0.0,4.472857142857142,0.027664285714285714,58.71714285714285,0.08571428571428573,0.0,2018-12-04,5.18
-0.4364,0.8998,4.24,4.67,4.35,4.73,0.02423,0.027059999999999997,21.6,21.1,14.3,13.7,64.46,51.49,25.58,18.8,1.01,0.0,4.5371428571428565,0.027872857142857144,58.62714285714286,0.08571428571428573,0.2,2018-12-05,5.14
-0.4208,0.9071,5.18,4.24,4.67,3.94,0.03114,0.029,22.2,20.7,12.5,13.7,56.52,59.44,31.07,16.99,0.07,0.01,4.708571428571429,0.028845714285714284,58.12,0.028571428571428574,0.0,2018-12-06,3.91
-0.4052,0.9142,5.14,5.18,4.24,4.51,0.03129,0.02423,21.9,21.6,13.1,14.3,59.04,64.46,24.51,25.58,0.0,1.01,4.622857142857143,0.028101428571428572,58.55142857142857,0.05714285714285715,0.0,2018-12-07,5.45
-0.3894,0.9211,3.91,5.14,5.18,4.87,0.023260000000000003,0.03114,21.2,22.2,14.6,12.5,63.61,56.52,21.96,31.07,0.01,0.07,4.7057142857142855,0.028318571428571433,59.66285714285714,0.05714285714285715,0.2,2018-12-08,5.64
-0.3735,0.9276,5.45,3.91,5.14,4.35,0.03225,0.03129,21.9,21.9,14.0,13.1,63.08,59.04,32.98,24.51,0.0,0.0,4.89,0.02918,59.25285714285714,0.05714285714285715,0.0,2018-12-09,5.18
-0.3575,0.9339,5.64,5.45,3.91,4.67,0.03309,0.023260000000000003,23.3,21.2,11.3,14.6,48.62,63.61,33.94,21.96,0.0,0.01,4.9628571428571435,0.029551428571428572,58.22571428571428,0.05714285714285715,0.0,2018-12-10,5.51
-0.3413,0.9399,5.18,5.64,5.45,4.24,0.0316,0.03225,21.8,21.9,13.2,14.0,52.25,63.08,33.32,32.98,0.0,0.0,5.144285714285714,0.03067142857142857,56.07,0.028571428571428574,0.0,2018-12-11,5.01
-0.3251,0.9457,5.51,5.18,5.64,5.18,0.03207,0.03309,23.4,23.3,13.5,11.3,49.37,48.62,33.27,33.94,0.0,0.0,5.119999999999999,0.030525714285714288,56.029999999999994,0.028571428571428574,0.0,2018-12-12,5.27
-0.3088,0.9511,5.01,5.51,5.18,5.14,0.03012,0.0316,22.6,21.8,14.7,13.2,56.24,52.25,33.34,33.32,0.0,0.0,5.138571428571429,0.030481428571428573,56.879999999999995,0.028571428571428574,0.0,2018-12-13,5.32
-0.2924,0.9563,5.27,5.01,5.51,3.91,0.03098,0.03207,20.8,23.4,13.1,13.5,64.99,49.37,31.88,33.27,0.0,0.0,5.339999999999999,0.03177571428571429,55.03142857142857,0.0,0.0,2018-12-14,5.46
-0.2759,0.9612,5.32,5.27,5.01,5.45,0.03232,0.03012,21.5,22.6,10.6,14.7,50.67,56.24,33.27,33.34,0.0,0.0,5.341428571428572,0.03186714285714286,53.23428571428571,0.0,0.0,2018-12-15,5.34
-0.2593,0.9658,5.46,5.32,5.27,5.64,0.03289,0.03098,22.0,20.8,11.7,13.1,50.5,64.99,33.66,31.88,0.0,0.0,5.298571428571428,0.031760000000000004,53.48571428571428,0.0,0.0,2018-12-16,4.68
-0.2427,0.9701,5.34,5.46,5.32,5.18,0.03234,0.03232,22.5,21.5,12.4,10.6,50.38,50.67,26.71,33.27,0.0,0.0,5.227142857142857,0.031317142857142856,54.01142857142857,0.0,0.0,2018-12-17,4.71
-0.226,0.9741,4.68,5.34,5.46,5.51,0.0285,0.03289,21.4,22.0,14.5,11.7,55.93,50.5,22.63,33.66,0.01,0.0,5.112857142857143,0.030784285714285715,54.67,0.0,0.0,2018-12-18,3.93
-0.2092,0.9779,4.71,4.68,5.34,5.01,0.02834,0.03234,21.7,22.5,14.3,12.4,53.98,50.38,23.82,26.71,0.0,0.0,4.958571428571429,0.029958571428571428,55.137142857142855,0.0,0.0,2018-12-19,4.88
-0.1923,0.9813,3.93,4.71,4.68,5.27,0.02434,0.0285,20.6,21.4,13.8,14.5,59.51,55.93,21.8,22.63,0.01,0.01,4.902857142857143,0.02992142857142857,53.24571428571429,0.0,0.0,2018-12-20,5.22
-0.1754,0.9845,4.88,3.93,4.71,5.32,0.030719999999999997,0.02834,21.5,21.7,10.9,14.3,51.75,53.98,29.92,23.82,0.01,0.0,4.888571428571429,0.029847142857142857,53.019999999999996,0.0,0.0,2018-12-21,3.92
-0.1585,0.9874,5.22,4.88,3.93,5.46,0.0318,0.02434,22.4,20.6,12.7,13.8,49.09,59.51,23.77,21.8,0.01,0.01,4.668571428571428,0.028491428571428574,54.029999999999994,0.0,0.0,2018-12-22,4.77
-0.1414,0.9899,3.92,5.22,4.88,5.34,0.023399999999999997,0.030719999999999997,21.4,21.5,14.6,10.9,57.57,51.75,20.06,29.92,0.02,0.01,4.587142857142857,0.02815857142857143,55.29,0.0,0.0,2018-12-23,4.53
-0.1244,0.9922,4.77,3.92,5.22,4.68,0.030010000000000002,0.0318,20.9,22.4,12.3,12.7,59.2,49.09,21.18,23.77,0.01,0.01,4.565714285714286,0.028111428571428572,54.871428571428574,0.014285714285714287,0.0,2018-12-24,4.51
-0.1073,0.9942,4.53,4.77,3.92,4.71,0.02817,0.023399999999999997,20.8,21.4,13.7,14.6,53.0,57.57,23.03,20.06,0.0,0.02,4.5371428571428565,0.028099999999999997,54.57857142857143,0.028571428571428574,0.1,2018-12-25,4.64
-0.0902,0.9959,4.51,4.53,4.77,3.93,0.02826,0.030010000000000002,21.4,20.9,14.1,12.3,51.93,59.2,22.97,21.18,0.01,0.01,4.638571428571429,0.028650000000000002,54.4,0.028571428571428574,0.1,2018-12-26,4.34
-0.073,0.9973,4.64,4.51,4.53,4.88,0.02819,0.02817,21.6,20.8,13.9,13.7,58.26,53.0,21.73,23.03,0.08,0.0,4.561428571428571,0.02804142857142857,54.785714285714285,0.028571428571428574,0.0,2018-12-27,4.9
-0.0559,0.9984,4.34,4.64,4.51,5.22,0.02646,0.02826,21.0,21.4,13.1,14.1,54.45,51.93,30.51,22.97,0.0,0.01,4.515714285714286,0.02789857142857143,55.91142857142857,0.028571428571428574,0.0,2018-12-28,5.03
-0.0387,0.9993,4.9,4.34,4.64,3.92,0.0308,0.02819,21.3,21.6,12.4,13.9,56.97,58.26,25.19,21.73,0.0,0.08,4.674285714285714,0.028967142857142858,54.315714285714286,0.028571428571428574,0.0,2018-12-29,5.54
-0.0215,0.9998,5.03,4.9,4.34,4.77,0.030879999999999998,0.02646,21.0,21.0,13.0,13.1,46.4,54.45,31.96,30.51,0.0,0.0,4.784285714285715,0.029417142857142857,51.14142857142857,0.028571428571428574,0.0,2018-12-30,5.44
-0.0043,1.0,5.54,5.03,4.9,4.53,0.033159999999999995,0.0308,22.3,21.3,11.0,12.4,36.98,56.97,34.55,25.19,0.0,0.0,4.914285714285714,0.030107142857142857,49.847142857142856,0.014285714285714287,0.0,2018-12-31,5.41
0.0172,0.9999,5.44,5.54,5.03,4.51,0.033,0.030879999999999998,22.0,21.0,12.1,13.0,43.94,46.4,33.13,31.96,0.0,0.0,5.042857142857143,0.030635714285714287,48.98142857142857,0.0,0.0,2019-01-01,5.23
0.0344,0.9994,5.41,5.44,5.54,4.64,0.03196,0.033159999999999995,23.2,22.3,12.4,11.0,45.87,36.98,30.81,34.55,0.0,0.0,5.127142857142857,0.03102571428571429,46.70428571428572,0.0,0.0,2019-01-02,5.71
0.0516,0.9987,5.23,5.41,5.44,4.34,0.030920000000000003,0.033,22.7,22.0,12.2,12.1,42.32,43.94,31.53,33.13,0.0,0.0,5.322857142857144,0.03198142857142857,43.15857142857143,0.0,0.0,2019-01-03,5.22
0.0688,0.9976,5.71,5.23,5.41,4.9,0.03315,0.03196,23.2,23.2,13.5,12.4,29.63,45.87,34.56,30.81,0.0,0.0,5.368571428571428,0.03219857142857143,41.425714285714285,0.0,0.0,2019-01-04,4.4
0.0859,0.9963,5.22,5.71,5.23,5.03,0.03232,0.030920000000000003,21.9,22.7,12.1,12.2,44.84,42.32,26.14,31.53,0.0,0.0,5.278571428571429,0.031535714285714285,42.607142857142854,0.0,0.0,2019-01-05,3.96
0.103,0.9947,4.4,5.22,5.71,5.54,0.02624,0.03315,22.0,23.2,14.4,13.5,54.67,29.63,22.8,34.56,0.01,0.0,5.052857142857143,0.029992857142857144,46.69285714285714,0.0,0.0,2019-01-06,3.72
0.1201,0.9928,3.96,4.4,5.22,5.44,0.022359999999999998,0.03232,22.2,21.9,13.9,12.1,65.58,44.84,23.8,26.14,0.04,0.0,4.807142857142857,0.028387142857142857,50.082857142857144,0.0,0.0,2019-01-07,4.77
0.1372,0.9905,3.72,3.96,4.4,5.41,0.02176,0.02624,21.2,22.0,13.5,14.4,67.67,54.67,26.4,22.8,0.03,0.01,4.715714285714285,0.027851428571428572,52.23857142857143,0.014285714285714287,0.0,2019-01-08,4.28
0.1542,0.988,4.77,3.72,3.96,5.23,0.028210000000000002,0.022359999999999998,22.6,22.2,15.3,13.9,60.96,65.58,33.14,23.8,0.01,0.04,4.58,0.027012857142857144,55.135714285714286,0.014285714285714287,0.1,2019-01-09,5.34
0.1712,0.9852,4.28,4.77,3.72,5.71,0.02505,0.02176,21.4,21.2,13.4,13.5,62.6,67.67,22.73,26.4,0.01,0.03,4.527142857142858,0.026877142857142856,58.339999999999996,0.014285714285714287,0.0,2019-01-10,5.18
0.1881,0.9821,5.34,4.28,4.77,5.22,0.0322,0.028210000000000002,21.6,22.6,11.2,15.3,52.06,60.96,32.8,33.14,0.0,0.01,4.521428571428571,0.026764285714285716,59.955714285714286,0.014285714285714287,0.0,2019-01-11,4.88
0.205,0.9788,5.18,5.34,4.28,4.4,0.03153,0.02505,21.2,21.4,12.3,13.4,56.15,62.6,32.85,22.73,0.0,0.01,4.590000000000001,0.027200000000000002,61.107142857142854,0.014285714285714287,0.0,2019-01-12,4.92
0.2218,0.9751,4.88,5.18,5.34,3.96,0.02929,0.0322,21.9,21.6,12.4,11.2,62.73,52.06,29.22,32.8,0.01,0.0,4.727142857142857,0.028165714285714287,61.01142857142857,0.014285714285714287,0.0,2019-01-13,3.5
0.2385,0.9711,4.92,4.88,5.18,3.72,0.02912,0.03153,22.0,21.2,14.4,12.3,64.91,56.15,28.84,32.85,0.24,0.0,4.695714285714286,0.02798857142857143,60.72428571428571,0.014285714285714287,0.0,2019-01-14,5.25
0.2552,0.9669,3.5,4.92,4.88,4.77,0.02052,0.02929,20.6,21.9,15.0,12.4,65.66,62.73,28.47,29.22,0.14,0.01,4.764285714285714,0.028542857142857144,59.221428571428575,0.0,0.0,2019-01-15,4.98
0.2718,0.9624,5.25,3.5,4.92,4.28,0.03209,0.02912,22.5,22.0,11.5,14.4,50.44,64.91,26.02,28.84,0.0,0.24,4.864285714285714,0.029185714285714287,58.012857142857136,0.0,0.0,2019-01-16,5.34
0.2883,0.9575,4.98,5.25,3.5,5.34,0.02955,0.02052,22.0,20.6,15.0,15.0,54.14,65.66,27.94,28.47,0.0,0.14,4.864285714285714,0.029062857142857144,58.18428571428571,0.0,0.0,2019-01-17,5.34
0.3047,0.9524,5.34,4.98,5.25,5.18,0.03134,0.03209,23.0,22.5,13.5,11.5,53.26,50.44,31.89,26.02,0.02,0.0,4.887142857142857,0.029142857142857144,56.459999999999994,0.0,0.0,2019-01-18,4.09
0.3211,0.9471,5.34,5.34,4.98,4.88,0.03209,0.02955,23.0,22.0,13.5,15.0,44.08,54.14,26.91,27.94,0.17,0.0,4.774285714285715,0.028405714285714284,54.628571428571426,0.014285714285714287,0.0,2019-01-19,4.57
0.3373,0.9414,4.09,5.34,5.34,4.92,0.02413,0.03134,22.3,23.0,15.4,13.5,49.91,53.26,25.17,31.89,0.03,0.02,4.724285714285714,0.028177142857142855,53.54714285714285,0.014285714285714287,0.1,2019-01-20,5.04
0.3534,0.9355,4.57,4.09,5.34,3.5,0.02752,0.03209,21.8,23.0,13.7,13.5,57.34,44.08,20.84,26.91,0.05,0.17,4.944285714285714,0.02951857142857143,51.0,0.014285714285714287,0.0,2019-01-21,4.43
0.3695,0.9292,5.04,4.57,4.09,5.25,0.02991,0.02413,23.4,22.3,12.8,15.4,47.83,49.91,25.38,25.17,0.0,0.03,4.827142857142857,0.028675714285714284,50.46999999999999,0.014285714285714287,0.0,2019-01-22,4.72
0.3854,0.9227,4.43,5.04,4.57,4.98,0.02619,0.02752,22.4,21.8,14.6,13.7,46.73,57.34,23.8,20.84,0.0,0.05,4.79,0.028525714285714286,50.14,0.014285714285714287,0.0,2019-01-23,4.37
0.4012,0.916,4.72,4.43,5.04,5.34,0.0285,0.02991,22.1,23.4,13.3,12.8,51.83,47.83,27.36,25.38,0.03,0.0,4.651428571428572,0.027697142857142858,50.58714285714286,0.014285714285714287,0.0,2019-01-24,4.47
0.4169,0.9089,4.37,4.72,4.43,5.34,0.02554,0.02619,22.6,22.4,14.2,14.6,56.39,46.73,25.88,23.8,0.19,0.0,4.527142857142857,0.02688857142857143,51.73714285714285,0.014285714285714287,0.0,2019-01-25,5.29
0.4325,0.9016,4.47,4.37,4.72,4.09,0.02643,0.0285,22.8,22.1,13.9,13.3,52.13,51.83,22.79,27.36,0.02,0.03,4.698571428571428,0.027857142857142858,50.07,0.0,0.0,2019-01-26,4.55
0.4479,0.8941,5.29,4.47,4.37,4.57,0.03091,0.02554,24.4,22.6,13.1,14.2,38.24,56.39,31.07,25.88,0.0,0.19,4.695714285714286,0.02778,48.33857142857143,0.0,0.0,2019-01-27,4.79
0.4633,0.8862,4.55,5.29,4.47,5.04,0.02698,0.02643,23.4,22.8,13.0,13.9,45.22,52.13,25.45,22.79,0.0,0.02,4.659999999999999,0.027578571428571428,47.24428571428571,0.0,0.0,2019-01-28,4.75
0.4784,0.8781,4.79,4.55,5.29,4.43,0.0285,0.03091,22.8,24.4,13.4,13.1,40.17,38.24,28.82,31.07,0.0,0.0,4.7057142857142855,0.02786857142857143,48.27571428571429,0.0,0.0,2019-01-29,5.1
0.4935,0.8698,4.75,4.79,4.55,4.72,0.02822,0.02698,23.2,23.4,14.3,13.0,53.95,45.22,22.47,25.45,0.0,0.0,4.76,0.028040000000000002,48.52571428571429,0.0,0.0,2019-01-30,5.31
0.5084,0.8611,5.1,4.75,4.79,4.37,0.0297,0.0285,24.0,22.8,14.1,13.4,53.58,40.17,25.62,28.82,0.0,0.0,4.894285714285714,0.028685714285714287,46.84285714285714,0.0,0.0,2019-01-31,4.95
0.5231,0.8523,5.31,5.1,4.75,4.47,0.03006,0.02822,24.7,23.2,14.1,14.3,44.61,53.95,28.21,22.47,0.01,0.0,4.9628571428571435,0.029155714285714285,45.90571428571429,0.0,0.0,2019-02-01,4.16
0.5377,0.8432,4.95,5.31,5.1,5.29,0.02972,0.0297,23.8,24.0,14.0,14.1,45.57,53.58,24.35,25.62,0.17,0.0,4.801428571428572,0.02832857142857143,47.76142857142857,0.0,0.0,2019-02-02,4.35
0.5521,0.8338,4.16,4.95,5.31,4.55,0.02512,0.03006,22.6,24.7,15.5,14.1,51.23,44.61,23.24,28.21,0.32,0.01,4.772857142857142,0.028172857142857142,48.20285714285715,0.0,0.0,2019-02-03,3.92
0.5664,0.8242,4.35,4.16,4.95,4.79,0.02589,0.02972,22.8,23.8,14.4,14.0,48.31,45.57,22.92,24.35,0.0,0.17,4.648571428571429,0.027438571428571427,49.184285714285714,0.028571428571428574,0.0,2019-02-04,3.65
0.5805,0.8143,3.92,4.35,4.16,4.75,0.02336,0.02512,22.8,22.6,14.1,15.5,47.04,51.23,20.55,23.24,0.01,0.32,4.491428571428571,0.026512857142857144,48.49857142857143,0.042857142857142864,0.2,2019-02-05,4.1
0.5944,0.8042,3.65,3.92,4.35,5.1,0.02174,0.02589,23.0,22.8,13.5,14.4,49.15,48.31,19.37,22.92,0.0,0.0,4.348571428571428,0.025675714285714284,47.33714285714286,0.042857142857142864,0.1,2019-02-06,4.27
0.6081,0.7938,4.1,3.65,3.92,5.31,0.02384,0.02336,23.2,22.8,14.8,14.1,45.45,47.04,21.3,20.55,0.0,0.01,4.2,0.024922857142857142,48.19571428571429,0.042857142857142864,0.0,2019-02-07,4.57
0.6217,0.7833,4.27,4.1,3.65,4.95,0.02479,0.02174,23.1,23.0,15.4,13.5,50.62,49.15,20.07,19.37,0.0,0.0,4.145714285714286,0.024537142857142858,48.64857142857143,0.042857142857142864,0.0,2019-02-08,4.91
0.6351,0.7725,4.57,4.27,4.1,4.16,0.02702,0.02384,23.2,23.2,14.2,14.8,48.74,45.45,26.54,21.3,0.0,0.0,4.252857142857143,0.024932857142857142,48.401428571428575,0.042857142857142864,0.0,2019-02-09,4.7
0.6483,0.7614,4.91,4.57,4.27,4.35,0.02789,0.02479,24.3,23.1,14.4,15.4,49.5,50.62,26.97,20.07,0.0,0.0,4.302857142857143,0.025167142857142857,48.901428571428575,0.042857142857142864,0.0,2019-02-10,4.18
0.6613,0.7502,4.7,4.91,4.57,3.92,0.027530000000000002,0.02702,23.4,23.2,14.9,14.2,51.81,48.74,23.49,26.54,0.16,0.0,4.34,0.025402857142857144,50.55714285714286,0.014285714285714287,0.0,2019-02-11,4.49
0.6741,0.7387,4.18,4.7,4.91,3.65,0.02501,0.02789,21.8,24.3,13.3,14.4,58.63,49.5,21.9,26.97,0.02,0.0,4.46,0.026185714285714284,51.455714285714286,0.0,0.0,2019-02-12,5.12
0.6867,0.727,4.49,4.18,4.7,4.1,0.027219999999999998,0.027530000000000002,21.8,23.4,13.6,14.9,55.44,51.81,27.57,23.49,0.0,0.16,4.605714285714286,0.026978571428571428,53.37714285714286,0.0,0.0,2019-02-13,5.22
0.6991,0.715,5.12,4.49,4.18,4.27,0.02939,0.02501,22.8,21.8,13.8,13.3,58.9,58.63,30.23,21.9,0.0,0.02,4.741428571428571,0.027598571428571427,51.99571428571429,0.0,0.0,2019-02-14,4.21
0.7113,0.7029,5.22,5.12,4.49,4.57,0.02913,0.027219999999999998,25.8,21.8,13.7,13.6,40.95,55.44,29.37,27.57,0.0,0.0,4.6899999999999995,0.027208571428571426,52.73142857142857,0.0,0.0,2019-02-15,3.61
0.7233,0.6906,4.21,5.22,5.12,4.91,0.02429,0.02939,23.5,22.8,15.2,13.8,53.89,58.9,20.02,30.23,0.0,0.0,4.5042857142857144,0.025992857142857144,54.70142857142857,0.09999999999999999,0.0,2019-02-16,4.58
0.735,0.678,3.61,4.21,5.22,4.7,0.019379999999999998,0.02913,23.7,25.8,17.2,13.7,63.29,40.95,16.5,29.37,0.0,0.0,4.4871428571428575,0.02589142857142857,56.339999999999996,0.09999999999999999,0.7,2019-02-17,3.24
0.7466,0.6653,4.58,3.61,4.21,4.18,0.02682,0.02429,23.5,23.5,14.4,15.2,63.28,53.89,26.79,20.02,0.0,0.0,4.352857142857142,0.025065714285714285,56.271428571428565,0.09999999999999999,0.0,2019-02-18,4.04
0.7579,0.6523,3.24,4.58,3.61,4.49,0.01923,0.019379999999999998,21.2,23.7,15.1,17.2,58.15,63.29,14.89,16.5,0.0,0.0,4.288571428571428,0.024607142857142855,56.16285714285714,0.09999999999999999,0.0,2019-02-19,4.49
0.769,0.6392,4.04,3.24,4.58,5.12,0.02401,0.02682,22.7,23.5,14.3,14.4,54.68,63.28,16.88,26.79,0.02,0.0,4.198571428571428,0.02411285714285714,55.86857142857143,0.09999999999999999,0.0,2019-02-20,4.46
0.7799,0.6259,4.49,4.04,3.24,5.22,0.025929999999999998,0.01923,23.3,21.2,15.2,15.1,56.84,58.15,21.36,14.89,0.0,0.0,4.09,0.023661428571428573,59.19,0.09999999999999999,0.0,2019-02-21,4.5
0.7906,0.6124,4.46,4.49,4.04,4.21,0.02597,0.02401,23.6,22.7,16.0,14.3,64.2,54.68,22.94,16.88,0.0,0.02,4.131428571428572,0.023957142857142854,60.68714285714286,0.09999999999999999,0.0,2019-02-22,4.75
0.801,0.5987,4.5,4.46,4.49,3.61,0.026359999999999998,0.025929999999999998,23.8,23.3,15.2,15.2,64.37,56.84,24.12,21.36,0.0,0.0,4.2942857142857145,0.025012857142857142,58.90428571428572,0.0,0.0,2019-02-23,4.74
0.8112,0.5848,4.75,4.5,4.46,4.58,0.02677,0.02597,25.3,23.6,15.0,16.0,50.81,64.2,24.54,22.94,0.0,0.0,4.317142857142857,0.02507,56.544285714285714,0.0,0.0,2019-02-24,4.67
0.8211,0.5708,4.74,4.75,4.5,3.24,0.027219999999999998,0.026359999999999998,23.9,23.8,14.3,15.2,46.76,64.37,28.87,24.12,0.0,0.0,4.521428571428571,0.026205714285714284,54.19857142857143,0.0,0.0,2019-02-25,4.64
0.8308,0.5566,4.67,4.74,4.75,4.04,0.02718,0.02677,23.2,25.3,12.9,15.0,41.73,50.81,28.39,24.54,0.0,0.0,4.607142857142857,0.02665,51.80714285714286,0.0,0.0,2019-02-26,4.52
0.8402,0.5422,4.64,4.67,4.74,4.49,0.027120000000000002,0.027219999999999998,23.1,23.9,11.8,14.3,37.94,46.76,28.16,28.87,0.0,0.0,4.611428571428571,0.02678285714285714,49.35285714285715,0.0,0.0,2019-02-27,3.77
0.8495,0.5277,4.52,4.64,4.67,4.46,0.02686,0.02718,22.8,23.2,12.5,12.9,39.66,41.73,22.93,28.39,0.0,0.0,4.5128571428571425,0.026489999999999996,47.637142857142855,0.0,0.0,2019-02-28,3.9
0.8584,0.513,3.77,4.52,4.64,4.5,0.02392,0.027120000000000002,19.9,23.1,12.4,11.8,52.19,37.94,21.33,28.16,0.0,0.0,4.427142857142857,0.02609142857142857,45.98142857142857,0.0,0.0,2019-03-01,4.08
0.8671,0.4981,3.9,3.77,4.52,4.75,0.02357,0.02686,21.6,22.8,11.4,12.5,52.78,39.66,21.03,22.93,0.0,0.0,4.331428571428572,0.025785714285714283,46.425714285714285,0.0,0.0,2019-03-02,3.57
0.8755,0.4831,4.08,3.9,3.77,4.74,0.02463,0.02392,22.3,19.9,13.4,12.4,53.92,52.19,18.53,21.33,0.01,0.0,4.164285714285714,0.024948571428571428,47.895714285714284,0.0,0.0,2019-03-03,4.24
0.8837,0.468,3.57,4.08,3.9,4.67,0.02136,0.02357,21.2,21.6,14.1,11.4,57.05,52.78,21.99,21.03,0.0,0.0,4.102857142857142,0.02469714285714286,49.49714285714286,0.0,0.0,2019-03-04,4.58
0.8916,0.4527,4.24,3.57,4.08,4.64,0.02542,0.02463,21.6,22.3,12.8,13.4,52.94,53.92,26.07,18.53,0.0,0.01,4.094285714285714,0.024525714285714286,49.64714285714285,0.0,0.0,2019-03-05,4.4
0.8993,0.4373,4.58,4.24,3.57,4.52,0.025920000000000002,0.02136,24.1,21.2,12.5,14.1,38.99,57.05,27.17,21.99,0.1,0.0,4.077142857142857,0.024382857142857144,50.42,0.0,0.0,2019-03-06,4.29
0.9067,0.4218,4.4,4.58,4.24,3.77,0.02586,0.02542,22.7,21.6,12.9,12.8,45.07,52.94,26.78,26.07,0.0,0.0,4.151428571428572,0.024582857142857146,50.00714285714286,0.0,0.0,2019-03-07,3.23
0.9138,0.4061,4.29,4.4,4.58,3.9,0.02532,0.025920000000000002,22.7,24.1,11.5,12.5,49.3,38.99,24.82,27.17,0.0,0.1,4.055714285714286,0.023882857142857143,52.49142857142857,0.0,0.0,2019-03-08,3.76
0.9207,0.3904,3.23,4.29,4.4,4.08,0.018670000000000003,0.02586,20.9,22.7,14.1,12.9,70.17,45.07,18.2,26.78,0.61,0.0,4.01,0.023545714285714284,53.36857142857143,0.0,0.0,2019-03-09,4.26
0.9272,0.3745,3.76,3.23,4.29,3.57,0.022269999999999998,0.02532,20.9,22.7,13.9,11.5,60.06,49.3,25.12,24.82,0.1,0.0,4.1085714285714285,0.02399,54.46857142857142,0.19999999999999998,0.0,2019-03-10,4.06
0.9335,0.3585,4.26,3.76,3.23,4.24,0.02447,0.018670000000000003,22.2,20.9,13.5,14.1,64.75,70.17,25.18,18.2,0.0,0.61,4.082857142857143,0.023834285714285714,55.25428571428571,0.2857142857142857,1.4,2019-03-11,3.84
0.9396,0.3424,4.06,4.26,3.76,4.58,0.024329999999999997,0.022269999999999998,22.5,20.9,13.1,13.9,58.44,60.06,20.37,25.12,0.01,0.1,3.9771428571428573,0.023431428571428572,55.79857142857143,0.2857142857142857,0.6,2019-03-12,3.19
0.9453,0.3261,3.84,4.06,4.26,4.4,0.023100000000000002,0.02447,22.4,22.2,13.2,13.5,42.8,64.75,17.53,25.18,0.11,0.0,3.8042857142857143,0.022520000000000002,57.167142857142856,0.3142857142857142,0.0,2019-03-13,3.39
0.9508,0.3098,3.19,3.84,4.06,4.29,0.01948,0.024329999999999997,21.3,22.5,12.7,13.1,54.65,58.44,14.12,20.37,0.07,0.01,3.6757142857142857,0.02186142857142857,57.808571428571426,0.3142857142857142,0.2,2019-03-14,3.69
0.956,0.2934,3.39,3.19,3.84,3.23,0.02071,0.023100000000000002,20.9,22.4,13.5,13.2,53.79,42.8,18.23,17.53,0.02,0.11,3.741428571428571,0.022414285714285713,55.145714285714284,0.3142857142857142,0.0,2019-03-15,3.35
0.9609,0.2769,3.69,3.39,3.19,3.76,0.022539999999999998,0.01948,21.3,21.3,12.8,12.7,51.53,54.65,20.68,14.12,0.5,0.07,3.682857142857143,0.022197142857142856,54.24714285714286,0.3142857142857142,0.0,2019-03-16,3.5
0.9655,0.2604,3.35,3.69,3.39,4.26,0.02075,0.02071,20.4,20.9,10.7,13.5,53.77,53.79,19.74,18.23,0.15,0.02,3.5742857142857143,0.021915714285714285,52.32714285714286,0.1142857142857143,0.0,2019-03-17,3.66
0.9698,0.2437,3.5,3.35,3.69,4.06,0.0225,0.022539999999999998,20.1,21.3,10.4,12.8,51.31,51.53,18.9,20.68,0.3,0.5,3.5171428571428573,0.02164857142857143,50.537142857142854,0.028571428571428574,0.0,2019-03-18,4.15
0.9739,0.227,3.66,3.5,3.35,3.84,0.02246,0.02075,21.7,20.4,11.8,10.7,45.91,53.77,22.42,19.74,0.85,0.15,3.5614285714285714,0.02177,48.80285714285714,0.028571428571428574,0.0,2019-03-19,3.79
0.9777,0.2102,4.15,3.66,3.5,3.19,0.02395,0.0225,23.3,20.1,10.1,10.4,30.66,51.31,24.74,18.9,0.0,0.3,3.6471428571428572,0.02234142857142857,46.107142857142854,0.0,0.0,2019-03-20,3.73
0.9811,0.1934,3.79,4.15,3.66,3.39,0.02348,0.02246,20.4,21.7,9.6,11.8,35.78,45.91,23.15,22.42,0.0,0.85,3.6957142857142857,0.02267,43.74571428571429,0.0,0.0,2019-03-21,3.79
0.9843,0.1765,3.73,3.79,4.15,3.69,0.023010000000000003,0.02395,20.7,23.3,9.8,10.1,37.26,30.66,22.19,24.74,0.0,0.0,3.71,0.02272,41.68857142857143,0.0,0.0,2019-03-22,3.5
0.9872,0.1595,3.79,3.73,3.79,3.35,0.02289,0.02348,22.2,20.4,10.6,9.6,37.13,35.78,21.98,23.15,0.0,0.0,3.7314285714285718,0.022901428571428573,40.355714285714285,0.0,0.0,2019-03-23,3.46
0.9898,0.1425,3.5,3.79,3.73,3.5,0.022019999999999998,0.023010000000000003,21.2,20.7,11.5,9.8,44.44,37.26,19.53,22.19,0.0,0.0,3.725714285714286,0.022867142857142857,39.82714285714286,0.0,0.0,2019-03-24,3.19
0.9921,0.1255,3.46,3.5,3.79,3.66,0.022260000000000002,0.02289,20.3,22.2,11.2,10.6,47.61,37.13,19.32,21.98,0.0,0.0,3.6585714285714284,0.022658571428571427,40.69285714285714,0.0,0.0,2019-03-25,2.84
0.9941,0.1084,3.19,3.46,3.5,4.15,0.021,0.022019999999999998,19.6,21.2,10.2,11.5,51.97,44.44,13.7,19.53,0.0,0.0,3.4714285714285715,0.021982857142857144,43.644285714285715,0.0,0.0,2019-03-26,2.97
0.9958,0.0913,2.84,3.19,3.46,3.79,0.019219999999999998,0.022260000000000002,18.0,20.3,9.1,11.2,51.32,47.61,13.31,19.32,0.0,0.0,3.3542857142857145,0.021414285714285716,46.42714285714286,0.0,0.0,2019-03-27,3.04
0.9972,0.0741,2.97,2.84,3.19,3.73,0.0195,0.021,18.9,19.6,9.1,10.2,55.26,51.97,11.64,13.7,0.0,0.0,3.255714285714286,0.020885714285714285,48.784285714285716,0.0,0.0,2019-03-28,2.34
0.9984,0.057,3.04,2.97,2.84,3.79,0.019309999999999997,0.019219999999999998,19.0,18.0,10.7,9.1,53.76,51.32,14.85,13.31,0.01,0.0,3.0485714285714285,0.019887142857142857,50.72571428571428,0.04285714285714286,0.0,2019-03-29,1.51
0.9992,0.0398,2.34,3.04,2.97,3.5,0.0159,0.0195,17.6,18.9,10.3,9.1,50.72,55.26,12.72,11.64,0.0,0.0,2.7642857142857147,0.017972857142857145,51.92428571428571,0.2,0.3,2019-03-30,2.87
0.9997,0.0226,1.51,2.34,3.04,3.46,0.00862,0.019309999999999997,18.8,19.0,10.5,10.7,52.83,53.76,5.22,14.85,0.26,0.01,2.68,0.017374285714285714,55.56857142857143,1.1857142857142857,1.1,2019-03-31,2.5
1.0,0.0054,2.87,1.51,2.34,3.19,0.01807,0.0159,20.4,17.6,12.8,10.3,73.12,50.72,18.85,12.72,0.26,0.0,2.5814285714285714,0.016757142857142856,57.33857142857143,1.1857142857142857,6.9,2019-04-01,2.26
0.9999,-0.0118,2.5,2.87,1.51,2.84,0.01668,0.00862,18.9,18.8,10.7,10.5,64.36,52.83,13.98,5.22,0.01,0.26,2.498571428571428,0.016094285714285714,57.83428571428571,1.1857142857142857,0.0,2019-04-02,1.64
0.9996,-0.029,2.26,2.5,2.87,2.97,0.01458,0.01807,19.3,20.4,12.8,12.8,54.79,73.12,11.84,18.85,0.01,0.26,2.3085714285714287,0.014674285714285713,59.21142857142858,1.3285714285714287,0.0,2019-04-03,3.07
0.9989,-0.0462,1.64,2.26,2.5,3.04,0.00956,0.01668,19.3,18.9,13.8,10.7,64.9,64.36,9.38,13.98,0.04,0.01,2.3128571428571427,0.014692857142857143,60.31285714285714,1.3285714285714287,1.0,2019-04-04,3.34
0.998,-0.0634,3.07,1.64,2.26,2.34,0.019440000000000002,0.01458,20.8,19.3,12.0,12.8,61.47,54.79,18.92,11.84,0.0,0.01,2.4557142857142855,0.015295714285714286,59.207142857142856,1.2857142857142858,0.0,2019-04-05,3.47
0.9968,-0.0805,3.34,3.07,1.64,1.51,0.020120000000000002,0.00956,23.0,19.3,12.4,13.8,42.98,64.9,21.09,9.38,0.0,0.04,2.7357142857142853,0.016931428571428573,56.95142857142857,1.1285714285714286,0.0,2019-04-06,3.24
0.9952,-0.0977,3.47,3.34,3.07,2.87,0.02007,0.019440000000000002,24.4,20.8,11.5,12.0,37.04,61.47,20.29,18.92,0.0,0.0,2.7885714285714287,0.017152857142857143,52.707142857142856,0.14285714285714285,0.0,2019-04-07,1.81
0.9934,-0.1148,3.24,3.47,3.34,2.5,0.019620000000000002,0.020120000000000002,22.7,23.0,13.4,12.4,43.41,42.98,13.32,21.09,0.0,0.0,2.69,0.016421428571428573,51.142857142857146,0.2571428571428572,0.0,2019-04-08,2.22
0.9913,-0.1319,1.81,3.24,3.47,2.26,0.01156,0.02007,17.4,24.4,12.4,11.5,53.41,37.04,9.45,20.29,0.0,0.0,2.684285714285714,0.01629714285714286,52.76,0.32857142857142857,0.8,2019-04-09,3.0
0.9889,-0.1489,2.22,1.81,3.24,1.64,0.013710000000000002,0.019620000000000002,18.2,22.7,10.9,13.4,66.11,43.41,9.2,13.32,0.0,0.0,2.8785714285714286,0.01770285714285714,50.287142857142854,0.18571428571428572,0.5,2019-04-10,2.0
0.9861,-0.1659,3.0,2.22,1.81,3.07,0.019399999999999997,0.01156,20.9,17.4,9.0,12.4,47.59,53.41,19.72,9.45,0.0,0.0,2.725714285714286,0.016812857142857143,49.40714285714286,0.2,0.0,2019-04-11,1.98
0.9831,-0.1828,2.0,3.0,2.22,3.34,0.013210000000000001,0.013710000000000002,17.4,18.2,11.9,10.9,55.31,66.11,8.26,9.2,0.0,0.0,2.531428571428571,0.015774285714285716,52.129999999999995,0.2,0.1,2019-04-12,1.67
0.9799,-0.1997,1.98,2.0,3.0,3.47,0.01285,0.019399999999999997,17.4,20.9,10.7,9.0,62.04,47.59,8.33,19.72,0.0,0.0,2.2742857142857145,0.014347142857142859,55.097142857142856,0.2,0.0,2019-04-13,2.73
0.9763,-0.2165,1.67,1.98,2.0,3.24,0.01008,0.013210000000000001,17.1,17.4,10.3,11.9,57.81,55.31,9.17,8.26,0.0,0.0,2.2014285714285715,0.014045714285714286,55.03142857142858,0.2,0.0,2019-04-14,2.97
0.9724,-0.2333,2.73,1.67,1.98,1.81,0.01751,0.01285,19.7,17.4,10.0,10.7,42.95,62.04,18.88,8.33,0.0,0.0,2.367142857142857,0.015051428571428573,52.82714285714286,0.08571428571428572,0.0,2019-04-15,2.97
0.9683,-0.25,2.97,2.73,1.67,2.22,0.018600000000000002,0.01008,21.0,17.1,9.4,10.3,37.98,57.81,19.4,9.17,0.02,0.0,2.474285714285714,0.015722857142857143,48.870000000000005,0.014285714285714287,0.0,2019-04-16,2.8
0.9638,-0.2666,2.97,2.97,2.73,3.0,0.01841,0.01751,21.7,19.7,9.8,10.0,38.41,42.95,17.3,18.88,0.53,0.0,2.4457142857142857,0.01554,47.784285714285716,0.014285714285714287,0.0,2019-04-17,1.84
0.9591,-0.2831,2.8,2.97,2.97,2.0,0.01812,0.018600000000000002,19.9,21.0,10.5,9.4,39.99,37.98,16.36,19.4,0.02,0.02,2.422857142857143,0.015304285714285715,47.660000000000004,0.0,0.0,2019-04-18,2.09
0.9541,-0.2996,1.84,2.8,2.97,1.98,0.01156,0.01841,17.5,21.7,10.6,9.8,54.44,38.41,10.76,17.3,0.08,0.53,2.4385714285714286,0.015355714285714287,48.191428571428574,0.0,0.0,2019-04-19,2.3
0.9488,-0.316,2.09,1.84,2.8,1.67,0.013210000000000001,0.01812,18.3,19.9,11.7,10.5,65.76,39.99,12.22,16.36,0.13,0.02,2.5285714285714285,0.01605142857142857,50.65,0.0,0.0,2019-04-20,2.35
0.9432,-0.3322,2.3,2.09,1.84,2.73,0.01495,0.01156,18.4,17.5,10.2,10.6,75.02,54.44,10.97,10.76,0.05,0.08,2.474285714285714,0.01581142857142857,55.07142857142857,0.0,0.0,2019-04-21,2.37
0.9373,-0.3484,2.35,2.3,2.09,2.97,0.01583,0.013210000000000001,17.5,18.3,9.1,11.7,73.9,65.76,17.4,12.22,0.03,0.13,2.3885714285714283,0.015455714285714286,59.785714285714285,0.0,0.0,2019-04-22,1.69
0.9312,-0.3645,2.37,2.35,2.3,2.97,0.01611,0.01495,17.4,18.4,9.3,10.2,70.98,75.02,17.29,10.97,0.19,0.05,2.2057142857142855,0.01437857142857143,64.24714285714286,0.0,0.0,2019-04-23,1.63
0.9248,-0.3804,1.69,2.37,2.35,2.8,0.01087,0.01583,16.3,17.5,9.0,9.1,69.64,73.9,9.96,17.4,0.03,0.03,2.0385714285714287,0.013122857142857143,70.48714285714286,1.0,0.0,2019-04-24,2.4
0.9181,-0.3963,1.63,1.69,2.37,1.84,0.00933,0.01611,17.5,17.4,10.8,9.3,83.67,70.98,6.49,17.29,0.86,0.19,2.1185714285714288,0.013788571428571428,73.41714285714286,1.0,7.0,2019-04-25,2.36
0.9112,-0.412,2.4,1.63,1.69,2.09,0.01622,0.01087,18.0,16.3,8.9,9.0,74.95,69.64,16.7,9.96,0.0,0.03,2.157142857142857,0.014225714285714286,72.12571428571428,1.0,0.0,2019-04-26,2.24
0.9039,-0.4276,2.36,2.4,1.63,2.3,0.01627,0.00933,17.7,17.5,8.7,10.8,56.72,83.67,16.98,6.49,0.0,0.86,2.1485714285714286,0.014322857142857142,67.83428571428571,1.0,0.0,2019-04-27,2.42
0.8965,-0.4431,2.24,2.36,2.4,2.35,0.01563,0.01622,17.4,18.0,8.7,8.9,44.98,74.95,15.67,16.7,0.0,0.0,2.1585714285714284,0.014315714285714284,63.18142857142857,1.0,0.0,2019-04-28,1.5
0.8887,-0.4585,2.42,2.24,2.36,2.37,0.01578,0.01627,19.4,17.7,9.6,8.7,41.33,56.72,14.01,16.98,0.0,0.0,2.0342857142857143,0.01345142857142857,59.25714285714286,1.0,0.0,2019-04-29,2.27
0.8807,-0.4737,1.5,2.42,2.24,1.69,0.010060000000000001,0.01563,16.7,17.4,11.4,8.7,43.51,44.98,13.62,15.67,0.0,0.0,2.117142857142857,0.014108571428571429,55.29857142857143,1.0,0.0,2019-04-30,2.53
0.8724,-0.4888,2.27,1.5,2.42,1.63,0.015470000000000001,0.01578,18.9,19.4,8.9,9.6,41.93,41.33,16.68,14.01,0.0,0.0,2.2457142857142856,0.015035714285714286,47.35,0.0,0.0,2019-05-01,2.35
0.8639,-0.5037,2.53,2.27,1.5,2.4,0.01582,0.010060000000000001,19.7,16.7,8.5,11.4,28.03,43.51,16.08,13.62,0.0,0.0,2.2385714285714284,0.014700000000000001,42.94,0.0,0.0,2019-05-02,1.81
0.8551,-0.5185,2.35,2.53,2.27,2.36,0.013869999999999999,0.015470000000000001,21.5,18.9,8.6,8.9,44.08,41.93,13.51,16.68,0.02,0.0,2.16,0.014112857142857144,42.675714285714285,0.0,0.0,2019-05-03,2.09
0.846,-0.5331,1.81,2.35,2.53,2.24,0.01216,0.01582,17.3,19.7,11.3,8.5,54.87,28.03,10.76,16.08,0.07,0.0,2.1385714285714283,0.01375142857142857,45.09285714285714,0.0,0.0,2019-05-04,1.66
0.8367,-0.5476,2.09,1.81,2.35,2.42,0.013099999999999999,0.013869999999999999,19.5,21.5,10.3,8.6,61.9,44.08,12.37,13.51,0.58,0.02,2.03,0.013051428571428571,47.38142857142857,0.0,0.0,2019-05-05,1.6
0.8272,-0.5619,1.66,2.09,1.81,1.5,0.01088,0.01216,18.1,17.3,12.4,11.3,57.35,54.87,10.52,10.76,1.17,0.07,2.0442857142857145,0.013097142857142858,49.08,0.0,0.0,2019-05-06,1.44
0.8174,-0.5761,1.6,1.66,2.09,2.27,0.01038,0.013099999999999999,17.9,19.5,12.3,10.3,55.4,61.9,7.41,12.37,0.06,0.58,1.9257142857142857,0.01233857142857143,51.730000000000004,0.028571428571428574,0.0,2019-05-07,0.97
0.8074,-0.59,1.44,1.6,1.66,2.53,0.01016,0.01088,15.9,18.1,10.1,12.4,60.48,57.35,6.62,10.52,0.01,1.17,1.7028571428571428,0.010914285714285713,58.11857142857143,0.042857142857142864,0.2,2019-05-08,1.99
0.7971,-0.6038,0.97,1.44,1.6,2.35,0.005849999999999999,0.01038,14.2,17.9,9.4,12.3,72.75,55.4,5.47,7.41,0.08,0.06,1.6514285714285715,0.01078142857142857,62.44428571428572,0.07142857142857142,0.1,2019-05-09,1.91
0.7866,-0.6175,1.99,0.97,1.44,1.81,0.01294,0.01016,17.0,15.9,8.4,10.1,74.36,60.48,14.02,6.62,0.4,0.01,1.6657142857142857,0.010997142857142856,62.46999999999999,0.07142857142857142,0.2,2019-05-10,1.98
0.7759,-0.6309,1.91,1.99,0.97,2.09,0.01367,0.005849999999999999,16.3,14.2,7.4,9.4,55.05,72.75,14.66,5.47,0.01,0.08,1.6500000000000001,0.011132857142857142,60.63428571428572,0.07142857142857142,0.0,2019-05-11,2.03
0.7649,-0.6442,1.98,1.91,1.99,1.66,0.01405,0.01294,16.5,17.0,8.0,8.4,49.05,74.36,15.15,14.02,0.0,0.4,1.7028571428571428,0.011597142857142858,59.50142857142857,0.07142857142857142,0.0,2019-05-12,2.09
0.7537,-0.6572,2.03,1.98,1.91,1.6,0.01413,0.01367,17.7,16.3,7.4,7.4,49.42,55.05,13.65,14.66,0.0,0.01,1.772857142857143,0.012108571428571429,58.378571428571426,0.08571428571428573,0.0,2019-05-13,1.84
0.7423,-0.6701,2.09,2.03,1.98,1.44,0.01396,0.01405,18.5,16.5,9.0,8.0,47.54,49.05,14.39,15.15,0.01,0.0,1.8299999999999998,0.012505714285714287,55.925714285714285,0.05714285714285715,0.1,2019-05-14,1.45
0.7306,-0.6828,1.84,2.09,2.03,0.97,0.01294,0.01413,17.7,17.7,9.0,7.4,43.31,49.42,9.0,13.65,0.01,0.0,1.8985714285714284,0.013254285714285715,52.26857142857143,0.042857142857142864,0.0,2019-05-15,1.61
0.7188,-0.6952,1.45,1.84,2.09,1.99,0.01109,0.01396,14.5,18.5,8.3,9.0,47.15,47.54,8.38,14.39,0.05,0.01,1.8442857142857143,0.01295,51.29857142857143,0.07142857142857142,0.0,2019-05-16,1.84
0.7067,-0.7075,1.61,1.45,1.84,1.91,0.01081,0.01294,15.9,17.7,9.8,9.0,67.57,43.31,10.17,9.0,0.08,0.01,1.8342857142857143,0.012631428571428571,54.56857142857143,0.1,0.4,2019-05-17,1.83
0.6945,-0.7195,1.84,1.61,1.45,1.98,0.011439999999999999,0.01109,17.8,14.5,8.9,8.3,77.94,47.15,9.92,8.38,1.07,0.05,1.8128571428571427,0.012417142857142857,56.462857142857146,0.1,0.2,2019-05-18,1.2
0.682,-0.7314,1.83,1.84,1.61,2.03,0.01255,0.01081,18.1,15.9,9.4,9.8,62.31,67.57,14.01,10.17,0.02,0.08,1.6942857142857142,0.011517142857142856,55.83857142857143,0.1,0.0,2019-05-19,1.78
0.6693,-0.743,1.2,1.83,1.84,2.09,0.00783,0.011439999999999999,15.0,17.8,8.3,8.9,45.05,77.94,9.27,9.92,0.0,1.07,1.6500000000000001,0.011315714285714287,58.459999999999994,0.08571428571428573,0.0,2019-05-20,1.81
0.6564,-0.7544,1.78,1.2,1.83,1.84,0.01255,0.01255,14.9,18.1,7.3,9.4,65.89,62.31,11.63,14.01,0.16,0.02,1.6457142857142857,0.011318571428571428,61.542857142857144,0.08571428571428573,0.0,2019-05-21,1.92
0.6433,-0.7656,1.81,1.78,1.2,1.45,0.012960000000000001,0.00783,15.5,15.0,4.6,8.3,64.89,45.05,13.51,9.27,0.01,0.0,1.7128571428571429,0.011645714285714287,61.38142857142857,0.08571428571428573,0.0,2019-05-22,2.12
0.6301,-0.7765,1.92,1.81,1.78,1.61,0.013380000000000001,0.01255,16.5,14.9,4.1,7.3,46.02,65.89,13.97,11.63,0.0,0.16,1.7857142857142858,0.012017142857142856,56.11857142857143,0.028571428571428574,0.0,2019-05-23,1.39
0.6166,-0.7873,2.12,1.92,1.81,1.84,0.01341,0.012960000000000001,17.9,15.5,6.2,4.6,30.73,64.89,13.92,13.51,0.01,0.01,1.7214285714285715,0.011521428571428571,50.021428571428565,0.0,0.0,2019-05-24,1.47
0.603,-0.7978,1.39,2.12,1.92,1.83,0.00797,0.013380000000000001,17.8,16.5,8.8,4.1,35.26,46.02,8.69,13.97,0.0,0.0,1.67,0.010807142857142857,50.642857142857146,0.04285714285714286,0.0,2019-05-25,1.57
0.5892,-0.808,1.47,1.39,2.12,1.2,0.007549999999999999,0.01341,17.2,17.9,8.7,6.2,66.66,30.73,5.61,13.92,0.04,0.01,1.7228571428571429,0.011004285714285715,55.387142857142855,0.17142857142857143,0.3,2019-05-26,1.82
0.5752,-0.818,1.57,1.47,1.39,1.78,0.009210000000000001,0.00797,17.0,17.8,8.9,8.8,78.26,35.26,9.02,8.69,0.02,0.0,1.7285714285714284,0.010935714285714286,55.137142857142855,0.17142857142857143,0.9,2019-05-27,1.97
0.561,-0.8278,1.82,1.57,1.47,1.81,0.01207,0.007549999999999999,17.2,17.2,7.7,8.7,64.14,66.66,11.66,5.61,0.0,0.04,1.7514285714285713,0.010777142857142858,53.44,0.17142857142857143,0.0,2019-05-28,1.0
0.5467,-0.8373,1.97,1.82,1.57,1.92,0.01185,0.009210000000000001,19.3,17.0,7.8,8.9,53.01,78.26,11.22,9.02,0.0,0.02,1.6199999999999999,0.009371428571428572,55.644285714285715,0.942857142857143,0.0,2019-05-29,1.56
0.5322,-0.8466,1.0,1.97,1.82,2.12,0.00354,0.01207,16.1,17.2,10.5,7.7,61.45,64.14,2.39,11.66,1.78,0.0,1.5399999999999998,0.008665714285714285,61.56,1.042857142857143,5.4,2019-05-30,1.09
0.5176,-0.8556,1.56,1.0,1.97,1.39,0.00847,0.01185,17.9,19.3,10.7,7.8,72.14,53.01,8.85,11.22,1.81,0.0,1.497142857142857,0.00837,67.57142857142857,1.1714285714285715,0.7,2019-05-31,1.95
0.5028,-0.8644,1.09,1.56,1.0,1.47,0.005900000000000001,0.00354,17.1,16.1,10.9,10.5,77.34,61.45,6.36,2.39,0.26,1.78,1.5657142857142858,0.009045714285714285,64.88428571428571,1.1285714285714286,0.9,2019-06-01,1.95
0.4878,-0.8729,1.95,1.09,1.56,1.57,0.01228,0.00847,18.3,17.9,7.7,10.7,47.85,72.14,11.78,8.85,0.01,1.81,1.6199999999999999,0.009432857142857144,58.38428571428572,1.0,0.0,2019-06-02,2.12
0.4728,-0.8812,1.95,1.95,1.09,1.82,0.01192,0.005900000000000001,19.9,17.1,7.8,10.9,32.76,77.34,12.25,6.36,0.0,0.26,1.662857142857143,0.009445714285714285,55.042857142857144,1.0,0.0,2019-06-03,1.4
0.4575,-0.8892,2.12,1.95,1.95,1.97,0.01216,0.01228,18.0,18.3,10.3,7.7,40.75,47.85,11.23,11.78,0.0,0.01,1.5814285714285714,0.009178571428571428,54.354285714285716,1.0,0.0,2019-06-04,1.7
0.4422,-0.8969,1.4,2.12,1.95,1.0,0.009980000000000001,0.01192,15.0,19.9,7.8,7.8,48.19,32.76,7.6,12.25,0.02,0.0,1.6814285714285713,0.010111428571428573,53.71,0.2285714285714286,0.0,2019-06-05,1.48
0.4267,-0.9044,1.7,1.4,2.12,1.56,0.01007,0.01216,18.1,18.0,6.8,10.3,56.94,40.75,9.56,11.23,0.02,0.0,1.67,0.01033,54.13142857142857,0.1285714285714286,0.0,2019-06-06,1.76
0.4111,-0.9116,1.48,1.7,1.4,1.09,0.01,0.009980000000000001,16.8,15.0,8.5,7.8,75.09,48.19,9.21,7.6,0.01,0.02,1.7657142857142856,0.01122857142857143,48.58428571428571,0.0,0.0,2019-06-07,1.76
0.3953,-0.9185,1.76,1.48,1.7,1.95,0.01219,0.01007,17.3,18.1,5.6,6.8,38.51,56.94,12.76,9.56,0.0,0.02,1.7385714285714287,0.011222857142857144,47.09285714285714,0.0,0.0,2019-06-08,1.65
0.3795,-0.9252,1.76,1.76,1.48,1.95,0.012240000000000001,0.01,16.5,16.8,6.4,8.5,37.41,75.09,12.21,9.21,0.0,0.01,1.6957142857142855,0.011224285714285714,49.18714285714286,0.0,0.0,2019-06-09,1.4
0.3635,-0.9316,1.65,1.76,1.76,2.12,0.01193,0.01219,15.2,17.3,5.8,5.6,47.42,38.51,12.18,12.76,0.0,0.0,1.592857142857143,0.010801428571428571,49.90428571428571,0.0,0.0,2019-06-10,1.07
0.3474,-0.9377,1.4,1.65,1.76,1.4,0.0092,0.012240000000000001,16.3,16.5,6.7,6.4,45.77,37.41,9.66,12.21,0.0,0.0,1.5457142857142858,0.010248571428571428,53.25428571428571,0.09999999999999999,0.0,2019-06-11,1.72
0.3312,-0.9436,1.07,1.4,1.65,1.7,0.00611,0.01193,15.6,15.2,6.8,5.8,71.64,47.42,4.97,12.18,0.26,0.0,1.5485714285714285,0.010282857142857144,56.66142857142857,0.14285714285714285,0.7,2019-06-12,1.01
0.3149,-0.9491,1.72,1.07,1.4,1.48,0.01031,0.0092,18.9,16.3,7.4,6.7,80.79,45.77,8.21,9.66,7.58,0.0,1.4814285714285713,0.009734285714285714,58.21142857142858,2.257142857142857,0.3,2019-06-13,1.24
0.2986,-0.9544,1.01,1.72,1.07,1.76,0.0061600000000000005,0.00611,14.1,15.6,7.7,6.8,85.94,71.64,6.74,4.97,13.34,0.26,1.407142857142857,0.009125714285714287,64.47,2.3714285714285714,14.8,2019-06-14,1.63
0.2821,-0.9594,1.24,1.01,1.72,1.76,0.00793,0.01031,14.4,18.9,5.9,7.4,82.32,80.79,7.04,8.21,2.94,7.58,1.3885714285714283,0.008952857142857143,69.97428571428571,2.3714285714285714,0.8,2019-06-15,1.73
0.2656,-0.9641,1.63,1.24,1.01,1.65,0.01103,0.0061600000000000005,14.5,14.1,5.7,7.7,75.94,85.94,10.5,6.74,0.48,13.34,1.4000000000000001,0.008948571428571429,73.47714285714287,2.3714285714285714,0.0,2019-06-16,0.97
0.2489,-0.9685,1.73,1.63,1.24,1.4,0.0119,0.00793,14.5,14.4,4.6,5.9,71.94,82.32,11.84,7.04,0.05,2.94,1.3385714285714285,0.008291428571428571,79.16285714285713,3.242857142857143,0.0,2019-06-17,1.9
0.2322,-0.9727,0.97,1.73,1.63,1.07,0.0046,0.01103,11.3,14.5,4.0,5.7,85.57,75.94,3.25,10.5,9.99,0.48,1.457142857142857,0.00915,75.74142857142856,3.142857142857143,6.1,2019-06-18,2.2
0.2155,-0.9765,1.9,0.97,1.73,1.72,0.012119999999999999,0.0119,16.7,14.5,2.9,4.6,47.69,71.94,12.48,11.84,0.0,0.05,1.5257142857142856,0.008987142857142857,69.70857142857143,3.1,0.0,2019-06-19,1.17
0.1986,-0.9801,2.2,1.9,0.97,1.01,0.00917,0.0046,20.9,11.3,5.7,4.0,38.56,85.57,10.46,3.25,0.0,9.99,1.5485714285714285,0.009288571428571427,65.42714285714285,0.9857142857142857,0.0,2019-06-20,1.46
0.1818,-0.9833,1.17,2.2,1.9,1.24,0.00827,0.012119999999999999,15.2,16.7,9.5,2.9,55.97,47.69,7.71,12.48,0.4,0.0,1.58,0.00964142857142857,62.07285714285714,0.8857142857142856,0.0,2019-06-21,1.57
0.1648,-0.9863,1.46,1.17,2.2,1.63,0.0104,0.00917,15.6,20.9,9.0,5.7,58.84,38.56,11.19,10.46,0.09,0.0,1.5714285714285714,0.009654285714285714,58.13142857142857,0.8857142857142856,0.1,2019-06-22,1.49
0.1478,-0.989,1.57,1.46,1.17,1.73,0.01112,0.00827,16.4,15.2,7.3,9.5,48.35,55.97,10.85,7.71,0.0,0.4,1.5371428571428571,0.009552857142857142,55.089999999999996,0.8857142857142856,0.0,2019-06-23,0.38
0.1308,-0.9914,1.49,1.57,1.46,0.97,0.01119,0.0104,15.1,15.6,6.2,9.0,50.65,58.84,10.94,11.19,0.0,0.09,1.4528571428571428,0.00906,54.300000000000004,1.3857142857142857,0.0,2019-06-24,1.58
0.1137,-0.9935,0.38,1.49,1.57,1.9,0.00115,0.01112,12.1,16.4,6.0,7.3,80.04,48.35,2.07,10.85,3.59,0.0,1.407142857142857,0.009054285714285713,54.96142857142858,1.3857142857142857,9.6,2019-06-25,1.53
0.0966,-0.9953,1.58,0.38,1.49,2.2,0.01208,0.01119,13.4,15.1,2.6,6.2,52.32,50.65,12.61,10.94,0.0,0.0,1.3114285714285714,0.009235714285714286,56.94,1.3857142857142857,0.0,2019-06-26,1.14
0.0795,-0.9968,1.53,1.58,0.38,1.17,0.01044,0.00115,12.8,12.1,3.3,6.0,52.41,80.04,10.27,2.07,0.0,3.59,1.3071428571428572,0.009041428571428572,59.029999999999994,1.3857142857142857,0.0,2019-06-27,0.89
0.0623,-0.9981,1.14,1.53,1.58,1.46,0.00691,0.01208,15.4,13.4,6.4,2.6,70.6,52.32,6.45,12.61,0.0,0.0,1.2257142857142858,0.00812,62.07,1.3857142857142857,0.0,2019-06-28,1.02
0.0451,-0.999,0.89,1.14,1.53,1.57,0.00395,0.01044,14.3,12.8,6.5,3.3,80.12,52.41,3.59,10.27,4.59,0.0,1.147142857142857,0.007381428571428572,67.84714285714286,3.7142857142857144,0.1,2019-06-29,1.47
0.028,-0.9996,1.02,0.89,1.14,1.49,0.00595,0.00691,13.8,15.4,6.8,6.4,88.79,70.6,6.84,6.45,7.11,0.0,1.1442857142857144,0.0074828571428571435,68.36571428571429,3.7142857142857144,16.3,2019-06-30,1.7
0.0108,-0.9999,1.47,1.02,0.89,0.38,0.0119,0.00395,12.9,14.3,4.0,6.5,54.28,80.12,11.43,3.59,0.0,4.59,1.332857142857143,0.009091428571428571,63.37428571428571,2.342857142857143,0.0,2019-07-01,1.56
-0.0065,-1.0,1.7,1.47,1.02,1.58,0.012410000000000001,0.00595,13.8,13.8,3.6,6.8,45.1,88.79,12.72,6.84,0.0,7.11,1.33,0.009094285714285716,62.712857142857146,2.342857142857143,0.0,2019-07-02,1.68
-0.0237,-0.9997,1.56,1.7,1.47,1.53,0.0121,0.0119,13.3,12.9,3.9,4.0,47.69,54.28,12.54,11.43,0.0,0.0,1.3514285714285712,0.009330000000000001,62.39714285714286,2.342857142857143,0.0,2019-07-03,1.52
-0.0408,-0.9992,1.68,1.56,1.7,1.14,0.01209,0.012410000000000001,15.0,13.8,3.8,3.6,50.2,45.1,12.34,12.72,0.0,0.0,1.4057142857142857,0.010052857142857143,59.791428571428575,2.342857142857143,0.0,2019-07-04,1.74
-0.058,-0.9983,1.52,1.68,1.56,0.89,0.011970000000000001,0.0121,13.6,13.3,5.4,3.9,52.36,47.69,12.47,12.54,0.0,0.0,1.5271428571428571,0.011222857142857144,53.82285714285714,2.3285714285714287,0.0,2019-07-05,0.8
-0.0752,-0.9972,1.74,1.52,1.68,1.02,0.01214,0.01209,17.9,15.0,6.0,3.8,38.34,50.2,12.72,12.34,0.0,0.0,1.4957142857142858,0.011134285714285716,50.44571428571429,0.0,0.0,2019-07-06,1.21
-0.0923,-0.9957,0.8,1.74,1.52,1.47,0.00533,0.011970000000000001,13.4,13.6,6.1,5.4,65.15,52.36,4.28,12.47,0.0,0.0,1.4585714285714286,0.010507142857142857,53.81428571428571,0.0,0.0,2019-07-07,1.16
-0.1094,-0.994,1.21,0.8,1.74,1.7,0.00751,0.01214,15.7,17.9,8.8,6.0,77.86,38.34,6.51,12.72,0.0,0.0,1.3814285714285715,0.009905714285714285,59.0,0.014285714285714287,0.0,2019-07-08,1.35
-0.1265,-0.992,1.16,1.21,0.8,1.56,0.008199999999999999,0.00533,14.7,13.4,8.9,6.1,81.4,65.15,5.47,4.28,0.0,0.0,1.3514285714285716,0.009632857142857143,62.08285714285715,0.014285714285714287,0.1,2019-07-09,1.24
-0.1436,-0.9896,1.35,1.16,1.21,1.68,0.01019,0.00751,14.7,15.7,8.9,8.8,69.27,77.86,10.17,6.51,0.01,0.0,1.2885714285714285,0.009179999999999999,64.84428571428572,0.014285714285714287,0.0,2019-07-10,1.52
-0.1606,-0.987,1.24,1.35,1.16,1.52,0.008919999999999999,0.008199999999999999,14.9,14.7,5.8,8.9,69.53,81.4,6.32,5.47,0.01,0.0,1.2885714285714285,0.009055714285714287,68.40857142857143,0.014285714285714287,0.0,2019-07-11,1.62
-0.1775,-0.9841,1.52,1.24,1.35,1.74,0.0111,0.01019,14.6,14.7,7.5,8.9,77.31,69.27,9.22,10.17,0.0,0.01,1.2714285714285716,0.009095714285714287,73.61857142857143,0.014285714285714287,0.0,2019-07-12,1.77
-0.1944,-0.9809,1.62,1.52,1.24,0.8,0.01242,0.008919999999999999,14.2,14.9,5.5,5.8,74.81,69.53,10.26,6.32,0.0,0.01,1.4100000000000001,0.010162857142857142,72.29428571428572,0.014285714285714287,0.0,2019-07-13,1.68
-0.2113,-0.9774,1.77,1.62,1.52,1.21,0.0128,0.0111,15.7,14.6,4.3,7.5,55.88,77.31,12.88,9.22,0.0,0.0,1.477142857142857,0.010891428571428571,68.04,0.014285714285714287,0.0,2019-07-14,1.88
-0.2281,-0.9736,1.68,1.77,1.62,1.16,0.01261,0.01242,14.8,14.2,4.2,5.5,48.08,74.81,12.9,10.26,0.0,0.0,1.58,0.011562857142857142,63.07142857142857,0.0,0.0,2019-07-15,1.66
-0.2448,-0.9696,1.88,1.68,1.77,1.35,0.0129,0.0128,16.0,15.7,6.0,4.3,46.62,55.88,13.09,12.88,0.0,0.0,1.624285714285714,0.011875714285714285,61.14,0.0,0.0,2019-07-16,0.78
-0.2614,-0.9652,1.66,1.88,1.68,1.24,0.01238,0.01261,15.6,14.8,5.6,4.2,55.75,48.08,11.01,12.9,0.01,0.0,1.5585714285714285,0.011412857142857143,59.84142857142857,0.0,0.0,2019-07-17,1.68
-0.278,-0.9606,0.78,1.66,1.88,1.52,0.005679999999999999,0.0129,12.6,16.0,5.4,6.0,60.44,46.62,6.85,13.09,0.02,0.0,1.5814285714285714,0.011602857142857142,56.808571428571426,0.0,0.0,2019-07-18,1.73
-0.2945,-0.9557,1.68,0.78,1.66,1.62,0.01243,0.01238,15.8,15.6,7.1,5.6,56.08,55.75,12.37,11.01,0.0,0.01,1.5971428571428572,0.011617142857142857,52.212857142857146,0.0,0.0,2019-07-19,1.43
-0.3109,-0.9505,1.73,1.68,0.78,1.77,0.01252,0.005679999999999999,15.7,12.6,8.0,5.4,42.64,60.44,12.72,6.85,0.0,0.02,1.5485714285714285,0.011265714285714285,52.57714285714285,0.0,0.0,2019-07-20,0.79
-0.3272,-0.945,1.43,1.73,1.68,1.68,0.01034,0.01243,14.6,15.8,6.7,7.1,58.43,56.08,8.94,12.37,0.03,0.0,1.4214285714285713,0.010041428571428573,57.63285714285714,0.7714285714285715,0.0,2019-07-21,1.76
-0.3434,-0.9392,0.79,1.43,1.73,1.88,0.00404,0.01252,12.0,15.7,5.5,8.0,83.47,42.64,6.86,12.72,7.68,0.0,1.4042857142857144,0.01011857142857143,60.74285714285714,0.7714285714285715,5.4,2019-07-22,1.62
-0.3595,-0.9332,1.76,0.79,1.43,1.66,0.013439999999999999,0.01034,13.3,14.6,3.3,6.7,68.39,58.43,13.78,8.94,0.0,0.03,1.3985714285714284,0.010207142857142857,62.201428571428565,0.7714285714285715,0.0,2019-07-23,1.54
-0.3755,-0.9268,1.62,1.76,0.79,0.78,0.013,0.00404,12.5,12.0,3.8,5.5,65.96,83.47,13.08,6.86,0.0,7.68,1.5071428571428573,0.011098571428571428,62.142857142857146,0.7714285714285715,0.0,2019-07-24,1.77
-0.3914,-0.9202,1.54,1.62,1.76,1.68,0.01192,0.013439999999999999,12.4,13.3,2.1,3.3,60.03,68.39,12.57,13.78,0.0,0.0,1.52,0.011179999999999999,64.39142857142858,0.7714285714285715,0.0,2019-07-25,1.53
-0.4071,-0.9134,1.77,1.54,1.62,1.73,0.013,0.013,14.3,12.5,5.2,3.8,71.82,65.96,13.39,13.08,0.0,0.0,1.4914285714285713,0.010994285714285715,66.07142857142857,0.7714285714285715,0.0,2019-07-26,1.79
-0.4228,-0.9062,1.53,1.77,1.54,1.43,0.01122,0.01192,14.5,12.4,3.7,2.1,54.4,60.03,12.21,12.57,0.0,0.0,1.542857142857143,0.011405714285714285,65.69,0.7714285714285715,0.0,2019-07-27,1.41
-0.4383,-0.8988,1.79,1.53,1.77,0.79,0.01322,0.013,15.3,14.3,7.2,5.2,55.76,71.82,12.46,13.39,0.0,0.0,1.6314285714285715,0.012325714285714285,63.23142857142857,0.04285714285714286,0.0,2019-07-28,2.1
-0.4537,-0.8912,1.41,1.79,1.53,1.76,0.01048,0.01122,13.7,14.5,7.3,3.7,66.26,54.4,8.55,12.21,1.07,0.0,1.68,0.012352857142857143,62.39714285714285,0.12857142857142856,0.3,2019-07-29,2.2
-0.469,-0.8832,2.1,1.41,1.79,1.62,0.013630000000000001,0.01322,18.8,15.3,8.7,7.2,62.55,55.76,12.98,12.46,0.06,0.0,1.762857142857143,0.012478571428571427,60.12428571428571,0.12857142857142856,0.6,2019-07-30,1.06
-0.4841,-0.875,2.2,2.1,1.41,1.54,0.01388,0.01048,20.6,13.7,9.5,7.3,50.05,66.26,14.39,8.55,0.0,1.07,1.6942857142857142,0.011774285714285715,61.559999999999995,0.12857142857142856,0.0,2019-07-31,2.46
-0.4991,-0.8666,1.06,2.2,2.1,1.77,0.0069900000000000006,0.013630000000000001,15.1,18.8,9.5,8.7,70.08,62.55,9.75,12.98,0.0,0.06,1.792857142857143,0.011995714285714287,60.00857142857143,0.12857142857142856,0.0,2019-08-01,2.16
-0.5139,-0.8578,2.46,1.06,2.2,1.53,0.01455,0.01388,17.2,20.6,4.2,9.5,60.96,50.05,15.16,14.39,0.0,0.0,1.8828571428571428,0.012534285714285715,57.98428571428571,0.12857142857142856,0.0,2019-08-02,2.43
-0.5286,-0.8489,2.16,2.46,1.06,1.79,0.01499,0.0069900000000000006,15.6,15.1,4.4,9.5,40.23,70.08,15.42,9.75,0.0,0.0,1.9742857142857144,0.012784285714285715,55.50142857142857,0.12857142857142856,0.0,2019-08-03,2.59
-0.5431,-0.8397,2.43,2.16,2.46,1.41,0.01497,0.01455,19.4,17.2,8.2,4.2,38.38,60.96,15.07,15.16,0.0,0.0,2.142857142857143,0.013481428571428571,51.49285714285714,0.08571428571428572,0.0,2019-08-04,1.78
-0.5575,-0.8302,2.59,2.43,2.16,2.1,0.015359999999999999,0.01499,19.3,15.6,8.1,4.4,38.2,40.23,15.75,15.42,0.0,0.0,2.097142857142857,0.013437142857142858,51.028571428571425,0.0,0.0,2019-08-05,1.65
-0.5717,-0.8205,1.78,2.59,2.43,2.2,0.01332,0.01497,14.3,19.4,7.6,8.2,59.3,38.38,10.35,15.07,0.01,0.0,2.0185714285714287,0.013172857142857142,54.21142857142858,0.0,0.0,2019-08-06,1.86
-0.5857,-0.8105,1.65,1.78,2.59,1.06,0.012029999999999999,0.015359999999999999,14.3,19.3,7.1,8.1,72.33,38.2,14.25,15.75,0.01,0.0,2.132857142857143,0.014254285714285714,54.49428571428571,0.0,0.0,2019-08-07,1.96
-0.5996,-0.8003,1.86,1.65,1.78,2.46,0.01456,0.01332,13.3,14.3,6.0,7.6,72.06,59.3,15.7,10.35,0.0,0.01,2.0614285714285714,0.014321428571428572,56.042857142857144,0.0,0.0,2019-08-08,1.93
-0.6132,-0.7899,1.96,1.86,1.65,2.16,0.01502,0.012029999999999999,12.7,14.3,4.3,7.1,71.8,72.33,14.08,14.25,0.0,0.01,2.0285714285714285,0.014425714285714287,58.52428571428572,0.0,0.0,2019-08-09,2.08
-0.6267,-0.7792,1.93,1.96,1.86,2.43,0.01572,0.01456,12.4,13.3,2.2,6.0,57.6,72.06,15.49,15.7,0.0,0.0,1.9785714285714284,0.014518571428571428,60.48142857142857,0.0,0.0,2019-08-10,2.14
-0.64,-0.7683,2.08,1.93,1.96,2.59,0.015619999999999998,0.01502,14.7,12.7,3.8,4.3,52.08,71.8,15.72,14.08,0.0,0.0,1.9142857142857144,0.01458,65.13,0.0,0.0,2019-08-11,2.4
-0.6532,-0.7572,2.14,2.08,1.93,1.78,0.01579,0.01572,15.2,12.4,3.9,2.2,70.74,57.6,16.13,15.49,0.0,0.0,2.0028571428571427,0.015018571428571428,62.93571428571429,0.0,0.0,2019-08-12,3.12
-0.6661,-0.7459,2.4,2.14,2.08,1.65,0.016390000000000002,0.015619999999999998,17.0,14.7,3.7,3.8,43.94,52.08,16.11,15.72,0.0,0.0,2.212857142857143,0.015522857142857144,56.61714285714286,0.0,0.0,2019-08-13,2.27
-0.6788,-0.7343,3.12,2.4,2.14,1.86,0.015560000000000001,0.01579,25.5,15.2,6.2,3.9,28.1,70.74,14.98,16.13,0.0,0.0,2.2714285714285714,0.015692857142857144,52.41142857142857,0.0,0.0,2019-08-14,1.64
-0.6914,-0.7225,2.27,3.12,2.4,1.96,0.01575,0.016390000000000002,17.0,17.0,8.5,3.7,42.62,43.94,11.3,16.11,0.0,0.0,2.2257142857142855,0.015267142857142856,51.028571428571425,0.014285714285714287,0.0,2019-08-15,1.12
-0.7037,-0.7105,1.64,2.27,3.12,1.93,0.012039999999999999,0.015560000000000001,14.6,25.5,7.7,6.2,62.12,28.1,7.97,14.98,0.0,0.0,2.11,0.014078571428571428,53.15857142857143,0.07142857142857142,0.1,2019-08-16,2.01
-0.7158,-0.6983,1.12,1.64,2.27,2.08,0.0074,0.01575,12.7,17.0,8.9,8.5,72.51,42.62,6.34,11.3,0.01,0.0,2.1,0.013768571428571427,55.45285714285715,0.07142857142857142,0.4,2019-08-17,0.78
-0.7277,-0.6859,2.01,1.12,1.64,2.14,0.01345,0.012039999999999999,16.2,14.6,6.1,7.7,68.14,62.12,13.88,7.97,0.0,0.0,1.9057142857142857,0.01221857142857143,54.94857142857143,0.07142857142857142,0.0,2019-08-18,1.8
-0.7394,-0.6733,0.78,2.01,1.12,2.4,0.004940000000000001,0.0074,11.8,12.7,6.2,8.9,67.21,72.51,5.62,6.34,0.0,0.01,1.82,0.011575714285714286,56.63857142857143,0.07142857142857142,0.0,2019-08-19,2.48
-0.7509,-0.6605,1.8,0.78,2.01,3.12,0.011890000000000001,0.01345,17.0,16.2,5.0,6.1,55.77,68.14,10.25,13.88,0.0,0.0,1.7285714285714284,0.011692857142857144,60.75857142857143,0.07142857142857142,0.0,2019-08-20,1.83
-0.7621,-0.6474,2.48,1.8,0.78,2.27,0.01638,0.004940000000000001,19.7,11.8,8.6,6.2,56.94,67.21,12.98,5.62,0.0,0.0,1.6657142857142857,0.01124142857142857,62.85142857142857,0.07142857142857142,0.0,2019-08-21,3.09
-0.7731,-0.6342,1.83,2.48,1.8,1.64,0.01259,0.011890000000000001,15.6,17.0,8.8,5.0,57.27,55.77,12.14,10.25,0.0,0.0,1.8728571428571428,0.012037142857142857,60.74,0.05714285714285715,0.0,2019-08-22,2.55
-0.7839,-0.6208,3.09,1.83,2.48,1.12,0.01761,0.01638,26.5,19.7,8.3,8.6,47.34,56.94,18.02,12.98,0.0,0.0,2.077142857142857,0.013401428571428573,57.54714285714285,0.0,0.0,2019-08-23,2.37
-0.7945,-0.6073,2.55,3.09,1.83,2.01,0.01695,0.01259,18.2,15.6,8.3,8.8,50.16,57.27,15.01,12.14,0.0,0.0,2.1285714285714286,0.013815714285714287,54.65857142857143,0.0,0.0,2019-08-24,2.3
-0.8048,-0.5935,2.37,2.55,3.09,0.78,0.01635,0.01761,17.5,26.5,8.2,8.3,47.92,47.34,14.6,18.02,0.0,0.0,2.3457142857142856,0.01528,52.65,0.0,0.0,2019-08-25,2.96
-0.8149,-0.5796,2.3,2.37,2.55,1.8,0.015189999999999999,0.01695,18.1,18.2,8.9,8.3,53.15,50.16,13.45,15.01,0.0,0.0,2.511428571428571,0.01613857142857143,51.362857142857145,0.0,0.0,2019-08-26,3.25
-0.8248,-0.5655,2.96,2.3,2.37,2.48,0.0179,0.01635,21.0,17.5,8.7,8.2,46.76,47.92,17.66,14.6,0.0,0.0,2.6214285714285714,0.01621142857142857,48.95428571428572,0.0,0.0,2019-08-27,2.55
-0.8344,-0.5512,3.25,2.96,2.3,1.83,0.016890000000000002,0.015189999999999999,24.8,18.1,11.1,8.9,40.08,53.15,16.61,13.45,0.0,0.0,2.724285714285714,0.016895714285714285,47.64857142857143,0.0,0.0,2019-08-28,2.2
-0.8437,-0.5368,2.55,3.25,2.96,3.09,0.01738,0.0179,18.8,21.0,11.3,8.7,48.13,46.76,13.85,17.66,0.0,0.0,2.597142857142857,0.01663142857142857,49.67,0.04285714285714286,0.0,2019-08-29,2.36
-0.8528,-0.5222,2.2,2.55,3.25,2.55,0.01576,0.016890000000000002,16.1,24.8,10.0,11.1,61.49,40.08,13.87,16.61,0.0,0.0,2.57,0.0166,50.470000000000006,0.04285714285714286,0.3,2019-08-30,2.68
-0.8617,-0.5074,2.36,2.2,2.55,2.37,0.016730000000000002,0.01738,16.8,18.8,8.1,11.3,55.76,48.13,19.18,13.85,0.0,0.0,2.6142857142857143,0.016972857142857144,48.73857142857143,0.04285714285714286,0.0,2019-08-31,2.73
-0.8703,-0.4925,2.68,2.36,2.2,2.3,0.01896,0.01576,17.2,16.1,8.3,10.0,35.8,61.49,19.84,13.87,0.0,0.0,2.6757142857142857,0.017584285714285715,46.21142857142858,0.04285714285714286,0.0,2019-09-01,2.77
-0.8786,-0.4775,2.73,2.68,2.36,2.96,0.019469999999999998,0.016730000000000002,16.5,16.8,5.8,8.1,35.46,55.76,19.99,19.18,0.0,0.0,2.6485714285714286,0.01787857142857143,44.285714285714285,0.04285714285714286,0.0,2019-09-02,3.02
-0.8867,-0.4623,2.77,2.73,2.68,3.25,0.019960000000000002,0.01896,15.8,17.2,6.4,8.3,33.28,35.8,20.67,19.84,0.0,0.0,2.6157142857142857,0.018282857142857146,43.55142857142857,0.04285714285714286,0.0,2019-09-03,1.94
-0.8945,-0.447,3.02,2.77,2.73,2.55,0.019719999999999998,0.019469999999999998,18.0,16.5,6.4,5.8,34.94,35.46,18.58,19.99,0.0,0.0,2.5285714285714285,0.017494285714285716,44.16571428571428,0.08571428571428572,0.0,2019-09-04,1.69
-0.9021,-0.4315,1.94,3.02,2.77,2.2,0.011859999999999999,0.019960000000000002,15.4,15.8,7.0,6.4,52.43,33.28,9.14,20.67,0.0,0.0,2.455714285714286,0.016542857142857144,46.25428571428571,0.1142857142857143,0.3,2019-09-05,1.54
-0.9094,-0.4159,1.69,1.94,3.02,2.36,0.0091,0.019719999999999998,16.4,18.0,9.5,6.4,76.11,34.94,8.76,18.58,0.0,0.0,2.3385714285714285,0.015398571428571428,48.535714285714285,0.1142857142857143,0.5,2019-09-06,2.43
-0.9164,-0.4002,1.54,1.69,1.94,2.68,0.00872,0.011859999999999999,16.0,15.4,8.3,7.0,71.73,52.43,16.17,9.14,0.0,0.0,2.302857142857143,0.015054285714285714,53.83571428571429,0.1142857142857143,0.0,2019-09-07,2.33
-0.9232,-0.3844,2.43,1.54,1.69,2.73,0.016550000000000002,0.0091,16.3,16.4,7.1,9.5,72.9,76.11,15.46,8.76,0.03,0.0,2.245714285714286,0.014465714285714287,59.56428571428571,0.14285714285714285,0.0,2019-09-08,2.52
-0.9296,-0.3685,2.33,2.43,1.54,2.77,0.015349999999999999,0.00872,14.8,16.0,9.1,8.3,75.56,71.73,18.2,16.17,0.09,0.0,2.21,0.013689999999999999,65.72571428571429,0.7142857142857143,0.2,2019-09-09,2.54
-0.9358,-0.3524,2.52,2.33,2.43,3.02,0.01453,0.016550000000000002,16.1,16.3,9.6,7.1,76.41,72.9,10.42,15.46,1.44,0.03,2.1414285714285715,0.01342,71.60428571428572,0.7285714285714285,4.0,2019-09-10,3.09
-0.9418,-0.3363,2.54,2.52,2.33,1.94,0.01783,0.015349999999999999,15.9,14.8,6.0,9.1,76.09,75.56,18.79,18.2,2.06,0.09,2.3057142857142856,0.014700000000000001,73.78285714285714,0.7142857142857143,0.1,2019-09-11,3.52
-0.9474,-0.32,3.09,2.54,2.52,1.69,0.02082,0.01453,17.9,16.1,7.9,9.6,67.68,76.41,21.25,10.42,1.7,1.44,2.567142857142857,0.016497142857142856,68.76285714285714,0.6428571428571429,0.2,2019-09-12,2.53
-0.9528,-0.3037,3.52,3.09,2.54,1.54,0.02168,0.01783,20.7,15.9,7.0,6.0,40.97,76.09,22.19,18.79,0.0,2.06,2.7085714285714286,0.01792285714285714,66.58571428571429,0.6428571428571429,0.0,2019-09-13,2.79
-0.9579,-0.2873,2.53,3.52,3.09,2.43,0.018699999999999998,0.02082,15.3,17.9,7.8,7.9,56.49,67.68,13.45,21.25,0.0,1.7,2.7600000000000002,0.018362857142857143,66.80571428571429,0.6428571428571429,0.0,2019-09-14,2.85
-0.9627,-0.2707,2.79,2.53,3.52,2.33,0.019629999999999998,0.02168,15.3,20.7,8.9,7.0,74.44,40.97,15.85,22.19,0.0,0.0,2.834285714285714,0.01898857142857143,66.78571428571429,0.6142857142857142,0.0,2019-09-15,2.8
-0.9672,-0.2541,2.85,2.79,2.53,2.52,0.01973,0.018699999999999998,15.8,15.3,6.5,7.8,75.42,56.49,19.14,13.45,0.0,0.0,2.8742857142857146,0.019714285714285715,65.87428571428572,0.042857142857142864,0.0,2019-09-16,2.66
-0.9714,-0.2375,2.8,2.85,2.79,2.54,0.01961,0.019629999999999998,16.1,15.3,8.4,8.9,70.03,74.44,21.35,15.85,0.0,0.0,2.891428571428571,0.01984,65.65714285714286,0.028571428571428574,0.0,2019-09-17,2.83
-0.9753,-0.2207,2.66,2.8,2.85,3.09,0.01871,0.01973,15.1,15.8,7.1,6.5,74.57,75.42,18.33,19.14,0.0,0.0,2.8542857142857145,0.019805714285714284,66.10714285714286,0.0,0.0,2019-09-18,2.36
-0.979,-0.2039,2.83,2.66,2.8,3.52,0.020579999999999998,0.01961,15.9,16.1,5.7,8.4,70.83,70.03,18.0,21.35,0.0,0.0,2.6885714285714286,0.018921428571428568,69.22428571428571,0.0,0.0,2019-09-19,3.42
-0.9824,-0.187,2.36,2.83,2.66,2.53,0.01549,0.01871,16.0,15.1,8.4,7.1,62.79,74.57,17.33,18.33,0.0,0.0,2.815714285714286,0.01953,67.16857142857143,0.0,0.0,2019-09-20,3.66
-0.9854,-0.1701,3.42,2.36,2.83,2.79,0.02296,0.020579999999999998,18.4,15.9,6.4,5.7,42.1,70.83,24.38,18.0,0.0,0.0,2.94,0.020057142857142857,60.54857142857143,0.0,0.0,2019-09-21,3.23
-0.9882,-0.1531,3.66,3.42,2.36,2.85,0.02332,0.01549,19.5,16.0,7.6,8.4,28.1,62.79,23.52,17.33,0.0,0.0,2.994285714285714,0.020535714285714286,56.955714285714286,0.0,0.0,2019-09-22,2.89
-0.9907,-0.1361,3.23,3.66,3.42,2.8,0.02308,0.02296,17.1,18.4,7.1,6.4,50.27,42.1,15.86,24.38,0.0,0.0,3.007142857142857,0.020585714285714287,55.15857142857143,0.014285714285714287,0.0,2019-09-23,3.22
-0.9929,-0.1191,2.89,3.23,3.66,2.66,0.019960000000000002,0.02332,16.0,19.5,8.0,7.6,57.45,28.1,18.23,23.52,0.0,0.0,3.087142857142857,0.021094285714285715,51.99142857142857,0.014285714285714287,0.1,2019-09-24,3.11
-0.9948,-0.102,3.22,2.89,3.23,2.83,0.022269999999999998,0.02308,17.2,17.1,5.7,7.1,52.4,50.27,16.77,15.86,0.0,0.0,3.1271428571428572,0.02143,48.73142857142857,0.014285714285714287,0.0,2019-09-25,3.0
-0.9964,-0.0848,3.11,3.22,2.89,2.36,0.02293,0.019960000000000002,16.0,16.0,6.5,8.0,48.01,57.45,13.29,18.23,0.0,0.0,3.218571428571429,0.02220714285714286,47.651428571428575,0.028571428571428574,0.0,2019-09-26,2.39
-0.9977,-0.0677,3.0,3.11,3.22,3.42,0.02093,0.022269999999999998,16.9,17.2,8.8,5.7,55.23,52.4,13.39,16.77,0.0,0.0,3.0714285714285716,0.021107142857142856,51.56714285714286,0.24285714285714285,0.1,2019-09-27,3.5
-0.9987,-0.0505,2.39,3.0,3.11,3.66,0.01526,0.02293,16.7,16.0,8.9,6.5,69.51,48.01,19.66,13.29,0.02,0.0,3.0485714285714285,0.021248571428571426,54.53142857142858,0.24285714285714285,1.5,2019-09-28,2.34
-0.9994,-0.0333,3.5,2.39,3.0,3.23,0.02431,0.02093,17.3,16.9,6.0,8.8,48.85,55.23,22.96,13.39,0.01,0.0,2.9214285714285713,0.020175714285714286,56.05714285714286,0.2714285714285714,0.0,2019-09-29,2.9
-0.9999,-0.0161,2.34,3.5,2.39,2.89,0.01557,0.01526,15.7,16.7,10.3,8.9,60.95,69.51,10.52,19.66,0.04,0.02,2.922857142857143,0.02001857142857143,58.83571428571429,0.2571428571428572,0.2,2019-09-30,3.22
-1.0,0.0011,2.9,2.34,3.5,3.22,0.01886,0.02431,17.0,17.3,8.6,6.0,76.9,48.85,19.2,22.96,0.4,0.01,2.922857142857143,0.019815714285714287,61.395714285714284,0.2571428571428572,0.0,2019-10-01,3.54
-0.9998,0.0183,3.22,2.9,2.34,3.11,0.02085,0.01557,15.4,15.7,8.8,10.3,70.32,60.95,22.0,10.52,1.24,0.04,2.9842857142857144,0.020107142857142855,63.271428571428565,0.2571428571428572,0.0,2019-10-02,3.49
-0.9994,0.0355,3.54,3.22,2.9,3.0,0.02497,0.01886,15.6,17.0,5.0,8.6,61.14,76.9,25.49,19.2,0.01,0.4,3.0542857142857143,0.020598571428571428,64.29714285714286,0.24285714285714285,0.0,2019-10-03,3.62
-0.9986,0.0527,3.49,3.54,3.22,2.39,0.02437,0.02085,16.0,15.4,7.0,8.8,62.41,70.32,25.24,22.0,0.0,1.24,3.23,0.022042857142857142,61.17142857142857,0.028571428571428574,0.0,2019-10-04,3.66
-0.9976,0.0698,3.62,3.49,3.54,3.5,0.02537,0.02497,17.1,15.6,5.1,5.0,47.63,61.14,26.49,25.49,0.0,0.01,3.2528571428571427,0.022131428571428573,60.675714285714285,0.028571428571428574,0.0,2019-10-05,4.19
-0.9962,0.087,3.66,3.62,3.49,2.34,0.02493,0.02437,16.8,16.0,6.5,7.0,45.38,62.41,25.44,25.24,0.0,0.0,3.5171428571428573,0.023444285714285716,57.33,0.0,0.0,2019-10-06,3.99
-0.9946,0.1041,4.19,3.66,3.62,2.9,0.02476,0.02537,21.5,17.1,7.0,5.1,37.53,47.63,24.3,26.49,0.0,0.0,3.672857142857143,0.0242,52.43714285714286,0.0,0.0,2019-10-07,4.87
-0.9926,0.1212,3.99,4.19,3.66,3.22,0.024149999999999998,0.02493,22.4,16.8,8.6,6.5,42.65,45.38,24.49,25.44,0.57,0.0,3.9085714285714284,0.02481142857142857,46.55142857142857,0.0,0.0,2019-10-08,3.86
-0.9904,0.1383,4.87,3.99,4.19,3.54,0.02513,0.02476,26.3,21.5,10.8,7.0,29.12,37.53,25.97,24.3,0.0,0.0,3.954285714285714,0.024027142857142858,42.20428571428572,0.0,0.0,2019-10-09,3.56
-0.9879,0.1553,3.86,4.87,3.99,3.49,0.01948,0.024149999999999998,25.1,22.4,16.5,8.6,30.71,42.65,21.04,24.49,0.0,0.57,3.9642857142857144,0.02348857142857143,38.074285714285715,0.0,0.0,2019-10-10,3.45
-0.9851,0.1722,3.56,3.86,4.87,3.62,0.0206,0.02513,21.8,26.3,12.0,10.8,33.5,29.12,17.92,25.97,0.0,0.0,3.9400000000000004,0.023325714285714286,35.42,0.0,0.0,2019-10-11,1.92
-0.9819,0.1892,3.45,3.56,3.86,3.66,0.02423,0.01948,17.6,25.1,10.7,16.5,29.05,30.71,15.94,21.04,0.0,0.0,3.6914285714285713,0.02147857142857143,34.69571428571429,0.0,0.0,2019-10-12,2.57
-0.9785,0.206,1.92,3.45,3.56,4.19,0.012,0.0206,16.8,21.8,10.1,12.0,40.31,33.5,12.73,17.92,0.0,0.0,3.46,0.02019857142857143,35.65428571428571,0.0,0.0,2019-10-13,2.51
-0.9749,0.2228,2.57,1.92,3.45,3.99,0.0158,0.02423,17.6,17.6,11.6,10.7,44.24,29.05,16.04,15.94,0.01,0.0,3.248571428571428,0.018645714285714286,40.30714285714286,1.4000000000000001,0.0,2019-10-14,3.72
-0.9709,0.2396,2.51,2.57,1.92,4.87,0.01328,0.012,20.0,16.8,11.7,10.1,75.22,40.31,10.54,12.73,0.04,0.0,3.084285714285714,0.018604285714285716,45.06428571428571,1.4000000000000001,9.8,2019-10-15,2.2
-0.9666,0.2562,3.72,2.51,2.57,3.86,0.02484,0.0158,18.6,17.6,11.3,11.6,62.42,44.24,26.48,16.04,0.01,0.01,2.847142857142857,0.017754285714285716,51.354285714285716,1.4000000000000001,0.0,2019-10-16,3.46
-0.9621,0.2728,2.2,3.72,2.51,3.56,0.013529999999999999,0.01328,16.2,20.0,11.1,11.7,74.74,75.22,13.16,10.54,0.51,0.04,2.8328571428571427,0.01813714285714286,56.07,1.4000000000000001,0.0,2019-10-17,4.05
-0.9572,0.2893,3.46,2.2,3.72,3.45,0.023280000000000002,0.02484,17.5,18.6,9.7,11.3,66.51,62.42,26.85,26.48,0.07,0.01,2.9185714285714286,0.018577142857142855,60.35285714285715,1.4000000000000001,0.0,2019-10-18,2.01
-0.9521,0.3057,4.05,3.46,2.2,1.92,0.027309999999999997,0.013529999999999999,18.3,16.2,9.2,11.1,59.03,74.74,27.44,13.16,0.0,0.51,2.9314285714285715,0.01864,64.88285714285715,1.4285714285714286,0.0,2019-10-19,4.14
-0.9467,0.3221,2.01,4.05,3.46,2.57,0.01244,0.023280000000000002,14.7,17.5,10.8,9.7,72.02,66.51,11.55,26.85,0.0,0.07,3.1557142857142857,0.020130000000000002,67.53285714285714,1.4571428571428573,0.2,2019-10-20,4.47
-0.941,0.3383,4.14,2.01,4.05,2.51,0.02623,0.027309999999999997,19.7,18.3,10.0,9.2,62.79,59.03,27.77,27.44,0.0,0.0,3.435714285714286,0.02223,61.864285714285714,0.05714285714285715,0.2,2019-10-21,4.49
-0.9351,0.3545,4.47,4.14,2.01,3.72,0.02798,0.01244,21.4,14.7,6.7,10.8,35.54,72.02,28.92,11.55,0.0,0.0,3.545714285714286,0.02270142857142857,58.14714285714285,0.05714285714285715,0.0,2019-10-22,4.08
-0.9288,0.3705,4.49,4.47,4.14,2.2,0.028140000000000002,0.02623,20.9,19.7,10.6,10.0,36.4,62.79,28.23,27.77,0.0,0.0,3.814285714285714,0.02469142857142857,54.50857142857143,0.05714285714285715,0.0,2019-10-23,4.28
-0.9223,0.3864,4.08,4.49,4.47,3.46,0.027460000000000002,0.02798,18.5,21.4,9.2,6.7,49.27,35.54,19.11,28.92,0.0,0.0,3.9314285714285715,0.025351428571428573,51.98857142857143,0.05714285714285715,0.0,2019-10-24,4.41
-0.9155,0.4022,4.28,4.08,4.49,4.05,0.027899999999999998,0.028140000000000002,18.7,20.9,9.7,10.6,48.87,36.4,26.94,28.23,0.0,0.0,3.9828571428571427,0.02526857142857143,49.00428571428571,0.05714285714285715,0.0,2019-10-25,4.14
-0.9085,0.4179,4.41,4.28,4.08,2.01,0.02673,0.027460000000000002,21.8,18.5,8.3,9.2,38.14,49.27,25.76,19.11,0.0,0.0,4.2871428571428565,0.02722714285714286,46.40428571428571,0.07142857142857142,0.0,2019-10-26,4.3
-0.9012,0.4335,4.14,4.41,4.28,4.14,0.02615,0.027899999999999998,20.0,18.7,10.8,9.7,53.82,48.87,24.39,26.94,0.0,0.0,4.3100000000000005,0.027325714285714287,46.12,0.04285714285714286,0.3,2019-10-27,4.61
-0.8936,0.4489,4.3,4.14,4.41,4.47,0.026920000000000003,0.02673,20.0,21.8,11.1,8.3,60.8,38.14,26.83,25.76,0.0,0.0,4.33,0.02745142857142857,49.92,0.04285714285714286,0.0,2019-10-28,4.69
-0.8857,0.4642,4.61,4.3,4.14,4.49,0.02886,0.02615,19.0,20.0,11.5,10.8,62.14,53.82,29.91,24.39,0.0,0.0,4.3585714285714285,0.027600000000000003,52.94285714285714,0.04285714285714286,0.0,2019-10-29,4.82
-0.8776,0.4794,4.69,4.61,4.3,4.08,0.02918,0.026920000000000003,19.6,20.0,8.8,11.1,57.56,60.8,29.46,26.83,0.0,0.0,4.464285714285714,0.027877142857142857,52.41571428571428,0.04285714285714286,0.0,2019-10-30,4.24
-0.8692,0.4944,4.82,4.69,4.61,4.28,0.0294,0.02886,21.2,19.0,10.1,11.5,45.58,62.14,29.98,29.91,0.0,0.0,4.458571428571429,0.027902857142857142,53.75714285714286,0.04285714285714286,0.0,2019-10-31,4.83
-0.8606,0.5093,4.24,4.82,4.69,4.41,0.028079999999999997,0.02918,18.3,19.6,10.5,8.8,58.26,57.56,25.04,29.46,0.0,0.0,4.518571428571429,0.028332857142857142,56.08428571428571,0.04285714285714286,0.0,2019-11-01,4.7
-0.8517,0.524,4.83,4.24,4.82,4.14,0.02974,0.0294,20.4,21.2,9.5,10.1,54.43,45.58,30.17,29.98,0.0,0.0,4.598571428571428,0.02876,54.04571428571428,0.0,0.0,2019-11-02,3.92
-0.8426,0.5386,4.7,4.83,4.24,4.3,0.02914,0.028079999999999997,21.2,18.3,10.7,10.5,39.55,58.26,30.21,25.04,0.0,0.0,4.5442857142857145,0.02858142857142857,54.00285714285714,0.0,0.0,2019-11-03,3.79
-0.8332,0.553,3.92,4.7,4.83,4.61,0.025670000000000002,0.02974,18.2,20.4,11.6,9.5,60.5,54.43,18.99,30.17,0.0,0.0,4.427142857142857,0.027944285714285717,53.18571428571429,0.0,0.0,2019-11-04,4.58
-0.8235,0.5672,3.79,3.92,4.7,4.69,0.024399999999999998,0.02914,18.6,21.2,10.5,10.7,56.42,39.55,24.1,30.21,0.0,0.0,4.411428571428572,0.027924285714285714,51.04571428571428,0.0,0.0,2019-11-05,4.87
-0.8137,0.5813,4.58,3.79,3.92,4.82,0.02904,0.025670000000000002,20.1,18.2,10.4,11.6,42.58,60.5,30.89,18.99,0.0,0.0,4.418571428571428,0.028047142857142857,50.13428571428572,0.0,0.0,2019-11-06,5.12
-0.8035,0.5952,4.87,4.58,3.79,4.24,0.030260000000000002,0.024399999999999998,21.7,18.6,8.5,10.5,39.2,56.42,25.74,24.1,0.0,0.0,4.5442857142857145,0.02839,46.57857142857143,0.0,0.0,2019-11-07,4.0
-0.7932,0.609,5.12,4.87,4.58,4.83,0.03048,0.02904,23.0,20.1,11.5,10.4,33.37,42.58,31.58,30.89,0.01,0.0,4.425714285714286,0.027624285714285712,44.56714285714286,0.0,0.0,2019-11-08,4.84
-0.7826,0.6225,4.0,5.12,4.87,4.7,0.02438,0.030260000000000002,20.8,21.7,11.2,8.5,40.35,39.2,20.12,25.74,0.02,0.0,4.445714285714286,0.027697142857142858,43.45142857142857,0.0,0.0,2019-11-09,4.7
-0.7718,0.6359,4.84,4.0,5.12,3.92,0.02965,0.03048,22.2,23.0,11.6,11.5,31.74,33.37,28.09,31.58,0.02,0.01,4.557142857142857,0.028278571428571427,40.34571428571429,0.0,0.0,2019-11-10,3.91
-0.7607,0.6491,4.7,4.84,4.0,3.79,0.02974,0.02438,21.3,20.8,11.5,11.2,38.76,40.35,27.39,20.12,0.06,0.02,4.574285714285715,0.02822142857142857,40.60285714285714,0.014285714285714287,0.0,2019-11-11,4.59
-0.7494,0.6621,3.91,4.7,4.84,4.58,0.024,0.02965,20.5,22.2,12.9,11.6,58.22,31.74,14.74,28.09,0.17,0.02,4.575714285714286,0.028225714285714288,43.03285714285715,0.014285714285714287,0.1,2019-11-12,4.44
-0.7379,0.6749,4.59,3.91,4.7,4.87,0.02907,0.02974,21.3,21.3,11.9,11.5,59.59,38.76,17.53,27.39,0.44,0.06,4.514285714285714,0.027889999999999998,45.18285714285714,0.014285714285714287,0.0,2019-11-13,5.18
-0.7262,0.6875,4.44,4.59,3.91,5.12,0.02791,0.024,21.4,20.5,11.9,12.9,54.25,58.22,19.25,14.74,0.26,0.17,4.522857142857143,0.02780142857142857,46.34285714285714,0.014285714285714287,0.0,2019-11-14,5.11
-0.7143,0.6998,5.18,4.44,4.59,4.0,0.02986,0.02907,23.4,21.3,11.6,11.9,41.49,59.59,27.33,17.53,0.07,0.44,4.6814285714285715,0.02870285714285714,45.96714285714285,0.014285714285714287,0.0,2019-11-15,5.07
-0.7021,0.712,5.11,5.18,4.44,4.84,0.030690000000000002,0.02791,24.0,21.4,11.6,11.9,37.72,54.25,29.88,19.25,0.0,0.26,4.714285714285714,0.028755714285714284,48.47571428571428,0.014285714285714287,0.0,2019-11-16,5.16
-0.6898,0.724,5.07,5.11,5.18,4.7,0.030019999999999998,0.02986,23.0,23.4,13.4,11.6,49.3,41.49,25.84,27.33,0.0,0.07,4.78,0.028909999999999998,49.13142857142857,0.014285714285714287,0.0,2019-11-17,5.55
-0.6772,0.7358,5.16,5.07,5.11,3.91,0.03082,0.030690000000000002,21.7,24.0,11.5,11.6,43.35,37.72,32.0,29.88,0.0,0.0,5.014285714285714,0.029787142857142856,44.730000000000004,0.0,0.0,2019-11-18,5.42
-0.6645,0.7473,5.55,5.16,5.07,4.59,0.03014,0.030019999999999998,25.6,23.0,10.8,13.4,27.41,49.3,31.04,25.84,0.0,0.0,5.132857142857143,0.030125714285714287,41.855714285714285,0.0,0.0,2019-11-19,5.18
-0.6515,0.7586,5.42,5.55,5.16,4.44,0.03144,0.03082,23.8,21.7,14.6,11.5,39.47,43.35,31.16,32.0,0.0,0.0,5.238571428571428,0.030561428571428573,38.73571428571428,0.0,0.0,2019-11-20,4.06
-0.6384,0.7697,5.18,5.42,5.55,5.18,0.03096,0.03014,23.1,25.6,13.5,10.8,32.41,27.41,28.98,31.04,0.0,0.0,5.078571428571428,0.029742857142857144,39.47428571428571,0.0,0.0,2019-11-21,4.38
-0.625,0.7806,4.06,5.18,5.42,5.11,0.02413,0.03144,22.3,23.8,13.3,14.6,46.66,39.47,22.35,31.16,0.05,0.0,4.974285714285714,0.02927142857142857,42.99,0.0,0.0,2019-11-22,3.72
-0.6115,0.7912,4.38,4.06,5.18,5.07,0.02739,0.03096,20.7,23.1,13.6,13.5,62.33,32.41,30.65,28.98,0.06,0.0,4.781428571428571,0.02795,46.27428571428572,0.0,0.0,2019-11-23,3.97
-0.5978,0.8016,3.72,4.38,4.06,5.16,0.02077,0.02413,21.5,22.3,14.0,13.3,72.29,46.66,24.58,22.35,0.2,0.05,4.611428571428571,0.02683285714285714,50.114285714285714,0.05714285714285715,0.0,2019-11-24,4.59
-0.584,0.8118,3.97,3.72,4.38,5.55,0.023,0.02739,21.5,20.7,14.4,13.6,70.23,62.33,27.8,30.65,0.12,0.06,4.474285714285714,0.026285714285714284,55.39142857142857,0.05714285714285715,0.4,2019-11-25,5.46
-0.5699,0.8217,4.59,3.97,3.72,5.42,0.02631,0.02077,21.3,21.5,13.2,14.0,64.35,72.29,27.88,24.58,0.15,0.2,4.4799999999999995,0.026437142857142857,55.854285714285716,0.05714285714285715,0.0,2019-11-26,5.76
-0.5557,0.8314,5.46,4.59,3.97,5.18,0.0325,0.023,21.5,21.5,8.8,14.4,42.71,70.23,33.39,27.8,0.0,0.12,4.562857142857142,0.026674285714285713,55.58857142857143,0.05714285714285715,0.0,2019-11-27,5.41
-0.5413,0.8408,5.76,5.46,4.59,4.06,0.032619999999999996,0.02631,24.1,21.3,9.7,13.2,30.55,64.35,33.59,27.88,0.0,0.15,4.755714285714285,0.027828571428571428,54.94,0.05714285714285715,0.0,2019-11-28,5.52
-0.5268,0.85,5.41,5.76,5.46,4.38,0.03221,0.0325,22.3,21.5,10.8,8.8,42.12,42.71,32.74,33.39,0.0,0.0,4.918571428571428,0.028597142857142856,52.48428571428571,0.05714285714285715,0.0,2019-11-29,5.65
-0.5121,0.859,5.52,5.41,5.76,3.72,0.03277,0.032619999999999996,22.1,24.1,9.7,9.7,45.14,30.55,33.41,33.59,0.0,0.0,5.194285714285714,0.030295714285714283,47.107142857142854,0.05714285714285715,0.0,2019-11-30,5.05
-0.4972,0.8676,5.65,5.52,5.41,3.97,0.032659999999999995,0.03221,23.1,22.3,11.2,10.8,34.65,42.12,33.87,32.74,0.0,0.0,5.348571428571428,0.031517142857142855,43.99,0.0,0.0,2019-12-01,4.26
-0.4822,0.8761,5.05,5.65,5.52,4.59,0.03155,0.03277,21.1,22.1,11.0,9.7,48.41,45.14,24.08,33.41,0.04,0.0,5.301428571428572,0.03149285714285714,42.57142857142857,0.0,0.0,2019-12-02,5.31
-0.4671,0.8842,4.26,5.05,5.65,5.46,0.02614,0.032659999999999995,21.1,23.1,12.3,11.2,54.42,34.65,20.24,33.87,0.09,0.0,5.28,0.03147,43.050000000000004,0.0,0.0,2019-12-03,5.52
-0.4518,0.8921,5.31,4.26,5.05,5.76,0.03234,0.03155,22.2,21.1,12.3,11.0,46.06,48.41,32.51,24.08,0.35,0.04,5.2457142857142856,0.03153857142857143,44.082857142857144,0.0,0.0,2019-12-04,5.6
-0.4364,0.8998,5.52,5.31,4.26,5.41,0.033100000000000004,0.02614,22.0,21.1,10.5,12.3,37.78,54.42,32.76,20.24,0.0,0.09,5.272857142857142,0.031611428571428575,43.362857142857145,0.0,0.0,2019-12-05,4.84
-0.4208,0.9071,5.6,5.52,5.31,5.52,0.03272,0.03234,23.3,22.2,10.5,12.3,37.08,46.06,30.99,32.51,0.0,0.35,5.175714285714285,0.03128285714285715,43.93,0.0,0.0,2019-12-06,4.25
-0.4052,0.9142,4.84,5.6,5.52,5.65,0.03047,0.033100000000000004,21.0,22.0,11.7,10.5,49.11,37.78,21.09,32.76,0.02,0.0,4.975714285714285,0.030395714285714286,47.82142857142857,0.0,0.0,2019-12-07,4.93
-0.3894,0.9211,4.25,4.84,5.6,5.05,0.026449999999999998,0.03272,19.7,23.3,12.1,10.5,61.89,37.08,22.91,30.99,0.0,0.0,4.958571428571429,0.03023714285714286,48.94428571428572,0.0,0.0,2019-12-08,4.78
-0.3735,0.9276,4.93,4.25,4.84,4.26,0.030440000000000002,0.03047,20.8,21.0,10.5,11.7,56.27,49.11,25.93,21.09,0.0,0.02,5.032857142857142,0.030942857142857143,49.64714285714286,0.0,0.0,2019-12-09,4.75
-0.3575,0.9339,4.78,4.93,4.25,5.31,0.03108,0.026449999999999998,20.1,19.7,10.8,12.1,59.34,61.89,21.01,22.91,0.0,0.0,4.952857142857143,0.03069,51.298571428571435,0.0,0.0,2019-12-10,4.69
-0.3413,0.9399,4.75,4.78,4.93,5.52,0.03057,0.030440000000000002,20.4,20.8,10.9,10.5,57.62,56.27,19.81,25.93,0.0,0.0,4.8342857142857145,0.030132857142857145,53.542857142857144,0.0,0.0,2019-12-11,6.01
-0.3251,0.9457,4.69,4.75,4.78,5.6,0.0292,0.03108,20.4,20.1,12.4,10.8,53.49,59.34,25.31,21.01,0.0,0.0,4.892857142857143,0.03014285714285714,52.925714285714285,0.0,0.0,2019-12-12,5.23
-0.3088,0.9511,6.01,4.69,4.75,4.84,0.03279,0.03057,25.7,20.4,12.3,10.9,32.76,57.62,33.56,19.81,0.0,0.0,4.948571428571428,0.030324285714285713,51.542857142857144,0.0,0.0,2019-12-13,4.58
-0.2924,0.9563,5.23,6.01,4.69,4.25,0.03174,0.0292,22.1,20.4,11.3,12.4,39.43,53.49,32.07,25.31,0.0,0.0,4.9957142857142856,0.030334285714285713,49.76714285714286,0.04285714285714286,0.0,2019-12-14,5.47
-0.2759,0.9612,4.58,5.23,6.01,4.93,0.02652,0.03279,22.7,25.7,12.1,12.3,49.46,32.76,26.6,33.56,0.0,0.0,5.072857142857143,0.030571428571428572,48.99714285714286,0.04285714285714286,0.3,2019-12-15,5.47
-0.2593,0.9658,5.47,4.58,5.23,4.78,0.032100000000000004,0.03174,22.5,22.1,10.9,11.3,50.88,39.43,32.94,32.07,0.0,0.0,5.171428571428572,0.03079857142857143,46.89714285714285,0.04285714285714286,0.0,2019-12-16,5.67
-0.2427,0.9701,5.47,5.47,4.58,4.75,0.032670000000000005,0.02652,22.7,22.7,11.1,12.1,44.64,49.46,32.94,26.6,0.0,0.0,5.3028571428571425,0.031105714285714285,44.49714285714286,0.04285714285714286,0.0,2019-12-17,5.48
-0.226,0.9741,5.67,5.47,5.47,4.69,0.03272,0.032100000000000004,23.7,22.5,11.5,10.9,40.82,50.88,32.24,32.94,0.0,0.0,5.4157142857142855,0.03159857142857143,43.03857142857142,0.04285714285714286,0.0,2019-12-18,4.19
-0.2092,0.9779,5.48,5.67,5.47,6.01,0.03265,0.032670000000000005,23.6,22.7,12.1,11.1,43.28,44.64,24.94,32.94,0.02,0.0,5.155714285714287,0.030641428571428573,46.97571428571428,0.04285714285714286,0.0,2019-12-19,5.88
-0.1923,0.9813,4.19,5.48,5.67,5.23,0.02609,0.03272,20.1,23.7,13.6,11.5,60.32,40.82,22.39,32.24,0.02,0.0,5.248571428571429,0.03077857142857143,48.30142857142857,0.04285714285714286,0.0,2019-12-20,5.87
-0.1754,0.9845,5.88,4.19,5.48,4.58,0.0327,0.03265,24.7,23.6,13.7,12.1,48.71,43.28,34.02,24.94,0.01,0.02,5.432857142857143,0.03170571428571429,46.67285714285715,0.0,0.0,2019-12-21,5.79
-0.1585,0.9874,5.87,5.88,4.19,5.47,0.03301,0.02609,24.4,20.1,12.2,13.6,38.06,60.32,33.96,22.39,0.0,0.02,5.478571428571429,0.03181857142857143,44.65428571428571,0.0,0.0,2019-12-22,5.77
-0.1414,0.9899,5.79,5.87,5.88,5.47,0.03289,0.0327,24.1,24.7,11.7,13.7,36.75,48.71,32.79,34.02,0.0,0.01,5.521428571428571,0.03185142857142857,43.89714285714286,0.0,0.0,2019-12-23,4.95
-0.1244,0.9922,5.77,5.79,5.87,5.67,0.0329,0.03301,24.5,24.4,13.1,12.2,39.34,38.06,33.22,33.96,0.0,0.0,5.418571428571428,0.03142428571428572,44.96714285714285,0.0,0.0,2019-12-24,5.52
-0.1073,0.9942,4.95,5.77,5.79,5.48,0.02973,0.03289,23.0,24.1,13.4,11.7,48.31,36.75,24.95,32.79,0.01,0.0,5.424285714285714,0.03138428571428571,46.49142857142857,0.0,0.0,2019-12-25,5.49
-0.0902,0.9959,5.52,4.95,5.77,4.19,0.032369999999999996,0.0329,23.1,24.5,12.8,13.1,53.95,39.34,33.53,33.22,0.0,0.0,5.609999999999999,0.03234142857142857,44.76285714285715,0.0,0.0,2019-12-26,5.49
-0.073,0.9973,5.49,5.52,4.95,5.88,0.03279,0.02973,23.3,23.0,11.6,13.4,48.22,48.31,30.53,24.95,0.0,0.01,5.554285714285714,0.032304285714285716,44.885714285714286,0.0,0.0,2019-12-27,5.74
-0.0559,0.9984,5.49,5.49,5.52,5.87,0.03244,0.032369999999999996,22.7,23.1,12.1,12.8,49.57,53.95,32.63,33.53,0.0,0.0,5.535714285714286,0.03225571428571428,45.205714285714286,0.0,0.0,2019-12-28,4.43
-0.0387,0.9993,5.74,5.49,5.49,5.79,0.032670000000000005,0.03279,24.6,23.3,12.7,11.6,40.3,48.22,29.17,30.53,0.0,0.0,5.341428571428572,0.031368571428571426,46.75285714285714,0.0,0.0,2019-12-29,4.99
-0.0215,0.9998,4.43,5.74,5.49,5.77,0.02668,0.03244,22.0,22.7,13.8,12.1,47.58,49.57,23.47,32.63,0.0,0.0,5.2299999999999995,0.030915714285714286,47.37428571428571,0.0,0.0,2019-12-30,5.26
-0.0043,1.0,4.99,4.43,5.74,4.95,0.02973,0.032670000000000005,22.3,24.6,12.4,12.7,43.69,40.3,27.45,29.17,0.0,0.0,5.274285714285715,0.031247142857142855,47.065714285714286,0.0,0.0,2019-12-31,4.72
0.0172,0.9999,5.26,4.99,4.43,5.52,0.032049999999999995,0.02668,22.5,22.0,12.0,13.8,46.15,47.58,27.13,23.47,0.0,0.0,5.159999999999999,0.030748571428571427,47.61714285714286,0.0,0.0,2020-01-01,4.66
0.0344,0.9994,4.72,5.26,4.99,5.49,0.02888,0.02973,21.6,22.3,13.6,12.4,57.81,43.69,23.26,27.45,0.38,0.0,5.041428571428571,0.030165714285714285,49.19857142857143,0.0,0.0,2020-01-02,4.57
0.0516,0.9987,4.66,4.72,5.26,5.49,0.02871,0.032049999999999995,21.0,22.5,12.4,12.0,59.29,46.15,22.54,27.13,0.12,0.0,4.909999999999999,0.029525714285714287,50.94571428571429,0.0,0.0,2020-01-03,4.69
0.0688,0.9976,4.57,4.66,4.72,5.74,0.027960000000000002,0.02888,21.1,21.6,12.1,13.6,61.8,57.81,23.77,23.26,0.34,0.38,4.76,0.028928571428571425,53.33714285714286,0.0,0.0,2020-01-04,4.23
0.0859,0.9963,4.69,4.57,4.66,4.43,0.028489999999999998,0.02871,22.5,21.0,13.5,12.4,57.04,59.29,21.46,22.54,0.3,0.12,4.731428571428572,0.028684285714285714,55.88428571428572,0.0,0.0,2020-01-05,5.46
0.103,0.9947,4.23,4.69,4.57,4.99,0.02497,0.027960000000000002,20.7,21.1,14.7,12.1,65.41,61.8,18.15,23.77,0.0,0.34,4.798571428571429,0.028932857142857142,57.61285714285714,0.0,0.0,2020-01-06,5.62
0.1201,0.9928,5.46,4.23,4.69,5.26,0.03147,0.028489999999999998,22.4,22.5,13.0,13.5,55.79,57.04,31.42,21.46,0.0,0.3,4.8500000000000005,0.02891285714285714,59.02285714285714,0.0,0.0,2020-01-07,4.67
0.1372,0.9905,5.62,5.46,4.23,4.72,0.03191,0.02497,23.9,20.7,13.4,14.7,56.02,65.41,32.25,18.15,0.0,0.0,4.8428571428571425,0.028464285714285713,59.72428571428571,0.0,0.0,2020-01-08,5.62
0.1542,0.988,4.67,5.62,5.46,4.66,0.02574,0.03147,22.6,22.4,14.7,13.0,62.72,55.79,25.07,31.42,0.0,0.0,4.9799999999999995,0.028957142857142855,58.08428571428571,0.0,0.0,2020-01-09,5.7
0.1712,0.9852,5.62,4.67,5.62,4.57,0.032159999999999994,0.03191,23.3,23.9,12.9,13.4,47.81,56.02,32.15,32.25,0.0,0.0,5.1414285714285715,0.029625714285714283,55.478571428571435,0.0,0.0,2020-01-10,5.54
0.1881,0.9821,5.7,5.62,4.67,4.69,0.03264,0.02574,24.2,22.6,13.4,14.7,43.56,62.72,33.11,25.07,0.0,0.0,5.262857142857143,0.03011857142857143,54.14,0.0,0.0,2020-01-11,4.82
0.205,0.9788,5.54,5.7,5.62,4.23,0.03194,0.032159999999999994,23.5,23.3,12.8,12.9,47.67,47.81,29.52,32.15,0.0,0.0,5.347142857142857,0.03072714285714286,51.75285714285714,0.0,0.0,2020-01-12,4.14
0.2218,0.9751,4.82,5.54,5.7,5.46,0.02923,0.03264,21.2,24.2,13.3,13.4,48.7,43.56,23.66,33.11,0.08,0.0,5.158571428571428,0.029871428571428573,51.151428571428575,0.04285714285714286,0.0,2020-01-13,4.73
0.2385,0.9711,4.14,4.82,5.54,5.62,0.02548,0.03194,21.1,23.5,13.9,12.8,51.58,47.67,23.3,29.52,0.12,0.0,5.031428571428571,0.02936714285714286,50.57,0.04285714285714286,0.3,2020-01-14,5.5
0.2552,0.9669,4.73,4.14,4.82,4.67,0.02838,0.02923,22.0,21.2,14.2,13.3,51.95,48.7,23.24,23.66,0.03,0.08,5.1499999999999995,0.030180000000000002,47.62428571428571,0.04285714285714286,0.0,2020-01-15,5.68
0.2718,0.9624,5.5,4.73,4.14,5.62,0.03143,0.02548,24.1,21.1,13.1,13.9,42.1,51.58,33.08,23.3,0.12,0.12,5.158571428571428,0.030150000000000003,46.75857142857143,0.04285714285714286,0.0,2020-01-16,4.89
0.2883,0.9575,5.68,5.5,4.73,5.7,0.03195,0.02838,24.0,22.0,12.5,14.2,41.75,51.95,30.9,23.24,0.0,0.03,5.042857142857143,0.02962,46.44,0.04285714285714286,0.0,2020-01-17,5.2
0.3047,0.9524,4.89,5.68,5.5,5.54,0.02893,0.03143,22.8,24.1,13.7,13.1,41.33,42.1,26.01,33.08,0.0,0.12,4.994285714285715,0.029264285714285715,46.36142857142857,0.04285714285714286,0.0,2020-01-18,3.99
0.3211,0.9471,5.2,4.89,5.68,4.82,0.02945,0.03195,24.5,24.0,14.3,12.5,47.12,41.75,27.56,30.9,0.0,0.0,4.875714285714286,0.028408571428571425,46.75,0.07142857142857142,0.0,2020-01-19,5.24
0.3373,0.9414,3.99,5.2,4.89,4.14,0.023239999999999997,0.02893,22.1,22.8,15.4,13.7,51.42,41.33,18.77,26.01,0.14,0.0,5.032857142857144,0.029127142857142855,47.17857142857143,0.028571428571428574,0.2,2020-01-20,4.61
0.3534,0.9355,5.24,3.99,5.2,4.73,0.030510000000000002,0.02945,24.6,24.5,14.1,14.3,54.58,47.12,21.56,27.56,0.11,0.0,5.015714285714286,0.02902142857142857,47.02285714285714,0.07142857142857142,0.0,2020-01-21,4.78
0.3695,0.9292,4.61,5.24,3.99,5.5,0.02764,0.023239999999999997,22.2,22.1,14.1,15.4,50.86,51.42,22.09,18.77,0.09,0.14,4.912857142857143,0.028575714285714284,49.378571428571426,0.07142857142857142,0.3,2020-01-22,5.16
0.3854,0.9227,4.78,4.61,5.24,5.68,0.02831,0.030510000000000002,23.0,24.6,14.6,14.1,58.59,54.58,23.14,21.56,0.01,0.11,4.838571428571429,0.02815,52.73428571428571,0.07142857142857142,0.0,2020-01-23,5.27
0.4012,0.916,5.16,4.78,4.61,4.89,0.02897,0.02764,24.6,22.2,15.5,14.1,65.24,50.86,27.15,22.09,1.25,0.09,4.892857142857143,0.028222857142857143,55.894285714285715,0.07142857142857142,0.0,2020-01-24,5.35
0.4169,0.9089,5.27,5.16,4.78,5.2,0.02944,0.02831,25.0,23.0,16.1,14.6,63.45,58.59,23.81,23.14,0.23,0.01,4.914285714285714,0.028239999999999998,56.60142857142857,0.07142857142857142,0.0,2020-01-25,5.63
0.4325,0.9016,5.35,5.27,5.16,3.99,0.02957,0.02897,25.5,24.6,16.5,15.5,52.07,65.24,29.45,27.15,0.0,1.25,5.148571428571429,0.029312857142857144,56.284285714285716,0.04285714285714286,0.0,2020-01-26,4.94
0.4479,0.8941,5.63,5.35,5.27,5.24,0.03075,0.02944,26.7,25.0,15.5,16.1,49.2,63.45,30.34,23.81,0.01,0.23,5.105714285714286,0.02898,56.07857142857143,0.07142857142857142,0.0,2020-01-27,4.69
0.4633,0.8862,4.94,5.63,5.35,4.61,0.02818,0.02957,24.5,25.5,15.4,16.5,53.14,52.07,24.01,29.45,0.29,0.0,5.117142857142857,0.02889857142857143,57.43,0.028571428571428574,0.2,2020-01-28,4.82
0.4784,0.8781,4.69,4.94,5.63,4.78,0.02707,0.03075,23.5,26.7,15.9,15.5,60.32,49.2,19.98,30.34,0.14,0.01,5.122857142857143,0.02877,57.46857142857142,0.028571428571428574,0.0,2020-01-29,5.14
0.4935,0.8698,4.82,4.69,4.94,5.16,0.02741,0.02818,22.8,24.5,15.6,15.4,58.86,53.14,25.92,24.01,0.01,0.29,5.12,0.02883857142857143,55.90857142857143,0.028571428571428574,0.0,2020-01-30,5.1
0.5084,0.8611,5.14,4.82,4.69,5.27,0.02945,0.02707,23.7,23.5,13.9,15.9,54.32,60.32,26.27,19.98,0.0,0.14,5.095714285714286,0.02886285714285714,54.112857142857145,0.028571428571428574,0.0,2020-01-31,5.08
0.5231,0.8523,5.1,5.14,4.82,5.35,0.02961,0.02741,23.3,22.8,14.2,15.6,50.88,58.86,27.07,25.92,0.0,0.01,5.057142857142857,0.02889857142857143,54.05857142857143,0.028571428571428574,0.0,2020-02-01,5.02
0.5377,0.8432,5.08,5.1,5.14,5.63,0.02982,0.02945,23.6,23.7,14.5,13.9,51.69,54.32,20.38,26.27,0.01,0.0,4.97,0.028655714285714284,53.95285714285715,0.028571428571428574,0.0,2020-02-02,5.46
0.5521,0.8338,5.02,5.08,5.1,4.94,0.02905,0.02961,24.1,23.3,15.6,14.2,48.46,50.88,25.61,27.07,0.0,0.0,5.0442857142857145,0.028900000000000002,52.96142857142858,0.0,0.0,2020-02-03,5.27
0.5664,0.8242,5.46,5.02,5.08,4.69,0.02989,0.02982,24.7,23.6,14.2,14.5,46.2,51.69,31.22,20.38,0.0,0.01,5.127142857142857,0.029304285714285717,52.55285714285714,0.0,0.0,2020-02-04,4.84
0.5805,0.8143,5.27,5.46,5.02,4.82,0.0299,0.02905,24.1,24.1,13.6,15.6,57.46,48.46,30.58,25.61,0.05,0.0,5.13,0.029565714285714285,53.17285714285715,0.0,0.0,2020-02-05,5.03
0.5944,0.8042,4.84,5.27,5.46,5.14,0.02924,0.02989,21.6,24.7,13.8,14.2,63.2,46.2,28.33,31.22,0.09,0.0,5.114285714285714,0.029618571428571428,53.32714285714286,0.0,0.0,2020-02-06,5.3
0.6081,0.7938,5.03,4.84,5.27,5.1,0.02982,0.0299,22.1,24.1,12.4,13.6,55.4,57.46,30.84,30.58,0.0,0.05,5.142857142857143,0.02967,52.93714285714286,0.0,0.0,2020-02-07,5.12
0.6217,0.7833,5.3,5.03,4.84,5.08,0.02997,0.02924,23.7,21.6,13.6,13.8,48.15,63.2,30.27,28.33,0.03,0.09,5.148571428571429,0.02966571428571429,52.30285714285714,0.0,0.0,2020-02-08,4.55
0.6351,0.7725,5.12,5.3,5.03,5.02,0.02979,0.02982,23.8,22.1,12.8,12.4,47.25,55.4,27.26,30.84,0.07,0.0,5.081428571428572,0.029378571428571428,52.25428571428571,0.0,0.0,2020-02-09,4.46
0.6483,0.7614,4.55,5.12,5.3,5.46,0.027039999999999998,0.02997,22.2,23.7,15.0,13.6,48.12,48.15,22.64,30.27,0.47,0.03,4.938571428571429,0.028951428571428572,53.06428571428571,0.0,0.0,2020-02-10,4.23
0.6613,0.7502,4.46,4.55,5.12,5.27,0.0269,0.02979,22.5,23.8,12.8,12.8,51.87,47.25,18.41,27.26,0.13,0.07,4.79,0.028265714285714286,52.50285714285714,0.0,0.0,2020-02-11,4.39
0.6741,0.7387,4.23,4.46,4.55,4.84,0.0251,0.027039999999999998,22.1,22.2,13.8,15.0,53.53,48.12,19.18,22.64,0.01,0.47,4.725714285714285,0.02769,51.50285714285714,0.0,0.0,2020-02-12,5.03
0.6867,0.727,4.39,4.23,4.46,5.03,0.02521,0.0269,23.2,22.5,14.7,12.8,56.2,51.87,20.38,18.41,0.01,0.13,4.725714285714285,0.02752,50.55142857142857,0.0,0.0,2020-02-13,5.19
0.6991,0.715,5.03,4.39,4.23,5.3,0.02863,0.0251,23.6,22.1,13.2,13.8,48.74,53.53,29.47,19.18,0.0,0.01,4.71,0.027395714285714284,49.121428571428574,0.0,0.0,2020-02-14,4.75
0.7113,0.7029,5.19,5.03,4.39,5.12,0.0291,0.02521,24.6,23.2,12.4,14.7,38.14,56.2,30.12,20.38,0.0,0.01,4.6571428571428575,0.027100000000000003,48.487142857142864,0.0,0.0,2020-02-15,4.5
0.7233,0.6906,4.75,5.19,5.03,4.55,0.027719999999999998,0.02863,23.9,23.6,12.3,13.2,42.81,48.74,25.94,29.47,0.0,0.0,4.6499999999999995,0.027062857142857142,49.294285714285714,0.0,0.0,2020-02-16,4.83
0.735,0.678,4.5,4.75,5.19,4.46,0.02678,0.0291,22.1,24.6,14.3,12.4,53.77,38.14,23.51,30.12,0.0,0.0,4.702857142857143,0.02717857142857143,49.30285714285714,0.0,0.0,2020-02-17,5.17
0.7466,0.6653,4.83,4.5,4.75,4.23,0.027710000000000002,0.027719999999999998,24.2,23.9,14.3,12.3,51.93,42.81,26.67,25.94,0.0,0.0,4.837142857142857,0.027662857142857145,46.59142857142857,0.0,0.0,2020-02-18,4.81
0.7579,0.6523,5.17,4.83,4.5,4.39,0.028489999999999998,0.02678,25.5,22.1,13.7,14.3,34.55,53.77,29.55,23.51,0.0,0.0,4.897142857142858,0.02807,44.21714285714285,0.0,0.0,2020-02-19,4.49
0.769,0.6392,4.81,5.17,4.83,5.03,0.028059999999999998,0.027710000000000002,24.0,24.2,11.7,14.3,39.58,51.93,24.35,26.67,0.0,0.0,4.82,0.02783714285714286,43.99142857142857,0.0,0.0,2020-02-20,3.98
0.7799,0.6259,4.49,4.81,5.17,5.19,0.027,0.028489999999999998,22.5,25.5,12.1,13.7,47.16,34.55,20.55,29.55,0.0,0.0,4.647142857142858,0.027134285714285715,46.028571428571425,0.014285714285714287,0.0,2020-02-21,4.75
0.7906,0.6124,3.98,4.49,4.81,4.75,0.02418,0.028059999999999998,21.6,24.0,14.6,11.7,52.4,39.58,19.19,24.35,0.0,0.0,4.647142857142858,0.02712142857142857,47.39,0.014285714285714287,0.1,2020-02-22,4.72
0.801,0.5987,4.75,3.98,4.49,4.5,0.02763,0.027,23.2,22.5,13.3,12.1,52.34,47.16,20.79,20.55,0.0,0.0,4.678571428571429,0.027234285714285714,47.80142857142857,0.014285714285714287,0.0,2020-02-23,4.0
0.8112,0.5848,4.72,4.75,3.98,4.83,0.02757,0.02418,23.0,21.6,12.6,14.6,56.65,52.4,19.42,19.19,0.0,0.0,4.56,0.026739999999999996,48.43142857142857,0.014285714285714287,0.0,2020-02-24,4.74
0.8211,0.5708,4.0,4.72,4.75,5.17,0.02425,0.02763,21.2,23.2,12.6,13.3,56.34,52.34,16.92,20.79,0.0,0.0,4.498571428571428,0.026574285714285713,50.51,0.014285714285714287,0.0,2020-02-25,4.71
0.8308,0.5566,4.74,4.0,4.72,4.81,0.027329999999999997,0.02757,23.9,23.0,11.8,12.6,49.1,56.65,27.48,19.42,0.0,0.0,4.484285714285714,0.026379999999999997,50.73142857142857,0.014285714285714287,0.0,2020-02-26,3.95
0.8402,0.5422,4.71,4.74,4.0,4.49,0.026699999999999998,0.02425,25.3,21.2,12.7,12.6,41.13,56.34,24.34,16.92,0.0,0.0,4.4071428571428575,0.025914285714285716,50.339999999999996,0.014285714285714287,0.0,2020-02-27,4.53
0.8495,0.5277,3.95,4.71,4.74,3.98,0.023739999999999997,0.027329999999999997,22.2,23.9,14.8,11.8,44.42,49.1,20.05,27.48,0.0,0.0,4.485714285714286,0.026241428571428572,48.93857142857143,0.0,0.0,2020-02-28,3.41
0.8584,0.513,4.53,3.95,4.71,4.75,0.02647,0.026699999999999998,23.9,25.3,13.0,12.7,42.59,41.13,17.76,24.34,0.06,0.0,4.2942857142857145,0.02531,49.46714285714285,0.0,0.0,2020-02-29,3.91
0.8671,0.4981,3.41,4.53,3.95,4.72,0.02111,0.023739999999999997,21.3,22.2,13.5,14.8,56.04,44.42,14.66,20.05,0.33,0.0,4.178571428571429,0.024654285714285712,49.62857142857143,0.0,0.0,2020-03-01,3.42
0.8755,0.4831,3.91,3.41,4.53,4.0,0.02298,0.02647,22.6,23.9,15.5,13.0,57.78,42.59,15.9,17.76,0.01,0.06,4.095714285714286,0.024152857142857143,49.80142857142857,0.0,0.0,2020-03-02,3.17
0.8837,0.468,3.42,3.91,3.41,4.74,0.020739999999999998,0.02111,21.0,21.3,13.5,13.5,57.55,56.04,16.55,14.66,0.0,0.33,3.8714285714285714,0.023042857142857143,50.92142857142857,0.0,0.0,2020-03-03,3.55
0.8916,0.4527,3.17,3.42,3.91,4.71,0.019559999999999998,0.02298,20.7,22.6,12.8,15.5,56.94,57.78,14.18,15.9,0.0,0.01,3.705714285714286,0.02228142857142857,52.88,0.0,0.0,2020-03-04,4.33
0.8993,0.4373,3.55,3.17,3.42,3.95,0.02137,0.020739999999999998,22.2,21.0,13.3,13.5,54.84,57.55,18.95,16.55,0.0,0.0,3.7600000000000002,0.022427142857142857,52.74428571428571,0.0,0.0,2020-03-05,3.61
0.9067,0.4218,4.33,3.55,3.17,4.53,0.02476,0.019559999999999998,23.7,20.7,13.4,12.8,43.47,56.94,22.21,14.18,0.0,0.0,3.6285714285714286,0.021677142857142857,54.37428571428571,0.028571428571428574,0.0,2020-03-06,3.74
0.9138,0.4061,3.61,4.33,3.55,3.41,0.02122,0.02137,22.6,22.2,14.4,13.3,54.0,54.84,20.74,18.95,0.0,0.0,3.6757142857142857,0.021791428571428573,54.40857142857143,0.028571428571428574,0.2,2020-03-07,4.08
0.9207,0.3904,3.74,3.61,4.33,3.91,0.02191,0.02476,23.5,23.7,13.9,13.4,56.28,43.47,17.94,22.21,0.0,0.0,3.6999999999999997,0.021844285714285712,53.94428571428572,0.028571428571428574,0.0,2020-03-08,4.23
0.9272,0.3745,4.08,3.74,3.61,3.42,0.023350000000000003,0.02122,23.8,22.6,15.2,14.4,54.53,54.0,20.27,20.74,0.0,0.0,3.815714285714286,0.022299999999999997,52.57714285714286,0.028571428571428574,0.0,2020-03-09,4.0
0.9335,0.3585,4.23,4.08,3.74,3.17,0.02393,0.02191,25.1,23.5,13.8,13.9,47.98,56.28,22.25,17.94,0.0,0.0,3.934285714285714,0.022777142857142857,52.18285714285714,0.05714285714285715,0.0,2020-03-10,4.08
0.9396,0.3424,4.0,4.23,4.08,3.55,0.0229,0.023350000000000003,23.8,23.8,14.3,15.2,54.18,54.53,21.27,20.27,0.0,0.0,4.01,0.023114285714285716,51.34285714285714,0.05714285714285715,0.2,2020-03-11,3.84
0.9453,0.3261,4.08,4.0,4.23,4.33,0.02373,0.02393,23.5,25.1,14.5,13.8,48.96,47.98,19.15,22.25,0.0,0.0,3.9400000000000004,0.022757142857142858,53.137142857142855,0.05714285714285715,0.0,2020-03-12,3.87
0.9508,0.3098,3.84,4.08,4.0,3.61,0.022260000000000002,0.0229,23.4,23.8,14.7,14.3,56.03,54.18,16.42,21.27,0.0,0.0,3.9771428571428573,0.022991428571428572,53.962857142857146,0.028571428571428574,0.0,2020-03-13,3.75
0.956,0.2934,3.87,3.84,4.08,3.74,0.02286,0.02373,22.7,23.5,14.5,14.5,59.78,48.96,18.46,19.15,0.01,0.0,3.9785714285714286,0.02301142857142857,53.378571428571426,0.028571428571428574,0.0,2020-03-14,4.04
0.9609,0.2769,3.75,3.87,3.84,4.08,0.02205,0.022260000000000002,23.0,23.4,14.2,14.7,52.19,56.03,23.64,16.42,0.0,0.0,3.9728571428571433,0.023084285714285717,52.722857142857144,0.028571428571428574,0.0,2020-03-15,3.35
0.9655,0.2604,4.04,3.75,3.87,4.23,0.02386,0.02286,22.8,22.7,12.8,14.5,49.94,59.78,23.36,18.46,0.0,0.01,3.847142857142857,0.022561428571428573,54.628571428571426,0.028571428571428574,0.0,2020-03-16,3.75
0.9698,0.2437,3.35,4.04,3.75,4.0,0.02027,0.02205,20.8,23.0,13.4,14.2,61.32,52.19,15.49,23.64,0.0,0.0,3.8114285714285714,0.022548571428571428,55.92142857142857,0.0,0.0,2020-03-17,3.61
0.9739,0.227,3.75,3.35,4.04,4.08,0.02281,0.02386,21.6,22.8,11.9,12.8,63.23,49.94,20.08,23.36,0.0,0.0,3.744285714285714,0.022355714285714284,57.30142857142857,0.0,0.0,2020-03-18,2.79
0.9777,0.2102,3.61,3.75,3.35,3.84,0.02238,0.02027,21.1,20.8,12.7,13.4,58.62,61.32,14.97,15.49,0.0,0.0,3.5942857142857143,0.02162,56.76428571428572,0.0,0.0,2020-03-19,3.33
0.9811,0.1934,2.79,3.61,3.75,3.87,0.01711,0.02281,19.8,21.6,13.5,11.9,52.27,63.23,15.42,20.08,0.0,0.0,3.5171428571428573,0.02131857142857143,56.70285714285715,0.028571428571428574,0.0,2020-03-20,2.34
0.9843,0.1765,3.33,2.79,3.61,3.75,0.02075,0.02238,20.4,21.1,13.1,12.7,59.35,58.62,17.32,14.97,0.0,0.0,3.315714285714286,0.019947142857142858,59.07,0.17142857142857143,0.2,2020-03-21,3.94
0.9872,0.1595,2.34,3.33,2.79,4.04,0.01245,0.01711,20.0,19.8,14.6,13.5,68.76,52.27,14.64,15.42,0.08,0.0,3.301428571428571,0.019682857142857144,61.90428571428571,0.17142857142857143,1.0,2020-03-22,4.23
0.9898,0.1425,3.94,2.34,3.33,3.35,0.022010000000000002,0.02075,23.4,20.4,13.1,13.1,69.78,59.35,22.19,17.32,0.09,0.0,3.4271428571428575,0.020044285714285712,60.38428571428572,0.17142857142857143,0.0,2020-03-23,3.91
0.9921,0.1255,4.23,3.94,2.34,3.75,0.0228,0.01245,26.4,20.0,12.1,14.6,50.68,68.76,23.36,14.64,0.0,0.08,3.4499999999999997,0.020004285714285718,58.20285714285715,0.17142857142857143,0.0,2020-03-24,3.19
0.9941,0.1084,3.91,4.23,3.94,3.61,0.02253,0.022010000000000002,23.2,23.4,12.4,13.1,47.96,69.78,20.59,22.19,0.9,0.09,3.39,0.01948142857142857,59.424285714285716,0.17142857142857143,0.0,2020-03-25,2.12
0.9958,0.0913,3.19,3.91,4.23,2.79,0.01872,0.0228,22.4,26.4,15.4,12.1,67.17,50.68,14.04,23.36,1.89,0.0,3.2942857142857145,0.018794285714285715,61.02285714285715,0.17142857142857143,0.0,2020-03-26,3.52
0.9972,0.0741,2.12,3.19,3.91,3.33,0.0123,0.02253,20.1,23.2,14.6,12.4,63.46,47.96,9.17,20.59,0.24,0.9,3.3214285714285716,0.018714285714285715,62.17714285714286,0.14285714285714285,0.0,2020-03-27,3.06
0.9984,0.057,3.52,2.12,3.19,2.34,0.02019,0.01872,22.2,22.4,13.7,15.4,67.43,67.17,10.27,14.04,0.03,1.89,3.424285714285714,0.019502857142857145,62.19571428571429,0.0,0.0,2020-03-28,3.34
0.9992,0.0398,3.06,3.52,2.12,3.94,0.01797,0.0123,21.3,20.1,12.5,14.6,68.89,63.46,10.61,9.17,0.03,0.24,3.3385714285714285,0.01909857142857143,60.58714285714286,0.0,0.0,2020-03-29,3.54
0.9997,0.0226,3.34,3.06,3.52,4.23,0.01918,0.02019,22.6,22.2,13.6,13.7,58.52,67.43,19.81,10.27,0.0,0.03,3.2399999999999998,0.01877142857142857,61.12571428571429,0.0,0.0,2020-03-30,3.5
1.0,0.0054,3.54,3.34,3.06,3.91,0.02051,0.01797,22.9,21.3,13.7,12.5,54.45,68.89,19.49,10.61,0.0,0.03,3.1814285714285715,0.018501428571428575,61.83428571428572,0.0,0.0,2020-03-31,3.42
0.9999,-0.0118,3.5,3.54,3.34,3.19,0.020640000000000002,0.01918,22.3,22.6,11.6,13.6,52.92,58.52,20.11,19.81,0.01,0.0,3.2142857142857144,0.018794285714285715,58.269999999999996,0.0,0.0,2020-04-01,3.55
0.9996,-0.029,3.42,3.5,3.54,2.12,0.02077,0.02051,22.1,22.9,11.4,13.7,42.22,54.45,21.6,19.49,0.0,0.0,3.4185714285714286,0.02005857142857143,54.92857142857143,0.0,0.0,2020-04-02,3.02
0.9989,-0.0462,3.55,3.42,3.5,3.52,0.02115,0.020640000000000002,22.3,22.3,13.6,11.6,40.07,52.92,21.55,20.11,0.02,0.01,3.347142857142857,0.019784285714285716,51.635714285714286,0.0,0.0,2020-04-03,2.85
0.998,-0.0634,3.02,3.55,3.42,3.06,0.018269999999999998,0.02077,21.6,22.1,11.7,11.4,44.38,42.22,16.11,21.6,0.0,0.0,3.317142857142857,0.019744285714285714,48.39142857142857,0.0,0.0,2020-04-04,3.11
0.9968,-0.0805,2.85,3.02,3.55,3.34,0.01769,0.02115,21.0,22.3,10.9,13.6,46.18,40.07,14.73,21.55,0.0,0.02,3.2842857142857143,0.019745714285714287,47.957142857142856,0.0,0.0,2020-04-05,3.48
0.9952,-0.0977,3.11,2.85,3.02,3.54,0.019190000000000002,0.018269999999999998,20.6,21.6,12.2,11.7,55.48,44.38,17.46,16.11,0.0,0.0,3.275714285714286,0.01966714285714286,44.887142857142855,0.0,0.0,2020-04-06,3.28
0.9934,-0.1148,3.48,3.11,2.85,3.5,0.019960000000000002,0.01769,23.5,21.0,12.8,10.9,32.96,46.18,20.44,14.73,0.0,0.0,3.244285714285714,0.019485714285714283,43.79571428571428,0.0,0.0,2020-04-07,2.36
0.9913,-0.1319,3.28,3.48,3.11,3.42,0.019370000000000002,0.019190000000000002,22.0,20.6,12.3,12.2,45.28,55.48,19.13,17.46,0.0,0.0,3.0928571428571425,0.018695714285714288,45.69857142857143,0.0,0.0,2020-04-08,2.42
0.9889,-0.1489,2.36,3.28,3.48,3.55,0.01524,0.019960000000000002,18.5,23.5,12.0,12.8,55.54,32.96,8.66,20.44,0.0,0.0,2.9314285714285715,0.017844285714285715,49.22714285714285,0.0,0.0,2020-04-09,2.38
0.9861,-0.1659,2.42,2.36,3.28,3.02,0.015189999999999999,0.019370000000000002,19.0,22.0,11.1,12.3,64.77,45.28,8.34,19.13,0.0,0.0,2.84,0.017345714285714287,52.597142857142856,0.0,0.0,2020-04-10,1.96
0.9831,-0.1828,2.38,2.42,2.36,2.85,0.01478,0.01524,18.4,18.5,12.2,12.0,67.97,55.54,12.15,8.66,0.01,0.0,2.7128571428571426,0.016531428571428572,56.92285714285714,0.0,0.0,2020-04-11,1.54
0.9799,-0.1997,1.96,2.38,2.42,3.11,0.01199,0.015189999999999999,19.1,19.0,11.6,11.1,76.46,64.77,9.93,8.34,0.34,0.0,2.4885714285714284,0.01505857142857143,59.77285714285714,0.1285714285714286,0.0,2020-04-12,3.03
0.9763,-0.2165,1.54,1.96,2.38,3.48,0.00888,0.01478,17.9,18.4,12.8,12.2,75.43,67.97,7.3,12.15,3.35,0.01,2.424285714285714,0.014885714285714285,62.792857142857144,0.1285714285714286,0.9,2020-04-13,3.01
0.9724,-0.2333,3.03,1.54,1.96,3.28,0.01875,0.01199,21.0,19.1,10.3,11.6,54.1,76.46,18.88,9.93,0.03,0.34,2.3857142857142857,0.014750000000000001,62.98714285714285,0.1285714285714286,0.0,2020-04-14,2.56
0.9683,-0.25,3.01,3.03,1.54,2.36,0.018420000000000002,0.00888,21.3,17.9,11.5,12.8,46.64,75.43,17.99,7.3,0.0,3.35,2.414285714285714,0.014852857142857143,62.68142857142857,0.1285714285714286,0.0,2020-04-15,2.57
0.9638,-0.2666,2.56,3.01,3.03,2.42,0.015960000000000002,0.01875,19.6,21.0,10.8,10.3,53.4,54.1,14.52,18.88,0.01,0.03,2.435714285714286,0.015044285714285715,60.855714285714285,0.1285714285714286,0.0,2020-04-16,2.72
0.9591,-0.2831,2.57,2.56,3.01,2.38,0.01653,0.018420000000000002,20.1,21.3,11.0,11.5,51.99,46.64,15.08,17.99,0.0,0.0,2.4842857142857144,0.015404285714285716,57.96714285714285,0.1285714285714286,0.0,2020-04-17,2.75
0.9541,-0.2996,2.72,2.57,2.56,1.96,0.0173,0.015960000000000002,21.3,19.6,9.5,10.8,47.75,53.4,14.95,14.52,0.0,0.01,2.597142857142857,0.016045714285714285,54.37428571428571,0.1285714285714286,0.0,2020-04-18,2.72
0.9488,-0.316,2.75,2.72,2.57,1.54,0.01648,0.01653,23.0,20.1,12.6,11.0,51.31,51.99,13.33,15.08,0.0,0.0,2.7657142857142856,0.01707857142857143,50.80714285714286,0.0,0.0,2020-04-19,2.69
0.9432,-0.3322,2.72,2.75,2.72,3.03,0.01611,0.0173,23.2,21.3,14.2,9.5,50.46,47.75,16.88,14.95,0.0,0.0,2.717142857142857,0.016695714285714286,49.478571428571435,0.0,0.0,2020-04-20,2.69
0.9373,-0.3484,2.69,2.72,2.75,3.01,0.01607,0.01648,22.9,23.0,12.9,12.6,44.8,51.31,16.69,13.33,0.0,0.0,2.6714285714285713,0.01631857142857143,49.07285714285714,0.0,0.0,2020-04-21,1.98
0.9312,-0.3645,2.69,2.69,2.72,2.56,0.01578,0.01611,23.2,23.2,12.7,14.2,43.8,50.46,15.23,16.88,0.09,0.0,2.5885714285714285,0.015792857142857143,48.705714285714286,0.0,0.0,2020-04-22,1.56
0.9248,-0.3804,1.98,2.69,2.69,2.57,0.01228,0.01607,19.4,22.9,13.2,12.9,50.83,44.8,9.08,16.69,0.07,0.0,2.4442857142857144,0.01453,51.699999999999996,0.04285714285714286,0.0,2020-04-23,2.12
0.9181,-0.3963,1.56,1.98,2.69,2.72,0.007690000000000001,0.01578,18.7,23.2,14.1,12.7,72.95,43.8,5.43,15.23,1.54,0.09,2.358571428571429,0.013815714285714287,56.86857142857143,0.07142857142857142,0.3,2020-04-24,2.84
0.9112,-0.412,2.12,1.56,1.98,2.75,0.0123,0.01228,19.9,19.4,13.7,13.2,83.93,50.83,7.87,9.08,3.92,0.07,2.3714285714285714,0.013819999999999999,60.68857142857143,0.07142857142857142,0.2,2020-04-25,2.49
0.9039,-0.4276,2.84,2.12,1.56,2.72,0.01651,0.007690000000000001,22.3,18.7,10.5,14.1,78.05,72.95,16.74,5.43,0.53,1.54,2.3385714285714285,0.013474285714285715,64.50714285714285,0.07142857142857142,0.0,2020-04-26,2.72
0.8965,-0.4431,2.49,2.84,2.12,2.69,0.013689999999999999,0.0123,21.4,19.9,11.1,13.7,77.19,83.93,15.0,7.87,0.03,3.92,2.3428571428571425,0.013458571428571429,68.36285714285715,0.07142857142857142,0.0,2020-04-27,3.01
0.8887,-0.4585,2.72,2.49,2.84,2.69,0.015960000000000002,0.01651,21.4,22.3,12.1,10.5,71.79,78.05,14.44,16.74,0.08,0.53,2.3885714285714283,0.013561428571428571,68.09142857142857,0.07142857142857142,0.0,2020-04-28,2.68
0.8807,-0.4737,3.01,2.72,2.49,1.98,0.0165,0.013689999999999999,24.2,21.4,10.3,11.1,41.9,77.19,17.0,15.0,0.0,0.03,2.488571428571429,0.014144285714285715,66.68571428571428,0.07142857142857142,0.0,2020-04-29,2.48
0.8724,-0.4888,2.68,3.01,2.72,1.56,0.01636,0.015960000000000002,20.1,21.4,10.4,12.1,40.99,71.79,17.0,14.44,0.0,0.08,2.62,0.015321428571428571,62.09142857142857,0.028571428571428574,0.0,2020-04-30,2.53
0.8639,-0.5037,2.48,2.68,3.01,2.12,0.01593,0.0165,19.7,24.2,8.0,10.3,40.79,41.9,16.45,17.0,0.0,0.0,2.6785714285714284,0.01584285714285714,57.221428571428575,0.0,0.0,2020-05-01,2.24
0.8551,-0.5185,2.53,2.48,2.68,2.84,0.01595,0.01636,20.3,20.1,9.7,10.4,49.84,40.99,11.74,17.0,0.0,0.0,2.5928571428571425,0.015617142857142857,55.58857142857143,0.0,0.0,2020-05-02,2.32
0.846,-0.5331,2.24,2.53,2.48,2.49,0.01493,0.01593,18.0,19.7,10.1,8.0,66.62,40.79,13.08,16.45,0.0,0.0,2.5685714285714285,0.015814285714285715,52.16285714285714,0.028571428571428574,0.0,2020-05-03,2.35
0.8367,-0.5476,2.32,2.24,2.53,2.72,0.01507,0.01595,19.7,20.3,9.7,9.7,53.21,49.84,12.71,11.74,0.0,0.0,2.5157142857142856,0.015582857142857143,48.199999999999996,0.028571428571428574,0.2,2020-05-04,2.51
0.8272,-0.5619,2.35,2.32,2.24,3.01,0.01434,0.01493,20.8,18.0,11.1,10.1,44.05,66.62,14.24,13.08,0.0,0.0,2.4442857142857144,0.015397142857142858,47.25285714285714,0.028571428571428574,0.0,2020-05-05,2.76
0.8174,-0.5761,2.51,2.35,2.32,2.68,0.0152,0.01507,22.1,19.7,9.8,9.7,35.27,53.21,15.16,12.71,0.0,0.0,2.4557142857142855,0.015264285714285715,44.98142857142857,0.028571428571428574,0.0,2020-05-06,2.32
0.8074,-0.59,2.76,2.51,2.35,2.48,0.01543,0.01434,24.2,20.8,11.9,11.1,25.09,44.05,15.55,14.24,0.0,0.0,2.432857142857143,0.015124285714285713,43.60142857142858,0.028571428571428574,0.0,2020-05-07,1.75
0.7971,-0.6038,2.32,2.76,2.51,2.53,0.01495,0.0152,20.5,22.1,10.1,9.8,31.13,35.27,12.15,15.16,0.01,0.0,2.3214285714285716,0.01461,42.660000000000004,0.028571428571428574,0.0,2020-05-08,2.1
0.7866,-0.6175,1.75,2.32,2.76,2.24,0.01235,0.01543,17.3,24.2,10.0,11.9,43.25,25.09,8.27,15.55,0.01,0.0,2.301428571428571,0.014515714285714286,40.339999999999996,0.028571428571428574,0.0,2020-05-09,2.23
0.7759,-0.6309,2.1,1.75,2.32,2.32,0.01427,0.01495,18.1,20.5,9.2,10.1,50.38,31.13,9.2,12.15,0.01,0.01,2.2885714285714287,0.014407142857142856,41.050000000000004,0.0,0.0,2020-05-10,2.1
0.7649,-0.6442,2.23,2.1,1.75,2.35,0.01431,0.01235,19.2,17.3,8.4,10.0,58.18,43.25,14.28,8.27,0.0,0.01,2.2528571428571427,0.01436142857142857,42.29571428571428,0.0,0.0,2020-05-11,1.44
0.7537,-0.6572,2.1,2.23,2.1,2.51,0.01402,0.01427,18.0,18.1,9.0,9.2,52.77,50.38,14.75,9.2,0.0,0.01,2.1,0.013405714285714285,44.465714285714284,0.0,0.0,2020-05-12,2.19
0.7423,-0.6701,1.44,2.1,2.23,2.76,0.00851,0.01431,16.3,19.2,8.1,8.4,50.46,58.18,9.6,14.28,0.0,0.0,2.0185714285714282,0.013218571428571428,46.037142857142854,0.0,0.0,2020-05-13,2.44
0.7306,-0.6828,2.19,1.44,2.1,2.32,0.014119999999999999,0.01402,18.5,18.0,8.2,9.0,36.09,52.77,14.55,14.75,0.0,0.0,2.0357142857142856,0.013074285714285714,46.63142857142857,0.0,0.0,2020-05-14,2.71
0.7188,-0.6952,2.44,2.19,1.44,1.75,0.01394,0.00851,21.2,16.3,8.6,8.1,35.29,50.46,14.38,9.6,0.0,0.0,2.172857142857143,0.01325142857142857,45.97428571428571,0.0,0.0,2020-05-15,2.3
0.7067,-0.7075,2.71,2.44,2.19,2.1,0.01359,0.014119999999999999,24.1,18.5,9.7,8.2,38.65,36.09,13.84,14.55,0.0,0.0,2.2014285714285715,0.013147142857142857,43.98428571428571,0.0,0.0,2020-05-16,1.6
0.6945,-0.7195,2.3,2.71,2.44,2.23,0.01354,0.01394,20.7,21.2,13.2,8.6,36.45,35.29,9.95,14.38,0.0,0.0,2.111428571428571,0.012649999999999998,40.71714285714285,0.0,0.0,2020-05-17,1.97
0.682,-0.7314,1.6,2.3,2.71,2.1,0.01083,0.01359,18.2,24.1,9.7,9.7,35.31,38.65,9.48,13.84,0.01,0.0,2.092857142857143,0.012528571428571429,39.901428571428575,0.0,0.0,2020-05-18,1.2
0.6693,-0.743,1.97,1.6,2.3,1.44,0.01317,0.01354,18.4,20.7,9.1,13.2,47.06,36.45,7.2,9.95,0.01,0.0,2.0585714285714287,0.012322857142857144,41.59285714285714,0.0,0.0,2020-05-19,1.2
0.6564,-0.7544,1.2,1.97,1.6,2.19,0.00707,0.01083,18.4,18.2,9.4,9.7,62.3,35.31,5.39,9.48,0.02,0.01,1.917142857142857,0.011252857142857143,47.81142857142857,0.014285714285714287,0.0,2020-05-20,1.74
0.6433,-0.7656,1.2,1.2,1.97,2.44,0.00663,0.01317,16.9,18.4,10.5,9.1,79.62,47.06,5.82,7.2,2.62,0.01,1.817142857142857,0.010957142857142856,52.614285714285714,0.014285714285714287,0.1,2020-05-21,2.36
0.6301,-0.7765,1.74,1.2,1.2,2.71,0.011869999999999999,0.00707,16.0,18.4,9.0,9.4,68.91,62.3,12.8,5.39,0.1,0.02,1.7671428571428571,0.01091,52.83142857142857,0.014285714285714287,0.0,2020-05-22,2.59
0.6166,-0.7873,2.36,1.74,1.2,2.3,0.01326,0.00663,21.2,16.9,6.6,10.5,40.17,79.62,13.55,5.82,0.0,2.62,1.8085714285714285,0.010881428571428571,51.392857142857146,0.014285714285714287,0.0,2020-05-23,2.72
0.603,-0.7978,2.59,2.36,1.74,1.6,0.01334,0.011869999999999999,23.4,16.0,9.1,9.0,26.38,68.91,13.26,12.8,0.0,0.1,1.9685714285714284,0.01121142857142857,50.21714285714285,0.014285714285714287,0.0,2020-05-24,3.07
0.5892,-0.808,2.72,2.59,2.36,1.97,0.01314,0.01326,24.6,21.2,12.9,6.6,27.08,40.17,13.34,13.55,0.0,0.0,2.1257142857142854,0.01117142857142857,47.424285714285716,0.014285714285714287,0.0,2020-05-25,1.09
0.5752,-0.818,3.07,2.72,2.59,1.2,0.01289,0.01334,30.0,23.4,10.6,9.1,27.51,26.38,12.71,13.26,0.04,0.0,2.11,0.01117,45.05857142857143,0.028571428571428574,0.0,2020-05-26,1.52
0.561,-0.8278,1.09,3.07,2.72,1.2,0.0070599999999999994,0.01314,16.9,24.6,8.4,12.9,45.74,27.08,6.26,13.34,0.01,0.0,2.1557142857142857,0.011591428571428572,40.59428571428571,0.014285714285714287,0.1,2020-05-27,1.64
0.5467,-0.8373,1.52,1.09,3.07,1.74,0.00958,0.01289,18.1,30.0,10.4,10.6,48.37,27.51,4.79,12.71,0.02,0.04,2.1414285714285715,0.011272857142857142,39.57857142857143,0.014285714285714287,0.0,2020-05-28,0.7
0.5322,-0.8466,1.64,1.52,1.09,2.36,0.009640000000000001,0.0070599999999999994,19.0,16.9,10.4,8.4,61.8,45.74,8.62,6.26,0.01,0.01,1.9042857142857144,0.009865714285714285,43.30571428571428,0.21428571428571427,0.0,2020-05-29,1.5
0.5176,-0.8556,0.7,1.64,1.52,2.59,0.0034100000000000003,0.00958,16.3,18.1,10.9,10.4,66.26,48.37,4.68,4.79,0.0,0.02,1.7485714285714287,0.009354285714285714,48.332857142857144,0.2857142857142857,1.4,2020-05-30,1.5
0.5028,-0.8644,1.5,0.7,1.64,2.72,0.00976,0.009640000000000001,17.7,19.0,9.7,10.4,61.57,61.8,9.77,8.62,0.0,0.01,1.5742857142857143,0.008854285714285714,53.03285714285715,0.5,0.5,2020-05-31,1.57
0.4878,-0.8729,1.5,1.5,0.7,3.07,0.009640000000000001,0.0034100000000000003,18.8,16.3,10.4,10.9,59.98,66.26,11.91,4.68,0.0,0.0,1.3599999999999999,0.008551428571428573,57.83142857142857,0.5,1.5,2020-06-01,0.92
0.4728,-0.8812,1.57,1.5,1.5,1.09,0.01077,0.00976,17.9,17.7,10.0,9.7,61.1,61.57,11.61,9.77,0.0,0.0,1.3357142857142856,0.008360000000000001,60.44285714285714,0.4857142857142857,0.0,2020-06-02,1.41
0.4575,-0.8892,0.92,1.57,1.5,1.52,0.005719999999999999,0.009640000000000001,14.1,18.8,7.2,10.4,64.02,59.98,5.43,11.91,0.81,0.0,1.32,0.007944285714285714,64.62142857142858,2.7142857142857144,0.0,2020-06-03,1.9
0.4422,-0.8969,1.41,0.92,1.57,1.64,0.00667,0.01077,16.3,17.9,7.9,10.0,77.62,61.1,6.93,11.61,3.27,0.0,1.3571428571428572,0.008302857142857143,65.92857142857143,2.7142857142857144,15.6,2020-06-04,1.69
0.4267,-0.9044,1.9,1.41,0.92,0.7,0.012150000000000001,0.005719999999999999,16.4,14.1,5.2,7.2,70.95,64.02,12.28,5.43,0.0,0.81,1.4985714285714287,0.009571428571428573,65.95428571428572,2.5142857142857147,0.0,2020-06-05,1.14
0.4111,-0.9116,1.69,1.9,1.41,1.5,0.012289999999999999,0.00667,15.6,16.3,4.2,7.9,66.44,77.62,11.92,6.93,0.0,3.27,1.447142857142857,0.009305714285714287,64.68285714285715,2.442857142857143,0.0,2020-06-06,1.72
0.3953,-0.9185,1.14,1.69,1.9,1.5,0.0079,0.012150000000000001,13.6,16.4,5.4,5.2,52.67,70.95,6.9,12.28,0.0,0.0,1.4785714285714284,0.009632857142857143,64.53714285714285,2.2285714285714286,0.0,2020-06-07,1.18
0.3795,-0.9252,1.72,1.14,1.69,1.57,0.01193,0.012289999999999999,16.2,15.6,6.8,4.2,58.96,66.44,10.45,11.92,0.01,0.0,1.4228571428571428,0.009148571428571428,64.26285714285714,2.2285714285714286,0.0,2020-06-08,1.81
0.3635,-0.9316,1.18,1.72,1.14,0.92,0.00738,0.0079,15.3,13.6,4.9,5.4,59.18,52.67,8.0,6.9,0.0,0.0,1.55,0.010071428571428573,62.31571428571429,2.2285714285714286,0.0,2020-06-09,1.61
0.3474,-0.9377,1.81,1.18,1.72,1.41,0.01218,0.01193,16.4,16.2,4.8,6.8,50.39,58.96,12.26,10.45,0.0,0.01,1.5785714285714287,0.010757142857142857,59.215714285714284,0.0,0.0,2020-06-10,1.63
0.3312,-0.9436,1.61,1.81,1.18,1.9,0.011470000000000001,0.00738,15.0,15.3,4.6,4.9,55.92,59.18,11.28,8.0,0.0,0.0,1.5399999999999998,0.01046,59.23285714285714,0.2857142857142857,0.0,2020-06-11,1.22
0.3149,-0.9491,1.63,1.61,1.81,1.69,0.01007,0.01218,16.6,16.4,4.0,4.8,71.07,50.39,8.9,12.26,1.05,0.0,1.4728571428571429,0.00951857142857143,60.86285714285714,3.085714285714286,2.0,2020-06-12,2.09
0.2986,-0.9544,1.22,1.63,1.61,1.14,0.0057,0.011470000000000001,15.8,15.0,6.6,4.6,77.85,55.92,7.97,11.28,17.93,0.0,1.6085714285714285,0.010127142857142859,58.84285714285714,3.085714285714286,19.6,2020-06-13,1.68
0.2821,-0.9594,2.09,1.22,1.63,1.72,0.01216,0.01007,20.0,16.6,5.6,4.0,38.53,71.07,12.51,8.9,0.0,1.05,1.6028571428571428,0.010050000000000002,57.96999999999999,3.085714285714286,0.0,2020-06-14,0.93
0.2656,-0.9641,1.68,2.09,1.22,1.18,0.01139,0.0057,17.2,15.8,9.7,6.6,52.85,77.85,11.13,7.97,0.0,17.93,1.5671428571428572,0.009702857142857143,62.81285714285714,3.3000000000000003,0.0,2020-06-15,1.51
0.2489,-0.9685,0.93,1.68,2.09,1.81,0.00495,0.01216,16.3,20.0,8.5,5.6,93.08,38.53,5.45,12.51,0.06,0.0,1.5242857142857142,0.009327142857142857,68.43285714285715,3.3142857142857145,1.5,2020-06-16,0.81
0.2322,-0.9727,1.51,0.93,1.68,1.61,0.009550000000000001,0.01139,17.3,17.2,9.0,9.7,89.73,52.85,5.82,11.13,2.22,0.0,1.41,0.008101428571428572,72.74714285714286,7.757142857142858,0.1,2020-06-17,1.06
0.2155,-0.9765,0.81,1.51,0.93,1.63,0.00289,0.00495,12.9,16.3,7.8,8.5,86.12,93.08,4.23,5.45,8.88,0.06,1.3285714285714287,0.007427142857142857,71.81714285714285,7.471428571428572,31.1,2020-06-18,1.44
0.1986,-0.9801,1.06,0.81,1.51,1.22,0.00535,0.009550000000000001,15.6,17.3,8.7,9.0,64.56,89.73,5.61,5.82,0.02,2.22,1.3599999999999999,0.007622857142857144,72.53142857142858,4.671428571428572,0.0,2020-06-19,0.81
0.1818,-0.9833,1.44,1.06,0.81,2.09,0.00707,0.00289,17.3,12.9,6.6,7.8,82.85,86.12,7.68,4.23,5.67,8.88,1.1771428571428573,0.006514285714285715,78.04714285714286,4.671428571428572,0.0,2020-06-20,1.49
0.1648,-0.9863,0.81,1.44,1.06,1.68,0.0044,0.00535,15.2,15.6,7.8,8.7,77.14,64.56,4.28,5.61,0.08,0.02,1.1500000000000001,0.006184285714285714,80.51428571428572,4.671428571428572,0.0,2020-06-21,0.98
0.1478,-0.989,1.49,0.81,1.44,0.93,0.00908,0.00707,17.4,17.3,7.2,6.6,70.12,82.85,8.32,7.68,0.02,5.67,1.157142857142857,0.006240000000000001,77.12714285714286,5.8,0.0,2020-06-22,0.51
0.1308,-0.9914,0.98,1.49,0.81,1.51,0.00534,0.0044,15.2,15.2,8.3,7.8,69.37,77.14,4.77,4.28,9.17,0.08,1.0142857142857142,0.00519,77.19000000000001,7.871428571428572,9.4,2020-06-23,1.46
0.1137,-0.9935,0.51,0.98,1.49,0.81,0.0022,0.00908,13.0,17.4,10.7,7.2,90.17,70.12,5.35,8.32,18.54,0.02,1.1071428571428572,0.006244285714285714,76.36714285714287,4.457142857142857,14.6,2020-06-24,1.54
0.0966,-0.9953,1.46,0.51,0.98,1.06,0.01027,0.00534,14.2,15.2,6.0,8.3,80.36,69.37,10.97,4.77,6.95,9.17,1.1757142857142857,0.006868571428571428,74.33857142857143,4.5,7.2,2020-06-25,1.47
0.0795,-0.9968,1.54,1.46,0.51,1.44,0.009720000000000001,0.0022,15.4,13.0,3.5,10.7,50.36,90.17,10.18,5.35,0.0,18.54,1.18,0.007242857142857143,70.57142857142857,4.7,0.3,2020-06-26,1.29
0.0623,-0.9981,1.47,1.54,1.46,0.81,0.009689999999999999,0.01027,15.2,14.2,6.8,6.0,56.48,80.36,10.45,10.97,0.04,6.95,1.2485714285714287,0.0075899999999999995,67.37428571428572,4.7,1.4,2020-06-27,1.42
0.0451,-0.999,1.29,1.47,1.54,1.49,0.00683,0.009720000000000001,17.1,15.4,7.4,3.5,54.76,50.36,6.9,10.18,0.0,0.0,1.2385714285714287,0.007488571428571429,67.29142857142857,4.7,0.0,2020-06-28,0.58
0.028,-0.9996,1.42,1.29,1.47,0.98,0.008369999999999999,0.009689999999999999,16.4,15.2,6.6,6.8,69.54,56.48,6.55,10.45,0.13,0.04,1.1814285714285713,0.007054285714285714,70.56285714285714,9.4,0.0,2020-06-29,1.57
0.0108,-0.9999,0.58,1.42,1.29,0.51,0.0023,0.00683,13.2,17.1,8.2,7.4,92.27,54.76,5.98,6.9,24.09,0.0,1.332857142857143,0.008135714285714286,66.53999999999999,7.3428571428571425,42.3,2020-06-30,0.99
-0.0065,-1.0,1.57,0.58,1.42,1.46,0.00977,0.008369999999999999,16.6,16.4,6.3,6.6,62.01,69.54,9.89,6.55,0.16,0.13,1.2657142857142856,0.007124285714285714,64.69857142857143,6.428571428571429,0.2,2020-07-01,1.57
-0.0237,-0.9997,0.99,1.57,0.58,1.54,0.00319,0.0023,17.1,13.2,8.7,8.2,67.47,92.27,7.25,5.98,2.76,24.09,1.27,0.007437142857142857,66.68142857142857,6.385714285714285,0.8,2020-07-02,1.5
-0.0408,-0.9992,1.57,0.99,1.57,1.47,0.01191,0.00977,15.8,16.6,6.4,6.3,64.24,62.01,11.89,9.89,0.01,0.16,1.2742857142857142,0.0076157142857142856,67.73285714285714,6.185714285714285,0.0,2020-07-03,0.56
-0.058,-0.9983,1.5,1.57,0.99,1.29,0.01094,0.00319,15.8,17.1,7.8,8.7,63.84,67.47,11.53,7.25,0.21,2.76,1.17,0.006895714285714285,72.47285714285714,10.057142857142859,0.0,2020-07-04,1.52
-0.0752,-0.9972,0.56,1.5,1.57,1.42,0.0017900000000000001,0.01191,13.6,15.8,7.7,6.4,87.94,64.24,3.33,11.89,32.49,0.01,1.1842857142857144,0.007178571428571429,72.92428571428572,10.428571428571429,27.1,2020-07-05,1.36
-0.0923,-0.9957,1.52,0.56,1.5,0.58,0.01035,0.01094,15.4,15.8,7.5,7.8,72.7,63.84,10.28,11.53,1.23,0.21,1.2957142857142858,0.008244285714285714,70.88571428571429,4.385714285714286,2.6,2020-07-06,1.58
-0.1094,-0.994,1.36,1.52,0.56,1.57,0.00976,0.0017900000000000001,14.4,13.6,6.3,7.7,78.0,87.94,8.12,3.33,0.0,32.49,1.2971428571428572,0.008447142857142858,72.45428571428572,4.357142857142857,0.0,2020-07-07,1.5
-0.1265,-0.992,1.58,1.36,1.52,0.99,0.01119,0.01035,14.6,15.4,4.9,7.5,72.99,72.7,11.07,10.28,0.94,1.23,1.3699999999999999,0.00931,72.94571428571429,4.342857142857143,0.0,2020-07-08,1.63
-0.1436,-0.9896,1.5,1.58,1.36,1.57,0.00923,0.00976,16.6,14.4,7.1,6.3,70.91,78.0,11.26,8.12,1.16,0.0,1.3785714285714286,0.00924142857142857,72.20857142857143,4.342857142857143,0.7,2020-07-09,1.45
-0.1606,-0.987,1.63,1.5,1.58,1.5,0.01143,0.01119,16.0,14.6,5.3,4.9,59.08,72.99,11.66,11.07,0.02,0.94,1.3714285714285714,0.009128571428571429,72.23285714285714,4.342857142857143,0.0,2020-07-10,1.41
-0.1775,-0.9841,1.45,1.63,1.5,0.56,0.010150000000000001,0.00923,16.2,16.6,6.6,7.1,64.01,70.91,9.89,11.26,0.01,1.16,1.4928571428571427,0.010385714285714286,69.74571428571429,0.4714285714285714,0.0,2020-07-11,1.74
-0.1944,-0.9809,1.41,1.45,1.63,1.52,0.01059,0.01143,14.2,16.0,8.8,5.3,70.53,59.08,9.56,11.66,0.0,0.02,1.5242857142857142,0.01057,67.68714285714286,0.09999999999999999,0.0,2020-07-12,2.16
-0.2113,-0.9774,1.74,1.41,1.45,1.36,0.011640000000000001,0.010150000000000001,18.5,16.2,7.2,6.6,58.29,64.01,12.28,9.89,0.0,0.01,1.6385714285714286,0.010995714285714286,63.74571428571428,0.09999999999999999,0.0,2020-07-13,2.85
-0.2281,-0.9736,2.16,1.74,1.41,1.58,0.01274,0.01059,21.6,14.2,9.7,8.8,50.41,70.53,13.27,9.56,0.0,0.0,1.82,0.01127857142857143,59.33428571428571,0.09999999999999999,0.0,2020-07-14,1.48
-0.2448,-0.9696,2.85,2.16,1.74,1.5,0.01317,0.011640000000000001,25.3,18.5,9.0,7.2,42.11,58.29,12.29,12.28,0.0,0.0,1.8171428571428572,0.011637142857142858,58.105714285714285,0.0,0.0,2020-07-15,1.56
-0.2614,-0.9652,1.48,2.85,2.16,1.63,0.01174,0.01274,13.8,21.6,8.7,9.7,62.31,50.41,6.6,13.27,0.0,0.0,1.8071428571428572,0.011622857142857143,59.292857142857144,0.0,0.0,2020-07-16,1.37
-0.278,-0.9606,1.56,1.48,2.85,1.45,0.01133,0.01317,15.0,25.3,7.7,9.0,67.39,42.11,9.41,12.29,0.0,0.0,1.7957142857142858,0.011474285714285715,62.589999999999996,0.0,0.0,2020-07-17,1.51
-0.2945,-0.9557,1.37,1.56,1.48,1.41,0.00911,0.01174,15.9,13.8,6.5,8.7,87.09,62.31,6.03,6.6,0.08,0.0,1.81,0.01125,64.98857142857143,0.0,0.0,2020-07-18,1.64
-0.3109,-0.9505,1.51,1.37,1.56,1.74,0.00902,0.01133,16.9,15.0,9.2,7.7,87.32,67.39,5.66,9.41,0.16,0.0,1.7957142857142858,0.011307142857142858,69.3,0.0,0.0,2020-07-19,1.85
-0.3272,-0.945,1.64,1.51,1.37,2.16,0.012039999999999999,0.00911,16.5,15.9,8.8,6.5,88.47,87.09,11.0,6.03,0.05,0.08,1.7514285714285713,0.011332857142857143,74.80857142857143,0.0,0.0,2020-07-20,0.6
-0.3434,-0.9392,1.85,1.64,1.51,2.85,0.01292,0.00902,16.6,16.9,8.5,9.2,88.97,87.32,11.81,5.66,0.87,0.16,1.43,0.009907142857142856,81.60714285714286,2.5714285714285716,0.0,2020-07-21,1.76
-0.3595,-0.9332,0.6,1.85,1.64,1.48,0.00319,0.012039999999999999,12.8,16.5,8.5,8.8,89.7,88.47,7.95,11.0,1.72,0.05,1.4700000000000002,0.010032857142857144,83.39142857142858,2.585714285714286,18.0,2020-07-22,1.91
-0.3755,-0.9268,1.76,0.6,1.85,1.56,0.01262,0.01292,14.4,16.6,6.7,8.5,74.8,88.97,12.93,11.81,0.15,0.87,1.52,0.01025142857142857,84.07428571428571,2.585714285714286,0.1,2020-07-23,1.99
-0.3914,-0.9202,1.91,1.76,0.6,1.37,0.01286,0.00319,14.6,12.8,4.2,8.5,72.17,89.7,12.4,7.95,0.09,1.72,1.6085714285714285,0.010908571428571429,81.17142857142858,2.585714285714286,0.0,2020-07-24,2.06
-0.4071,-0.9134,1.99,1.91,1.76,1.51,0.013710000000000002,0.01262,15.2,14.4,3.5,6.7,66.77,74.8,14.09,12.93,0.01,0.15,1.6871428571428573,0.01143,76.3157142857143,2.585714285714286,0.0,2020-07-25,1.65
-0.4228,-0.9062,2.06,1.99,1.91,1.64,0.01267,0.01286,16.2,14.6,4.1,4.2,53.33,72.17,11.76,12.4,0.0,0.09,1.6885714285714286,0.011181428571428573,71.74571428571429,2.585714285714286,0.0,2020-07-26,1.94
-0.4383,-0.8988,1.65,2.06,1.99,1.85,0.0103,0.013710000000000002,16.5,15.2,8.6,3.5,56.48,66.77,9.73,14.09,0.0,0.01,1.7014285714285715,0.011191428571428573,68.86142857142856,2.585714285714286,0.0,2020-07-27,1.98
-0.4537,-0.8912,1.94,1.65,2.06,0.6,0.01299,0.01267,16.6,16.2,7.0,4.1,68.78,53.33,12.4,11.76,0.0,0.0,1.8985714285714284,0.012777142857142858,63.13142857142857,0.014285714285714287,0.0,2020-07-28,2.13
-0.469,-0.8832,1.98,1.94,1.65,1.76,0.014289999999999999,0.0103,15.9,16.5,6.0,8.6,49.59,56.48,14.87,9.73,0.0,0.0,1.9514285714285715,0.013035714285714286,58.785714285714285,0.0,0.0,2020-07-29,1.73
-0.4841,-0.875,2.13,1.98,1.94,1.91,0.01443,0.01299,17.7,16.6,7.8,7.0,44.38,68.78,14.92,12.4,0.0,0.0,1.9257142857142857,0.012922857142857142,58.25285714285714,0.0,0.0,2020-07-30,2.09
-0.4991,-0.8666,1.73,2.13,1.98,1.99,0.01207,0.014289999999999999,15.6,15.9,6.3,6.0,68.44,49.59,12.54,14.87,0.0,0.0,1.94,0.01268,55.705714285714286,0.04285714285714286,0.0,2020-07-31,1.55
-0.5139,-0.8578,2.09,1.73,2.13,2.06,0.01201,0.01443,21.1,17.7,6.8,7.8,48.94,44.38,12.5,14.92,0.0,0.0,1.8671428571428572,0.012397142857142857,57.854285714285716,0.04285714285714286,0.3,2020-08-01,2.24
-0.5286,-0.8489,1.55,2.09,1.73,1.65,0.01069,0.01207,14.8,15.6,7.8,6.3,68.37,68.44,10.15,12.54,0.0,0.0,1.9514285714285715,0.01298,58.798571428571435,0.04285714285714286,0.0,2020-08-02,1.36
-0.5431,-0.8397,2.24,1.55,2.09,1.94,0.01438,0.01201,18.4,21.1,6.2,6.8,63.09,48.94,15.05,12.5,0.01,0.0,1.8685714285714285,0.012502857142857144,59.034285714285716,0.04285714285714286,0.0,2020-08-03,1.97
-0.5575,-0.8302,1.36,2.24,1.55,1.98,0.00965,0.01069,15.7,14.8,8.2,7.8,70.43,68.37,10.68,10.15,0.02,0.0,1.8671428571428572,0.012424285714285716,61.38285714285714,0.04285714285714286,0.0,2020-08-04,1.7
-0.5717,-0.8205,1.97,1.36,2.24,2.13,0.01374,0.01438,16.8,18.4,10.1,6.2,66.03,63.09,13.22,15.05,0.01,0.01,1.8057142857142858,0.011985714285714285,66.57142857142857,0.04285714285714286,0.0,2020-08-05,1.55
-0.5857,-0.8105,1.7,1.97,1.36,1.73,0.011359999999999999,0.00965,18.4,15.7,9.3,8.2,80.7,70.43,12.7,10.68,0.36,0.02,1.78,0.011904285714285714,66.26714285714286,0.04285714285714286,0.0,2020-08-06,1.9
-0.5996,-0.8003,1.55,1.7,1.97,2.09,0.0115,0.01374,14.8,16.8,8.5,10.1,66.31,66.03,14.82,13.22,0.0,0.01,1.752857142857143,0.01216,67.96571428571428,0.0,0.0,2020-08-07,2.13
-0.6132,-0.7899,1.9,1.55,1.7,1.55,0.013800000000000002,0.011359999999999999,15.5,18.4,7.4,9.3,60.83,80.7,14.63,12.7,0.0,0.36,1.8357142857142856,0.012712857142857142,66.33,0.0,0.0,2020-08-08,1.01
-0.6267,-0.7792,2.13,1.9,1.55,2.24,0.01456,0.0115,17.7,14.8,8.0,8.5,56.92,66.31,15.02,14.82,0.0,0.0,1.66,0.011672857142857143,67.10714285714286,0.04285714285714286,0.0,2020-08-09,1.83
-0.64,-0.7683,1.01,2.13,1.9,1.36,0.0070999999999999995,0.013800000000000002,13.5,15.5,7.3,7.4,68.53,60.83,11.83,14.63,0.0,0.0,1.727142857142857,0.01199,65.70571428571428,0.04285714285714286,0.3,2020-08-10,2.15
-0.6532,-0.7572,1.83,1.01,2.13,1.97,0.011869999999999999,0.01456,18.7,17.7,6.1,8.0,60.62,56.92,14.19,15.02,0.0,0.0,1.752857142857143,0.01235,63.34142857142857,0.04285714285714286,0.0,2020-08-11,1.99
-0.6661,-0.7459,2.15,1.83,1.01,1.7,0.01626,0.0070999999999999995,14.7,13.5,5.4,7.3,49.48,68.53,16.76,11.83,0.0,0.0,1.7942857142857143,0.01299142857142857,61.24714285714286,0.04285714285714286,0.0,2020-08-12,2.07
-0.6788,-0.7343,1.99,2.15,1.83,1.55,0.01585,0.011869999999999999,13.1,18.7,3.6,6.1,66.04,60.62,15.95,14.19,0.0,0.0,1.8685714285714285,0.013667142857142859,61.32857142857143,0.04285714285714286,0.0,2020-08-13,2.06
-0.6914,-0.7225,2.07,1.99,2.15,1.9,0.01623,0.01626,13.9,14.7,4.6,5.4,66.88,49.48,15.77,16.76,0.0,0.0,1.8914285714285715,0.013908571428571428,63.50857142857143,0.08571428571428572,0.0,2020-08-14,2.27
-0.7037,-0.7105,2.06,2.07,1.99,2.13,0.01549,0.01585,14.9,13.1,7.3,3.6,76.09,66.04,15.89,15.95,0.09,0.0,1.9114285714285713,0.01418142857142857,63.86,0.08571428571428572,0.3,2020-08-15,2.21
-0.7158,-0.6983,2.27,2.06,2.07,1.01,0.01647,0.01623,16.5,13.9,5.2,4.6,59.38,66.88,17.3,15.77,0.0,0.0,2.0828571428571427,0.015565714285714285,61.49857142857143,0.04285714285714286,0.0,2020-08-16,2.18
-0.7277,-0.6859,2.21,2.27,2.06,1.83,0.01679,0.01549,14.4,14.9,6.1,7.3,52.0,76.09,17.52,15.89,0.0,0.09,2.132857142857143,0.01626285714285714,61.73428571428571,0.04285714285714286,0.0,2020-08-17,1.68
-0.7394,-0.6733,2.18,2.21,2.27,2.15,0.01675,0.01647,14.3,16.5,5.8,5.2,62.27,59.38,17.12,17.3,0.0,0.0,2.065714285714286,0.015661428571428573,65.29571428571428,0.04285714285714286,0.0,2020-08-18,2.23
-0.7509,-0.6605,1.68,2.18,2.21,1.99,0.01205,0.01679,13.4,14.4,5.3,6.1,74.41,52.0,6.9,17.52,0.07,0.0,2.1,0.015817142857142856,65.27142857142857,0.04285714285714286,0.0,2020-08-19,2.61
-0.7621,-0.6474,2.23,1.68,2.18,2.07,0.01694,0.01675,15.0,14.3,5.4,5.8,65.87,62.27,17.31,17.12,0.03,0.0,2.177142857142857,0.01603142857142857,62.277142857142856,0.04285714285714286,0.0,2020-08-20,2.47
-0.7731,-0.6342,2.61,2.23,1.68,2.06,0.01773,0.01205,17.6,13.4,5.9,5.3,45.92,74.41,18.29,6.9,0.0,0.07,2.2357142857142858,0.01638857142857143,57.57714285714286,0.0,0.0,2020-08-21,1.53
-0.7839,-0.6208,2.47,2.61,2.23,2.27,0.01799,0.01694,15.9,15.0,8.8,5.4,43.19,65.87,15.39,17.31,0.0,0.03,2.13,0.015532857142857142,57.19857142857143,0.014285714285714287,0.0,2020-08-22,2.31
-0.7945,-0.6073,1.53,2.47,2.61,2.21,0.01048,0.01773,14.1,17.6,7.9,5.9,56.73,45.92,8.99,18.29,0.03,0.0,2.144285714285714,0.015244285714285714,61.722857142857144,0.15714285714285717,0.1,2020-08-23,2.99
-0.8048,-0.5935,2.31,1.53,2.47,2.18,0.01477,0.01799,16.8,15.9,9.2,8.8,83.67,43.19,13.49,15.39,0.19,0.0,2.2600000000000002,0.01526,64.39428571428572,0.15714285714285717,1.0,2020-08-24,1.37
-0.8149,-0.5796,2.99,2.31,1.53,1.68,0.01686,0.01048,18.0,14.1,9.1,7.9,80.97,56.73,13.2,8.99,1.6,0.03,2.2157142857142857,0.014587142857142856,66.34714285714286,1.2714285714285716,0.0,2020-08-25,2.22
-0.8248,-0.5655,1.37,2.99,2.31,2.23,0.00734,0.01477,14.4,16.8,7.2,9.2,88.08,83.67,7.07,13.49,2.18,0.19,2.2142857142857144,0.014368571428571428,68.12571428571428,1.4714285714285713,7.8,2020-08-26,2.09
-0.8344,-0.5512,2.22,1.37,2.99,2.61,0.01541,0.01686,15.5,18.0,7.3,9.1,78.32,80.97,17.29,13.2,0.41,1.6,2.14,0.013992857142857142,72.19857142857143,1.4714285714285713,1.4,2020-08-27,1.69
-0.8437,-0.5368,2.09,2.22,1.37,2.47,0.015099999999999999,0.00734,14.0,14.4,6.4,7.2,74.43,88.08,15.69,7.07,0.0,2.18,2.028571428571429,0.012938571428571428,75.57857142857142,1.4714285714285713,0.0,2020-08-28,2.73
-0.8528,-0.5222,1.69,2.09,2.22,1.53,0.01061,0.01541,13.4,15.5,7.1,7.3,66.85,78.32,11.07,17.29,0.09,0.41,2.2,0.014132857142857143,77.03571428571429,1.457142857142857,0.0,2020-08-29,2.48
-0.8617,-0.5074,2.73,1.69,2.09,2.31,0.01884,0.015099999999999999,17.0,14.0,6.3,6.4,66.93,74.43,18.47,15.69,0.08,0.0,2.224285714285714,0.014687142857142857,73.19857142857143,1.3142857142857143,0.0,2020-08-30,1.83
-0.8703,-0.4925,2.48,2.73,1.69,2.99,0.01865,0.01061,15.4,13.4,7.7,7.1,56.81,66.85,19.84,11.07,0.0,0.09,2.0585714285714287,0.014039999999999999,72.76857142857143,1.3142857142857143,0.0,2020-08-31,2.1
-0.8786,-0.4775,1.83,2.48,2.73,1.37,0.01233,0.01884,14.1,17.0,8.0,6.3,77.96,66.93,10.57,18.47,0.0,0.08,2.162857142857143,0.015035714285714286,72.10285714285715,0.19999999999999998,0.0,2020-09-01,2.64
-0.8867,-0.4623,2.1,1.83,2.48,2.22,0.01431,0.01865,15.0,15.4,7.4,7.7,83.42,56.81,14.02,19.84,0.02,0.0,2.222857142857143,0.015579999999999998,71.47857142857143,0.0,0.0,2020-09-02,2.67
-0.8945,-0.447,2.64,2.1,1.83,2.09,0.019219999999999998,0.01233,15.2,14.1,5.7,8.0,73.95,77.96,19.36,10.57,0.01,0.0,2.3057142857142856,0.01617142857142857,70.10857142857142,0.0,0.0,2020-09-03,2.33
-0.9021,-0.4315,2.67,2.64,2.1,1.69,0.01924,0.01431,16.3,15.0,8.1,7.4,64.84,83.42,19.64,14.02,0.01,0.02,2.3971428571428572,0.017014285714285714,70.36285714285715,0.0,0.0,2020-09-04,2.51
-0.9094,-0.4159,2.33,2.67,2.64,2.73,0.01651,0.019219999999999998,15.9,15.2,8.3,5.7,68.63,73.95,11.89,19.36,0.0,0.01,2.3657142857142857,0.016681428571428573,71.39,0.0,0.0,2020-09-05,2.93
-0.9164,-0.4002,2.51,2.33,2.67,2.48,0.01651,0.01924,17.1,16.3,7.5,8.1,74.12,64.84,19.72,19.64,0.06,0.01,2.43,0.01681142857142857,71.20714285714286,0.0,0.0,2020-09-06,2.72
-0.9232,-0.3844,2.93,2.51,2.33,1.83,0.019559999999999998,0.01651,17.5,15.9,9.1,8.3,55.53,68.63,18.95,11.89,0.0,0.0,2.557142857142857,0.017842857142857143,69.54714285714286,0.0,0.0,2020-09-07,1.26
-0.9296,-0.3685,2.72,2.93,2.51,2.1,0.01955,0.01651,16.9,17.1,8.7,7.5,66.34,74.12,17.06,19.72,0.0,0.06,2.437142857142857,0.01683,68.00714285714285,0.014285714285714287,0.0,2020-09-08,3.11
-0.9358,-0.3524,1.26,2.72,2.93,2.64,0.00722,0.019559999999999998,14.3,17.5,9.5,9.1,72.64,55.53,10.32,18.95,0.01,0.0,2.5042857142857144,0.01701,65.90857142857143,0.014285714285714287,0.1,2020-09-09,3.06
-0.9418,-0.3363,3.11,1.26,2.72,2.67,0.02048,0.01955,18.2,16.9,6.3,8.7,59.26,66.34,20.91,17.06,0.0,0.0,2.56,0.017142857142857144,65.90571428571428,0.014285714285714287,0.0,2020-09-10,2.84
-0.9474,-0.32,3.06,3.11,1.26,2.33,0.02017,0.00722,19.9,14.3,8.0,9.5,64.82,72.64,20.79,10.32,0.01,0.01,2.632857142857143,0.017444285714285714,63.955714285714286,0.014285714285714287,0.0,2020-09-11,2.93
-0.9528,-0.3037,2.84,3.06,3.11,2.51,0.01862,0.02048,19.6,18.2,8.6,6.3,54.98,59.26,21.23,20.91,0.0,0.0,2.692857142857143,0.018072857142857144,60.269999999999996,0.014285714285714287,0.0,2020-09-12,3.03
-0.9579,-0.2873,2.93,2.84,3.06,2.93,0.02091,0.02017,17.1,19.9,6.0,8.0,48.32,64.82,22.41,20.79,0.0,0.01,2.707142857142857,0.018234285714285713,59.34285714285714,0.014285714285714287,0.0,2020-09-13,3.13
-0.9627,-0.2707,3.03,2.93,2.84,2.72,0.02069,0.01862,18.3,19.6,6.9,8.6,49.04,54.98,22.58,21.23,0.0,0.0,2.7657142857142856,0.01856714285714286,57.46999999999999,0.014285714285714287,0.0,2020-09-14,1.82
-0.9672,-0.2541,3.13,3.03,2.93,1.26,0.02188,0.02091,17.3,17.1,9.0,6.0,53.23,48.32,22.04,22.41,0.0,0.0,2.8457142857142856,0.01928,56.888571428571424,0.0,0.0,2020-09-15,3.06
-0.9714,-0.2375,1.82,3.13,3.03,3.11,0.01221,0.02069,15.4,18.3,8.7,6.9,68.57,49.04,9.16,22.58,0.0,0.0,2.8385714285714285,0.01939,57.17571428571428,0.0,0.0,2020-09-16,3.26
-0.9753,-0.2207,3.06,1.82,3.13,3.06,0.02125,0.02188,18.0,17.3,8.0,9.0,61.27,53.23,17.82,22.04,0.0,0.0,2.867142857142857,0.019504285714285717,55.49571428571428,0.0,0.0,2020-09-17,3.51
-0.979,-0.2039,3.26,3.06,1.82,2.84,0.02097,0.01221,20.8,15.4,9.6,8.7,53.06,68.57,20.95,9.16,0.0,0.0,2.9628571428571426,0.019975714285714288,54.17142857142857,0.0,0.0,2020-09-18,3.32
-0.9824,-0.187,3.51,3.26,3.06,2.93,0.021920000000000002,0.02125,21.5,18.0,10.3,8.0,45.71,61.27,23.25,17.82,0.0,0.0,3.0185714285714282,0.020221428571428574,53.67857142857143,0.0,0.0,2020-09-19,2.98
-0.9854,-0.1701,3.32,3.51,3.26,3.03,0.022629999999999997,0.02097,18.7,20.8,10.9,9.6,44.87,53.06,21.98,20.95,0.0,0.0,3.011428571428571,0.020287142857142858,54.19428571428572,0.0,0.0,2020-09-20,2.71
-0.9882,-0.1531,2.98,3.32,3.51,3.13,0.02115,0.021920000000000002,16.8,21.5,9.3,10.3,52.65,45.71,11.81,23.25,0.0,0.0,2.9514285714285715,0.019892857142857146,54.53142857142858,0.0,0.0,2020-09-21,3.37
-0.9907,-0.1361,2.71,2.98,3.32,1.82,0.01912,0.022629999999999997,17.4,18.7,8.6,10.9,55.59,44.87,12.24,21.98,0.0,0.0,3.172857142857143,0.021304285714285713,52.53857142857142,0.0,0.0,2020-09-22,3.66
-0.9929,-0.1191,3.37,2.71,2.98,3.06,0.02209,0.02115,19.5,16.8,9.2,9.3,54.62,52.65,16.7,11.81,0.0,0.0,3.2585714285714285,0.02128142857142857,50.705714285714286,0.0,0.0,2020-09-23,2.65
-0.9948,-0.102,3.66,3.37,2.71,3.26,0.02109,0.01912,22.5,17.4,10.0,8.6,48.44,55.59,20.1,12.24,0.0,0.0,3.1714285714285713,0.02092857142857143,51.962857142857146,0.0,0.0,2020-09-24,1.43
-0.9964,-0.0848,2.65,3.66,3.37,3.51,0.0185,0.02209,16.2,19.5,8.9,9.2,61.86,54.62,11.54,16.7,0.05,0.0,2.8742857142857146,0.018967142857142856,57.271428571428565,0.1142857142857143,0.0,2020-09-25,3.35
-0.9977,-0.0677,1.43,2.65,3.66,3.32,0.00819,0.02109,13.0,22.5,10.2,10.0,82.87,48.44,8.48,20.1,0.33,0.0,2.8785714285714286,0.019037142857142857,59.88285714285714,0.1142857142857143,0.8,2020-09-26,3.59
-0.9987,-0.0505,3.35,1.43,2.65,2.98,0.02312,0.0185,16.9,16.2,8.1,8.9,63.15,61.86,24.58,11.54,0.43,0.05,2.9657142857142857,0.019484285714285714,59.45285714285715,0.1142857142857143,0.0,2020-09-27,3.36
-0.9994,-0.0333,3.59,3.35,1.43,2.71,0.02428,0.00819,18.4,13.0,6.1,10.2,49.64,82.87,25.1,8.48,0.33,0.33,3.0585714285714287,0.020022857142857144,59.294285714285714,0.1142857142857143,0.0,2020-09-28,2.46
-0.9999,-0.0161,3.36,3.59,3.35,3.37,0.02289,0.02312,18.3,16.9,9.0,8.1,54.48,63.15,18.52,24.58,0.0,0.43,2.9285714285714284,0.019104285714285716,62.105714285714285,0.14285714285714285,0.0,2020-09-29,3.49
-1.0,0.0011,2.46,3.36,3.59,3.66,0.01566,0.02428,15.7,18.4,10.5,6.1,74.3,49.64,19.89,25.1,0.0,0.33,2.904285714285714,0.019540000000000002,65.45142857142856,0.14285714285714285,0.2,2020-09-30,3.41
-0.9998,0.0183,3.49,2.46,3.36,2.65,0.02414,0.02289,17.0,18.3,6.5,9.0,71.86,54.48,23.97,18.52,0.0,0.0,3.012857142857143,0.02037,66.43285714285715,0.14285714285714285,0.0,2020-10-01,3.33
-0.9994,0.0355,3.41,3.49,2.46,1.43,0.02431,0.01566,15.6,15.7,7.6,10.5,68.73,74.3,25.27,19.89,0.0,0.0,3.2842857142857147,0.022561428571428573,64.80571428571429,0.028571428571428574,0.0,2020-10-02,3.61
-0.9986,0.0527,3.33,3.41,3.49,3.35,0.023530000000000002,0.02414,15.7,17.0,6.5,6.5,71.48,71.86,22.14,23.97,0.0,0.0,3.3214285714285716,0.022814285714285714,66.24428571428571,0.028571428571428574,0.0,2020-10-03,3.84
-0.9976,0.0698,3.61,3.33,3.41,3.59,0.02489,0.02431,15.6,15.6,7.4,7.6,73.22,68.73,24.9,25.27,0.0,0.0,3.357142857142857,0.023021428571428575,67.68714285714286,0.028571428571428574,0.0,2020-10-04,3.66
-0.9962,0.087,3.84,3.61,3.33,3.36,0.02573,0.023530000000000002,17.9,15.7,4.2,6.5,59.74,71.48,26.71,22.14,0.0,0.0,3.4,0.023272857142857144,69.62285714285714,0.028571428571428574,0.0,2020-10-05,2.97
-0.9946,0.1041,3.66,3.84,3.61,2.46,0.02465,0.02489,17.1,15.6,6.6,7.4,68.03,73.22,24.73,24.9,0.01,0.0,3.4728571428571433,0.023942857142857144,69.07000000000001,0.0,0.0,2020-10-06,3.92
-0.9926,0.1212,2.97,3.66,3.84,3.49,0.02035,0.02573,16.6,17.9,8.3,4.2,70.43,59.74,22.89,26.71,0.04,0.0,3.5342857142857147,0.024215714285714285,66.9,0.0,0.0,2020-10-07,4.05
-0.9904,0.1383,3.92,2.97,3.66,3.41,0.02605,0.02465,18.8,17.1,8.1,6.6,56.67,68.03,26.71,24.73,0.01,0.01,3.6257142857142854,0.024502857142857142,64.57000000000001,0.0,0.0,2020-10-08,4.31
-0.9879,0.1553,4.05,3.92,2.97,3.33,0.02632,0.02035,20.4,16.6,6.3,8.3,52.42,70.43,27.25,22.89,0.0,0.04,3.7657142857142856,0.024919999999999998,60.868571428571435,0.0,0.0,2020-10-09,4.09
-0.9851,0.1722,4.31,4.05,3.92,3.61,0.026449999999999998,0.02605,22.3,18.8,7.8,8.1,45.57,56.67,27.1,26.71,0.0,0.01,3.834285714285714,0.024961428571428572,56.564285714285724,0.0,0.0,2020-10-10,4.27
-0.9819,0.1892,4.09,4.31,4.05,3.84,0.02518,0.02632,21.9,20.4,9.2,6.3,43.09,52.42,26.23,27.25,0.0,0.0,3.8957142857142855,0.02511142857142857,53.589999999999996,0.0,0.0,2020-10-11,4.03
-0.9785,0.206,4.27,4.09,4.31,3.66,0.02678,0.026449999999999998,20.6,22.3,10.0,7.8,38.92,45.57,27.62,27.1,0.0,0.0,3.948571428571429,0.025304285714285717,50.46714285714286,0.0,0.0,2020-10-12,2.49
-0.9749,0.2228,4.03,4.27,4.09,2.97,0.026,0.02518,20.0,21.9,8.8,9.2,46.17,43.09,19.03,26.23,0.01,0.0,3.88,0.0248,48.761428571428574,0.0,0.0,2020-10-13,3.43
-0.9709,0.2396,2.49,4.03,4.27,3.92,0.01682,0.02678,16.1,20.6,9.2,10.0,58.49,38.92,11.54,27.62,0.05,0.0,3.8099999999999996,0.024255714285714287,50.57571428571429,0.0,0.0,2020-10-14,3.49
-0.9666,0.2562,3.43,2.49,4.03,4.05,0.02224,0.026,19.0,20.0,11.1,8.8,69.37,46.17,16.71,19.03,0.08,0.01,3.73,0.023855714285714286,50.660000000000004,0.0,0.0,2020-10-15,3.22
-0.9621,0.2728,3.49,3.43,2.49,4.31,0.02352,0.01682,18.8,16.1,9.2,9.2,53.01,58.49,14.3,11.54,0.01,0.05,3.5742857142857143,0.02303,52.30428571428571,0.0,0.0,2020-10-16,3.6
-0.9572,0.2893,3.22,3.49,3.43,4.09,0.02067,0.02224,18.4,19.0,10.7,11.1,57.08,69.37,15.92,16.71,0.02,0.08,3.5042857142857144,0.02295,53.00857142857143,0.0,0.0,2020-10-17,3.76
-0.9521,0.3057,3.6,3.22,3.49,4.27,0.02462,0.02352,18.4,18.8,9.1,9.2,48.02,53.01,14.68,14.3,0.01,0.01,3.4314285714285715,0.022715714285714284,55.24714285714286,0.028571428571428574,0.0,2020-10-18,4.22
-0.9467,0.3221,3.76,3.6,3.22,4.03,0.02514,0.02067,18.9,18.4,10.0,10.7,54.59,57.08,21.47,15.92,0.01,0.02,3.4585714285714286,0.022865714285714288,56.33857142857143,0.028571428571428574,0.2,2020-10-19,4.41
-0.941,0.3383,4.22,3.76,3.6,2.49,0.02705,0.02462,19.3,18.4,8.7,9.1,53.81,48.02,28.01,14.68,0.0,0.01,3.7328571428571427,0.024447142857142858,55.38,0.028571428571428574,0.0,2020-10-20,3.43
-0.9351,0.3545,4.41,4.22,3.76,3.43,0.02789,0.02514,20.3,18.9,9.2,10.0,51.78,54.59,28.75,21.47,0.01,0.01,3.7328571428571427,0.024551428571428575,54.88857142857143,0.028571428571428574,0.0,2020-10-21,3.06
-0.9288,0.3705,3.43,4.41,4.22,3.49,0.022969999999999997,0.02705,17.6,19.3,9.8,8.7,65.93,53.81,18.45,28.01,0.16,0.0,3.6714285714285713,0.02420142857142857,55.07571428571429,0.028571428571428574,0.0,2020-10-22,3.52
-0.9223,0.3864,3.06,3.43,4.41,3.22,0.021070000000000002,0.02789,16.5,20.3,9.4,9.2,54.32,51.78,16.19,28.75,0.5,0.01,3.7142857142857144,0.024667142857142856,55.66142857142857,0.028571428571428574,0.0,2020-10-23,3.77
-0.9155,0.4022,3.52,3.06,3.43,3.6,0.02393,0.022969999999999997,17.2,17.6,9.6,9.8,61.18,65.93,16.38,18.45,0.0,0.16,3.738571428571429,0.024812857142857143,57.564285714285724,0.028571428571428574,0.0,2020-10-24,3.92
-0.9085,0.4179,3.77,3.52,3.06,3.76,0.02564,0.021070000000000002,17.4,16.5,9.5,9.4,61.34,54.32,25.46,16.19,0.0,0.5,3.761428571428571,0.02478714285714286,59.24142857142857,0.0,0.0,2020-10-25,4.4
-0.9012,0.4335,3.92,3.77,3.52,4.22,0.02496,0.02393,19.4,17.2,10.9,9.6,66.33,61.18,24.65,16.38,0.0,0.0,3.7871428571428574,0.025028571428571428,58.220000000000006,0.0,0.0,2020-10-26,2.74
-0.8936,0.4489,4.4,3.92,3.77,4.41,0.028739999999999998,0.02564,19.4,17.4,8.2,9.5,46.66,61.34,29.78,25.46,0.0,0.0,3.5485714285714285,0.023414285714285714,59.971428571428575,0.0,0.0,2020-10-27,4.71
-0.8857,0.4642,2.74,4.4,3.92,3.43,0.01659,0.02496,16.7,19.4,8.3,10.9,64.04,66.33,16.74,24.65,0.0,0.0,3.7314285714285718,0.024274285714285714,57.86714285714286,0.0,0.0,2020-10-28,4.6
-0.8776,0.4794,4.71,2.74,4.4,3.06,0.02899,0.028739999999999998,20.9,19.4,7.9,8.2,51.2,46.66,30.39,29.78,0.0,0.0,3.9514285714285715,0.025474285714285717,56.76428571428572,0.0,0.0,2020-10-29,4.49
-0.8692,0.4944,4.6,4.71,2.74,3.52,0.02947,0.01659,19.7,16.7,10.2,8.3,46.6,64.04,30.39,16.74,0.0,0.0,4.09,0.02625142857142857,54.82857142857143,0.0,0.0,2020-10-30,3.91
-0.8606,0.5093,4.49,4.6,4.71,3.77,0.02937,0.02899,18.9,20.9,8.1,7.9,47.63,51.2,22.58,30.39,0.0,0.0,4.11,0.026437142857142857,53.24857142857143,0.0,0.0,2020-10-31,3.79
-0.8517,0.524,3.91,4.49,4.6,3.92,0.026940000000000002,0.02947,17.9,19.7,8.8,10.2,50.28,46.6,16.9,30.39,0.0,0.0,4.091428571428572,0.026518571428571426,51.37571428571429,0.028571428571428574,0.0,2020-11-01,3.57
-0.8426,0.5386,3.79,3.91,4.49,4.4,0.02553,0.02937,18.4,18.9,9.4,8.1,53.22,47.63,16.0,22.58,0.0,0.0,3.972857142857143,0.02601142857142857,51.63714285714286,0.028571428571428574,0.2,2020-11-02,3.98
-0.8332,0.553,3.57,3.79,3.91,2.74,0.02519,0.026940000000000002,16.5,17.9,8.4,8.8,48.49,50.28,15.52,16.9,0.0,0.0,4.15,0.027431428571428572,49.221428571428575,0.042857142857142864,0.0,2020-11-03,2.86
-0.8235,0.5672,3.98,3.57,3.79,4.71,0.02653,0.02553,19.1,18.4,10.1,9.4,47.13,53.22,16.64,16.0,0.0,0.0,3.8857142857142857,0.02583142857142857,50.80285714285714,0.1142857142857143,0.1,2020-11-04,4.6
-0.8137,0.5813,2.86,3.98,3.57,4.6,0.01779,0.02519,18.2,16.5,12.2,8.4,62.27,48.49,16.71,15.52,0.0,0.0,3.8857142857142857,0.025742857142857144,51.73428571428571,0.1142857142857143,0.5,2020-11-05,4.71
-0.8035,0.5952,4.6,2.86,3.98,4.49,0.02885,0.02653,20.7,19.1,10.7,10.1,53.12,47.13,31.09,16.64,0.0,0.0,3.917142857142857,0.025820000000000003,52.285714285714285,0.1142857142857143,0.0,2020-11-06,4.71
-0.7932,0.609,4.71,4.6,2.86,3.91,0.02991,0.01779,20.1,18.2,10.0,12.2,51.49,62.27,24.89,16.71,0.0,0.0,4.031428571428571,0.026298571428571428,51.56714285714286,0.1142857142857143,0.0,2020-11-07,3.58
-0.7826,0.6225,4.71,4.71,4.6,3.79,0.030289999999999997,0.02885,20.6,20.7,10.0,10.7,45.25,53.12,20.74,31.09,0.02,0.0,4.001428571428571,0.025882857142857145,52.57857142857143,0.09999999999999999,0.0,2020-11-08,3.75
-0.7718,0.6359,3.58,4.71,4.71,3.57,0.02262,0.02991,19.1,20.1,11.6,10.0,60.3,51.49,17.97,24.89,0.19,0.0,4.027142857142857,0.025808571428571427,53.355714285714285,0.09999999999999999,0.1,2020-11-09,4.14
-0.7607,0.6491,3.75,3.58,4.71,3.98,0.02467,0.030289999999999997,18.9,20.6,9.9,10.0,53.93,45.25,20.05,20.74,0.2,0.02,4.05,0.02597857142857143,55.089999999999996,0.08571428571428572,0.0,2020-11-10,4.03
-0.7494,0.6621,4.14,3.75,3.58,2.86,0.027719999999999998,0.02262,18.7,19.1,11.3,11.6,59.27,60.3,17.17,17.97,0.39,0.19,4.217142857142857,0.02717285714285714,54.68571428571429,0.014285714285714287,0.0,2020-11-11,3.87
-0.7379,0.6749,4.03,4.14,3.75,4.6,0.02615,0.02467,19.2,18.9,11.4,9.9,59.44,53.93,17.22,20.05,0.32,0.2,4.112857142857143,0.026644285714285714,55.30571428571428,0.014285714285714287,0.0,2020-11-12,3.16
-0.7262,0.6875,3.87,4.03,4.14,4.71,0.02515,0.027719999999999998,18.5,18.7,10.5,11.3,57.46,59.27,15.29,17.17,1.37,0.39,3.891428571428572,0.02516,58.77285714285715,0.07142857142857142,0.0,2020-11-13,4.28
-0.7143,0.6998,3.16,3.87,4.03,4.71,0.01952,0.02615,18.9,19.2,12.6,11.4,75.76,59.44,16.1,17.22,2.19,0.32,3.8300000000000005,0.024688571428571428,62.160000000000004,0.07142857142857142,0.4,2020-11-14,4.67
-0.7021,0.712,4.28,3.16,3.87,3.58,0.02699,0.02515,19.8,18.5,11.6,10.5,68.96,57.46,26.69,15.29,1.19,1.37,3.9857142857142853,0.025785714285714283,62.64857142857143,0.05714285714285715,0.0,2020-11-15,3.94
-0.6898,0.724,4.67,4.28,3.16,3.75,0.0303,0.01952,19.5,18.9,10.2,12.6,63.72,75.76,24.01,16.1,0.05,2.19,4.0128571428571425,0.02607,63.25428571428571,0.05714285714285715,0.0,2020-11-16,3.04
-0.6772,0.7358,3.94,4.67,4.28,4.14,0.02666,0.02699,17.9,19.8,9.7,11.6,58.17,68.96,21.85,26.69,0.15,1.19,3.855714285714286,0.02471142857142857,66.35428571428572,0.1142857142857143,0.0,2020-11-17,3.66
-0.6645,0.7473,3.04,3.94,4.67,4.03,0.01821,0.0303,18.1,19.5,12.1,10.2,80.97,63.72,12.93,24.01,2.9,0.05,3.802857142857143,0.02442142857142857,66.9042857142857,0.1142857142857143,0.4,2020-11-18,2.92
-0.6515,0.7586,3.66,3.04,3.94,3.87,0.024120000000000003,0.02666,18.7,17.9,9.5,9.7,63.29,58.17,21.17,21.85,0.09,0.15,3.6671428571428573,0.023357142857142858,68.41857142857143,0.15714285714285717,0.0,2020-11-19,4.61
-0.6384,0.7697,2.92,3.66,3.04,3.16,0.0177,0.01821,17.7,18.1,12.5,12.1,68.06,80.97,15.55,12.93,0.19,2.9,3.8742857142857146,0.024684285714285714,67.70285714285714,0.09999999999999999,0.3,2020-11-20,5.39
-0.625,0.7806,4.61,2.92,3.66,4.28,0.02881,0.024120000000000003,19.9,18.7,11.9,9.5,70.75,63.29,29.37,21.17,0.37,0.09,4.032857142857143,0.02544,65.1,0.09999999999999999,0.0,2020-11-21,5.05
-0.6115,0.7912,5.39,4.61,2.92,4.67,0.03228,0.0177,22.0,17.7,8.3,12.5,50.74,68.06,32.42,15.55,0.0,0.19,4.087142857142857,0.025574285714285716,63.64857142857143,0.09999999999999999,0.0,2020-11-22,4.82
-0.5978,0.8016,5.05,5.39,4.61,3.94,0.031239999999999997,0.02881,21.7,19.9,10.4,11.9,53.56,70.75,32.42,29.37,0.01,0.37,4.2128571428571435,0.026061428571428572,64.03142857142858,0.09999999999999999,0.0,2020-11-23,5.39
-0.584,0.8118,4.82,5.05,5.39,3.04,0.03007,0.03228,20.8,22.0,12.0,8.3,60.85,50.74,27.02,32.42,0.04,0.0,4.548571428571429,0.028017142857142855,60.917142857142856,0.04285714285714286,0.0,2020-11-24,5.65
-0.5699,0.8217,5.39,4.82,5.05,3.66,0.0319,0.031239999999999997,22.3,21.7,12.3,10.4,59.17,53.56,33.08,32.42,0.0,0.01,4.832857142857143,0.02916142857142857,58.041428571428575,0.04285714285714286,0.0,2020-11-25,5.78
-0.5557,0.8314,5.65,5.39,4.82,2.92,0.032130000000000006,0.03007,24.9,20.8,10.2,12.0,43.16,60.85,33.57,27.02,0.0,0.04,5.241428571428571,0.031278571428571426,52.94428571428572,0.0,0.0,2020-11-26,4.87
-0.5413,0.8408,5.78,5.65,5.39,4.61,0.03252,0.0319,24.9,22.3,12.7,12.3,32.38,59.17,33.99,33.08,0.0,0.0,5.278571428571429,0.03159571428571429,50.03857142857142,0.0,0.0,2020-11-27,4.91
-0.5268,0.85,4.87,5.78,5.65,5.39,0.031030000000000002,0.032130000000000006,20.3,24.9,10.0,10.2,50.41,43.16,28.87,33.57,0.02,0.0,5.21,0.031447142857142854,50.00142857142857,0.0,0.0,2020-11-28,5.49
-0.5121,0.859,4.91,4.87,5.78,5.05,0.031239999999999997,0.03252,20.2,24.9,11.6,12.7,50.48,32.38,30.5,33.99,0.02,0.0,5.272857142857143,0.03158142857142857,48.55571428571428,0.0,0.0,2020-11-29,5.42
-0.4972,0.8676,5.49,4.91,4.87,4.82,0.03218,0.031030000000000002,23.4,20.3,10.5,10.0,43.44,50.41,32.15,28.87,0.01,0.02,5.3585714285714285,0.03192857142857143,46.005714285714284,0.0,0.0,2020-11-30,3.81
-0.4822,0.8761,5.42,5.49,4.91,5.39,0.0325,0.031239999999999997,22.7,20.2,11.5,11.6,43.0,50.48,32.42,30.5,0.0,0.02,5.132857142857143,0.03089857142857143,45.96714285714285,0.0,0.0,2020-12-01,4.87
-0.4671,0.8842,3.81,5.42,5.49,5.65,0.02469,0.03218,19.1,23.4,10.4,10.5,58.9,43.44,18.35,32.15,0.03,0.01,5.021428571428571,0.03070857142857143,47.458571428571425,0.0,0.0,2020-12-02,5.45
-0.4518,0.8921,4.87,3.81,5.42,5.78,0.0308,0.0325,20.7,22.7,11.6,11.5,53.6,43.0,29.96,32.42,0.24,0.0,4.974285714285714,0.030695714285714288,49.25428571428571,0.0,0.0,2020-12-03,5.09
-0.4364,0.8998,5.45,4.87,3.81,4.87,0.03243,0.02469,23.0,19.1,10.0,10.4,44.95,58.9,33.14,18.35,0.0,0.03,5.005714285714285,0.030875714285714284,49.23714285714285,0.0,0.0,2020-12-04,4.54
-0.4208,0.9071,5.09,5.45,4.87,4.91,0.03229,0.0308,20.5,20.7,9.9,11.6,50.29,53.6,27.31,29.96,0.0,0.24,4.952857142857143,0.030615714285714284,49.50571428571429,0.0,0.0,2020-12-05,4.59
-0.4052,0.9142,4.54,5.09,5.45,5.49,0.02942,0.03243,19.5,23.0,10.1,10.0,52.36,44.95,25.57,33.14,0.01,0.0,4.824285714285715,0.030265714285714285,50.271428571428565,0.0,0.0,2020-12-06,4.33
-0.3894,0.9211,4.59,4.54,5.09,5.42,0.02973,0.03229,19.9,20.5,10.0,9.9,48.8,50.29,20.29,27.31,0.01,0.0,4.668571428571428,0.029714285714285717,51.83714285714286,0.0,0.0,2020-12-07,4.37
-0.3735,0.9276,4.33,4.59,4.54,3.81,0.028640000000000002,0.02942,18.7,19.5,10.4,10.1,53.96,52.36,22.06,25.57,0.0,0.01,4.748571428571429,0.030172857142857144,50.10857142857143,0.0,0.0,2020-12-08,5.41
-0.3575,0.9339,4.37,4.33,4.59,4.87,0.027899999999999998,0.02973,20.4,19.9,9.6,10.0,46.8,48.8,28.46,20.29,0.0,0.01,4.825714285714286,0.03035857142857143,49.37714285714286,0.0,0.0,2020-12-09,4.04
-0.3413,0.9399,5.41,4.37,4.33,5.45,0.032100000000000004,0.028640000000000002,22.9,18.7,11.2,10.4,48.48,53.96,32.29,22.06,0.0,0.0,4.624285714285714,0.02928285714285714,52.042857142857144,0.0,0.0,2020-12-10,5.53
-0.3251,0.9457,4.04,5.41,4.37,5.09,0.0249,0.027899999999999998,20.9,20.4,11.7,9.6,63.61,46.8,27.59,28.46,0.0,0.0,4.687142857142858,0.02938,52.08714285714286,0.0,0.0,2020-12-11,5.51
-0.3088,0.9511,5.53,4.04,5.41,4.54,0.03297,0.032100000000000004,22.4,22.9,10.1,11.2,50.6,48.48,34.83,32.29,0.0,0.0,4.825714285714286,0.029874285714285714,51.30142857142857,0.0,0.0,2020-12-12,5.95
-0.2924,0.9563,5.51,5.53,4.04,4.59,0.03288,0.0249,23.0,20.9,10.5,11.7,46.86,63.61,33.93,27.59,0.0,0.0,5.0200000000000005,0.030315714285714286,49.60142857142857,0.0,0.0,2020-12-13,5.78
-0.2759,0.9612,5.95,5.51,5.53,4.33,0.03282,0.03297,25.5,22.4,10.9,10.1,36.9,50.6,34.32,34.83,0.0,0.0,5.227142857142858,0.03097142857142857,47.16142857142857,0.0,0.0,2020-12-14,5.29
-0.2593,0.9658,5.78,5.95,5.51,4.37,0.033229999999999996,0.03288,23.7,23.0,12.5,10.5,36.88,46.86,34.25,33.93,0.0,0.0,5.3585714285714285,0.031588571428571424,47.144285714285715,0.0,0.0,2020-12-15,5.37
-0.2427,0.9701,5.29,5.78,5.95,5.41,0.03222,0.03282,22.3,25.5,12.4,10.9,46.68,36.9,31.37,34.32,0.0,0.0,5.352857142857142,0.03167428571428572,46.74,0.0,0.0,2020-12-16,4.84
-0.226,0.9741,5.37,5.29,5.78,4.04,0.0327,0.033229999999999996,22.4,23.7,10.8,12.5,45.65,36.88,28.45,34.25,0.0,0.0,5.467142857142858,0.032505714285714284,45.18285714285714,0.0,0.0,2020-12-17,4.76
-0.2092,0.9779,4.84,5.37,5.29,5.53,0.030719999999999997,0.03222,20.0,22.3,11.7,12.4,52.71,46.68,23.94,31.37,0.03,0.0,5.357142857142857,0.03192285714285714,47.21142857142858,0.05714285714285715,0.0,2020-12-18,5.21
-0.1923,0.9813,4.76,4.84,5.37,5.51,0.02889,0.0327,19.9,22.4,12.1,10.8,64.8,45.65,30.68,28.45,0.13,0.0,5.314285714285715,0.03186714285714286,47.15857142857143,0.05714285714285715,0.4,2020-12-19,5.65
-0.1754,0.9845,5.21,4.76,4.84,5.95,0.032490000000000005,0.030719999999999997,21.5,20.0,9.3,11.7,46.49,52.71,33.82,23.94,0.0,0.03,5.271428571428571,0.031927142857142855,48.42,0.05714285714285715,0.0,2020-12-20,5.46
-0.1585,0.9874,5.65,5.21,4.76,5.78,0.03324,0.02889,22.8,19.9,10.4,12.1,45.73,64.8,32.19,30.68,0.0,0.13,5.225714285714285,0.03187285714285714,49.597142857142856,0.05714285714285715,0.0,2020-12-21,4.36
-0.1414,0.9899,5.46,5.65,5.21,5.29,0.032850000000000004,0.032490000000000005,22.7,21.5,11.3,9.3,45.12,46.49,27.46,33.82,0.01,0.0,5.0928571428571425,0.03108571428571429,50.06428571428571,0.05714285714285715,0.0,2020-12-22,4.42
-0.1244,0.9922,4.36,5.46,5.65,5.37,0.02671,0.03324,21.0,22.8,12.0,10.4,49.95,45.73,23.65,32.19,0.01,0.0,4.957142857142857,0.03025714285714286,50.81285714285714,0.05714285714285715,0.0,2020-12-23,5.3
-0.1073,0.9942,4.42,4.36,5.46,4.84,0.0269,0.032850000000000004,21.0,22.7,12.0,11.3,50.89,45.12,23.98,27.46,0.01,0.01,5.022857142857142,0.03049,49.93285714285714,0.05714285714285715,0.0,2020-12-24,5.44
-0.0902,0.9959,5.3,4.42,4.36,4.76,0.032350000000000004,0.02671,22.4,21.0,12.4,12.0,46.55,49.95,24.5,23.65,0.03,0.01,5.12,0.031017142857142858,46.958571428571425,0.0,0.0,2020-12-25,4.37
-0.073,0.9973,5.44,5.3,4.42,5.21,0.03258,0.0269,23.2,21.0,12.4,12.0,43.98,50.89,28.45,23.98,0.45,0.01,5.0,0.030157142857142858,47.88428571428572,0.0,0.0,2020-12-26,5.21
-0.0559,0.9984,4.37,5.44,5.3,5.65,0.02647,0.032350000000000004,21.5,22.4,12.4,12.4,52.97,46.55,21.93,24.5,0.46,0.03,4.937142857142858,0.02983714285714286,50.15571428571428,0.0,0.0,2020-12-27,5.08
-0.0387,0.9993,5.21,4.37,5.44,5.46,0.031,0.03258,22.3,23.2,13.6,12.4,61.63,43.98,29.39,28.45,0.79,0.45,4.882857142857143,0.02959857142857143,51.628571428571426,0.0,0.0,2020-12-28,4.27
-0.0215,0.9998,5.08,5.21,4.37,4.36,0.03118,0.02647,21.4,21.5,12.9,12.4,55.43,52.97,22.92,21.93,0.05,0.46,4.87,0.02951,53.215714285714284,0.014285714285714287,0.0,2020-12-29,5.92
-0.0043,1.0,4.27,5.08,5.21,4.42,0.02609,0.031,21.1,22.3,14.4,13.6,61.06,61.63,24.53,29.39,0.04,0.79,5.0842857142857145,0.03038142857142857,51.29714285714285,0.014285714285714287,0.1,2020-12-30,5.64
0.0129,0.9999,5.92,4.27,5.08,5.3,0.033,0.03118,25.2,21.4,12.7,12.9,37.46,55.43,34.52,22.92,0.01,0.05,5.132857142857143,0.030340000000000002,50.544285714285714,0.014285714285714287,0.0,2020-12-31,5.22
0.0172,0.9999,5.64,5.92,4.27,5.44,0.032060000000000005,0.02609,24.0,21.1,13.0,14.4,41.28,61.06,33.22,24.53,0.01,0.04,5.101428571428571,0.03013,52.01142857142857,0.014285714285714287,0.0,2021-01-01,4.75
0.0344,0.9994,5.22,5.64,5.92,4.37,0.03111,0.033,22.9,25.2,13.4,12.7,54.25,37.46,26.85,34.52,0.01,0.01,5.155714285714285,0.030444285714285712,52.30428571428571,0.014285714285714287,0.0,2021-01-02,4.96
0.0516,0.9987,4.75,5.22,5.64,5.21,0.02867,0.032060000000000005,22.1,24.0,13.9,13.0,55.02,41.28,21.1,33.22,0.06,0.01,5.119999999999999,0.03019,50.17714285714286,0.014285714285714287,0.0,2021-01-03,5.06
0.0688,0.9976,4.96,4.75,5.22,5.08,0.02922,0.03111,23.2,22.9,12.4,13.4,46.74,54.25,27.96,26.85,0.02,0.01,5.117142857142857,0.030068571428571427,50.347142857142856,0.014285714285714287,0.0,2021-01-04,5.05
0.0859,0.9963,5.06,4.96,4.75,4.27,0.03033,0.02867,23.2,22.1,12.6,13.9,56.62,55.02,25.62,21.1,0.09,0.06,5.228571428571429,0.030837142857142858,49.70428571428572,0.0,0.0,2021-01-05,5.02
0.103,0.9947,5.05,5.06,4.96,5.92,0.03147,0.02922,21.0,23.2,11.7,12.4,56.56,46.74,26.87,27.96,0.56,0.02,5.1,0.030468571428571428,51.82857142857143,0.0,0.0,2021-01-06,5.01
0.1201,0.9928,5.02,5.05,5.06,5.64,0.030420000000000003,0.03033,22.1,23.2,12.2,12.6,52.33,56.62,26.31,25.62,0.06,0.09,5.01,0.030225714285714283,53.294285714285714,0.0,0.0,2021-01-07,4.87
0.1372,0.9905,5.01,5.02,5.05,5.22,0.030359999999999998,0.03147,22.9,21.0,12.9,11.7,51.54,56.56,22.69,26.87,0.03,0.56,4.96,0.03003142857142857,54.06428571428571,0.0,0.0,2021-01-08,4.88
0.1542,0.988,4.87,5.01,5.02,4.75,0.02975,0.030420000000000003,21.0,22.1,13.7,12.2,59.64,52.33,22.0,26.31,0.01,0.06,4.978571428571429,0.030207142857142856,54.37571428571429,0.0,0.0,2021-01-09,5.54
0.1712,0.9852,4.88,4.87,5.01,4.96,0.0299,0.030359999999999998,20.8,22.9,11.6,12.9,57.2,51.54,29.39,22.69,0.01,0.03,5.061428571428571,0.030694285714285712,55.30714285714286,0.0,0.0,2021-01-10,5.71
0.1881,0.9821,5.54,4.88,4.87,5.06,0.03263,0.02975,22.3,21.0,11.3,13.7,53.26,59.64,33.41,22.0,0.0,0.01,5.154285714285714,0.031024285714285716,54.401428571428575,0.0,0.0,2021-01-11,5.61
0.205,0.9788,5.71,5.54,4.88,5.05,0.03264,0.0299,23.5,20.8,11.2,11.6,50.28,57.2,32.56,29.39,0.01,0.01,5.234285714285714,0.031164285714285717,52.94285714285714,0.0,0.0,2021-01-12,5.41
0.2218,0.9751,5.61,5.71,5.54,5.02,0.03245,0.03263,23.2,22.3,11.4,11.3,46.35,53.26,33.78,33.41,0.0,0.0,5.29,0.03148,51.75571428571429,0.0,0.0,2021-01-13,5.05
0.2385,0.9711,5.41,5.61,5.71,5.01,0.03263,0.03264,21.9,23.5,12.3,11.2,44.02,50.28,32.95,32.56,0.0,0.01,5.295714285714285,0.03164,51.401428571428575,0.0,0.0,2021-01-14,5.69
0.2552,0.9669,5.05,5.41,5.61,4.87,0.03148,0.03245,21.1,23.2,11.8,11.4,49.06,46.35,28.99,33.78,0.0,0.0,5.412857142857143,0.03197714285714286,49.54571428571428,0.0,0.0,2021-01-15,5.38
0.2718,0.9624,5.69,5.05,5.41,4.88,0.03211,0.03263,24.5,21.9,11.1,12.3,46.65,44.02,31.7,32.95,0.03,0.0,5.484285714285714,0.03226285714285714,48.464285714285715,0.0,0.0,2021-01-16,5.57
0.2883,0.9575,5.38,5.69,5.05,5.54,0.0319,0.03148,22.2,21.1,12.1,11.8,49.63,49.06,33.23,28.99,0.06,0.0,5.488571428571428,0.03225,46.478571428571435,0.0,0.0,2021-01-17,4.99
0.3047,0.9524,5.57,5.38,5.69,5.71,0.03254,0.03211,24.0,24.5,12.3,11.1,39.36,46.65,28.23,31.7,0.0,0.03,5.385714285714286,0.031901428571428574,46.38857142857143,0.0,0.0,2021-01-18,4.74
0.3211,0.9471,4.99,5.57,5.38,5.61,0.030199999999999998,0.0319,22.0,22.2,12.5,12.1,49.65,49.63,23.15,33.23,0.0,0.06,5.261428571428572,0.031355714285714285,47.34428571428572,0.0,0.0,2021-01-19,4.5
0.3373,0.9414,4.74,4.99,5.57,5.41,0.02863,0.03254,21.9,24.0,13.5,12.3,53.04,39.36,20.89,28.23,0.0,0.0,5.131428571428572,0.030595714285714285,48.87571428571429,0.0,0.0,2021-01-20,4.54
0.3534,0.9355,4.5,4.74,4.99,5.05,0.027309999999999997,0.030199999999999998,21.7,22.0,14.3,12.5,54.74,49.65,21.53,23.15,0.0,0.0,5.058571428571429,0.029945714285714287,49.708571428571425,0.0,0.0,2021-01-21,4.19
0.3695,0.9292,4.54,4.5,4.74,5.69,0.02693,0.02863,22.2,21.9,12.8,13.5,54.89,53.04,19.73,20.89,0.0,0.0,4.844285714285715,0.028908571428571426,50.528571428571425,0.0,0.0,2021-01-22,4.92
0.3854,0.9227,4.19,4.54,4.5,5.38,0.02485,0.027309999999999997,22.6,21.7,13.5,14.3,52.39,54.74,21.52,21.53,0.0,0.0,4.778571428571429,0.02839285714285714,51.589999999999996,0.0,0.0,2021-01-23,5.13
0.4012,0.916,4.92,4.19,4.54,5.57,0.02829,0.02693,23.2,22.2,14.8,12.8,57.06,54.89,24.67,19.73,0.0,0.0,4.715714285714285,0.027994285714285715,54.174285714285716,0.0,0.0,2021-01-24,4.1
0.4169,0.9089,5.13,4.92,4.19,4.99,0.02975,0.02485,24.4,22.6,15.0,13.5,57.45,52.39,21.15,21.52,0.08,0.0,4.588571428571428,0.027202857142857143,55.574285714285715,0.0,0.0,2021-01-25,4.26
0.4325,0.9016,4.1,5.13,4.92,4.74,0.02466,0.02829,22.0,23.2,15.0,14.8,59.45,57.06,19.83,24.67,0.84,0.0,4.5200000000000005,0.026755714285714282,56.59571428571429,0.0,0.0,2021-01-26,5.11
0.4479,0.8941,4.26,4.1,5.13,4.5,0.0255,0.02975,22.6,24.4,14.4,15.0,60.19,57.45,24.4,21.15,0.81,0.08,4.607142857142857,0.027244285714285714,56.214285714285715,0.0,0.0,2021-01-27,5.41
0.4633,0.8862,5.11,4.26,4.1,4.54,0.03073,0.02466,22.5,22.0,11.6,15.0,52.07,59.45,28.59,19.83,0.16,0.84,4.731428571428571,0.02775,55.18857142857143,0.0,0.0,2021-01-28,4.73
0.4784,0.8781,5.41,5.11,4.26,4.19,0.03047,0.0255,24.4,22.6,12.9,14.4,47.71,60.19,31.07,24.4,0.02,0.81,4.808571428571428,0.028018571428571427,55.290000000000006,0.15714285714285717,0.0,2021-01-29,4.03
0.4935,0.8698,4.73,5.41,5.11,4.92,0.02673,0.03073,24.9,22.5,14.4,11.6,53.1,52.07,22.06,28.59,2.84,0.16,4.6814285714285715,0.027261428571428572,57.73428571428571,1.8571428571428572,1.1,2021-01-30,4.66
0.5084,0.8611,4.03,4.73,5.41,5.13,0.02299,0.03047,22.9,24.4,16.7,12.9,74.17,47.71,22.22,31.07,9.07,0.02,4.614285714285714,0.026872857142857143,60.64142857142857,2.0714285714285716,11.9,2021-01-31,3.7
0.5231,0.8523,4.66,4.03,4.73,4.1,0.027030000000000002,0.02673,24.8,24.9,17.0,14.4,77.8,53.1,21.31,22.06,0.81,2.84,4.557142857142858,0.026465714285714287,62.85285714285715,2.1285714285714286,1.5,2021-02-01,3.91
0.5377,0.8432,3.7,4.66,4.03,4.26,0.02181,0.02299,21.4,22.9,15.1,16.7,74.93,74.17,21.46,22.22,0.26,9.07,4.507142857142857,0.026212857142857145,64.19571428571429,2.1285714285714286,0.4,2021-02-02,4.43
0.5521,0.8338,3.91,3.7,4.66,5.11,0.02373,0.027030000000000002,21.2,24.8,13.3,17.0,69.59,77.8,19.4,21.31,0.13,0.81,4.41,0.025745714285714285,64.65428571428572,2.1285714285714286,0.0,2021-02-03,4.31
0.5664,0.8242,4.43,3.91,3.7,5.41,0.027460000000000002,0.02181,22.3,21.4,12.7,15.1,55.28,74.93,20.54,21.46,0.03,0.26,4.252857142857143,0.025194285714285718,65.83428571428571,2.1285714285714286,0.0,2021-02-04,3.84
0.5805,0.8143,4.31,4.43,3.91,4.73,0.026609999999999998,0.02373,21.7,21.2,13.2,13.3,55.97,69.59,18.58,19.4,0.03,0.13,4.1257142857142854,0.024627142857142858,67.06714285714285,2.042857142857143,0.0,2021-02-05,4.08
0.5944,0.8042,3.84,4.31,4.43,4.03,0.022760000000000002,0.027460000000000002,22.2,22.3,15.2,12.7,61.73,55.28,17.48,20.54,0.05,0.03,4.132857142857143,0.02480571428571429,66.06571428571428,0.34285714285714286,0.5,2021-02-06,4.79
0.6081,0.7938,4.08,3.84,4.31,4.66,0.024239999999999998,0.026609999999999998,22.0,21.7,14.0,13.2,67.16,55.97,14.41,18.58,0.04,0.03,4.151428571428571,0.024990000000000002,64.67857142857143,0.1285714285714286,0.0,2021-02-07,5.03
0.6217,0.7833,4.79,4.08,3.84,3.7,0.02832,0.022760000000000002,22.2,22.2,12.8,15.2,68.09,61.73,23.77,17.48,0.69,0.05,4.341428571428572,0.026072857142857144,63.71857142857142,0.07142857142857142,0.0,2021-02-08,4.63
0.6351,0.7725,5.03,4.79,4.08,3.91,0.02939,0.024239999999999998,23.1,22.0,12.0,14.0,68.21,67.16,28.94,14.41,2.28,0.04,4.444285714285714,0.02672,62.48142857142857,0.07142857142857142,0.0,2021-02-09,4.03
0.6483,0.7614,4.63,5.03,4.79,4.43,0.02826,0.02832,22.2,22.2,12.2,12.8,60.93,68.09,17.89,23.77,0.05,0.69,4.387142857142857,0.026128571428571428,63.230000000000004,0.07142857142857142,0.0,2021-02-10,2.87
0.6613,0.7502,4.03,4.63,5.03,4.31,0.02332,0.02939,23.4,23.1,15.0,12.0,60.52,68.21,17.38,28.94,0.01,2.28,4.1814285714285715,0.024477142857142857,64.72285714285714,0.15714285714285717,0.0,2021-02-11,4.02
0.6741,0.7387,2.87,4.03,4.63,3.84,0.015050000000000001,0.02826,22.2,22.2,16.9,12.2,66.42,60.93,14.54,17.89,0.12,0.05,4.207142857142857,0.024514285714285714,64.67142857142856,0.08571428571428572,0.6,2021-02-12,4.29
0.6867,0.727,4.02,2.87,4.03,4.08,0.02302,0.02332,23.2,23.4,14.3,15.0,61.37,60.52,18.19,17.38,0.61,0.01,4.2371428571428575,0.024565714285714284,64.14285714285714,0.08571428571428572,0.0,2021-02-13,3.35
0.6991,0.715,4.29,4.02,2.87,4.79,0.0246,0.015050000000000001,23.4,22.2,14.4,16.9,63.46,66.42,18.06,14.54,0.14,0.12,4.031428571428571,0.02336857142857143,62.57285714285714,0.1142857142857143,0.0,2021-02-14,4.07
0.7113,0.7029,3.35,4.29,4.02,5.03,0.019940000000000003,0.02302,21.0,23.2,13.9,14.3,57.1,61.37,18.18,18.19,0.15,0.61,3.8942857142857146,0.022520000000000002,62.33857142857143,0.1142857142857143,0.2,2021-02-15,4.52
0.7233,0.6906,4.07,3.35,4.29,4.63,0.02345,0.0246,22.2,23.4,14.5,14.4,66.57,63.46,18.78,18.06,1.48,0.14,3.8785714285714286,0.02224142857142857,63.69428571428572,0.1142857142857143,0.0,2021-02-16,4.62
0.735,0.678,4.52,4.07,3.35,4.03,0.02631,0.019940000000000003,22.6,21.0,13.6,13.9,70.42,57.1,19.51,18.18,0.5,0.15,3.9628571428571426,0.022847142857142854,64.12571428571428,0.1142857142857143,0.0,2021-02-17,4.6
0.7466,0.6653,4.62,4.52,4.07,2.87,0.027559999999999998,0.02345,21.9,22.2,13.1,14.5,63.54,66.57,29.18,18.78,0.05,1.48,4.21,0.02458857142857143,63.91571428571428,0.028571428571428574,0.0,2021-02-18,4.9
0.7579,0.6523,4.6,4.62,4.52,4.02,0.027239999999999997,0.02631,21.9,22.6,12.7,13.6,64.95,70.42,28.92,19.51,0.03,0.5,4.335714285714286,0.025324285714285712,63.472857142857144,0.028571428571428574,0.0,2021-02-19,4.76
0.769,0.6392,4.9,4.6,4.62,4.29,0.02817,0.027559999999999998,23.9,21.9,12.3,13.1,58.27,63.54,27.26,29.18,0.03,0.05,4.402857142857143,0.02572285714285714,62.527142857142856,0.028571428571428574,0.0,2021-02-20,4.35
0.7799,0.6259,4.76,4.9,4.6,3.35,0.02739,0.027239999999999997,23.7,21.9,13.6,12.7,56.84,64.95,26.88,28.92,0.0,0.03,4.545714285714285,0.02661142857142857,62.00428571428571,0.0,0.0,2021-02-21,4.52
0.7906,0.6124,4.35,4.76,4.9,4.07,0.02616,0.02817,21.9,23.9,14.0,12.3,53.44,58.27,27.03,27.26,0.0,0.03,4.609999999999999,0.027135714285714287,59.5,0.0,0.0,2021-02-22,4.86
0.801,0.5987,4.52,4.35,4.76,4.52,0.027120000000000002,0.02739,22.2,23.7,12.4,13.6,49.04,56.84,26.39,26.88,0.0,0.0,4.658571428571428,0.02734285714285714,55.67,0.0,0.0,2021-02-23,4.26
0.8112,0.5848,4.86,4.52,4.35,4.62,0.02776,0.02616,24.1,21.9,11.7,14.0,43.61,53.44,28.36,27.03,0.0,0.0,4.607142857142857,0.027022857142857144,54.17857142857143,0.0,0.0,2021-02-24,3.94
0.8211,0.5708,4.26,4.86,4.52,4.6,0.02532,0.027120000000000002,22.4,22.2,12.9,12.4,53.1,49.04,20.76,26.39,0.0,0.0,4.5128571428571425,0.026452857142857143,52.88857142857143,0.0,0.0,2021-02-25,3.12
0.8308,0.5566,3.94,4.26,4.86,4.9,0.02325,0.02776,22.6,24.1,13.0,11.7,55.92,43.61,18.25,28.36,0.02,0.0,4.258571428571428,0.025095714285714284,52.82285714285714,0.0,0.0,2021-02-26,4.02
0.8402,0.5422,3.12,3.94,4.26,4.76,0.018670000000000003,0.02532,21.1,22.4,13.3,12.9,57.81,53.1,15.08,20.76,0.02,0.0,4.152857142857143,0.024614285714285717,51.212857142857146,0.0,0.0,2021-02-27,4.48
0.8495,0.5277,4.02,3.12,3.94,4.35,0.02402,0.02325,23.0,22.6,12.1,13.0,45.57,55.92,17.71,18.25,0.1,0.02,4.171428571428572,0.024595714285714283,49.48857142857143,0.0,0.0,2021-02-28,3.14
0.8584,0.513,4.48,4.02,3.12,4.52,0.02603,0.018670000000000003,24.1,21.1,13.3,13.3,41.37,57.81,22.08,15.08,0.07,0.02,3.974285714285714,0.02334,50.51571428571429,0.18571428571428572,0.0,2021-03-01,2.6
0.8671,0.4981,3.14,4.48,4.02,4.86,0.01833,0.02402,21.3,23.0,13.4,12.1,56.23,45.57,14.44,17.71,1.53,0.1,3.6514285714285712,0.02150285714285714,53.57,0.2,1.3,2021-03-02,4.17
0.8755,0.4831,2.6,3.14,4.48,4.26,0.0149,0.02603,20.9,24.1,14.9,13.3,64.99,41.37,16.37,22.08,2.05,0.07,3.6385714285714283,0.021441428571428573,54.58428571428571,0.2,0.1,2021-03-03,3.54
0.8837,0.468,4.17,2.6,3.14,3.94,0.02489,0.01833,22.4,21.3,14.0,13.4,60.2,56.23,16.18,14.44,0.77,1.53,3.5814285714285714,0.021138571428571427,54.722857142857144,0.2,0.0,2021-03-04,2.85
0.8916,0.4527,3.54,4.17,2.6,3.12,0.02113,0.0149,22.6,20.9,13.8,14.9,56.89,64.99,15.17,16.37,0.04,2.05,3.542857142857143,0.020791428571428572,56.05142857142857,0.2,0.0,2021-03-05,4.09
0.8993,0.4373,2.85,3.54,4.17,4.02,0.016239999999999997,0.02489,21.6,22.4,15.2,14.0,67.11,60.2,13.31,16.18,0.09,0.77,3.552857142857143,0.020834285714285715,59.17,0.2,0.0,2021-03-06,3.61
0.9067,0.4218,4.09,2.85,3.54,4.48,0.02432,0.02113,22.7,22.6,14.6,13.8,67.4,56.89,19.68,15.17,0.12,0.04,3.4285714285714284,0.020295714285714285,61.785714285714285,0.2,0.0,2021-03-07,4.16
0.9138,0.4061,3.61,4.09,2.85,3.14,0.022260000000000002,0.016239999999999997,22.1,21.6,13.2,15.2,59.68,67.11,15.67,13.31,0.03,0.09,3.5742857142857143,0.021155714285714285,60.98142857142857,0.014285714285714287,0.0,2021-03-08,2.94
0.9207,0.3904,4.16,3.61,4.09,2.6,0.02435,0.02432,24.6,22.7,14.7,14.6,50.6,67.4,21.17,19.68,0.0,0.12,3.6228571428571428,0.02156285714285714,59.77571428571429,0.0,0.0,2021-03-09,3.89
0.9272,0.3745,2.94,4.16,3.61,4.17,0.01775,0.022260000000000002,21.0,22.1,14.5,13.2,56.55,59.68,16.95,15.67,0.0,0.03,3.5828571428571427,0.021278571428571428,60.38285714285714,0.0,0.0,2021-03-10,4.08
0.9335,0.3585,3.89,2.94,4.16,3.54,0.0229,0.02435,22.1,24.6,12.7,14.7,64.45,50.6,17.02,21.17,0.0,0.0,3.66,0.02170714285714286,60.145714285714284,0.0,0.0,2021-03-11,3.91
0.9396,0.3424,4.08,3.89,2.94,2.85,0.02413,0.01775,22.8,21.0,13.3,14.5,55.23,56.55,20.37,16.95,0.0,0.0,3.8114285714285714,0.022757142857142858,59.324285714285715,0.0,0.0,2021-03-12,3.17
0.9453,0.3261,3.91,4.08,3.89,4.09,0.02359,0.0229,21.7,22.1,14.0,12.7,61.36,64.45,17.72,17.02,0.24,0.0,3.68,0.02193,58.47571428571428,0.05714285714285715,0.0,2021-03-13,3.07
0.9508,0.3098,3.17,3.91,4.08,3.61,0.01853,0.02413,21.6,22.8,14.8,13.3,61.46,55.23,14.24,20.37,0.98,0.0,3.6028571428571428,0.02137285714285714,59.35285714285714,0.05714285714285715,0.4,2021-03-14,3.07
0.956,0.2934,3.07,3.17,3.91,4.16,0.018359999999999998,0.02359,20.7,21.7,13.2,14.0,65.82,61.36,13.29,17.72,0.82,0.24,3.447142857142857,0.02039857142857143,63.457142857142856,0.2285714285714286,0.0,2021-03-15,3.81
0.9609,0.2769,3.07,3.07,3.17,2.94,0.01753,0.01853,21.9,21.6,14.8,14.8,79.33,61.46,13.57,14.24,3.46,0.98,3.5714285714285716,0.020954285714285713,65.27428571428571,0.37142857142857144,1.2,2021-03-16,3.66
0.9655,0.2604,3.81,3.07,3.07,3.89,0.02164,0.018359999999999998,22.3,20.7,13.7,13.2,69.27,65.82,22.78,13.29,0.09,0.82,3.5385714285714287,0.020822857142857143,66.16142857142857,0.37142857142857144,1.0,2021-03-17,3.59
0.9698,0.2437,3.66,3.81,3.07,4.08,0.02198,0.01753,21.0,21.9,13.1,14.8,70.66,79.33,21.86,13.57,0.25,3.46,3.468571428571429,0.02034142857142857,69.86,0.37142857142857144,0.0,2021-03-18,3.56
0.9739,0.227,3.59,3.66,3.81,3.91,0.02076,0.02164,20.6,22.3,13.0,13.7,81.12,69.27,19.34,22.78,0.45,0.09,3.4185714285714286,0.019825714285714287,72.05714285714285,0.37142857142857144,0.0,2021-03-19,4.21
0.9777,0.2102,3.56,3.59,3.66,3.17,0.01998,0.02198,20.3,21.0,13.3,13.1,76.74,70.66,22.57,21.86,0.03,0.25,3.567142857142857,0.020495714285714284,71.69285714285714,0.31428571428571433,0.0,2021-03-20,3.91
0.9811,0.1934,4.21,3.56,3.59,3.07,0.023219999999999998,0.02076,22.8,20.6,10.7,13.0,58.91,81.12,23.83,19.34,0.0,0.45,3.687142857142857,0.02116142857142857,72.05142857142857,0.31428571428571433,0.0,2021-03-21,4.19
0.9843,0.1765,3.91,4.21,3.56,3.07,0.02302,0.01998,21.8,20.3,13.4,13.3,68.33,76.74,23.29,22.57,0.0,0.03,3.847142857142857,0.021981428571428572,68.85,0.14285714285714285,0.0,2021-03-22,3.63
0.9872,0.1595,4.19,3.91,4.21,3.81,0.02327,0.023219999999999998,24.6,22.8,10.4,10.7,56.92,58.91,23.37,23.83,0.0,0.0,3.8214285714285716,0.022025714285714284,67.45142857142856,0.0,0.0,2021-03-23,3.42
0.9898,0.1425,3.63,4.19,3.91,3.66,0.02195,0.02302,22.1,21.8,13.7,13.4,59.48,68.33,16.32,23.29,0.0,0.0,3.7871428571428574,0.02178714285714286,66.88285714285715,0.0,0.0,2021-03-24,3.35
0.9921,0.1255,3.42,3.63,4.19,3.59,0.020309999999999998,0.02327,21.7,24.6,13.1,10.4,66.68,56.92,14.01,23.37,0.03,0.0,3.7528571428571427,0.021734285714285713,65.19571428571429,0.0,0.0,2021-03-25,3.87
0.9941,0.1084,3.35,3.42,3.63,3.56,0.020390000000000002,0.02195,20.0,22.1,12.0,13.7,69.31,59.48,19.7,16.32,0.03,0.0,3.7971428571428576,0.022105714285714284,60.917142857142856,0.0,0.0,2021-03-26,4.08
0.9958,0.0913,3.87,3.35,3.42,4.21,0.02258,0.020309999999999998,22.9,21.7,9.6,13.1,46.79,66.68,22.62,14.01,0.01,0.03,3.7785714285714285,0.021997142857142857,57.83428571428572,0.0,0.0,2021-03-27,3.35
0.9972,0.0741,4.08,3.87,3.35,3.91,0.02246,0.020390000000000002,24.7,20.0,12.4,12.0,37.33,69.31,22.39,19.7,0.0,0.03,3.698571428571429,0.021742857142857144,55.370000000000005,0.0,0.0,2021-03-28,2.9
0.9984,0.057,3.35,4.08,3.87,4.19,0.02124,0.02258,20.5,22.9,11.0,9.6,51.08,46.79,15.64,22.62,0.0,0.01,3.5142857142857147,0.02100714285714286,56.037142857142854,0.0,0.0,2021-03-29,3.22
0.9992,0.0398,2.9,3.35,4.08,3.63,0.01812,0.02246,19.7,24.7,11.0,12.4,61.59,37.33,10.36,22.39,0.0,0.0,3.455714285714286,0.020785714285714286,56.13714285714286,0.0,0.0,2021-03-30,2.64
0.9997,0.0226,3.22,2.9,3.35,3.42,0.020399999999999998,0.02124,19.7,20.5,10.4,11.0,60.18,51.08,10.54,15.64,0.0,0.0,3.3442857142857143,0.020300000000000002,55.808571428571426,0.0,0.0,2021-03-31,2.43
1.0,0.0054,2.64,3.22,2.9,3.35,0.01691,0.01812,19.3,19.7,11.2,11.0,64.38,61.59,11.41,10.36,0.28,0.0,3.212857142857143,0.01949,55.46,0.0,0.0,2021-04-01,2.73
0.9999,-0.0118,2.43,2.64,3.22,3.87,0.01472,0.020399999999999998,19.9,19.7,11.9,10.4,66.87,60.18,9.84,10.54,1.26,0.0,3.0500000000000003,0.018727142857142855,56.597142857142856,0.0,0.0,2021-04-02,3.23
0.9996,-0.029,2.73,2.43,2.64,4.08,0.01724,0.01691,20.2,19.3,10.9,11.2,54.75,64.38,13.01,11.41,0.49,0.28,2.9285714285714284,0.018317142857142858,57.56285714285714,0.0,0.0,2021-04-03,2.33
0.9989,-0.0462,3.23,2.73,2.43,3.35,0.01959,0.01472,22.1,19.9,11.6,11.9,44.09,66.87,13.69,9.84,0.12,1.26,2.782857142857143,0.017287142857142855,59.50571428571429,0.0,0.0,2021-04-04,3.25
0.998,-0.0634,2.33,3.23,2.73,2.9,0.014029999999999999,0.01724,20.2,20.2,12.4,10.9,64.68,54.75,10.36,13.01,1.35,0.49,2.832857142857143,0.017388571428571427,62.01285714285715,0.0,0.0,2021-04-05,3.3
0.9968,-0.0805,3.25,2.33,3.23,3.22,0.01883,0.01959,22.5,22.1,12.0,11.6,79.14,44.09,19.16,13.69,0.35,0.12,2.8442857142857143,0.017278571428571428,63.70428571428572,0.0,0.0,2021-04-06,3.24
0.9952,-0.0977,3.3,3.25,2.33,2.64,0.019629999999999998,0.014029999999999999,22.5,20.2,12.8,12.4,72.02,64.68,20.24,10.36,0.0,1.35,2.93,0.017652857142857144,64.23857142857143,0.0,0.0,2021-04-07,3.1
0.9934,-0.1148,3.24,3.3,3.25,2.43,0.019530000000000002,0.01883,21.9,22.5,12.8,12.0,68.12,79.14,16.31,19.16,0.0,0.35,3.025714285714286,0.01823142857142857,64.55285714285715,0.0,0.0,2021-04-08,3.08
0.9913,-0.1319,3.1,3.24,3.3,2.73,0.01877,0.019629999999999998,20.8,22.5,12.8,12.8,69.07,72.02,19.74,20.24,0.0,0.0,3.075714285714286,0.01853142857142857,65.69,0.0,0.0,2021-04-09,3.16
0.9889,-0.1489,3.08,3.1,3.24,3.23,0.01934,0.019530000000000002,20.2,21.9,10.8,12.8,62.71,68.12,19.62,16.31,0.0,0.0,3.065714285714286,0.018502857142857144,67.85857142857142,0.0,0.0,2021-04-10,3.53
0.9861,-0.1659,3.16,3.08,3.1,2.33,0.01939,0.01877,20.6,20.8,10.9,12.8,59.27,69.07,19.77,19.74,0.03,0.0,3.237142857142857,0.019321428571428573,63.201428571428565,0.0,0.0,2021-04-11,3.23
0.9831,-0.1828,3.53,3.16,3.08,3.25,0.019760000000000003,0.01934,23.7,20.2,10.3,10.8,32.08,62.71,20.13,19.62,0.01,0.0,3.2342857142857144,0.019411428571428573,57.392857142857146,0.0,0.0,2021-04-12,3.01
0.9799,-0.1997,3.23,3.53,3.16,3.3,0.01946,0.01939,22.2,20.6,11.2,10.9,38.48,59.27,17.3,19.77,0.0,0.03,3.192857142857143,0.01933857142857143,53.348571428571425,0.0,0.0,2021-04-13,1.81
0.9763,-0.2165,3.01,3.23,3.53,3.24,0.01912,0.019760000000000003,20.6,23.7,13.0,10.3,43.71,32.08,12.12,20.13,0.04,0.01,2.988571428571429,0.018192857142857146,51.221428571428575,0.04285714285714286,0.0,2021-04-14,2.38
0.9724,-0.2333,1.81,3.01,3.23,3.1,0.01151,0.01946,17.9,22.2,11.3,11.2,53.23,38.48,9.66,17.3,0.08,0.0,2.8857142857142857,0.01769,48.75285714285714,0.04285714285714286,0.3,2021-04-15,2.31
0.9683,-0.25,2.38,1.81,3.01,3.08,0.01525,0.01912,19.5,20.6,10.9,13.0,51.79,43.71,14.02,12.12,0.01,0.04,2.775714285714286,0.01711,47.83428571428571,0.04285714285714286,0.0,2021-04-16,2.68
0.9638,-0.2666,2.31,2.38,1.81,3.16,0.01528,0.01151,19.2,17.9,12.2,11.3,56.28,53.23,10.77,9.66,0.0,0.08,2.707142857142857,0.016762857142857142,48.66714285714285,0.04285714285714286,0.0,2021-04-17,2.7
0.9591,-0.2831,2.68,2.31,2.38,3.53,0.01696,0.01525,19.8,19.5,11.3,10.9,65.1,51.79,8.64,14.02,0.0,0.01,2.5885714285714285,0.016412857142857142,51.98571428571428,0.04285714285714286,0.0,2021-04-18,2.42
0.9541,-0.2996,2.7,2.68,2.31,3.23,0.01731,0.01528,20.3,19.2,9.3,12.2,55.31,56.28,11.88,10.77,0.0,0.0,2.472857142857143,0.015858571428571427,55.478571428571435,0.04285714285714286,0.0,2021-04-19,3.07
0.9488,-0.316,2.42,2.7,2.68,3.01,0.01558,0.01696,19.3,19.8,10.9,11.3,62.93,65.1,7.71,8.64,0.0,0.0,2.4814285714285718,0.015497142857142857,60.64857142857143,0.6857142857142857,0.0,2021-04-20,2.43
0.9432,-0.3322,3.07,2.42,2.7,1.81,0.01659,0.01731,22.5,20.3,11.3,9.3,79.9,55.31,11.52,11.88,0.09,0.0,2.5700000000000003,0.015841428571428572,64.33428571428571,0.6428571428571429,4.5,2021-04-21,1.6
0.9373,-0.3484,2.43,3.07,2.42,2.38,0.01392,0.01558,21.6,19.3,11.6,10.9,79.03,62.93,14.45,7.71,0.19,0.0,2.4585714285714286,0.015008571428571428,66.58285714285714,0.6428571428571429,0.0,2021-04-22,2.06
0.9312,-0.3645,1.6,2.43,3.07,2.31,0.00942,0.01659,17.6,22.5,11.9,11.3,67.53,79.9,8.18,11.52,0.09,0.09,2.422857142857143,0.014608571428571429,69.01142857142857,0.7142857142857143,0.0,2021-04-23,2.53
0.9248,-0.3804,2.06,1.6,2.43,2.68,0.01248,0.01392,18.7,21.6,11.1,11.6,73.28,79.03,10.53,14.45,0.1,0.19,2.4014285714285712,0.01460142857142857,67.01285714285714,0.7142857142857143,0.5,2021-04-24,2.28
0.9181,-0.3963,2.53,2.06,1.6,2.7,0.01691,0.00942,19.2,17.6,9.4,11.9,51.11,67.53,15.52,8.18,0.0,0.09,2.3414285714285716,0.014345714285714285,66.11285714285715,0.7142857142857143,0.0,2021-04-25,2.31
0.9112,-0.412,2.28,2.53,2.06,2.42,0.015519999999999999,0.01248,18.6,18.7,9.7,11.1,49.01,73.28,13.75,10.53,0.01,0.1,2.325714285714286,0.014371428571428571,64.34285714285714,0.7142857142857143,0.0,2021-04-26,1.84
0.9039,-0.4276,2.31,2.28,2.53,3.07,0.01576,0.01691,18.9,19.2,9.6,9.4,50.54,51.11,8.82,15.52,0.0,0.0,2.15,0.013737142857142856,61.0,0.07142857142857142,0.0,2021-04-27,1.86
0.8965,-0.4431,1.84,2.31,2.28,2.43,0.012150000000000001,0.015519999999999999,17.4,18.6,10.9,9.7,56.5,49.01,7.81,13.75,0.0,0.01,2.0685714285714285,0.013601428571428572,56.924285714285716,0.07142857142857142,0.0,2021-04-28,1.83
0.8887,-0.4585,1.86,1.84,2.31,1.6,0.01297,0.01576,17.7,18.9,10.7,9.6,50.5,50.54,12.26,8.82,0.0,0.0,2.1014285714285714,0.013942857142857144,56.93714285714286,0.14285714285714285,0.0,2021-04-29,2.52
0.8807,-0.4737,1.83,1.86,1.84,2.06,0.011810000000000001,0.012150000000000001,17.6,17.4,10.3,10.9,67.62,56.5,9.22,7.81,0.01,0.0,2.1671428571428573,0.01435,58.050000000000004,0.07142857142857142,0.5,2021-04-30,2.33
0.8724,-0.4888,2.52,1.83,1.86,2.53,0.01533,0.01297,20.1,17.7,11.0,10.7,81.07,50.5,15.66,12.26,0.01,0.0,2.138571428571429,0.013902857142857144,60.25,0.07142857142857142,0.0,2021-05-01,2.2
0.8639,-0.5037,2.33,2.52,1.83,2.28,0.013779999999999999,0.011810000000000001,20.3,17.6,10.2,10.3,66.51,67.62,12.35,9.22,0.0,0.01,2.1271428571428572,0.013577142857142857,63.175714285714285,0.07142857142857142,0.0,2021-05-02,2.49
0.8551,-0.5185,2.2,2.33,2.52,2.31,0.01324,0.01533,20.7,20.1,10.7,11.0,69.49,81.07,13.16,15.66,0.0,0.01,2.152857142857143,0.013465714285714286,66.75142857142858,0.07142857142857142,0.0,2021-05-03,2.13
0.846,-0.5331,2.49,2.2,2.33,1.84,0.01498,0.013779999999999999,19.9,20.3,9.8,10.2,75.57,66.51,15.06,12.35,0.02,0.0,2.1942857142857144,0.013537142857142857,69.63,0.07142857142857142,0.0,2021-05-04,2.42
0.8367,-0.5476,2.13,2.49,2.2,1.86,0.01265,0.01324,19.5,20.7,9.9,10.7,76.65,69.49,10.86,13.16,0.0,0.0,2.2742857142857145,0.013798571428571427,70.40285714285714,0.07142857142857142,0.0,2021-05-05,2.71
0.8272,-0.5619,2.42,2.13,2.49,1.83,0.0148,0.01498,20.6,19.9,10.3,9.8,55.91,75.57,15.16,15.06,0.0,0.02,2.4,0.014312857142857143,66.59714285714286,0.0,0.0,2021-05-06,1.79
0.8174,-0.5761,2.71,2.42,2.13,2.52,0.01541,0.01265,24.3,19.5,10.4,9.9,40.98,76.65,15.44,10.86,0.0,0.0,2.295714285714286,0.013462857142857143,66.87285714285714,0.0,0.0,2021-05-07,1.68
0.8074,-0.59,1.79,2.71,2.42,2.33,0.009380000000000001,0.0148,20.2,20.6,11.0,10.3,83.0,55.91,8.17,15.16,0.0,0.0,2.202857142857143,0.012891428571428571,69.03142857142856,0.0,0.0,2021-05-08,2.18
0.7971,-0.6038,1.68,1.79,2.71,2.2,0.009779999999999999,0.01541,19.0,24.3,11.6,10.4,81.62,40.98,9.95,15.44,0.0,0.0,2.2,0.01305857142857143,67.93714285714286,0.0,0.0,2021-05-09,2.06
0.7866,-0.6175,2.18,1.68,1.79,2.49,0.014410000000000001,0.009380000000000001,19.3,20.2,10.3,11.0,61.83,83.0,14.81,8.17,0.0,0.0,2.138571428571429,0.01293,64.39,0.0,0.0,2021-05-10,2.16
0.7759,-0.6309,2.06,2.18,1.68,2.13,0.01408,0.009779999999999999,18.4,19.0,9.9,11.6,50.74,81.62,13.89,9.95,0.0,0.0,2.142857142857143,0.01321,58.49714285714286,0.0,0.0,2021-05-11,2.09
0.7649,-0.6442,2.16,2.06,2.18,2.42,0.01461,0.014410000000000001,19.6,19.3,7.4,10.3,35.4,61.83,14.81,14.81,0.0,0.0,2.0957142857142856,0.013092857142857144,55.66857142857143,0.0,0.0,2021-05-12,1.72
0.7537,-0.6572,2.09,2.16,2.06,2.71,0.013980000000000001,0.01408,20.2,18.4,7.2,9.9,36.11,50.74,14.77,13.89,0.0,0.0,1.9542857142857142,0.012422857142857143,56.93142857142857,0.0,0.0,2021-05-13,1.6
0.7423,-0.6701,1.72,2.09,2.16,1.79,0.01072,0.01461,19.8,19.6,9.1,7.4,49.82,35.4,12.02,14.81,0.01,0.0,1.9271428571428573,0.01271,52.90857142857143,0.0,0.0,2021-05-14,1.01
0.7306,-0.6828,1.6,1.72,2.09,1.68,0.01139,0.013980000000000001,16.7,20.2,8.5,7.2,54.84,36.11,9.15,14.77,0.01,0.0,1.8314285714285714,0.012141428571428572,48.041428571428575,0.0,0.0,2021-05-15,2.07
0.7188,-0.6952,1.01,1.6,1.72,2.18,0.0058,0.01072,17.0,19.8,10.3,9.1,47.55,49.82,6.69,12.02,0.01,0.01,1.8157142857142858,0.011835714285714286,44.4,0.0,0.0,2021-05-16,1.91
0.7067,-0.7075,2.07,1.01,1.6,2.06,0.01227,0.01139,21.2,16.7,8.3,8.5,36.34,54.84,12.63,9.15,0.0,0.01,1.7942857142857143,0.011661428571428573,43.722857142857144,0.0,0.0,2021-05-17,0.94
0.6945,-0.7195,1.91,2.07,1.01,2.16,0.01286,0.0058,19.0,17.0,10.5,10.3,46.0,47.55,9.43,6.69,0.0,0.01,1.6199999999999999,0.010257142857142857,49.854285714285716,0.19999999999999998,0.0,2021-05-18,1.81
0.682,-0.7314,0.94,1.91,2.07,2.09,0.00478,0.01227,16.2,21.2,11.9,8.3,78.32,36.34,5.01,12.63,0.25,0.0,1.58,0.009854285714285715,56.33428571428571,0.39999999999999997,1.4,2021-05-19,1.45
0.6693,-0.743,1.81,0.94,1.91,1.72,0.01116,0.01286,18.9,19.0,12.1,10.5,81.47,46.0,11.49,9.43,0.99,0.0,1.5414285714285714,0.009685714285714285,61.471428571428575,1.8000000000000003,1.4,2021-05-20,1.92
0.6564,-0.7544,1.45,1.81,0.94,1.6,0.00954,0.00478,16.5,16.2,9.5,11.9,85.78,78.32,6.94,5.01,3.86,0.25,1.587142857142857,0.00987857142857143,63.86,2.8428571428571425,9.8,2021-05-21,2.08
0.6433,-0.7656,1.92,1.45,1.81,1.01,0.01274,0.01116,16.7,18.9,8.3,12.1,71.56,81.47,12.98,11.49,1.13,0.99,1.74,0.010972857142857144,62.48857142857143,2.8428571428571425,7.3,2021-05-22,2.17
0.6301,-0.7765,2.08,1.92,1.45,2.07,0.013460000000000001,0.00954,18.3,16.5,5.8,9.5,37.95,85.78,13.97,6.94,0.0,3.86,1.7542857142857142,0.0111,61.74714285714286,2.8428571428571425,0.0,2021-05-23,1.92
0.6166,-0.7873,2.17,2.08,1.92,1.91,0.01316,0.01274,18.3,16.7,6.6,8.3,31.15,71.56,13.12,12.98,0.0,1.13,1.7557142857142856,0.011130000000000001,60.93857142857143,2.8428571428571425,0.0,2021-05-24,2.06
0.603,-0.7978,1.92,2.17,2.08,0.94,0.01307,0.013460000000000001,17.2,18.3,7.0,5.8,40.34,37.95,13.46,13.97,0.01,0.0,1.9157142857142857,0.01232,55.51,2.642857142857143,0.0,2021-05-25,2.04
0.5892,-0.808,2.06,1.92,2.17,1.81,0.01311,0.01316,18.8,18.3,10.7,6.6,40.32,31.15,13.51,13.12,0.0,0.0,1.9485714285714286,0.01258,49.23428571428571,2.442857142857143,0.0,2021-05-26,1.75
0.5752,-0.818,2.04,2.06,1.92,1.45,0.01298,0.01307,20.5,17.2,9.9,7.0,37.54,40.34,13.29,13.46,0.01,0.01,1.9914285714285713,0.012982857142857143,44.31714285714286,1.042857142857143,0.0,2021-05-27,1.74
0.561,-0.8278,1.75,2.04,2.06,1.92,0.01236,0.01311,16.6,18.8,8.0,10.7,51.36,40.32,8.55,13.51,0.05,0.0,1.9657142857142857,0.012871428571428572,43.44857142857143,0.05714285714285715,0.0,2021-05-28,1.3
0.5467,-0.8373,1.74,1.75,2.04,2.08,0.01196,0.01298,17.7,20.5,9.7,9.9,65.48,37.54,10.95,13.29,0.01,0.01,1.8542857142857143,0.012252857142857143,45.660000000000004,0.05714285714285715,0.4,2021-05-29,1.8
0.5322,-0.8466,1.3,1.74,1.75,2.17,0.009130000000000001,0.01236,16.2,16.6,10.0,8.0,53.43,51.36,9.8,8.55,0.0,0.05,1.8014285714285714,0.012121428571428573,46.55714285714286,0.05714285714285715,0.0,2021-05-30,2.15
0.5176,-0.8556,1.8,1.3,1.74,1.92,0.012240000000000001,0.01196,18.2,17.7,9.2,9.7,37.43,65.48,12.85,10.95,0.0,0.01,1.8342857142857143,0.01197,46.787142857142854,0.05714285714285715,0.0,2021-05-31,1.49
0.5028,-0.8644,2.15,1.8,1.3,2.06,0.01201,0.009130000000000001,22.1,16.2,8.8,10.0,41.95,53.43,12.21,9.8,0.0,0.0,1.752857142857143,0.011454285714285714,48.57285714285714,0.05714285714285715,0.0,2021-06-01,1.75
0.4878,-0.8729,1.49,2.15,1.8,2.04,0.0095,0.012240000000000001,18.0,18.2,10.0,9.2,52.82,37.43,7.45,12.85,0.0,0.0,1.7114285714285715,0.01127857142857143,50.98142857142857,0.05714285714285715,0.0,2021-06-02,1.76
0.4728,-0.8812,1.75,1.49,2.15,1.75,0.01175,0.01201,19.6,22.1,11.0,8.8,54.4,41.95,11.57,12.21,0.0,0.0,1.7128571428571429,0.011144285714285714,50.971428571428575,0.05714285714285715,0.0,2021-06-03,0.88
0.4575,-0.8892,1.76,1.75,1.49,1.74,0.01142,0.0095,19.6,18.0,10.0,10.0,51.29,52.82,11.91,7.45,0.0,0.0,1.59,0.010177142857142857,51.55428571428571,0.014285714285714287,0.0,2021-06-04,1.52
0.4422,-0.8969,0.88,1.76,1.75,1.3,0.00519,0.01175,16.4,19.6,12.3,11.0,69.56,54.4,6.84,11.57,0.01,0.0,1.6214285714285714,0.010408571428571428,52.71714285714285,0.014285714285714287,0.1,2021-06-05,1.17
0.4267,-0.9044,1.52,0.88,1.76,1.8,0.01075,0.01142,16.8,19.6,10.1,10.0,61.57,51.29,10.47,11.91,0.0,0.0,1.5314285714285716,0.009812857142857142,54.80428571428571,0.014285714285714287,0.0,2021-06-06,1.8
0.4111,-0.9116,1.17,1.52,0.88,2.15,0.00807,0.00519,14.0,16.4,8.2,12.3,52.04,69.56,7.16,6.84,0.0,0.01,1.4814285714285713,0.009825714285714285,54.848571428571425,0.014285714285714287,0.0,2021-06-07,2.04
0.3953,-0.9185,1.8,1.17,1.52,1.49,0.0121,0.01075,17.9,16.8,8.5,10.1,42.26,61.57,12.27,10.47,0.0,0.0,1.56,0.010208571428571428,54.14,0.014285714285714287,0.0,2021-06-08,1.7
0.3795,-0.9252,2.04,1.8,1.17,1.75,0.01218,0.00807,19.3,14.0,9.0,8.2,47.86,52.04,12.19,7.16,0.0,0.0,1.5528571428571427,0.01004857142857143,55.82,0.014285714285714287,0.0,2021-06-09,1.87
0.3635,-0.9316,1.7,2.04,1.8,1.76,0.01063,0.0121,18.4,17.9,8.1,8.5,66.16,42.26,8.98,12.27,0.05,0.0,1.5685714285714287,0.01012,54.75857142857143,0.014285714285714287,0.0,2021-06-10,2.12
0.3474,-0.9377,1.87,1.7,2.04,0.88,0.01192,0.01218,19.7,19.3,8.8,9.0,43.86,47.86,11.77,12.19,0.0,0.0,1.7457142857142858,0.011108571428571428,49.44142857142857,0.0,0.0,2021-06-11,1.78
0.3312,-0.9436,2.12,1.87,1.7,1.52,0.01211,0.01063,22.3,18.4,7.6,8.1,32.34,66.16,12.11,8.98,0.0,0.05,1.782857142857143,0.011260000000000001,47.48428571428571,0.028571428571428574,0.0,2021-06-12,1.17
0.3149,-0.9491,1.78,2.12,1.87,1.17,0.011810000000000001,0.01192,17.6,19.7,11.3,8.8,47.87,43.86,7.65,11.77,0.15,0.0,1.782857142857143,0.011311428571428571,47.38142857142857,0.05714285714285715,0.2,2021-06-13,1.51
0.2986,-0.9544,1.17,1.78,2.12,1.8,0.00843,0.01211,14.8,22.3,8.5,7.6,51.32,32.34,6.11,12.11,0.09,0.0,1.7414285714285713,0.011154285714285714,48.11,0.05714285714285715,0.2,2021-06-14,1.3
0.2821,-0.9594,1.51,1.17,1.78,2.04,0.011,0.011810000000000001,16.3,17.6,7.1,11.3,47.36,47.87,6.37,7.65,0.02,0.15,1.6357142857142857,0.010481428571428572,50.67857142857143,0.2714285714285714,0.0,2021-06-15,1.72
0.2656,-0.9641,1.3,1.51,1.17,1.7,0.00747,0.00843,17.7,14.8,9.1,8.5,65.84,51.32,7.39,6.11,0.04,0.09,1.6385714285714286,0.010539999999999999,52.324285714285715,0.5428571428571428,1.5,2021-06-16,1.6
0.2489,-0.9685,1.72,1.3,1.51,1.87,0.01104,0.011,17.9,16.3,9.6,7.1,77.68,47.36,10.69,6.37,0.08,0.02,1.5999999999999999,0.010469999999999998,55.097142857142856,0.5428571428571428,1.9,2021-06-17,1.21
0.2322,-0.9727,1.6,1.72,1.3,2.12,0.01143,0.00747,16.1,17.7,8.1,9.1,63.27,65.84,8.97,7.39,0.0,0.04,1.47,0.009911428571428571,60.705714285714286,0.5428571428571428,0.0,2021-06-18,1.61
0.2155,-0.9765,1.21,1.6,1.72,1.78,0.008199999999999999,0.01104,15.8,17.9,8.4,9.6,71.6,77.68,8.13,10.69,0.05,0.08,1.445714285714286,0.009874285714285714,61.84142857142857,0.5142857142857143,0.0,2021-06-19,1.47
0.1986,-0.9801,1.61,1.21,1.6,1.17,0.011550000000000001,0.01143,16.7,16.1,6.7,8.1,55.82,63.27,11.7,8.97,0.0,0.0,1.4885714285714287,0.010154285714285715,64.18714285714286,0.5,0.0,2021-06-20,1.95
0.1818,-0.9833,1.47,1.61,1.21,1.51,0.01039,0.008199999999999999,14.5,15.8,6.8,8.4,67.74,71.6,10.99,8.13,0.0,0.05,1.5514285714285714,0.010277142857142858,63.034285714285716,0.5,0.1,2021-06-21,1.68
0.1648,-0.9863,1.95,1.47,1.61,1.3,0.011859999999999999,0.011550000000000001,19.1,16.7,6.3,6.7,39.29,55.82,12.17,11.7,0.0,0.0,1.6057142857142856,0.010744285714285715,62.94714285714286,0.2857142857142857,0.0,2021-06-22,0.6
0.1478,-0.989,1.68,1.95,1.47,1.72,0.01074,0.01039,16.8,14.5,7.6,6.8,65.23,67.74,9.6,10.99,0.09,0.0,1.4457142857142855,0.00941142857142857,64.76285714285714,2.771428571428572,0.0,2021-06-23,1.62
0.1308,-0.9914,0.6,1.68,1.95,1.6,0.00171,0.011859999999999999,13.3,19.1,9.6,6.3,90.39,39.29,3.53,12.17,7.09,0.0,1.4485714285714286,0.009237142857142857,64.52142857142857,2.771428571428572,19.3,2021-06-24,0.54
0.1137,-0.9935,1.62,0.6,1.68,1.21,0.01021,0.01074,17.1,16.8,5.7,7.6,61.58,65.23,10.98,9.6,0.08,0.09,1.352857142857143,0.008355714285714286,65.80428571428571,4.514285714285714,0.0,2021-06-25,1.48
0.0966,-0.9953,0.54,1.62,0.6,1.61,0.0020299999999999997,0.00171,13.3,13.3,8.0,9.6,80.58,90.39,4.59,3.53,4.38,7.09,1.3342857142857143,0.008205714285714285,68.31857142857143,4.514285714285714,12.2,2021-06-26,1.78
0.0795,-0.9968,1.48,0.54,1.62,1.47,0.0105,0.01021,14.2,17.1,5.8,5.7,73.42,61.58,11.22,10.98,0.0,0.08,1.3785714285714286,0.008491428571428572,64.30285714285715,4.5,0.0,2021-06-27,2.18
0.0623,-0.9981,1.78,1.48,0.54,1.95,0.01239,0.0020299999999999997,15.6,13.3,2.1,8.0,39.63,80.58,12.6,4.59,0.0,4.38,1.4114285714285715,0.008608571428571429,62.74714285714286,4.5,0.0,2021-06-28,2.14
0.0451,-0.999,2.18,1.78,1.48,1.68,0.01268,0.0105,18.1,14.2,5.4,5.8,28.4,73.42,12.57,11.22,0.0,0.0,1.477142857142857,0.00869,58.15,4.5,0.0,2021-06-29,1.24
0.028,-0.9996,2.14,2.18,1.78,0.6,0.01131,0.01239,19.5,15.6,9.0,2.1,33.05,39.63,10.78,12.6,0.0,0.0,1.5685714285714287,0.009834285714285714,53.47428571428571,1.7428571428571427,0.0,2021-06-30,1.56
0.0108,-0.9999,1.24,2.14,2.18,1.62,0.009720000000000001,0.01268,13.2,18.1,5.9,5.4,57.66,28.4,8.78,12.57,0.0,0.0,1.56,0.010074285714285714,53.18571428571429,1.7428571428571427,0.0,2021-07-01,1.67
-0.0065,-1.0,1.56,1.24,2.14,0.54,0.011890000000000001,0.01131,15.4,19.5,4.7,9.0,59.56,33.05,10.59,10.78,0.0,0.0,1.7214285714285715,0.01152,48.308571428571426,0.0,0.0,2021-07-02,1.43
-0.0237,-0.9997,1.67,1.56,1.24,1.48,0.012150000000000001,0.009720000000000001,15.9,13.2,4.1,5.9,46.44,57.66,11.84,8.78,0.0,0.0,1.7142857142857142,0.01149857142857143,45.09571428571429,0.0,0.0,2021-07-03,1.57
-0.0408,-0.9992,1.43,1.67,1.56,1.78,0.01035,0.011890000000000001,14.5,15.4,7.5,4.7,50.93,59.56,10.31,10.59,0.0,0.0,1.6842857142857144,0.011461428571428572,46.79,0.0,0.0,2021-07-04,1.16
-0.058,-0.9983,1.57,1.43,1.67,2.18,0.01213,0.012150000000000001,14.4,15.9,4.4,4.1,51.49,46.44,9.64,11.84,0.0,0.0,1.5385714285714285,0.010991428571428572,50.43714285714286,0.0,0.0,2021-07-05,1.12
-0.0752,-0.9972,1.16,1.57,1.43,2.14,0.00939,0.01035,12.6,14.5,4.2,7.5,53.93,50.93,5.68,10.31,0.01,0.0,1.3928571428571428,0.010455714285714287,57.778571428571425,0.42857142857142855,0.0,2021-07-06,1.82
-0.0923,-0.9957,1.12,1.16,1.57,1.24,0.00756,0.01213,15.6,14.4,6.5,4.4,84.44,51.49,6.37,9.64,0.06,0.0,1.4757142857142858,0.010822857142857144,56.52571428571429,0.42857142857142855,3.0,2021-07-07,1.57
-0.1094,-0.994,1.82,1.12,1.16,1.56,0.012289999999999999,0.00939,17.0,12.6,5.4,4.2,48.89,53.93,12.82,5.68,0.0,0.01,1.477142857142857,0.010778571428571429,55.98285714285714,0.42857142857142855,0.0,2021-07-08,1.67
-0.1265,-0.992,1.57,1.82,1.12,1.67,0.01158,0.00756,14.6,15.6,6.4,6.5,55.76,84.44,9.77,6.37,0.0,0.06,1.477142857142857,0.010735714285714284,58.98714285714285,0.42857142857142855,0.0,2021-07-09,1.79
-0.1436,-0.9896,1.67,1.57,1.82,1.43,0.01185,0.012289999999999999,16.8,17.0,5.6,5.4,67.47,48.89,12.16,12.82,0.0,0.0,1.5285714285714285,0.011074285714285715,57.160000000000004,0.42857142857142855,0.0,2021-07-10,1.24
-0.1606,-0.987,1.79,1.67,1.57,1.57,0.01272,0.01158,16.2,14.6,6.7,6.4,38.14,55.76,13.16,9.77,0.0,0.0,1.4814285714285715,0.010738571428571429,56.76857142857143,0.42857142857142855,0.0,2021-07-11,0.85
-0.1775,-0.9841,1.24,1.79,1.67,1.16,0.009779999999999999,0.01185,13.2,16.8,8.4,5.6,48.75,67.47,10.55,12.16,0.0,0.0,1.4371428571428573,0.010161428571428571,59.80285714285714,0.5,0.0,2021-07-12,1.58
-0.1944,-0.9809,0.85,1.24,1.79,1.12,0.00535,0.01272,13.7,16.2,8.5,6.7,75.17,38.14,5.35,13.16,0.08,0.0,1.502857142857143,0.010738571428571429,59.63,0.07142857142857142,0.5,2021-07-13,1.48
-0.2113,-0.9774,1.58,0.85,1.24,1.82,0.0116,0.009779999999999999,14.7,13.2,6.6,8.4,83.23,48.75,10.45,10.55,0.03,0.0,1.4542857142857142,0.010694285714285713,62.54714285714285,0.07142857142857142,0.0,2021-07-14,1.69
-0.2281,-0.9736,1.48,1.58,0.85,1.57,0.011980000000000001,0.00535,13.7,13.7,5.9,8.5,69.31,75.17,11.59,5.35,0.03,0.08,1.4714285714285715,0.010891428571428571,60.49714285714286,0.07142857142857142,0.0,2021-07-15,1.77
-0.2448,-0.9696,1.69,1.48,1.58,1.67,0.012960000000000001,0.0116,14.2,14.7,5.0,6.6,41.41,83.23,13.22,10.45,0.0,0.03,1.4857142857142858,0.011067142857142857,58.684285714285714,0.07142857142857142,0.0,2021-07-16,2.16
-0.2614,-0.9652,1.77,1.69,1.48,1.79,0.01308,0.011980000000000001,15.6,13.7,3.1,5.9,54.78,69.31,13.33,11.59,0.0,0.03,1.5385714285714285,0.011184285714285714,57.128571428571426,0.07142857142857142,0.0,2021-07-17,2.6
-0.278,-0.9606,2.16,1.77,1.69,1.24,0.01354,0.012960000000000001,17.2,14.2,4.3,5.0,27.25,41.41,13.87,13.22,0.0,0.0,1.7328571428571429,0.011758571428571429,53.902857142857144,0.07142857142857142,0.0,2021-07-18,1.84
-0.2945,-0.9557,2.6,2.16,1.77,0.85,0.013800000000000002,0.01308,17.9,15.6,6.1,3.1,26.17,54.78,13.89,13.33,0.0,0.0,1.8742857142857143,0.012867142857142857,47.57714285714286,0.0,0.0,2021-07-19,2.1
-0.3109,-0.9505,1.84,2.6,2.16,1.58,0.01311,0.01354,16.4,17.2,4.7,4.3,30.89,27.25,13.61,13.87,0.0,0.0,1.9485714285714286,0.013162857142857143,39.76,0.0,0.0,2021-07-20,1.68
-0.3272,-0.945,2.1,1.84,2.6,1.48,0.01367,0.013800000000000002,18.5,17.9,7.8,6.1,28.51,26.17,13.45,13.89,0.0,0.0,1.977142857142857,0.013274285714285714,34.818571428571424,0.0,0.0,2021-07-21,1.29
-0.3434,-0.9392,1.68,2.1,1.84,1.69,0.01276,0.01311,15.1,16.4,4.9,4.7,34.72,30.89,7.91,13.61,0.01,0.0,1.9200000000000002,0.012935714285714286,34.39142857142857,0.028571428571428574,0.0,2021-07-22,1.39
-0.3595,-0.9332,1.29,1.68,2.1,1.77,0.01059,0.01367,12.7,18.5,6.7,7.8,38.42,28.51,8.43,13.45,0.0,0.0,1.8657142857142859,0.01260142857142857,34.60142857142857,0.042857142857142864,0.2,2021-07-23,0.86
-0.3755,-0.9268,1.39,1.29,1.68,2.16,0.01074,0.01276,13.2,15.1,6.0,4.9,56.25,34.72,6.91,7.91,0.01,0.01,1.68,0.011324285714285716,43.675714285714285,0.2285714285714286,0.1,2021-07-24,1.88
-0.3914,-0.9202,0.86,1.39,1.29,2.6,0.0046,0.01059,14.0,12.7,7.1,6.7,90.77,38.42,6.44,8.43,0.17,0.0,1.577142857142857,0.01119857142857143,50.68285714285714,1.0142857142857142,1.3,2021-07-25,1.74
-0.4071,-0.9134,1.88,0.86,1.39,1.84,0.01292,0.01074,16.2,13.2,6.6,6.0,75.22,56.25,11.62,6.91,0.69,0.01,1.5628571428571427,0.011168571428571429,55.50857142857143,1.042857142857143,5.5,2021-07-26,1.94
-0.4228,-0.9062,1.74,1.88,0.86,2.1,0.0129,0.0046,15.5,14.0,6.2,7.1,64.67,90.77,12.08,6.44,0.09,0.17,1.5399999999999998,0.01123857142857143,57.39142857142857,1.042857142857143,0.2,2021-07-27,2.26
-0.4383,-0.8988,1.94,1.74,1.88,1.68,0.01416,0.01292,14.8,16.2,6.0,6.6,41.69,75.22,14.66,11.62,0.0,0.69,1.6228571428571428,0.011507142857142856,57.16428571428571,1.042857142857143,0.0,2021-07-28,1.72
-0.4537,-0.8912,2.26,1.94,1.74,1.29,0.01464,0.0129,18.0,15.5,8.5,6.2,33.13,64.67,14.81,12.08,0.0,0.09,1.6842857142857142,0.011902857142857144,56.77285714285714,1.0142857142857142,0.0,2021-07-29,1.35
-0.469,-0.8832,1.72,2.26,1.94,1.39,0.013359999999999999,0.01416,13.9,14.8,5.1,6.0,35.68,41.69,10.78,14.66,0.0,0.0,1.6785714285714286,0.011925714285714286,55.575714285714284,1.0,0.0,2021-07-30,1.82
-0.4841,-0.875,1.35,1.72,2.26,0.86,0.0109,0.01464,12.7,18.0,5.4,8.5,47.87,33.13,8.28,14.81,0.0,0.0,1.8157142857142856,0.013189999999999999,48.065714285714286,0.8142857142857143,0.0,2021-07-31,2.31
-0.4991,-0.8666,1.82,1.35,1.72,1.88,0.01345,0.013359999999999999,15.1,13.9,6.3,5.1,38.2,35.68,12.63,10.78,0.0,0.0,1.8771428571428572,0.01346,41.75714285714286,0.028571428571428574,0.0,2021-08-01,2.19
-0.5139,-0.8578,2.31,1.82,1.35,1.74,0.01481,0.0109,20.0,12.7,6.9,5.4,31.06,47.87,14.99,8.28,0.0,0.0,1.9414285714285715,0.013761428571428572,37.51714285714286,0.0,0.0,2021-08-02,1.07
-0.5286,-0.8489,2.19,2.31,1.82,1.94,0.015009999999999999,0.01345,16.4,15.1,8.9,6.3,34.99,38.2,12.15,12.63,0.0,0.0,1.8171428571428572,0.01286142857142857,36.40428571428571,0.0,0.0,2021-08-03,1.4
-0.5431,-0.8397,1.07,2.19,2.31,2.26,0.00786,0.01481,13.1,20.0,6.9,6.9,33.9,31.06,8.05,14.99,0.02,0.0,1.6942857142857142,0.012275714285714284,37.528571428571425,0.08571428571428572,0.0,2021-08-04,1.84
-0.5575,-0.8302,1.4,1.07,2.19,1.72,0.010539999999999999,0.015009999999999999,14.0,16.4,6.9,8.9,41.0,34.99,7.98,12.15,0.0,0.0,1.7114285714285715,0.012207142857142857,40.06285714285714,0.09999999999999999,0.6,2021-08-05,1.67
-0.5717,-0.8205,1.84,1.4,1.07,1.35,0.01288,0.00786,16.0,13.1,7.5,6.9,53.42,33.9,10.34,8.05,0.02,0.02,1.7571428571428573,0.012382857142857143,42.51714285714286,0.09999999999999999,0.1,2021-08-06,1.64
-0.5857,-0.8105,1.67,1.84,1.4,1.82,0.01213,0.010539999999999999,14.7,14.0,6.8,6.9,65.05,41.0,8.1,7.98,0.03,0.0,1.7314285714285713,0.012112857142857144,48.642857142857146,0.15714285714285717,0.0,2021-08-07,1.49
-0.5996,-0.8003,1.64,1.67,1.84,2.31,0.01156,0.01288,14.8,16.0,8.6,7.5,81.08,53.42,6.58,10.34,0.06,0.02,1.6142857142857143,0.011378571428571429,56.21999999999999,0.17142857142857143,0.4,2021-08-08,1.83
-0.6132,-0.7899,1.49,1.64,1.67,2.19,0.00967,0.01213,15.0,14.7,7.9,6.8,84.1,65.05,8.7,8.1,0.07,0.03,1.5628571428571427,0.011192857142857143,61.68857142857143,0.17142857142857143,0.1,2021-08-09,2.09
-0.6267,-0.7792,1.83,1.49,1.64,1.07,0.013710000000000002,0.01156,14.3,14.8,6.5,8.6,73.27,81.08,12.51,6.58,0.0,0.06,1.7085714285714284,0.012351428571428572,63.44142857142857,0.17142857142857143,0.0,2021-08-10,1.88
-0.64,-0.7683,2.09,1.83,1.49,1.4,0.01597,0.00967,15.1,15.0,4.9,7.9,46.17,84.1,14.31,8.7,0.0,0.07,1.7771428571428571,0.012952857142857143,64.78857142857143,0.08571428571428573,0.0,2021-08-11,1.53
-0.6532,-0.7572,1.88,2.09,1.83,1.84,0.01475,0.013710000000000002,13.4,14.3,5.8,6.5,50.43,73.27,11.36,12.51,0.0,0.0,1.7328571428571427,0.012755714285714287,65.5142857142857,0.07142857142857142,0.0,2021-08-12,1.95
-0.6661,-0.7459,1.53,1.88,2.09,1.67,0.0115,0.01597,13.2,15.1,6.1,4.9,58.5,46.17,6.9,14.31,0.0,0.0,1.772857142857143,0.013232857142857143,63.24,0.07142857142857142,0.0,2021-08-13,1.54
-0.6788,-0.7343,1.95,1.53,1.88,1.64,0.015470000000000001,0.01475,13.3,13.4,4.4,5.8,49.13,50.43,13.22,11.36,0.0,0.0,1.7585714285714287,0.013274285714285714,58.167142857142856,0.014285714285714287,0.0,2021-08-14,0.75
-0.6914,-0.7225,1.54,1.95,1.53,1.49,0.01185,0.0115,12.6,13.2,5.9,6.1,45.57,58.5,10.61,6.9,0.0,0.0,1.6528571428571428,0.01247,55.35,0.014285714285714287,0.0,2021-08-15,2.29
-0.7037,-0.7105,0.75,1.54,1.95,1.83,0.00404,0.015470000000000001,12.2,13.3,8.7,4.4,64.38,49.13,5.01,13.22,0.0,0.0,1.7185714285714284,0.01263,55.550000000000004,0.014285714285714287,0.1,2021-08-16,2.44
-0.7158,-0.6983,2.29,0.75,1.54,2.09,0.01483,0.01185,17.4,12.6,7.1,5.9,74.67,45.57,14.54,10.61,0.12,0.0,1.7685714285714285,0.012532857142857142,59.395714285714284,0.014285714285714287,0.0,2021-08-17,1.05
-0.7277,-0.6859,2.44,2.29,0.75,1.88,0.01529,0.00404,18.9,12.2,8.9,8.7,73.09,64.38,14.8,5.01,0.81,0.0,1.6500000000000001,0.01129,63.55285714285714,2.4714285714285715,0.0,2021-08-18,0.99
-0.7394,-0.6733,1.05,2.44,2.29,1.53,0.00605,0.01483,16.6,17.4,11.9,7.1,79.53,74.67,6.21,14.54,2.51,0.12,1.5728571428571427,0.010507142857142857,66.33571428571429,3.9,17.2,2021-08-19,2.25
-0.7509,-0.6605,0.99,1.05,2.44,1.95,0.006019999999999999,0.01529,14.1,18.9,10.6,8.9,77.98,73.09,10.78,14.8,0.22,0.81,1.6157142857142859,0.010342857142857141,67.23142857142857,3.9,10.0,2021-08-20,1.54
-0.7621,-0.6474,2.25,0.99,1.05,1.54,0.014320000000000001,0.00605,17.6,16.6,7.0,11.9,55.4,79.53,16.31,6.21,0.0,2.51,1.6157142857142859,0.010008571428571427,71.07857142857144,5.328571428571428,0.0,2021-08-21,2.11
-0.7731,-0.6342,1.54,2.25,0.99,0.75,0.00951,0.006019999999999999,16.9,14.1,7.1,10.6,72.5,77.98,8.56,10.78,0.21,0.22,1.81,0.011538571428571428,70.58142857142857,5.314285714285715,10.0,2021-08-22,0.88
-0.7839,-0.6208,2.11,1.54,2.25,2.29,0.01475,0.014320000000000001,16.0,17.6,6.0,7.0,60.9,55.4,16.1,16.31,0.0,0.0,1.6085714285714285,0.01010142857142857,69.36,5.442857142857143,0.0,2021-08-23,2.2
-0.7945,-0.6073,0.88,2.11,1.54,2.44,0.00477,0.00951,12.5,16.9,6.8,7.1,66.12,72.5,8.53,8.56,0.0,0.21,1.5742857142857143,0.010204285714285713,68.34,5.442857142857143,0.9,2021-08-24,1.94
-0.8048,-0.5935,2.2,0.88,2.11,1.05,0.01601,0.01475,14.9,16.0,6.9,6.0,65.95,60.9,17.14,16.1,0.0,0.0,1.7014285714285715,0.011302857142857142,66.50571428571429,2.9857142857142853,0.0,2021-08-25,2.49
-0.8149,-0.5796,1.94,2.2,0.88,0.99,0.01374,0.00477,14.4,12.5,6.6,6.8,66.69,66.12,15.39,8.53,0.0,0.0,1.9157142857142857,0.01308,61.862857142857145,1.5571428571428572,0.0,2021-08-26,1.84
-0.8248,-0.5655,2.49,1.94,2.2,2.25,0.01846,0.01601,15.9,14.9,3.6,6.9,45.48,65.95,19.14,17.14,0.0,0.0,1.8571428571428572,0.01286,61.83142857142857,1.5571428571428572,0.0,2021-08-27,2.37
-0.8344,-0.5512,1.84,2.49,1.94,1.54,0.01278,0.01374,14.5,14.4,5.8,6.6,55.18,66.69,11.47,15.39,0.0,0.0,1.9757142857142858,0.013848571428571429,57.65428571428571,0.1285714285714286,0.0,2021-08-28,2.12
-0.8437,-0.5368,2.37,1.84,2.49,2.11,0.01643,0.01846,17.5,15.9,8.5,3.6,43.26,45.48,17.76,19.14,0.0,0.0,1.977142857142857,0.01392142857142857,56.91428571428571,0.1285714285714286,0.0,2021-08-29,1.79
-0.8528,-0.5222,2.12,2.37,1.84,0.88,0.01526,0.01278,16.4,14.5,8.2,5.8,55.72,55.18,11.12,11.47,0.01,0.0,2.107142857142857,0.014944285714285714,58.25428571428571,0.04285714285714286,0.0,2021-08-30,2.6
-0.8617,-0.5074,1.79,2.12,2.37,2.2,0.01193,0.01643,15.4,17.5,10.0,8.5,75.5,43.26,8.99,17.76,0.02,0.0,2.164285714285714,0.015221428571428572,59.33714285714286,0.04285714285714286,0.3,2021-08-31,1.71
-0.8703,-0.4925,2.6,1.79,2.12,1.94,0.01795,0.01526,16.6,16.4,9.9,8.2,73.53,55.72,19.4,11.12,0.01,0.01,2.1314285714285712,0.014907142857142857,58.505714285714284,0.15714285714285717,0.0,2021-09-01,1.68
-0.8786,-0.4775,1.71,2.6,1.79,2.49,0.01154,0.01193,15.9,15.4,7.9,10.0,60.87,75.5,13.63,8.99,0.0,0.02,2.0157142857142856,0.013981428571428572,62.07142857142857,0.15714285714285717,0.8,2021-09-02,1.26
-0.8867,-0.4623,1.68,1.71,2.6,1.84,0.011980000000000001,0.01795,14.7,16.6,8.0,9.9,70.44,73.53,12.1,19.4,0.02,0.01,1.932857142857143,0.013327142857142857,64.87428571428572,0.15714285714285717,0.0,2021-09-03,3.02
-0.8945,-0.447,1.26,1.68,1.71,2.37,0.008199999999999999,0.01154,13.3,15.9,8.5,7.9,74.8,60.87,9.52,13.63,0.08,0.0,2.025714285714286,0.013845714285714284,67.28428571428572,0.15714285714285717,0.0,2021-09-04,2.84
-0.9021,-0.4315,3.02,1.26,1.68,2.12,0.020059999999999998,0.011980000000000001,18.0,14.7,6.0,8.0,60.13,70.44,20.46,12.1,0.0,0.02,2.1285714285714286,0.014509999999999999,68.74714285714286,0.15714285714285717,0.0,2021-09-05,2.54
-0.9094,-0.4159,2.84,3.02,1.26,1.79,0.01991,0.008199999999999999,16.6,13.3,6.6,8.5,65.96,74.8,18.6,9.52,0.02,0.08,2.2357142857142858,0.015162857142857143,68.72571428571429,0.1142857142857143,0.0,2021-09-06,2.42
-0.9164,-0.4002,2.54,2.84,3.02,2.6,0.0165,0.020059999999999998,16.6,18.0,9.3,6.0,75.35,60.13,17.85,20.46,0.04,0.0,2.21,0.014945714285714286,68.52428571428571,0.14285714285714285,0.0,2021-09-07,3.17
-0.9232,-0.3844,2.42,2.54,2.84,1.71,0.01643,0.01991,14.6,16.6,8.1,6.6,72.12,65.96,18.11,18.6,0.25,0.02,2.4185714285714286,0.016275714285714286,65.62857142857142,0.028571428571428574,0.2,2021-09-08,3.16
-0.9296,-0.3685,3.17,2.42,2.54,1.68,0.02085,0.0165,18.1,16.6,4.7,9.3,40.6,75.35,21.11,17.85,0.0,0.04,2.63,0.01754285714285714,61.971428571428575,0.028571428571428574,0.0,2021-09-09,2.48
-0.9358,-0.3524,3.16,3.17,2.42,1.26,0.02085,0.01643,18.1,14.6,6.6,8.1,44.84,72.12,20.64,18.11,0.0,0.25,2.8042857142857143,0.018915714285714286,59.36142857142857,0.028571428571428574,0.0,2021-09-10,1.98
-0.9418,-0.3363,2.48,3.16,3.17,3.02,0.01781,0.02085,15.8,18.1,7.6,4.7,56.53,40.6,11.11,21.11,0.02,0.0,2.6557142857142857,0.017387142857142858,62.43714285714286,0.3428571428571429,0.0,2021-09-11,1.54
-0.9474,-0.32,1.98,2.48,3.16,2.84,0.00936,0.02085,16.7,18.1,10.9,6.6,81.66,44.84,6.92,20.64,3.52,0.0,2.4699999999999998,0.015858571428571427,63.89857142857143,2.0142857142857142,2.2,2021-09-12,2.32
-0.9528,-0.3037,1.54,1.98,2.48,2.54,0.009210000000000001,0.01781,14.7,15.8,10.4,7.6,76.19,56.53,15.28,11.11,1.6,0.02,2.4385714285714286,0.015772857142857144,63.17714285714286,2.2142857142857144,11.7,2021-09-13,3.35
-0.9579,-0.2873,2.32,1.54,1.98,2.42,0.0159,0.00936,15.1,16.7,5.8,10.9,70.3,81.66,20.16,6.92,0.24,3.52,2.5714285714285716,0.016624285714285713,58.55714285714286,2.1857142857142855,1.4,2021-09-14,2.95
-0.9627,-0.2707,3.35,2.32,1.54,3.17,0.02239,0.009210000000000001,17.8,14.7,5.5,10.4,39.78,76.19,22.89,15.28,0.0,1.6,2.54,0.016667142857142856,59.105714285714285,2.1857142857142855,0.0,2021-09-15,3.18
-0.9672,-0.2541,2.95,3.35,2.32,3.16,0.02115,0.0159,16.8,15.1,8.1,5.8,44.44,70.3,22.03,20.16,0.0,0.24,2.542857142857143,0.01684,59.354285714285716,2.1857142857142855,0.0,2021-09-16,2.34
-0.9714,-0.2375,3.18,2.95,3.35,2.48,0.02206,0.02239,18.1,17.8,8.6,5.5,46.58,39.78,18.9,22.89,0.01,0.0,2.5228571428571427,0.016627142857142858,59.692857142857136,2.1999999999999997,0.0,2021-09-17,2.54
-0.9753,-0.2207,2.34,3.18,2.95,1.98,0.01632,0.02115,16.4,16.8,9.7,8.1,58.9,44.44,12.29,22.03,0.03,0.0,2.6028571428571428,0.017854285714285715,57.61571428571428,1.9142857142857141,0.1,2021-09-18,2.1
-0.979,-0.2039,2.54,2.34,3.18,1.54,0.01795,0.02206,16.4,18.1,9.8,8.6,67.12,46.58,16.48,18.9,0.0,0.01,2.682857142857143,0.018551428571428573,56.76428571428572,0.24285714285714285,0.2,2021-09-19,3.42
-0.9824,-0.187,2.1,2.54,2.34,2.32,0.01409,0.01632,15.5,16.4,9.1,9.7,70.23,58.9,16.08,12.29,0.0,0.03,2.84,0.019551428571428574,53.94857142857143,0.042857142857142864,0.0,2021-09-20,1.9
-0.9854,-0.1701,3.42,2.1,2.54,3.35,0.0229,0.01795,19.1,16.4,7.6,9.8,50.59,67.12,23.61,16.48,0.0,0.0,2.632857142857143,0.018051428571428572,57.98285714285714,0.15714285714285717,0.0,2021-09-21,2.66
-0.9882,-0.1531,1.9,3.42,2.1,2.95,0.011890000000000001,0.01409,16.2,15.5,9.4,9.1,68.02,70.23,9.67,16.08,0.0,0.0,2.5914285714285716,0.01753,61.152857142857144,0.24285714285714285,0.8,2021-09-22,3.7
-0.9907,-0.1361,2.66,1.9,3.42,3.18,0.0175,0.0229,17.2,19.1,8.5,7.6,66.63,50.59,22.31,23.61,0.0,0.0,2.665714285714286,0.017781428571428573,59.39857142857143,0.24285714285714285,0.6,2021-09-23,3.38
-0.9929,-0.1191,3.7,2.66,1.9,2.34,0.02382,0.011890000000000001,19.8,16.2,5.7,9.4,34.3,68.02,24.21,9.67,0.0,0.0,2.814285714285714,0.01879,57.07285714285714,0.2285714285714286,0.0,2021-09-24,2.95
-0.9948,-0.102,3.38,3.7,2.66,2.54,0.023379999999999998,0.0175,18.7,17.2,11.7,8.5,42.62,66.63,15.75,22.31,0.0,0.0,2.8728571428571428,0.018985714285714283,57.021428571428565,0.31428571428571433,0.0,2021-09-25,3.52
-0.9964,-0.0848,2.95,3.38,3.7,2.1,0.01932,0.02382,18.1,19.8,9.0,5.7,66.76,34.3,20.46,24.21,0.0,0.0,3.075714285714286,0.020382857142857144,54.39857142857142,0.31428571428571433,0.8,2021-09-26,3.88
-0.9977,-0.0677,3.52,2.95,3.38,3.42,0.023870000000000002,0.023379999999999998,18.6,18.7,7.0,11.7,51.87,42.62,24.77,15.75,0.0,0.0,3.141428571428572,0.02055142857142857,52.65,0.31428571428571433,0.0,2021-09-27,4.08
-0.9987,-0.0505,3.88,3.52,2.95,1.9,0.024079999999999997,0.01932,21.5,18.1,7.7,9.0,38.35,66.76,25.04,20.46,0.0,0.0,3.4528571428571433,0.022365714285714287,48.85142857142857,0.19999999999999998,0.0,2021-09-28,2.78
-0.9994,-0.0333,4.08,3.88,3.52,2.66,0.02459,0.023870000000000002,21.6,18.6,10.4,7.0,41.43,51.87,22.34,24.77,0.0,0.0,3.4699999999999998,0.022382857142857142,45.56857142857143,0.1142857142857143,0.0,2021-09-29,3.62
-0.9999,-0.0161,2.78,4.08,3.88,3.7,0.01762,0.024079999999999997,17.6,21.5,9.1,7.7,43.65,38.35,15.7,25.04,0.0,0.0,3.4585714285714286,0.02245428571428571,48.96,0.1142857142857143,0.0,2021-09-30,3.83
-1.0,0.0011,3.62,2.78,4.08,3.38,0.02432,0.02459,18.0,21.6,8.7,10.4,58.04,41.43,24.83,22.34,0.02,0.0,3.5228571428571427,0.022667142857142858,50.17,0.1142857142857143,0.0,2021-10-01,3.38
-0.9998,0.0183,3.83,3.62,2.78,2.95,0.02487,0.01762,18.8,17.6,6.5,9.1,51.09,43.65,25.56,15.7,0.0,0.0,3.584285714285714,0.023254285714285717,48.91285714285714,0.0,0.0,2021-10-02,3.69
-0.9994,0.0355,3.38,3.83,3.62,3.52,0.02343,0.02432,17.5,18.0,6.3,8.7,57.96,58.04,25.15,24.83,0.02,0.02,3.608571428571428,0.023465714285714284,47.77571428571429,0.0,0.0,2021-10-03,3.74
-0.9986,0.0527,3.69,3.38,3.83,3.88,0.02535,0.02487,17.1,18.8,6.1,6.5,43.91,51.09,26.32,25.56,0.0,0.0,3.5885714285714285,0.02369,48.62,0.0,0.0,2021-10-04,3.6
-0.9976,0.0698,3.74,3.69,3.38,4.08,0.02565,0.02343,18.0,17.5,8.4,6.3,44.26,57.96,25.83,25.15,0.0,0.02,3.52,0.023774285714285717,49.79714285714285,0.0,0.0,2021-10-05,4.08
-0.9962,0.087,3.6,3.74,3.69,2.78,0.02518,0.02535,17.4,17.1,7.1,6.1,49.67,43.91,19.19,26.32,0.0,0.0,3.705714285714286,0.024977142857142857,49.57714285714286,0.0,0.0,2021-10-06,3.6
-0.9946,0.1041,4.08,3.6,3.74,3.62,0.02604,0.02565,19.9,18.0,8.2,8.4,42.11,44.26,25.38,25.83,0.0,0.0,3.7028571428571433,0.024985714285714285,50.971428571428575,0.1142857142857143,0.0,2021-10-07,3.14
-0.9926,0.1212,3.6,4.08,3.6,3.83,0.02438,0.02518,17.2,17.4,9.1,7.1,67.8,49.67,17.99,19.19,0.33,0.0,3.6042857142857145,0.02418714285714286,54.04571428571428,0.14285714285714285,0.8,2021-10-08,3.42
-0.9904,0.1383,3.14,3.6,4.08,3.38,0.019280000000000002,0.02604,17.4,19.9,10.3,8.2,72.61,42.11,18.54,25.38,1.15,0.0,3.61,0.024162857142857146,55.582857142857144,0.14285714285714285,0.2,2021-10-09,3.93
-0.9879,0.1553,3.42,3.14,3.6,3.69,0.023260000000000003,0.02438,16.7,17.2,9.8,9.1,68.72,67.8,25.27,17.99,0.22,0.33,3.6442857142857146,0.024215714285714285,57.91142857142857,0.14285714285714285,0.0,2021-10-10,3.64
-0.9851,0.1722,3.93,3.42,3.14,3.74,0.02572,0.019280000000000002,18.6,17.4,8.6,10.3,60.21,72.61,25.55,18.54,0.09,1.15,3.63,0.02414142857142857,59.628571428571426,0.14285714285714285,0.0,2021-10-11,2.84
-0.9819,0.1892,3.64,3.93,3.42,3.6,0.02513,0.023260000000000003,18.3,16.7,9.7,9.8,56.28,68.72,19.94,25.27,0.05,0.22,3.5214285714285714,0.023042857142857143,63.94142857142857,0.17142857142857146,0.0,2021-10-12,3.89
-0.9785,0.206,2.84,3.64,3.93,4.08,0.01749,0.02572,17.2,18.6,11.9,8.6,79.86,60.21,17.25,25.55,0.17,0.09,3.494285714285714,0.022884285714285715,67.32571428571428,0.17142857142857146,0.2,2021-10-13,3.4
-0.9749,0.2228,3.89,2.84,3.64,3.6,0.02493,0.02513,18.3,18.3,9.2,9.7,65.8,56.28,26.83,19.94,0.07,0.05,3.4657142857142857,0.022242857142857144,66.28285714285714,0.08571428571428573,0.0,2021-10-14,4.04
-0.9709,0.2396,3.4,3.89,2.84,3.14,0.01989,0.01749,19.1,17.2,8.9,11.9,60.5,79.86,25.13,17.25,1.54,0.17,3.5942857142857143,0.023282857142857143,62.19285714285714,0.05714285714285715,0.2,2021-10-15,4.1
-0.9666,0.2562,4.04,3.4,3.89,3.42,0.02656,0.02493,19.0,18.3,6.6,9.2,43.98,65.8,28.4,26.83,0.0,0.07,3.6914285714285713,0.023765714285714286,58.457142857142856,0.05714285714285715,0.0,2021-10-16,4.2
-0.9621,0.2728,4.1,4.04,3.4,3.93,0.02664,0.01989,19.1,19.1,7.1,8.9,42.57,60.5,28.07,25.13,0.0,1.54,3.73,0.023915714285714287,55.74,0.05714285714285715,0.0,2021-10-17,4.4
-0.9572,0.2893,4.2,4.1,4.04,3.64,0.02677,0.02656,20.3,19.0,7.7,6.6,41.19,43.98,28.64,28.4,0.0,0.0,3.8385714285714285,0.024245714285714287,53.012857142857136,0.05714285714285715,0.0,2021-10-18,3.58
-0.9521,0.3057,4.4,4.2,4.1,2.84,0.027440000000000003,0.02664,21.2,19.1,10.0,7.1,37.19,42.57,27.68,28.07,0.0,0.0,3.9442857142857144,0.02522285714285714,48.14,0.028571428571428574,0.0,2021-10-19,2.49
-0.9467,0.3221,3.58,4.4,4.2,3.89,0.024329999999999997,0.02677,17.6,20.3,9.9,7.7,45.75,41.19,16.61,28.64,0.0,0.0,3.744285714285714,0.023737142857142856,47.24571428571428,0.15714285714285717,0.0,2021-10-20,4.04
-0.941,0.3383,2.49,3.58,4.4,3.4,0.01453,0.027440000000000003,17.4,21.2,10.9,10.0,59.54,37.19,11.7,27.68,0.0,0.0,3.835714285714286,0.02474,47.06,0.1285714285714286,0.9,2021-10-21,3.66
-0.9351,0.3545,4.04,2.49,3.58,4.04,0.02691,0.024329999999999997,18.8,17.6,8.0,9.9,59.2,45.75,26.84,16.61,0.0,0.0,3.781428571428571,0.024287142857142858,49.871428571428574,0.1285714285714286,0.0,2021-10-22,4.19
-0.9288,0.3705,3.66,4.04,2.49,4.1,0.02339,0.01453,18.9,17.4,10.0,10.9,63.66,59.54,21.83,11.7,0.0,0.0,3.7942857142857145,0.02438857142857143,50.97428571428571,0.1285714285714286,0.0,2021-10-23,4.8
-0.9223,0.3864,4.19,3.66,4.04,4.2,0.027350000000000003,0.02691,19.0,18.8,7.2,8.0,50.29,59.2,28.75,26.84,0.0,0.0,3.88,0.024524285714285714,50.05714285714286,0.1285714285714286,0.0,2021-10-24,4.68
-0.9155,0.4022,4.8,4.19,3.66,4.4,0.027719999999999998,0.02339,22.9,18.9,8.0,10.0,34.77,63.66,29.54,21.83,0.0,0.0,3.9200000000000004,0.024597142857142856,50.145714285714284,0.1285714285714286,0.0,2021-10-25,3.61
-0.9085,0.4179,4.68,4.8,4.19,3.58,0.02795,0.027350000000000003,22.7,19.0,9.0,7.2,37.81,50.29,29.84,28.75,0.0,0.0,3.924285714285714,0.024434285714285714,51.61,0.1285714285714286,0.0,2021-10-26,3.32
-0.9012,0.4335,3.61,4.68,4.8,2.49,0.023190000000000002,0.027719999999999998,19.4,22.9,11.3,8.0,56.0,34.77,16.97,29.54,0.01,0.0,4.042857142857143,0.025391428571428572,51.71,0.0,0.0,2021-10-27,4.65
-0.8936,0.4489,3.32,3.61,4.68,4.04,0.02123,0.02795,19.2,22.7,10.1,9.0,60.24,37.81,19.55,29.84,0.01,0.0,4.13,0.02544142857142857,49.62285714285714,0.0,0.0,2021-10-28,4.2
-0.8857,0.4642,4.65,3.32,3.61,3.66,0.027260000000000003,0.023190000000000002,22.4,19.4,10.4,11.3,44.59,56.0,23.75,16.97,0.0,0.01,4.207142857142857,0.025955714285714287,46.644285714285715,0.0,0.0,2021-10-29,4.37
-0.8776,0.4794,4.2,4.65,3.32,4.19,0.02699,0.02123,19.6,19.2,9.8,10.1,42.81,60.24,19.95,19.55,0.0,0.01,4.232857142857143,0.025939999999999998,45.191428571428574,0.0,0.0,2021-10-30,3.11
-0.8692,0.4944,4.37,4.2,4.65,4.8,0.027239999999999997,0.027260000000000003,20.9,22.4,10.1,10.4,40.12,44.59,25.98,23.75,0.0,0.0,3.9914285714285715,0.024777142857142855,48.021428571428565,0.0,0.0,2021-10-31,2.62
-0.8606,0.5093,3.11,4.37,4.2,4.68,0.019579999999999997,0.02699,17.8,19.6,10.9,9.8,54.58,42.81,14.27,19.95,0.53,0.0,3.697142857142857,0.023035714285714288,51.20285714285715,0.0,0.0,2021-11-01,3.99
-0.8517,0.524,2.62,3.11,4.37,3.61,0.01576,0.027239999999999997,18.5,20.9,10.3,10.1,60.08,40.12,13.99,25.98,0.06,0.0,3.751428571428572,0.02342142857142857,50.934285714285714,0.0,0.0,2021-11-02,3.39
-0.8426,0.5386,3.99,2.62,3.11,3.32,0.02589,0.019579999999999997,19.4,17.8,10.7,10.9,54.12,54.58,18.7,14.27,0.03,0.53,3.7614285714285716,0.023455714285714285,50.97428571428571,0.0,0.0,2021-11-03,4.54
-0.8332,0.553,3.39,3.99,2.62,4.65,0.02147,0.01576,18.6,18.5,10.5,10.3,60.52,60.08,20.78,13.99,0.1,0.06,3.7457142857142856,0.023587142857142855,52.57285714285714,0.0,0.0,2021-11-04,4.48
-0.8235,0.5672,4.54,3.39,3.99,4.2,0.02818,0.02589,20.6,19.4,11.4,10.7,55.78,54.12,28.75,18.7,0.06,0.03,3.7857142857142856,0.023902857142857142,54.26,0.0,0.0,2021-11-05,4.11
-0.8137,0.5813,4.48,4.54,3.39,4.37,0.0292,0.02147,18.7,18.6,9.4,10.5,54.62,60.52,30.8,20.78,0.98,0.1,3.7485714285714287,0.023829999999999997,56.38857142857143,0.0,0.0,2021-11-06,3.94
-0.8035,0.5952,4.11,4.48,4.54,3.11,0.02673,0.02818,18.7,20.6,10.6,11.4,55.02,55.78,28.43,28.75,0.04,0.06,3.867142857142857,0.02479,55.94285714285714,0.0,0.0,2021-11-07,4.63
-0.7932,0.609,3.94,4.11,4.48,2.62,0.0263,0.0292,18.5,18.7,9.0,9.4,51.46,54.62,21.83,30.8,0.06,0.98,4.154285714285715,0.026658571428571427,53.43714285714286,0.0,0.0,2021-11-08,2.79
-0.7826,0.6225,4.63,3.94,4.11,3.99,0.02884,0.02673,21.2,18.7,10.9,10.6,42.54,55.02,22.64,28.43,0.04,0.04,3.982857142857143,0.025434285714285715,53.89714285714286,0.05714285714285715,0.0,2021-11-09,3.95
-0.7718,0.6359,2.79,4.63,3.94,3.39,0.01732,0.0263,17.4,18.5,11.7,9.0,57.34,51.46,21.88,21.83,0.2,0.06,4.062857142857143,0.02604,54.05714285714286,0.05714285714285715,0.4,2021-11-10,3.69
-0.7607,0.6491,3.95,2.79,4.63,4.54,0.02571,0.02884,18.8,21.2,10.7,10.9,61.64,42.54,20.83,22.64,0.3,0.04,3.9414285714285713,0.02545285714285714,54.32857142857143,0.05714285714285715,0.0,2021-11-11,4.24
-0.7494,0.6621,3.69,3.95,2.79,4.48,0.02407,0.01732,18.3,17.4,9.8,11.7,57.68,57.34,22.42,21.88,0.24,0.2,3.9071428571428575,0.025240000000000002,55.35285714285715,0.05714285714285715,0.0,2021-11-12,4.6
-0.7379,0.6749,4.24,3.69,3.95,4.11,0.027710000000000002,0.02571,19.0,18.8,10.2,10.7,61.79,61.64,27.3,20.83,0.28,0.3,3.9771428571428573,0.02556,55.28857142857142,0.05714285714285715,0.0,2021-11-13,4.93
-0.7262,0.6875,4.6,4.24,3.69,3.94,0.02897,0.02407,20.2,18.3,11.5,9.8,54.57,57.68,32.19,22.42,0.26,0.24,4.118571428571428,0.02617857142857143,53.424285714285716,0.05714285714285715,0.0,2021-11-14,4.91
-0.7143,0.6998,4.93,4.6,4.24,4.63,0.030629999999999998,0.027710000000000002,21.7,19.0,7.9,10.2,38.41,61.79,32.88,27.3,0.02,0.28,4.158571428571428,0.026404285714285713,53.89142857142857,0.05714285714285715,0.0,2021-11-15,4.87
-0.7021,0.712,4.91,4.93,4.6,2.79,0.030420000000000003,0.02897,21.2,20.2,8.8,11.5,45.81,54.57,32.23,32.19,0.03,0.26,4.4557142857142855,0.02836857142857143,51.39714285714285,0.0,0.0,2021-11-16,4.8
-0.6898,0.724,4.87,4.91,4.93,3.95,0.03107,0.030629999999999998,19.6,21.7,8.7,7.9,39.88,38.41,32.94,32.88,0.01,0.02,4.577142857142857,0.029054285714285717,49.07714285714286,0.0,0.0,2021-11-17,4.23
-0.6772,0.7358,4.8,4.87,4.91,3.69,0.030510000000000002,0.030420000000000003,19.9,21.2,9.5,8.8,45.4,45.81,27.2,32.23,0.0,0.03,4.654285714285714,0.02960857142857143,46.70285714285715,0.0,0.0,2021-11-18,3.89
-0.6645,0.7473,4.23,4.8,4.87,4.24,0.02795,0.03107,19.6,19.6,10.0,8.7,41.06,39.88,22.39,32.94,0.0,0.01,4.604285714285714,0.029187142857142856,45.69428571428572,0.0,0.0,2021-11-19,4.21
-0.6515,0.7586,3.89,4.23,4.8,4.6,0.02476,0.030510000000000002,19.5,19.9,11.3,9.5,54.73,45.4,20.67,27.2,0.0,0.0,4.548571428571429,0.02894,45.56857142857143,0.0,0.0,2021-11-20,4.12
-0.6384,0.7697,4.21,3.89,4.23,4.93,0.027239999999999997,0.02795,19.5,19.6,10.3,10.0,53.69,41.06,19.24,22.39,0.0,0.0,4.432857142857143,0.028294285714285716,46.81285714285714,0.0,0.0,2021-11-21,4.36
-0.625,0.7806,4.12,4.21,3.89,4.91,0.026109999999999998,0.02476,20.1,19.5,10.5,11.3,47.12,54.73,19.0,20.67,0.11,0.0,4.354285714285714,0.02795142857142857,46.21857142857142,0.0,0.0,2021-11-22,3.54
-0.6115,0.7912,4.36,4.12,4.21,4.87,0.02802,0.027239999999999997,19.9,19.5,11.1,10.3,41.65,53.69,23.47,19.24,0.53,0.0,4.164285714285715,0.026488571428571427,48.12,0.04285714285714286,0.0,2021-11-23,4.22
-0.5978,0.8016,3.54,4.36,4.12,4.8,0.020829999999999998,0.026109999999999998,20.4,20.1,12.6,10.5,53.19,47.12,17.77,19.0,0.7,0.11,4.081428571428572,0.025609999999999997,50.37428571428571,0.2285714285714286,0.3,2021-11-24,4.78
-0.584,0.8118,4.22,3.54,4.36,4.23,0.02436,0.02802,20.6,19.9,13.2,11.1,61.18,41.65,24.21,23.47,1.46,0.53,4.16,0.025932857142857143,50.702857142857134,0.2285714285714286,1.3,2021-11-25,3.31
-0.5699,0.8217,4.78,4.22,3.54,3.89,0.03021,0.020829999999999998,21.1,20.4,10.9,12.6,43.36,53.19,32.3,17.77,0.39,0.7,4.077142857142857,0.02517857142857143,51.69714285714286,0.34285714285714286,0.0,2021-11-26,4.19
-0.5557,0.8314,3.31,4.78,4.22,4.21,0.01948,0.02436,20.4,20.6,12.7,13.2,61.69,61.18,19.88,24.21,1.2,1.46,4.074285714285714,0.024847142857142856,53.199999999999996,0.37142857142857144,0.8,2021-11-27,5.53
-0.5413,0.8408,4.19,3.31,4.78,4.12,0.02492,0.03021,20.7,21.1,12.6,10.9,64.21,43.36,27.89,32.3,0.42,0.39,4.275714285714286,0.025630000000000003,52.25,0.37142857142857144,0.2,2021-11-28,4.75
-0.5268,0.85,5.53,4.19,3.31,4.36,0.03159,0.01948,24.4,20.4,9.4,12.7,40.47,61.69,33.86,19.88,0.0,1.2,4.331428571428572,0.025901428571428572,53.40857142857143,0.37142857142857144,0.0,2021-11-29,4.78
-0.5121,0.859,4.75,5.53,4.19,3.54,0.029920000000000002,0.02492,20.5,20.7,10.7,12.6,49.76,64.21,27.29,27.89,0.0,0.42,4.508571428571429,0.027235714285714287,54.24857142857143,0.3285714285714286,0.0,2021-11-30,4.49
-0.4972,0.8676,4.78,4.75,5.53,4.22,0.030170000000000002,0.03159,19.7,24.4,10.8,9.4,59.07,40.47,28.52,33.86,0.02,0.0,4.547142857142857,0.027685714285714286,53.98142857142857,0.14285714285714285,0.0,2021-12-01,4.89
-0.4822,0.8761,4.49,4.78,4.75,4.78,0.027510000000000003,0.029920000000000002,20.7,20.5,11.1,10.7,59.31,49.76,27.01,27.29,0.06,0.0,4.562857142857143,0.027762857142857145,55.76714285714286,0.14285714285714285,0.0,2021-12-02,4.69
-0.4671,0.8842,4.89,4.49,4.78,3.31,0.03075,0.030170000000000002,20.6,19.7,10.1,10.8,55.86,59.07,25.15,28.52,0.03,0.02,4.76,0.02911571428571429,55.24857142857143,0.028571428571428574,0.0,2021-12-03,5.38
-0.4518,0.8921,4.69,4.89,4.49,4.19,0.02895,0.027510000000000003,21.2,20.7,11.7,11.1,58.06,59.31,26.89,27.01,0.01,0.06,4.93,0.030097142857142857,52.25285714285714,0.0,0.0,2021-12-04,4.62
-0.4364,0.8998,5.38,4.69,4.89,5.53,0.03179,0.03075,23.0,20.6,10.6,10.1,43.24,55.86,30.81,25.15,0.06,0.03,4.8,0.029742857142857144,52.89142857142857,0.0,0.0,2021-12-05,3.69
-0.4208,0.9071,4.62,5.38,4.69,4.75,0.02911,0.02895,20.7,21.2,12.1,11.7,44.94,58.06,23.21,26.89,0.05,0.01,4.648571428571429,0.028621428571428572,54.05285714285714,0.014285714285714287,0.0,2021-12-06,4.18
-0.4052,0.9142,3.69,4.62,5.38,4.78,0.02207,0.03179,20.4,23.0,12.3,10.6,57.89,43.24,20.32,30.81,0.54,0.06,4.562857142857143,0.027684285714285713,54.089999999999996,0.014285714285714287,0.1,2021-12-07,4.73
-0.3894,0.9211,4.18,3.69,4.62,4.49,0.02361,0.02911,21.3,20.7,13.1,12.1,59.33,44.94,27.2,23.21,0.1,0.05,4.597142857142857,0.027858571428571427,52.715714285714284,0.014285714285714287,0.0,2021-12-08,3.72
-0.3735,0.9276,4.73,4.18,3.69,4.89,0.028730000000000002,0.02207,21.5,20.4,10.6,12.3,49.69,57.89,28.65,20.32,0.1,0.54,4.430000000000001,0.026707142857142856,52.72571428571428,0.042857142857142864,0.0,2021-12-09,3.65
-0.3575,0.9339,3.72,4.73,4.18,4.69,0.022690000000000002,0.02361,20.3,21.3,12.4,13.1,55.93,59.33,22.34,27.2,0.32,0.1,4.281428571428571,0.02553857142857143,53.16571428571428,0.05714285714285715,0.2,2021-12-10,4.39
-0.3413,0.9399,3.65,3.72,4.73,5.38,0.02077,0.028730000000000002,20.2,21.5,12.7,10.6,61.14,49.69,15.81,28.65,0.09,0.1,4.14,0.024582857142857146,57.25857142857143,0.05714285714285715,0.1,2021-12-11,4.16
-0.3251,0.9457,4.39,3.65,3.72,4.62,0.0251,0.022690000000000002,22.1,20.3,14.9,12.4,71.89,55.93,20.25,22.34,0.18,0.32,4.074285714285714,0.023762857142857145,60.42857142857143,0.05714285714285715,0.0,2021-12-12,4.86
-0.3088,0.9511,4.16,4.39,3.65,3.69,0.023370000000000002,0.02077,21.5,20.2,14.2,12.7,67.13,61.14,30.64,15.81,0.08,0.09,4.241428571428572,0.024922857142857142,61.18714285714286,0.042857142857142864,0.0,2021-12-13,5.13
-0.2924,0.9563,4.86,4.16,4.39,4.18,0.03019,0.0251,20.4,22.1,12.8,14.9,63.2,71.89,28.21,20.25,0.01,0.18,4.377142857142857,0.026064285714285713,60.91285714285714,0.042857142857142864,0.0,2021-12-14,5.07
-0.2759,0.9612,5.13,4.86,4.16,4.73,0.0316,0.023370000000000002,21.0,21.5,11.6,14.2,57.41,67.13,33.56,30.64,0.0,0.08,4.425714285714286,0.02637714285714286,62.027142857142856,0.042857142857142864,0.0,2021-12-15,4.1
-0.2593,0.9658,5.07,5.13,4.86,3.72,0.030920000000000003,0.03019,21.6,20.4,12.1,12.8,57.49,63.2,27.84,28.21,0.01,0.01,4.4799999999999995,0.02665714285714286,62.93285714285714,0.028571428571428574,0.0,2021-12-16,5.12
-0.2427,0.9701,4.1,5.07,5.13,3.65,0.02465,0.0316,20.4,21.0,12.4,11.6,62.27,57.41,23.41,33.56,0.16,0.0,4.6899999999999995,0.028098571428571428,62.46142857142858,0.014285714285714287,0.1,2021-12-17,5.02
-0.226,0.9741,5.12,4.1,5.07,4.39,0.03086,0.030920000000000003,21.6,21.6,11.2,12.1,57.84,57.49,33.85,27.84,0.33,0.01,4.78,0.02886714285714286,59.464285714285715,0.014285714285714287,0.0,2021-12-18,4.25
-0.2092,0.9779,5.02,5.12,4.1,4.16,0.03048,0.02465,21.8,20.4,11.7,12.4,50.91,62.27,27.84,23.41,0.08,0.16,4.792857142857143,0.029175714285714284,56.56714285714286,0.014285714285714287,0.0,2021-12-19,3.82
-0.1923,0.9813,4.25,5.02,5.12,4.86,0.02553,0.03086,21.7,21.6,13.2,11.2,46.85,57.84,21.66,33.85,0.45,0.33,4.644285714285714,0.028095714285714286,53.51571428571429,0.014285714285714287,0.0,2021-12-20,4.22
-0.1754,0.9845,3.82,4.25,5.02,5.13,0.022629999999999997,0.03048,21.1,21.8,13.2,11.7,41.84,50.91,21.25,27.84,0.55,0.08,4.514285714285714,0.02715,51.38428571428572,0.05714285714285715,0.0,2021-12-21,4.18
-0.1585,0.9874,4.22,3.82,4.25,5.07,0.02498,0.02553,21.9,21.7,12.9,13.2,42.49,46.85,26.24,21.66,0.18,0.45,4.387142857142857,0.02634,51.37285714285714,0.05714285714285715,0.3,2021-12-22,4.91
-0.1414,0.9899,4.18,4.22,3.82,4.1,0.02525,0.022629999999999997,21.5,21.1,13.2,13.2,57.41,41.84,25.82,21.25,0.24,0.55,4.502857142857143,0.02683857142857143,51.142857142857146,0.04285714285714286,0.0,2021-12-23,5.03
-0.1244,0.9922,4.91,4.18,4.22,5.12,0.028140000000000002,0.02498,23.0,21.9,14.5,12.9,60.66,42.49,25.59,26.24,0.02,0.18,4.49,0.026731428571428573,50.50714285714286,0.04285714285714286,0.0,2021-12-24,4.75
-0.1073,0.9942,5.03,4.91,4.18,5.02,0.030109999999999998,0.02525,22.6,21.5,13.7,13.2,53.39,57.41,24.41,25.82,0.0,0.24,4.451428571428571,0.026379999999999997,50.37428571428571,0.04285714285714286,0.0,2021-12-25,4.57
-0.0902,0.9959,4.75,5.03,4.91,4.25,0.02802,0.028140000000000002,22.6,23.0,14.0,14.5,49.98,60.66,24.56,25.59,0.01,0.02,4.497142857142857,0.02658857142857143,50.48428571428571,0.04285714285714286,0.0,2021-12-26,4.17
-0.073,0.9973,4.57,4.75,5.03,3.82,0.02699,0.030109999999999998,22.8,22.6,13.8,13.7,47.62,53.39,23.56,24.41,0.01,0.0,4.547142857142857,0.026882857142857146,51.36857142857143,0.04285714285714286,0.0,2021-12-27,4.37
-0.0559,0.9984,4.17,4.57,4.75,4.22,0.02469,0.02802,21.6,22.6,14.5,14.0,48.03,49.98,21.94,24.56,0.25,0.01,4.5685714285714285,0.026984285714285714,53.67,0.0,0.0,2021-12-28,3.16
-0.0387,0.9993,4.37,4.17,4.57,4.18,0.02569,0.02699,22.0,22.8,14.8,13.8,58.6,47.62,20.21,23.56,0.61,0.01,4.422857142857143,0.025762857142857143,55.028571428571425,0.1142857142857143,0.0,2021-12-29,5.31
-0.0215,0.9998,3.16,4.37,4.17,4.91,0.0167,0.02469,21.0,21.6,15.1,14.5,66.92,48.03,21.51,21.94,0.08,0.25,4.4799999999999995,0.02621,53.75714285714286,0.1142857142857143,0.8,2021-12-30,5.32
-0.0043,1.0,5.31,3.16,4.37,5.03,0.03127,0.02569,23.0,22.0,12.2,14.8,51.76,58.6,33.72,20.21,0.0,0.61,4.521428571428571,0.026417142857142858,52.68,0.1142857142857143,0.0,2021-12-31,5.49
0.0172,0.9999,5.32,5.31,3.16,4.75,0.03156,0.0167,23.0,21.0,12.7,15.1,45.85,66.92,32.47,21.51,0.0,0.08,4.627142857142857,0.027049999999999998,52.74571428571429,0.1142857142857143,0.0,2022-01-01,5.45
0.0344,0.9994,5.49,5.32,5.31,4.57,0.03245,0.03127,22.8,23.0,11.4,12.2,50.44,51.76,33.84,33.72,0.0,0.0,4.752857142857144,0.02773,52.708571428571425,0.1142857142857143,0.0,2022-01-02,5.22
0.0516,0.9987,5.45,5.49,5.32,4.17,0.03175,0.03156,23.2,23.0,11.9,12.7,47.36,45.85,33.87,32.47,0.0,0.0,4.902857142857143,0.02861714285714286,53.597142857142856,0.1142857142857143,0.0,2022-01-03,5.06
0.0688,0.9976,5.22,5.45,5.49,4.37,0.030899999999999997,0.03245,23.8,22.8,12.6,11.4,54.25,50.44,25.77,33.84,0.0,0.0,5.001428571428571,0.029169999999999998,53.01857142857143,0.1142857142857143,0.0,2022-01-04,4.89
0.0859,0.9963,5.06,5.22,5.45,3.16,0.02956,0.03175,23.9,23.2,13.6,11.9,54.55,47.36,30.71,33.87,0.01,0.0,5.248571428571429,0.030905714285714286,52.43714285714286,0.0,0.0,2022-01-05,4.02
0.103,0.9947,4.89,5.06,5.22,5.31,0.02885,0.030899999999999997,22.3,23.8,14.0,12.6,62.85,54.25,25.09,25.77,0.01,0.0,5.064285714285715,0.02975142857142857,53.85142857142857,0.0,0.0,2022-01-06,5.13
0.1201,0.9928,4.02,4.89,5.06,5.32,0.023190000000000002,0.02956,21.6,23.9,13.7,13.6,61.66,54.55,26.19,30.71,0.01,0.01,5.0371428571428565,0.02961,55.33,0.0,0.0,2022-01-07,3.86
0.1372,0.9905,5.13,4.02,4.89,5.49,0.03057,0.02885,22.6,22.3,12.1,14.0,56.2,62.85,24.16,25.09,0.01,0.01,4.804285714285713,0.02811,57.22571428571428,0.1142857142857143,0.0,2022-01-08,4.1
0.1542,0.988,3.86,5.13,4.02,5.45,0.02195,0.023190000000000002,22.3,21.6,14.4,13.7,63.71,61.66,18.55,26.19,0.01,0.01,4.611428571428571,0.026688571428571426,59.80142857142857,0.1285714285714286,0.8,2022-01-09,5.27
0.1712,0.9852,4.1,3.86,5.13,5.22,0.0218,0.03057,23.4,22.6,16.2,12.1,65.39,56.2,20.51,24.16,0.28,0.01,4.618571428571428,0.026527142857142857,61.56714285714286,0.1285714285714286,0.1,2022-01-10,4.23
0.1881,0.9821,5.27,4.1,3.86,5.06,0.029769999999999998,0.02195,23.9,22.3,15.2,14.4,66.61,63.71,29.93,18.55,2.17,0.01,4.5,0.025782857142857142,63.41571428571428,0.1285714285714286,0.0,2022-01-11,3.99
0.205,0.9788,4.23,5.27,4.1,4.89,0.02435,0.0218,22.7,23.4,14.8,16.2,67.49,65.39,27.54,20.51,2.21,0.28,4.371428571428571,0.024817142857142854,64.47571428571429,0.1285714285714286,0.0,2022-01-12,3.92
0.2218,0.9751,3.99,4.23,5.27,4.02,0.02209,0.029769999999999998,22.7,23.9,15.4,15.2,70.27,66.61,20.65,29.93,0.7,2.17,4.357142857142857,0.024584285714285715,65.55,0.1285714285714286,0.0,2022-01-13,5.23
0.2385,0.9711,3.92,3.99,4.23,5.13,0.02156,0.02435,22.7,22.7,15.7,14.8,69.18,67.49,22.04,27.54,0.0,2.21,4.371428571428572,0.024491428571428574,66.56857142857143,0.1285714285714286,0.0,2022-01-14,4.01
0.2552,0.9669,5.23,3.92,3.99,3.86,0.029920000000000002,0.02209,24.0,22.7,13.5,15.4,63.33,70.27,32.0,20.65,0.07,0.7,4.392857142857143,0.024417142857142856,67.18714285714286,0.042857142857142864,0.0,2022-01-15,3.29
0.2718,0.9624,4.01,5.23,3.92,4.1,0.02143,0.02156,24.5,22.7,16.7,15.7,68.04,69.18,23.03,22.04,0.19,0.0,4.277142857142858,0.023777142857142858,67.74857142857142,0.028571428571428574,0.2,2022-01-16,4.07
0.2883,0.9575,3.29,4.01,5.23,5.27,0.01732,0.029920000000000002,21.7,24.0,15.7,13.5,69.32,63.33,15.31,32.0,0.0,0.07,4.105714285714286,0.022527142857142857,66.61857142857143,0.028571428571428574,0.0,2022-01-17,5.41
0.3047,0.9524,4.07,3.29,4.01,4.23,0.02102,0.02143,22.1,24.5,14.8,16.7,58.7,68.04,31.1,23.03,0.0,0.19,4.274285714285715,0.023477142857142856,64.38571428571429,0.028571428571428574,0.0,2022-01-18,5.22
0.3211,0.9471,5.41,4.07,3.29,3.99,0.031,0.01732,22.3,21.7,11.2,15.7,51.86,69.32,32.67,15.31,0.0,0.0,4.45,0.024769999999999997,62.13142857142857,0.028571428571428574,0.0,2022-01-19,5.39
0.3373,0.9414,5.22,5.41,4.07,3.92,0.03114,0.02102,21.5,22.1,13.1,14.8,54.49,58.7,31.51,31.1,0.0,0.0,4.659999999999999,0.02617142857142857,60.09285714285714,0.028571428571428574,0.0,2022-01-20,5.37
0.3534,0.9355,5.39,5.22,5.41,5.23,0.03137,0.031,22.0,22.3,12.3,11.2,54.91,51.86,32.45,32.67,0.0,0.0,4.68,0.026377142857142856,58.36857142857143,0.028571428571428574,0.0,2022-01-21,5.27
0.3695,0.9292,5.37,5.39,5.22,4.01,0.03136,0.03114,22.8,21.5,12.1,13.1,51.26,54.49,32.91,31.51,0.0,0.0,4.859999999999999,0.02767,56.465714285714284,0.0,0.0,2022-01-22,5.17
0.3854,0.9227,5.27,5.37,5.39,3.29,0.03048,0.03137,23.4,22.0,11.2,12.3,54.72,54.91,32.6,32.45,0.0,0.0,5.128571428571428,0.029482857142857144,53.308571428571426,0.0,0.0,2022-01-23,5.26
0.4012,0.916,5.17,5.27,5.37,4.07,0.030010000000000002,0.03136,22.9,22.8,13.0,12.1,47.22,51.26,32.42,32.91,0.0,0.0,5.298571428571428,0.030882857142857146,51.77285714285714,0.0,0.0,2022-01-24,4.55
0.4169,0.9089,5.26,5.17,5.27,5.41,0.03082,0.03048,23.8,23.4,12.0,11.2,47.95,54.72,31.71,32.6,0.02,0.0,5.175714285714285,0.030288571428571432,52.542857142857144,0.0,0.0,2022-01-25,4.02
0.4325,0.9016,4.55,5.26,5.17,5.22,0.02684,0.030010000000000002,21.9,22.9,13.2,13.0,57.25,47.22,28.33,32.42,0.34,0.0,5.0042857142857144,0.029210000000000003,52.9,0.0,0.0,2022-01-26,3.9
0.4479,0.8941,4.02,4.55,5.26,5.39,0.02359,0.03082,21.3,23.8,13.7,12.0,56.99,47.95,24.66,31.71,0.37,0.02,4.791428571428571,0.02791714285714286,54.402857142857144,0.0,0.0,2022-01-27,3.85
0.4633,0.8862,3.9,4.02,4.55,5.37,0.02232,0.02684,22.0,21.9,12.5,13.2,65.43,57.25,19.77,28.33,1.99,0.34,4.574285714285714,0.02654,56.49714285714286,0.0,0.0,2022-01-28,4.23
0.4784,0.8781,3.85,3.9,4.02,5.27,0.02172,0.02359,22.1,21.3,15.1,13.7,65.92,56.99,20.56,24.66,0.12,0.37,4.425714285714286,0.025607142857142856,58.40714285714286,0.0,0.0,2022-01-29,4.51
0.4935,0.8698,4.23,3.85,3.9,5.17,0.02395,0.02232,21.8,22.0,13.9,12.5,68.09,65.43,25.21,19.77,0.31,1.99,4.331428571428572,0.025095714285714284,61.09142857142858,0.0,0.0,2022-01-30,4.62
0.5084,0.8611,4.51,4.23,3.85,5.26,0.02643,0.02172,22.4,22.1,14.6,15.1,66.01,65.92,22.78,20.56,0.02,0.12,4.24,0.024552857142857144,62.712857142857146,0.0,0.0,2022-01-31,4.24
0.5231,0.8523,4.62,4.51,4.23,4.55,0.02702,0.02395,22.9,21.8,13.8,13.9,59.3,68.09,26.88,25.21,0.01,0.31,4.195714285714286,0.024207142857142854,62.715714285714284,0.0,0.0,2022-02-01,5.03
0.5377,0.8432,4.24,4.62,4.51,4.02,0.02442,0.02643,22.2,22.4,14.9,14.6,57.27,66.01,21.98,22.78,0.22,0.02,4.340000000000001,0.024995714285714284,63.104285714285716,0.0,0.0,2022-02-02,4.76
0.5521,0.8338,5.03,4.24,4.62,3.9,0.02911,0.02702,22.9,22.9,13.6,13.8,59.71,59.3,29.75,26.88,0.16,0.01,4.4628571428571435,0.025711428571428573,62.43571428571429,0.0,0.0,2022-02-03,4.49
0.5664,0.8242,4.76,5.03,4.24,3.85,0.027329999999999997,0.02442,23.1,22.2,13.5,14.9,60.75,57.27,26.93,21.98,0.15,0.22,4.554285714285714,0.026264285714285712,61.81857142857143,0.0,0.0,2022-02-04,4.83
0.5805,0.8143,4.49,4.76,5.03,4.23,0.025589999999999998,0.02911,23.3,22.9,14.8,13.6,61.6,59.71,27.04,29.75,0.01,0.16,4.640000000000001,0.02680285714285714,59.13857142857143,0.0,0.0,2022-02-05,4.59
0.5944,0.8042,4.83,4.49,4.76,4.51,0.027719999999999998,0.027329999999999997,24.3,23.1,13.9,13.5,49.33,60.75,25.31,26.93,0.01,0.15,4.651428571428572,0.026917142857142858,56.86,0.0,0.0,2022-02-06,4.02
0.6081,0.7938,4.59,4.83,4.49,4.62,0.02723,0.025589999999999998,22.5,23.3,14.1,14.8,50.06,61.6,20.77,27.04,0.04,0.01,4.565714285714286,0.026382857142857145,55.88428571428572,0.0,0.0,2022-02-07,4.18
0.6217,0.7833,4.02,4.59,4.83,4.24,0.023280000000000002,0.027719999999999998,22.4,24.3,14.3,13.9,52.47,49.33,18.46,25.31,0.03,0.01,4.557142857142857,0.02639714285714286,54.778571428571425,0.0,0.0,2022-02-08,4.04
0.6351,0.7725,4.18,4.02,4.59,5.03,0.02452,0.02723,22.6,22.5,13.0,14.1,49.53,50.06,19.69,20.77,0.01,0.04,4.4157142857142855,0.025567142857142854,54.910000000000004,0.0,0.0,2022-02-09,2.84
0.6483,0.7614,4.04,4.18,4.02,4.76,0.0233,0.023280000000000002,22.3,22.4,14.1,14.3,60.63,52.47,18.86,18.46,0.02,0.03,4.1414285714285715,0.023877142857142857,55.90571428571429,0.04285714285714286,0.0,2022-02-10,4.71
0.6613,0.7502,2.84,4.04,4.18,4.49,0.0155,0.02452,21.5,22.6,15.8,13.0,67.72,49.53,16.27,19.69,0.72,0.01,4.172857142857143,0.024157142857142856,55.62285714285714,0.04285714285714286,0.3,2022-02-11,4.87
0.6741,0.7387,4.71,2.84,4.04,4.83,0.02755,0.0233,23.0,22.3,13.3,14.1,59.62,60.63,24.76,18.86,0.53,0.02,4.178571428571429,0.024137142857142857,55.67857142857143,0.04285714285714286,0.0,2022-02-12,4.68
0.6867,0.727,4.87,4.71,2.84,4.59,0.027579999999999997,0.0155,23.4,21.5,13.1,15.8,49.72,67.72,27.09,16.27,0.25,0.72,4.191428571428571,0.023988571428571432,57.174285714285716,0.04285714285714286,0.0,2022-02-13,3.73
0.6991,0.715,4.68,4.87,4.71,4.02,0.02619,0.02755,23.8,23.0,14.5,13.3,60.53,59.62,21.41,24.76,0.0,0.53,4.15,0.02366714285714286,58.52285714285714,0.04285714285714286,0.0,2022-02-14,3.21
0.7113,0.7029,3.73,4.68,4.87,4.18,0.02103,0.027579999999999997,22.6,23.4,14.7,13.1,61.91,49.72,25.83,27.09,0.0,0.25,4.011428571428572,0.02267571428571429,59.794285714285714,0.04285714285714286,0.0,2022-02-15,3.61
0.7233,0.6906,3.21,3.73,4.68,4.04,0.01758,0.02619,21.8,23.8,14.0,14.5,58.43,60.53,22.86,21.41,0.0,0.0,3.9499999999999997,0.022287142857142856,57.57857142857143,0.04285714285714286,0.0,2022-02-16,4.29
0.735,0.678,3.61,3.21,3.73,2.84,0.020579999999999998,0.02103,22.6,22.6,13.0,14.7,45.12,61.91,21.84,25.83,0.0,0.0,4.1571428571428575,0.02359285714285714,54.22428571428571,0.0,0.0,2022-02-17,3.99
0.7466,0.6653,4.29,3.61,3.21,4.71,0.024640000000000002,0.01758,24.0,21.8,13.4,14.0,44.24,58.43,22.5,22.86,0.0,0.0,4.054285714285714,0.022985714285714283,52.79,0.0,0.0,2022-02-18,4.65
0.7579,0.6523,3.99,4.29,3.61,4.87,0.0233,0.020579999999999998,22.1,22.6,14.1,13.0,49.58,45.12,22.61,21.84,0.0,0.0,4.022857142857143,0.022945714285714288,52.48285714285714,0.0,0.0,2022-02-19,4.26
0.769,0.6392,4.65,3.99,4.29,4.68,0.0273,0.024640000000000002,23.1,24.0,11.9,13.4,47.57,44.24,28.48,22.5,0.0,0.0,3.962857142857143,0.02286,52.02428571428572,0.0,0.0,2022-02-20,4.45
0.7799,0.6259,4.26,4.65,3.99,3.73,0.025589999999999998,0.0233,22.3,22.1,13.6,14.1,57.32,49.58,26.36,22.61,0.01,0.0,4.065714285714286,0.023601428571428572,53.0,0.0,0.0,2022-02-21,4.57
0.7906,0.6124,4.45,4.26,4.65,3.21,0.02622,0.0273,21.5,23.1,12.1,11.9,68.74,47.57,28.08,28.48,0.47,0.0,4.26,0.024741428571428574,54.44571428571429,0.0,0.0,2022-02-22,4.25
0.801,0.5987,4.57,4.45,4.26,3.61,0.02556,0.025589999999999998,23.0,22.3,13.1,13.6,68.55,57.32,26.58,26.36,0.52,0.01,4.351428571428571,0.025234285714285716,58.59428571428571,0.19999999999999998,0.0,2022-02-23,4.97
0.8112,0.5848,4.25,4.57,4.45,4.29,0.024030000000000003,0.02622,23.2,21.5,14.5,12.1,74.16,68.74,25.51,28.08,1.05,0.47,4.448571428571428,0.02552714285714286,59.614285714285714,0.19999999999999998,1.4,2022-02-24,4.65
0.8211,0.5708,4.97,4.25,4.57,3.99,0.026690000000000002,0.02556,25.2,23.0,13.0,13.1,51.38,68.55,28.48,26.58,0.0,0.52,4.542857142857143,0.025902857142857144,60.104285714285716,0.19999999999999998,0.0,2022-02-25,4.85
0.8308,0.5566,4.65,4.97,4.25,4.65,0.025929999999999998,0.024030000000000003,24.9,23.2,14.7,14.5,53.01,74.16,27.4,25.51,0.0,1.05,4.571428571428571,0.02575714285714286,60.44571428571429,0.19999999999999998,0.0,2022-02-26,4.57
0.8402,0.5422,4.85,4.65,4.97,4.26,0.02628,0.026690000000000002,25.2,25.2,13.6,13.0,49.96,51.38,28.07,28.48,0.0,0.0,4.615714285714286,0.025747142857142857,60.56285714285714,0.19999999999999998,0.0,2022-02-27,4.6
0.8495,0.5277,4.57,4.85,4.65,4.45,0.02552,0.025929999999999998,24.0,24.9,13.9,14.7,58.14,53.01,28.1,27.4,0.0,0.0,4.637142857142857,0.025755714285714288,56.74571428571429,0.19999999999999998,0.0,2022-02-28,4.6
0.8584,0.513,4.6,4.57,4.85,4.57,0.02628,0.02628,23.7,25.2,11.5,13.6,42.02,49.96,28.61,28.07,0.0,0.0,4.6414285714285715,0.025851428571428574,52.68285714285714,0.19999999999999998,0.0,2022-03-01,4.47
0.8671,0.4981,4.6,4.6,4.57,4.25,0.02623,0.02552,23.4,24.0,11.7,13.9,40.11,58.14,27.23,28.1,0.02,0.0,4.672857142857143,0.02606285714285714,48.89,0.0,0.0,2022-03-02,4.47
0.8755,0.4831,4.47,4.6,4.6,4.97,0.02551,0.02628,23.7,23.7,11.9,11.5,47.61,42.02,24.94,28.61,0.0,0.0,4.601428571428571,0.025848571428571426,50.40428571428571,0.0,0.0,2022-03-03,3.61
0.8837,0.468,4.47,4.47,4.6,4.65,0.02519,0.02623,24.2,23.4,14.0,11.7,61.98,40.11,21.89,27.23,0.0,0.02,4.452857142857143,0.02522285714285714,51.55857142857143,0.0,0.0,2022-03-04,4.14
0.8916,0.4527,3.61,4.47,4.47,4.85,0.02155,0.02551,22.2,23.7,13.9,11.9,61.09,47.61,17.4,24.94,0.0,0.0,4.351428571428571,0.024772857142857145,52.78857142857142,0.0,0.0,2022-03-05,4.2
0.8993,0.4373,4.14,3.61,4.47,4.57,0.023129999999999998,0.02519,23.8,24.2,12.7,14.0,58.57,61.98,24.56,21.89,0.0,0.0,4.298571428571429,0.024659999999999998,52.537142857142854,0.0,0.0,2022-03-06,4.56
0.9067,0.4218,4.2,4.14,3.61,4.6,0.024730000000000002,0.02155,21.1,22.2,11.7,13.9,56.38,61.09,26.26,17.4,0.0,0.0,4.292857142857143,0.024534285714285713,52.00285714285714,0.0,0.0,2022-03-07,4.01
0.9138,0.4061,4.56,4.2,4.14,4.6,0.0254,0.023129999999999998,25.2,23.8,10.8,12.7,38.28,58.57,27.15,24.56,0.0,0.0,4.208571428571428,0.024225714285714288,53.91142857142857,0.0,0.0,2022-03-08,4.22
0.9207,0.3904,4.01,4.56,4.2,4.47,0.02407,0.024730000000000002,21.2,21.1,11.4,11.7,53.47,56.38,26.41,26.26,0.0,0.0,4.172857142857143,0.02411,53.48428571428571,0.0,0.0,2022-03-09,4.2
0.9272,0.3745,4.22,4.01,4.56,4.47,0.0247,0.0254,22.6,25.2,11.2,10.8,44.62,38.28,24.99,27.15,0.0,0.0,4.134285714285714,0.024008571428571428,50.16571428571429,0.0,0.0,2022-03-10,3.98
0.9335,0.3585,4.2,4.22,4.01,3.61,0.024480000000000002,0.02407,23.1,21.2,11.4,11.4,38.75,53.47,25.86,26.41,0.0,0.0,4.187142857142857,0.024372857142857144,48.458571428571425,0.0,0.0,2022-03-11,3.74
0.9396,0.3424,3.98,4.2,4.22,4.14,0.0241,0.0247,22.1,22.6,11.0,11.2,49.14,44.62,18.25,24.99,0.01,0.0,4.13,0.024161428571428573,47.958571428571425,0.0,0.0,2022-03-12,3.13
0.9453,0.3261,3.74,3.98,4.2,4.2,0.02165,0.024480000000000002,22.6,23.1,12.6,11.4,55.07,38.75,18.43,25.86,0.01,0.0,3.9771428571428573,0.02342285714285714,47.31142857142857,0.0,0.0,2022-03-13,2.83
0.9508,0.3098,3.13,3.74,3.98,4.56,0.019559999999999998,0.0241,20.5,22.1,12.1,11.0,51.85,49.14,14.82,18.25,0.1,0.01,3.73,0.022242857142857144,48.61142857142857,0.0,0.0,2022-03-14,3.09
0.956,0.2934,2.83,3.13,3.74,4.01,0.01714,0.02165,20.9,22.6,11.5,12.6,47.38,55.07,13.03,18.43,0.0,0.01,3.5985714285714288,0.021448571428571428,48.31857142857143,0.0,0.0,2022-03-15,3.48
0.9609,0.2769,3.09,2.83,3.13,4.22,0.018510000000000002,0.019559999999999998,21.2,20.5,13.9,12.1,51.42,51.85,12.99,14.82,0.0,0.1,3.492857142857143,0.020805714285714285,50.105714285714285,0.0,0.0,2022-03-16,3.2
0.9655,0.2604,3.48,3.09,2.83,4.2,0.0202,0.01714,22.6,20.9,13.8,11.5,57.13,47.38,13.93,13.03,0.01,0.0,3.35,0.02005142857142857,53.449999999999996,0.0,0.0,2022-03-17,4.2
0.9698,0.2437,3.2,3.48,3.09,3.98,0.0192,0.018510000000000002,21.6,21.2,12.5,13.9,62.16,51.42,13.91,12.99,0.0,0.0,3.3814285714285717,0.019917142857142855,53.31428571428571,0.0,0.0,2022-03-18,2.97
0.9739,0.227,4.2,3.2,3.48,3.74,0.02316,0.0202,24.6,22.6,11.5,13.8,48.19,57.13,24.33,13.93,0.0,0.01,3.2714285714285714,0.019017142857142854,50.96857142857142,0.0,0.0,2022-03-19,3.61
0.9777,0.2102,2.97,4.2,3.2,3.13,0.015349999999999999,0.0192,24.3,21.6,12.3,12.5,38.65,62.16,17.94,13.91,0.0,0.0,3.34,0.019355714285714285,51.065714285714286,0.0,0.0,2022-03-20,3.85
0.9811,0.1934,3.61,2.97,4.2,2.83,0.021929999999999998,0.02316,20.6,24.6,12.1,11.5,52.53,48.19,20.71,24.33,0.0,0.0,3.4857142857142853,0.02013142857142857,51.33857142857143,0.0,0.0,2022-03-21,3.71
0.9843,0.1765,3.85,3.61,2.97,3.09,0.02257,0.015349999999999999,22.6,24.3,9.8,12.3,49.29,38.65,23.49,17.94,0.0,0.0,3.5742857142857143,0.02066,51.864285714285714,0.0,0.0,2022-03-22,3.59
0.9872,0.1595,3.71,3.85,3.61,3.48,0.02221,0.021929999999999998,22.5,20.6,11.2,12.1,55.1,52.53,21.95,20.71,0.0,0.0,3.59,0.020842857142857142,52.128571428571426,0.0,0.0,2022-03-23,3.93
0.9898,0.1425,3.59,3.71,3.85,3.2,0.02148,0.02257,21.4,22.6,10.5,9.8,58.98,49.29,22.53,23.49,0.0,0.0,3.6942857142857144,0.021291428571428572,47.33571428571429,0.0,0.0,2022-03-24,3.57
0.9921,0.1255,3.93,3.59,3.71,4.2,0.02234,0.02221,23.7,22.5,10.2,11.2,28.61,55.1,24.09,21.95,0.0,0.0,3.6042857142857145,0.021105714285714283,45.66142857142857,0.0,0.0,2022-03-25,2.72
0.9941,0.1084,3.57,3.93,3.59,2.97,0.02186,0.02148,21.4,21.4,13.1,10.5,36.47,58.98,22.59,22.53,0.0,0.0,3.5685714285714285,0.021175714285714287,47.37285714285714,0.1285714285714286,0.0,2022-03-26,3.27
0.9958,0.0913,2.72,3.57,3.93,3.61,0.01584,0.02234,20.5,23.7,12.1,10.2,50.63,28.61,11.67,24.09,0.0,0.0,3.52,0.020968571428571427,45.457142857142856,0.1285714285714286,0.9,2022-03-27,3.32
0.9972,0.0741,3.27,2.72,3.57,3.85,0.02048,0.02186,20.7,21.4,9.7,13.1,39.12,36.47,21.87,22.59,0.0,0.0,3.4442857142857144,0.02074,44.728571428571435,0.1285714285714286,0.0,2022-03-28,3.62
0.9984,0.057,3.32,3.27,2.72,3.71,0.02097,0.01584,20.2,20.5,10.1,12.1,44.19,50.63,19.06,11.67,0.0,0.0,3.4314285714285715,0.020594285714285714,42.08142857142857,0.1285714285714286,0.0,2022-03-29,3.84
0.9992,0.0398,3.62,3.32,3.27,3.59,0.02119,0.02048,22.4,20.7,8.7,9.7,36.57,39.12,22.53,21.87,0.0,0.0,3.467142857142857,0.020617142857142858,36.855714285714285,0.1285714285714286,0.0,2022-03-30,3.55
0.9997,0.0226,3.84,3.62,3.32,3.93,0.02164,0.02097,22.7,20.2,12.0,10.1,22.4,44.19,22.48,19.06,0.0,0.0,3.412857142857143,0.02048142857142857,36.607142857142854,0.1285714285714286,0.0,2022-03-31,3.08
1.0,0.0054,3.55,3.84,3.62,3.57,0.02139,0.02119,21.6,22.4,10.3,8.7,26.87,36.57,22.05,22.53,0.0,0.0,3.3428571428571425,0.020249999999999997,36.62285714285714,0.1285714285714286,0.0,2022-04-01,2.82
0.9999,-0.0118,3.08,3.55,3.84,2.72,0.020239999999999998,0.02164,19.2,22.7,9.0,12.0,36.58,22.4,17.1,22.48,0.0,0.0,3.357142857142857,0.02067142857142857,36.03428571428571,0.0,0.0,2022-04-02,2.98
0.9996,-0.029,2.82,3.08,3.55,3.27,0.018789999999999998,0.02139,18.4,21.6,10.1,10.3,46.51,26.87,13.87,22.05,0.0,0.0,3.315714285714286,0.02043,37.53857142857142,0.0,0.0,2022-04-03,3.26
0.9989,-0.0462,2.98,2.82,3.08,3.32,0.018789999999999998,0.020239999999999998,20.1,19.2,9.5,9.0,49.65,36.58,19.39,17.1,0.0,0.0,3.307142857142857,0.020288571428571427,36.58571428571429,0.0,0.0,2022-04-04,3.29
0.998,-0.0634,3.26,2.98,2.82,3.62,0.01998,0.018789999999999998,20.7,18.4,9.9,10.1,37.52,46.51,21.14,13.87,0.0,0.0,3.2600000000000002,0.020098571428571427,36.52428571428571,0.0,0.0,2022-04-05,2.59
0.9968,-0.0805,3.29,3.26,2.98,3.84,0.01986,0.018789999999999998,20.9,20.1,9.5,9.5,36.14,49.65,18.0,19.39,0.0,0.0,3.0814285714285714,0.019397142857142856,38.90714285714286,0.0,0.0,2022-04-06,2.72
0.9952,-0.0977,2.59,3.29,3.26,3.55,0.016730000000000002,0.01998,19.1,20.7,8.8,9.9,39.08,37.52,13.15,21.14,0.01,0.0,2.9628571428571426,0.018888571428571428,40.99714285714286,0.0,0.0,2022-04-07,2.57
0.9934,-0.1148,2.72,2.59,3.29,3.08,0.01783,0.01986,19.9,20.9,9.6,9.5,41.5,36.14,14.85,18.0,0.01,0.0,2.89,0.018464285714285714,43.08571428571429,0.0,0.0,2022-04-08,2.42
0.9913,-0.1319,2.57,2.72,2.59,2.82,0.01727,0.016730000000000002,18.9,19.1,10.1,8.8,51.2,39.08,12.11,13.15,0.01,0.01,2.8328571428571427,0.01798571428571429,45.21857142857142,0.0,0.0,2022-04-09,2.8
0.9889,-0.1489,2.42,2.57,2.72,2.98,0.015439999999999999,0.01783,18.9,19.9,10.6,9.6,61.44,41.5,18.84,14.85,0.01,0.01,2.807142857142857,0.017865714285714287,46.80571428571428,0.0,0.0,2022-04-10,2.83
0.9861,-0.1659,2.8,2.42,2.57,3.26,0.01795,0.01727,19.4,18.9,9.7,10.1,60.76,51.2,18.55,12.11,0.01,0.01,2.7457142857142856,0.017645714285714285,48.9,0.0,0.0,2022-04-11,2.92
0.9831,-0.1828,2.83,2.8,2.42,3.29,0.01844,0.015439999999999999,18.5,18.9,8.2,10.6,52.18,61.44,19.63,18.84,0.0,0.01,2.692857142857143,0.017422857142857143,49.68571428571429,0.0,0.0,2022-04-12,3.11
0.9799,-0.1997,2.92,2.83,2.8,2.59,0.0183,0.01795,19.0,19.4,8.0,9.7,41.64,60.76,18.47,18.55,0.0,0.01,2.7671428571428573,0.017667142857142857,49.32,0.0,0.0,2022-04-13,2.47
0.9763,-0.2165,3.11,2.92,2.83,2.72,0.01844,0.01844,22.1,18.5,11.7,8.2,36.52,52.18,18.7,19.63,0.0,0.0,2.7314285714285718,0.017402857142857144,51.52285714285715,0.0,0.0,2022-04-14,1.96
0.9724,-0.2333,2.47,3.11,2.92,2.57,0.01598,0.0183,17.8,19.0,9.5,8.0,56.92,41.64,12.08,18.47,0.0,0.0,2.644285714285714,0.01661857142857143,54.29,0.028571428571428574,0.0,2022-04-15,2.0
0.9683,-0.25,1.96,2.47,3.11,2.42,0.011779999999999999,0.01844,18.5,22.1,10.1,11.7,70.57,36.52,11.44,18.7,0.0,0.0,2.584285714285714,0.016364285714285713,53.394285714285715,0.028571428571428574,0.2,2022-04-16,1.58
0.9638,-0.2666,2.0,1.96,2.47,2.8,0.01366,0.01598,17.5,17.8,8.2,9.5,55.17,56.92,14.07,12.08,0.0,0.0,2.41,0.01530857142857143,51.91428571428571,0.028571428571428574,0.0,2022-04-17,2.18
0.9591,-0.2831,1.58,2.0,1.96,2.83,0.01056,0.011779999999999999,15.9,18.5,8.6,10.1,50.4,70.57,9.57,11.44,0.0,0.0,2.317142857142857,0.014801428571428573,51.5,0.028571428571428574,0.0,2022-04-18,2.16
0.9541,-0.2996,2.18,1.58,2.0,2.92,0.01489,0.01366,17.1,17.5,8.3,8.2,49.28,55.17,9.13,14.07,0.0,0.0,2.2085714285714286,0.014175714285714286,53.385714285714286,0.028571428571428574,0.0,2022-04-19,2.54
0.9488,-0.316,2.16,2.18,1.58,3.11,0.01392,0.01056,18.0,15.9,10.3,8.6,54.84,50.4,10.89,9.57,0.0,0.0,2.1271428571428572,0.013905714285714287,55.83857142857143,0.028571428571428574,0.0,2022-04-20,1.97
0.9432,-0.3322,2.54,2.16,2.18,2.47,0.016550000000000002,0.01489,19.3,17.1,8.6,8.3,53.69,49.28,15.66,9.13,0.0,0.0,2.0557142857142856,0.013414285714285714,54.214285714285715,0.028571428571428574,0.0,2022-04-21,2.4
0.9373,-0.3484,1.97,2.54,2.16,1.96,0.012539999999999999,0.01392,17.8,18.0,9.9,10.3,45.55,54.84,14.02,10.89,0.0,0.0,2.1185714285714288,0.013689999999999999,51.065714285714286,0.07142857142857142,0.0,2022-04-22,2.2
0.9312,-0.3645,2.4,1.97,2.54,2.0,0.013710000000000002,0.016550000000000002,21.3,19.3,10.0,8.6,48.53,53.69,15.17,15.66,0.11,0.0,2.1471428571428572,0.01379,50.47428571428571,0.07142857142857142,0.5,2022-04-23,1.53
0.9248,-0.3804,2.2,2.4,1.97,1.58,0.01436,0.012539999999999999,19.5,17.8,11.3,9.9,51.03,45.55,16.26,14.02,0.01,0.0,2.14,0.013537142857142857,52.40714285714286,0.07142857142857142,0.0,2022-04-24,2.53
0.9181,-0.3963,1.53,2.2,2.4,2.18,0.00879,0.013710000000000002,18.7,21.3,10.9,10.0,63.93,48.53,12.61,15.17,0.06,0.11,2.19,0.013600000000000001,55.794285714285714,0.07142857142857142,0.0,2022-04-25,2.07
0.9112,-0.412,2.53,1.53,2.2,2.16,0.01533,0.01436,20.8,19.5,10.7,11.3,72.99,51.03,12.57,16.26,0.03,0.01,2.177142857142857,0.013118571428571427,60.03142857142857,3.857142857142857,0.0,2022-04-26,1.83
0.9039,-0.4276,2.07,2.53,1.53,2.54,0.01055,0.00879,20.8,18.7,11.6,10.9,84.5,63.93,8.48,12.61,10.94,0.06,2.0757142857142856,0.012240000000000001,62.65571428571428,4.514285714285714,26.5,2022-04-27,2.51
0.8965,-0.4431,1.83,2.07,2.53,1.97,0.0104,0.01533,17.8,20.8,10.1,10.7,72.06,72.99,12.49,12.57,0.28,0.03,2.152857142857143,0.012721428571428573,62.19857142857143,4.514285714285714,4.6,2022-04-28,2.2
0.8887,-0.4585,2.51,1.83,2.07,2.4,0.01591,0.01055,19.3,20.8,7.6,11.6,42.35,84.5,17.13,8.48,0.0,10.94,2.124285714285714,0.012931428571428571,62.0,4.442857142857143,0.0,2022-04-29,2.06
0.8807,-0.4737,2.2,2.51,1.83,2.2,0.015179999999999999,0.0104,18.1,17.8,8.9,10.1,47.14,72.06,16.41,12.49,0.0,0.28,2.1042857142857145,0.012945714285714286,61.582857142857144,4.442857142857143,0.0,2022-04-30,2.09
0.8724,-0.4888,2.06,2.2,2.51,1.53,0.01446,0.01591,16.9,19.3,7.6,7.6,48.11,42.35,16.34,17.13,0.0,0.0,2.184285714285714,0.01379,60.07714285714286,4.442857142857143,0.0,2022-05-01,2.17
0.8639,-0.5037,2.09,2.06,2.2,2.53,0.0147,0.015179999999999999,16.9,18.1,9.0,8.9,53.39,47.14,16.2,16.41,0.0,0.0,2.132857142857143,0.013731428571428572,56.471428571428575,4.442857142857143,0.0,2022-05-02,2.34
0.8551,-0.5185,2.17,2.09,2.06,2.07,0.01492,0.01446,18.2,16.9,8.6,7.6,47.75,48.11,16.02,16.34,0.0,0.0,2.1714285714285713,0.014358571428571429,49.347142857142856,0.6571428571428571,0.0,2022-05-03,2.02
0.846,-0.5331,2.34,2.17,2.09,1.83,0.01494,0.0147,19.9,16.9,11.1,9.0,34.63,53.39,15.74,16.2,0.0,0.0,2.198571428571429,0.014865714285714286,46.06714285714286,0.0,0.0,2022-05-04,1.24
0.8367,-0.5476,2.02,2.34,2.17,2.51,0.013949999999999999,0.01492,18.4,18.2,8.8,8.6,49.1,47.75,8.78,16.02,0.0,0.0,2.017142857142857,0.013702857142857142,46.63285714285714,0.0,0.0,2022-05-05,1.65
0.8272,-0.5619,1.24,2.02,2.34,2.2,0.00777,0.01494,16.6,19.9,9.7,11.1,46.31,34.63,5.31,15.74,0.0,0.0,1.9385714285714286,0.013167142857142858,45.550000000000004,0.0,0.0,2022-05-06,1.14
0.8174,-0.5761,1.65,1.24,2.02,2.06,0.01143,0.013949999999999999,17.2,18.4,9.6,8.8,39.56,49.1,8.82,8.78,0.0,0.0,1.807142857142857,0.012145714285714286,46.42857142857143,0.09999999999999999,0.0,2022-05-07,1.53
0.8074,-0.59,1.14,1.65,1.24,2.09,0.00731,0.00777,15.8,16.6,9.3,9.7,54.26,46.31,5.79,5.31,0.0,0.0,1.727142857142857,0.011375714285714284,48.682857142857145,0.11428571428571428,0.7,2022-05-08,2.02
0.7971,-0.6038,1.53,1.14,1.65,2.17,0.00931,0.01143,17.9,17.2,9.6,9.6,69.17,39.56,8.89,8.82,0.0,0.0,1.7057142857142857,0.011207142857142856,49.97571428571428,0.11428571428571428,0.1,2022-05-09,1.31
0.7866,-0.6175,2.02,1.53,1.14,2.34,0.01374,0.00731,18.2,15.8,8.0,9.3,56.8,54.26,14.61,5.79,0.0,0.0,1.5585714285714285,0.01038857142857143,51.651428571428575,0.11428571428571428,0.0,2022-05-10,1.74
0.7759,-0.6309,1.31,2.02,1.53,2.02,0.009210000000000001,0.00931,15.7,17.9,10.6,9.6,46.36,69.17,8.78,8.89,0.0,0.0,1.5185714285714285,0.01014142857142857,50.712857142857146,0.11428571428571428,0.0,2022-05-11,1.48
0.7649,-0.6442,1.74,1.31,2.02,1.24,0.01222,0.01374,17.1,18.2,9.6,8.0,42.53,56.8,7.04,14.61,0.0,0.0,1.5528571428571427,0.010372857142857144,51.12714285714286,0.11428571428571428,0.0,2022-05-12,1.93
0.7537,-0.6572,1.48,1.74,1.31,1.65,0.00939,0.009210000000000001,17.0,15.7,9.8,10.6,49.21,46.36,8.18,8.78,0.0,0.0,1.592857142857143,0.01063857142857143,52.99857142857143,0.11428571428571428,0.0,2022-05-13,1.57
0.7423,-0.6701,1.93,1.48,1.74,1.14,0.01329,0.01222,17.9,17.1,8.5,9.6,52.66,42.53,12.86,7.04,0.0,0.0,1.6542857142857144,0.011168571428571429,51.68285714285714,0.014285714285714287,0.0,2022-05-14,1.81
0.7306,-0.6828,1.57,1.93,1.48,1.53,0.01102,0.00939,18.3,17.0,8.5,9.8,45.05,49.21,11.23,8.18,0.0,0.0,1.6942857142857142,0.011697142857142859,47.208571428571425,0.0,0.0,2022-05-15,1.34
0.7188,-0.6952,1.81,1.57,1.93,2.02,0.013009999999999999,0.01329,16.4,17.9,9.7,8.5,37.85,52.66,9.82,12.86,0.0,0.0,1.5971428571428572,0.01105857142857143,44.028571428571425,0.0,0.0,2022-05-16,1.04
0.7067,-0.7075,1.34,1.81,1.57,1.31,0.009269999999999999,0.01102,15.2,18.3,7.4,8.5,34.54,45.05,7.16,11.23,0.0,0.0,1.5585714285714285,0.010787142857142856,42.645714285714284,0.014285714285714287,0.0,2022-05-17,1.63
0.6945,-0.7195,1.04,1.34,1.81,1.74,0.00731,0.013009999999999999,13.7,16.4,7.8,9.7,36.68,37.85,6.84,9.82,0.0,0.0,1.542857142857143,0.010672857142857142,43.574285714285715,0.014285714285714287,0.1,2022-05-18,1.75
0.682,-0.7314,1.63,1.04,1.34,1.48,0.01142,0.009269999999999999,16.5,15.2,7.6,7.4,49.03,34.54,9.25,7.16,0.0,0.0,1.5814285714285714,0.01095142857142857,45.269999999999996,0.028571428571428574,0.0,2022-05-19,1.72
0.6693,-0.743,1.75,1.63,1.04,1.93,0.01134,0.00731,17.5,13.7,7.8,7.8,61.08,36.68,10.09,6.84,0.0,0.0,1.5514285714285714,0.010474285714285714,47.395714285714284,0.028571428571428574,0.1,2022-05-20,1.96
0.6564,-0.7544,1.72,1.75,1.63,1.57,0.009949999999999999,0.01142,19.6,16.5,9.5,7.6,67.54,49.03,9.94,9.25,0.03,0.0,1.6071428571428572,0.010714285714285714,47.06285714285714,0.028571428571428574,0.0,2022-05-21,1.62
0.6433,-0.7656,1.96,1.72,1.75,1.81,0.0127,0.01134,19.4,17.5,9.0,7.8,42.72,61.08,13.34,10.09,0.0,0.0,1.58,0.010357142857142856,48.05285714285714,0.028571428571428574,0.0,2022-05-22,1.71
0.6301,-0.7765,1.62,1.96,1.72,1.34,0.01051,0.009949999999999999,17.5,19.6,10.1,9.5,44.78,67.54,10.41,9.94,0.0,0.03,1.6328571428571428,0.010352857142857141,50.541428571428575,0.028571428571428574,0.0,2022-05-23,1.59
0.6166,-0.7873,1.71,1.62,1.96,1.04,0.00924,0.0127,20.2,19.4,9.7,9.0,51.96,42.72,9.75,13.34,0.0,0.0,1.7114285714285715,0.010737142857142858,53.284285714285716,0.014285714285714287,0.0,2022-05-24,1.7
0.603,-0.7978,1.59,1.71,1.62,1.63,0.01,0.01051,18.9,17.5,11.0,10.1,55.88,44.78,9.6,10.41,0.0,0.0,1.7214285714285715,0.010830000000000001,53.705714285714286,0.014285714285714287,0.0,2022-05-25,1.08
0.5892,-0.808,1.7,1.59,1.71,1.75,0.01207,0.00924,16.7,20.2,8.6,9.7,51.98,51.96,11.29,9.75,0.0,0.0,1.625714285714286,0.010239999999999999,52.77571428571429,0.0,0.0,2022-05-26,1.17
0.5752,-0.818,1.08,1.7,1.59,1.72,0.00721,0.01,14.9,18.9,6.5,11.0,54.57,55.88,9.39,9.6,0.0,0.0,1.5471428571428572,0.00994857142857143,49.620000000000005,0.0,0.0,2022-05-27,1.16
0.561,-0.8278,1.17,1.08,1.7,1.96,0.00791,0.01207,14.1,16.7,6.2,8.6,45.45,51.98,8.28,11.29,0.0,0.0,1.4328571428571428,0.00922857142857143,50.08142857142857,0.0,0.0,2022-05-28,1.64
0.5467,-0.8373,1.16,1.17,1.08,1.62,0.00766,0.00721,13.0,14.9,6.2,6.5,45.95,54.57,7.96,9.39,0.0,0.0,1.4357142857142857,0.009445714285714285,51.041428571428575,0.0,0.0,2022-05-29,1.59
0.5322,-0.8466,1.64,1.16,1.17,1.71,0.012029999999999999,0.00791,13.8,14.1,4.6,6.2,51.5,45.45,12.25,8.28,0.0,0.0,1.4185714285714286,0.009852857142857144,49.99571428571429,0.0,0.0,2022-05-30,1.71
0.5176,-0.8556,1.59,1.64,1.16,1.59,0.01209,0.00766,13.3,13.0,3.3,6.2,44.64,45.95,12.72,7.96,0.0,0.0,1.4357142857142857,0.01014,48.925714285714285,0.0,0.0,2022-05-31,1.61
0.5028,-0.8644,1.71,1.59,1.64,1.7,0.01201,0.012029999999999999,13.2,13.8,3.9,4.6,48.39,51.5,11.34,12.25,0.0,0.0,1.422857142857143,0.010005714285714286,51.035714285714285,0.1142857142857143,0.0,2022-06-01,1.49
0.4878,-0.8729,1.61,1.71,1.59,1.08,0.011130000000000001,0.01209,13.3,13.3,2.5,3.3,66.75,44.64,10.86,12.72,0.57,0.0,1.4814285714285713,0.010249999999999999,53.31,0.19999999999999998,0.8,2022-06-02,0.67
0.4728,-0.8812,1.49,1.61,1.71,1.17,0.008919999999999999,0.01201,16.1,13.2,7.7,3.9,70.49,48.39,8.41,11.34,0.48,0.0,1.41,0.009314285714285714,55.425714285714285,3.7857142857142856,0.6,2022-06-03,1.02
0.4575,-0.8892,0.67,1.49,1.61,1.16,0.00136,0.011130000000000001,15.2,13.3,9.8,2.5,60.26,66.75,2.37,10.86,0.74,0.57,1.3900000000000001,0.00883,57.64142857142857,3.885714285714286,25.1,2022-06-04,1.52
0.4422,-0.8969,1.02,0.67,1.49,1.64,0.0042699999999999995,0.008919999999999999,15.8,16.1,10.6,7.7,61.46,70.49,2.38,8.41,0.27,0.48,1.3728571428571428,0.008378571428571428,59.34142857142857,4.014285714285714,0.7,2022-06-05,1.65
0.4267,-0.9044,1.52,1.02,0.67,1.59,0.00887,0.00136,17.1,15.2,8.3,9.8,63.4,60.26,10.37,2.37,0.13,0.74,1.3814285714285715,0.00829,59.64857142857142,4.014285714285714,0.9,2022-06-06,0.95
0.4111,-0.9116,1.65,1.52,1.02,1.71,0.011470000000000001,0.0042699999999999995,16.4,15.8,6.2,10.6,46.79,61.46,11.23,2.38,0.0,0.27,1.272857142857143,0.007558571428571428,59.151428571428575,4.014285714285714,0.0,2022-06-07,1.38
0.3953,-0.9185,0.95,1.65,1.52,1.61,0.006889999999999999,0.00887,14.5,17.1,9.4,8.3,44.91,63.4,8.51,10.37,0.0,0.13,1.24,0.007327142857142857,58.40714285714285,3.9,0.0,2022-06-08,1.31
0.3795,-0.9252,1.38,0.95,1.65,1.49,0.00951,0.011470000000000001,16.2,16.4,9.9,6.2,61.54,46.79,6.0,11.23,0.01,0.0,1.2142857142857142,0.007478571428571429,54.49857142857143,3.8142857142857145,0.0,2022-06-09,1.6
0.3635,-0.9316,1.31,1.38,0.95,0.67,0.009980000000000001,0.006889999999999999,15.0,14.5,9.2,9.4,43.13,44.91,11.67,8.51,0.0,0.0,1.3471428571428572,0.008865714285714286,50.51,0.2285714285714286,0.0,2022-06-10,0.78
0.3474,-0.9377,1.6,1.31,1.38,1.02,0.01107,0.00951,17.9,16.2,9.5,9.9,32.34,61.54,11.58,6.0,0.0,0.01,1.3128571428571427,0.009092857142857142,47.99857142857143,0.14285714285714285,0.0,2022-06-11,0.79
0.3312,-0.9436,0.78,1.6,1.31,1.52,0.005860000000000001,0.009980000000000001,11.8,15.0,7.7,9.2,43.88,43.13,6.79,11.67,0.0,0.0,1.2085714285714286,0.008617142857142856,47.355714285714285,0.014285714285714287,0.1,2022-06-12,0.9
0.3149,-0.9491,0.79,0.78,1.6,1.65,0.00554,0.01107,12.3,17.9,7.8,9.5,58.9,32.34,8.0,11.58,0.0,0.0,1.1014285714285714,0.007854285714285715,50.17714285714286,0.014285714285714287,0.0,2022-06-13,1.57
0.2986,-0.9544,0.9,0.79,0.78,0.95,0.00613,0.005860000000000001,12.8,11.8,7.5,7.7,66.54,43.88,6.04,6.79,0.0,0.0,1.19,0.008411428571428571,54.95285714285715,0.014285714285714287,0.0,2022-06-14,1.56
0.2821,-0.9594,1.57,0.9,0.79,1.38,0.01079,0.00554,16.3,12.3,7.7,7.8,78.34,58.9,10.4,8.0,0.0,0.0,1.2157142857142857,0.008645714285714286,57.77285714285715,0.014285714285714287,0.0,2022-06-15,1.45
0.2656,-0.9641,1.56,1.57,0.9,1.31,0.01115,0.00613,15.8,12.8,5.5,7.5,81.28,66.54,10.63,6.04,0.0,0.0,1.2357142857142858,0.00866,63.11571428571428,0.014285714285714287,0.0,2022-06-16,1.66
0.2489,-0.9685,1.45,1.56,1.57,1.6,0.01008,0.01079,15.1,16.3,7.1,7.7,80.53,78.34,9.5,10.4,0.01,0.0,1.2442857142857144,0.008718571428571428,64.98142857142857,0.014285714285714287,0.0,2022-06-17,1.59
0.2322,-0.9727,1.66,1.45,1.56,0.78,0.01148,0.01115,15.5,15.8,4.8,5.5,45.4,81.28,11.95,10.63,0.0,0.0,1.3599999999999999,0.009455714285714286,64.77428571428571,0.0,0.0,2022-06-18,1.08
0.2155,-0.9765,1.59,1.66,1.45,0.79,0.01102,0.01008,14.9,15.1,5.2,7.1,42.43,80.53,10.83,9.5,0.0,0.01,1.4014285714285715,0.009692857142857142,63.22428571428571,0.0,0.0,2022-06-19,1.07
0.1986,-0.9801,1.08,1.59,1.66,0.9,0.0072,0.01148,14.9,15.5,7.0,4.8,48.05,45.4,8.07,11.95,0.0,0.0,1.4257142857142857,0.009811428571428572,61.90857142857143,0.028571428571428574,0.0,2022-06-20,1.14
0.1818,-0.9833,1.07,1.08,1.59,1.57,0.00696,0.01102,14.5,14.9,6.6,5.2,57.33,42.43,5.98,10.83,0.0,0.0,1.3642857142857143,0.00920142857142857,62.107142857142854,0.05714285714285715,0.2,2022-06-21,1.36
0.1648,-0.9863,1.14,1.07,1.08,1.56,0.00652,0.0072,15.8,14.9,8.4,7.0,79.73,48.05,6.64,8.07,0.02,0.0,1.3357142857142856,0.008687142857142857,61.800000000000004,1.1142857142857143,0.2,2022-06-22,0.74
0.1478,-0.989,1.36,1.14,1.07,1.45,0.007549999999999999,0.00696,17.5,14.5,9.2,6.6,79.13,57.33,7.2,5.98,5.87,0.0,1.2342857142857144,0.007807142857142857,62.854285714285716,6.714285714285714,7.4,2022-06-23,0.9
0.1308,-0.9914,0.74,1.36,1.14,1.66,0.00392,0.00652,14.0,15.8,10.0,8.4,87.91,79.73,5.49,6.64,3.36,0.02,1.1257142857142857,0.006877142857142858,66.35857142857142,6.714285714285714,39.2,2022-06-24,1.42
0.1137,-0.9935,0.9,0.74,1.36,1.59,0.00497,0.007549999999999999,15.3,17.5,8.7,9.2,69.93,79.13,5.69,7.2,0.25,5.87,1.1014285714285714,0.0067314285714285705,70.13142857142857,6.714285714285714,0.0,2022-06-25,1.35
0.0966,-0.9953,1.42,0.9,0.74,1.08,0.01,0.00392,16.2,14.0,7.3,10.0,68.84,87.91,8.6,5.49,0.0,3.36,1.1400000000000001,0.0069900000000000006,74.13,6.714285714285714,0.0,2022-06-26,1.09
0.0795,-0.9968,1.35,1.42,0.9,1.07,0.00901,0.00497,16.2,15.3,7.4,8.7,76.04,69.93,8.12,5.69,0.0,0.25,1.1428571428571428,0.006957142857142857,77.3,7.514285714285714,0.0,2022-06-27,1.75
0.0623,-0.9981,1.09,1.35,1.42,1.14,0.006730000000000001,0.01,13.9,16.2,5.4,7.3,79.52,68.84,6.73,8.6,0.14,0.0,1.23,0.007651428571428572,72.96571428571428,7.485714285714287,5.8,2022-06-28,1.67
0.0451,-0.999,1.75,1.09,1.35,1.36,0.011380000000000001,0.00901,17.1,16.2,4.2,7.4,49.39,76.04,11.85,8.12,0.0,0.0,1.2742857142857142,0.008158571428571428,69.24571428571429,6.428571428571429,0.0,2022-06-29,1.63
0.028,-0.9996,1.67,1.75,1.09,0.74,0.0111,0.006730000000000001,16.6,13.9,4.9,5.4,53.09,79.52,11.61,6.73,0.0,0.14,1.4014285714285715,0.009221428571428571,64.95857142857143,0.8285714285714285,0.0,2022-06-30,0.48
0.0108,-0.9999,1.63,1.67,1.75,0.9,0.011359999999999999,0.011380000000000001,16.3,17.1,7.3,4.2,57.9,49.39,8.11,11.85,0.0,0.0,1.3414285714285714,0.008732857142857143,66.95285714285714,3.8714285714285714,0.0,2022-07-01,1.63
-0.0065,-1.0,0.48,1.63,1.67,1.42,0.00155,0.0111,12.0,16.6,6.6,4.9,83.89,53.09,5.64,11.61,5.69,0.0,1.3714285714285714,0.00892,66.85571428571428,3.8714285714285714,21.3,2022-07-02,0.97
-0.0237,-0.9997,1.63,0.48,1.63,1.35,0.01131,0.011359999999999999,14.6,16.3,4.0,7.3,68.16,57.9,12.1,8.11,0.0,0.0,1.317142857142857,0.008425714285714286,62.848571428571425,3.8714285714285714,0.0,2022-07-03,1.69
-0.0408,-0.9992,0.97,1.63,0.48,1.09,0.00555,0.00155,13.2,12.0,5.4,6.6,47.99,83.89,7.5,5.64,0.0,5.69,1.4028571428571428,0.00913,59.40857142857143,3.042857142857143,0.0,2022-07-04,1.56
-0.058,-0.9983,1.69,0.97,1.63,1.75,0.01166,0.01131,15.6,14.6,4.8,4.0,55.44,68.16,12.41,12.1,0.0,0.0,1.3757142857142857,0.009164285714285713,60.81857142857143,3.042857142857143,0.0,2022-07-05,1.37
-0.0752,-0.9972,1.56,1.69,0.97,1.67,0.011619999999999998,0.00555,13.7,13.2,3.6,5.4,59.26,47.99,12.53,7.5,0.0,0.0,1.332857142857143,0.008728571428571428,63.17857142857143,3.042857142857143,0.0,2022-07-06,1.71
-0.0923,-0.9957,1.37,1.56,1.69,1.63,0.00805,0.01166,16.2,15.6,3.5,4.8,69.61,55.44,8.41,12.41,0.03,0.0,1.3442857142857143,0.008801428571428571,62.26142857142857,3.042857142857143,0.0,2022-07-07,0.94
-0.1094,-0.994,1.71,1.37,1.56,0.48,0.011869999999999999,0.011619999999999998,15.6,13.7,3.2,3.6,51.48,59.26,12.62,12.53,0.0,0.0,1.41,0.009441428571428571,61.66571428571428,0.1142857142857143,0.0,2022-07-08,0.75
-0.1265,-0.992,0.94,1.71,1.37,1.63,0.006030000000000001,0.00805,13.9,16.2,6.8,3.5,79.72,69.61,6.56,8.41,0.17,0.03,1.2842857142857143,0.008412857142857142,64.5142857142857,2.685714285714286,0.8,2022-07-09,0.91
-0.1436,-0.9896,0.75,0.94,1.71,0.97,0.00411,0.011869999999999999,14.9,15.6,5.4,3.2,88.1,51.48,4.0,12.62,6.82,0.0,1.2757142857142856,0.008222857142857143,69.66285714285713,5.571428571428571,18.0,2022-07-10,1.54
-0.1606,-0.987,0.91,0.75,0.94,1.69,0.00422,0.006030000000000001,13.2,13.9,9.1,6.8,84.03,79.72,3.39,6.56,5.18,0.17,1.2542857142857142,0.007908571428571428,72.46,5.6571428571428575,20.2,2022-07-11,1.74
-0.1775,-0.9841,1.54,0.91,0.75,1.56,0.009460000000000001,0.00411,15.2,14.9,6.2,5.4,75.02,88.1,11.21,4.0,0.36,6.82,1.28,0.007955714285714285,71.09285714285714,5.6571428571428575,0.6,2022-07-12,1.17
-0.1944,-0.9809,1.74,1.54,0.91,1.37,0.011949999999999999,0.00422,15.4,13.2,3.9,9.1,49.69,84.03,12.82,3.39,0.0,5.18,1.2514285714285713,0.007805714285714286,70.98142857142857,5.785714285714286,0.0,2022-07-13,1.13
-0.2113,-0.9774,1.17,1.74,1.54,1.71,0.007,0.009460000000000001,14.0,15.2,5.2,6.2,68.83,75.02,4.87,11.21,7.94,0.36,1.1685714285714286,0.007092857142857143,75.4042857142857,10.985714285714284,0.9,2022-07-14,1.0
-0.2281,-0.9736,1.13,1.17,1.74,0.94,0.00688,0.011949999999999999,14.1,15.4,8.2,3.9,82.44,49.69,7.48,12.82,16.73,0.0,1.1771428571428573,0.0071200000000000005,76.93999999999998,13.528571428571428,36.4,2022-07-15,1.69
-0.2448,-0.9696,1.0,1.13,1.17,0.75,0.00622,0.007,12.3,14.0,6.5,5.2,90.47,68.83,5.7,4.87,10.55,7.94,1.3114285714285714,0.008245714285714285,74.67571428571429,10.985714285714286,18.6,2022-07-16,1.84
-0.2614,-0.9652,1.69,1.0,1.13,0.91,0.01199,0.00688,13.4,14.1,3.5,8.2,72.25,82.44,11.7,7.48,0.12,16.73,1.4442857142857142,0.00923,70.08857142857143,8.1,0.2,2022-07-17,2.01
-0.278,-0.9606,1.84,1.69,1.0,1.54,0.01111,0.00622,13.8,12.3,3.2,6.5,51.92,90.47,11.4,5.7,0.0,10.55,1.5114285714285713,0.00967142857142857,66.60857142857142,8.014285714285714,0.0,2022-07-18,1.76
-0.2945,-0.9557,2.01,1.84,1.69,1.74,0.01255,0.01199,16.1,13.4,4.8,3.5,50.66,72.25,12.89,11.7,0.0,0.12,1.5142857142857142,0.009778571428571428,66.28,8.014285714285714,0.0,2022-07-19,1.22
-0.3109,-0.9505,1.76,2.01,1.84,1.17,0.0127,0.01111,15.4,13.8,6.1,3.2,47.39,51.92,12.86,11.4,0.0,0.0,1.5214285714285716,0.010102857142857144,64.18571428571428,7.885714285714286,0.0,2022-07-20,1.33
-0.3272,-0.945,1.22,1.76,2.01,1.13,0.009269999999999999,0.01255,13.1,16.1,5.9,4.8,54.17,50.66,11.01,12.89,0.01,0.0,1.55,0.010585714285714285,59.83857142857143,2.685714285714286,0.0,2022-07-21,1.43
-0.3434,-0.9392,1.33,1.22,1.76,1.0,0.01026,0.0127,14.5,15.4,7.7,6.1,52.01,47.39,11.31,12.86,0.0,0.0,1.6114285714285714,0.011267142857142856,54.39,0.028571428571428574,0.0,2022-07-22,1.37
-0.3595,-0.9332,1.43,1.33,1.22,1.69,0.01099,0.009269999999999999,13.9,13.1,7.0,5.9,52.33,54.17,9.76,11.01,0.01,0.01,1.5657142857142858,0.010905714285714286,53.55857142857143,0.0,0.0,2022-07-23,1.23
-0.3755,-0.9268,1.37,1.43,1.33,1.84,0.009460000000000001,0.01026,15.6,14.5,8.7,7.7,66.43,52.01,8.18,11.31,0.04,0.0,1.4785714285714284,0.010508571428571428,56.962857142857146,0.0,0.0,2022-07-24,1.26
-0.3914,-0.9202,1.23,1.37,1.43,2.01,0.00833,0.01099,15.0,13.9,9.3,7.0,75.75,52.33,5.65,9.76,0.04,0.01,1.3714285714285714,0.00974,62.191428571428574,0.0,0.0,2022-07-25,1.85
-0.4071,-0.9134,1.26,1.23,1.37,1.76,0.00717,0.009460000000000001,15.7,15.6,9.2,8.7,87.26,66.43,10.37,8.18,0.1,0.04,1.3842857142857141,0.009674285714285715,67.94714285714285,0.0,0.0,2022-07-26,1.64
-0.4228,-0.9062,1.85,1.26,1.23,1.22,0.012240000000000001,0.00833,17.5,15.0,5.3,9.3,87.68,75.75,12.13,5.65,0.02,0.04,1.4442857142857142,0.010025714285714287,72.42714285714285,0.0,0.0,2022-07-27,1.83
-0.4383,-0.8988,1.64,1.85,1.26,1.33,0.01173,0.00717,15.1,15.7,6.1,9.2,85.53,87.26,10.94,10.37,0.01,0.1,1.5157142857142856,0.010434285714285715,73.83857142857143,0.0,0.0,2022-07-28,1.3
-0.4537,-0.8912,1.83,1.64,1.85,1.43,0.01312,0.012240000000000001,16.3,17.5,5.8,5.3,61.89,87.68,14.55,12.13,0.0,0.02,1.497142857142857,0.01015857142857143,73.34285714285714,0.0,0.0,2022-07-29,1.02
-0.469,-0.8832,1.3,1.83,1.64,1.37,0.00906,0.01173,14.5,15.1,5.9,6.1,48.86,85.53,9.79,10.94,0.0,0.01,1.4471428571428573,0.009664285714285714,73.92714285714285,0.0,0.0,2022-07-30,1.73
-0.4841,-0.875,1.02,1.3,1.83,1.23,0.006,0.01312,14.9,16.3,9.7,5.8,70.52,61.89,6.29,14.55,0.0,0.0,1.5185714285714287,0.010247142857142857,72.63571428571429,0.0,0.0,2022-07-31,0.9
-0.4991,-0.8666,1.73,1.02,1.3,1.26,0.012410000000000001,0.00906,15.4,14.5,6.2,5.9,66.71,48.86,12.76,9.79,0.0,0.0,1.467142857142857,0.01,71.26857142857143,0.05714285714285715,0.0,2022-08-01,1.68
-0.5139,-0.8578,0.9,1.73,1.02,1.85,0.00544,0.006,13.3,14.9,9.1,9.7,77.69,70.52,6.11,6.29,0.0,0.0,1.4428571428571428,0.010027142857142858,69.93142857142857,0.05714285714285715,0.4,2022-08-02,1.14
-0.5286,-0.8489,1.68,0.9,1.73,1.64,0.01243,0.012410000000000001,14.1,15.4,7.4,6.2,78.32,66.71,13.11,12.76,0.0,0.0,1.3714285714285714,0.009362857142857143,69.05428571428571,0.05714285714285715,0.0,2022-08-03,1.89
-0.5431,-0.8397,1.14,1.68,0.9,1.83,0.00708,0.00544,13.4,13.3,7.3,9.1,79.39,77.69,9.16,6.11,0.0,0.0,1.3800000000000001,0.009497142857142857,68.73428571428572,0.05714285714285715,0.0,2022-08-04,1.83
-0.5575,-0.8302,1.89,1.14,1.68,1.3,0.014060000000000001,0.01243,15.4,14.1,4.3,7.4,59.65,78.32,15.09,13.11,0.0,0.0,1.4557142857142857,0.010162857142857144,70.78714285714285,0.05714285714285715,0.0,2022-08-05,0.91
-0.5717,-0.8205,1.83,1.89,1.14,1.02,0.013720000000000001,0.00708,14.5,13.4,7.8,7.3,63.23,79.39,15.16,9.16,0.03,0.0,1.44,0.00997857142857143,73.05428571428571,3.5285714285714285,0.0,2022-08-06,1.65
-0.5857,-0.8105,0.91,1.83,1.89,1.73,0.00471,0.014060000000000001,14.2,15.4,8.1,4.3,86.39,59.65,7.11,15.09,5.11,0.0,1.4285714285714286,0.009798571428571429,74.53142857142858,4.228571428571429,24.3,2022-08-07,2.11
-0.5996,-0.8003,1.65,0.91,1.83,0.9,0.01115,0.013720000000000001,14.2,14.5,6.5,7.8,77.05,63.23,10.56,15.16,0.19,0.03,1.6014285714285712,0.011168571428571429,70.21142857142857,4.171428571428572,4.9,2022-08-08,2.53
-0.6132,-0.7899,2.11,1.65,0.91,1.68,0.01503,0.00471,15.7,14.2,4.2,8.1,47.45,86.39,15.98,7.11,0.0,5.11,1.7228571428571426,0.011607142857142858,63.93142857142857,4.171428571428572,0.0,2022-08-09,1.2
-0.6267,-0.7792,2.53,2.11,1.65,1.14,0.0155,0.01115,19.1,14.2,5.6,6.5,34.36,77.05,16.2,10.56,0.0,0.19,1.7314285714285713,0.011922857142857143,60.17,4.171428571428572,0.0,2022-08-10,1.28
-0.64,-0.7683,1.2,2.53,2.11,1.89,0.00929,0.01503,12.8,15.7,6.9,4.2,53.06,47.45,12.63,15.98,0.0,0.0,1.6442857142857144,0.011307142857142858,60.32714285714286,4.171428571428572,0.0,2022-08-11,2.01
-0.6532,-0.7572,1.28,1.2,2.53,1.83,0.00975,0.0155,12.9,19.1,7.8,5.6,60.75,34.36,8.54,16.2,0.0,0.0,1.67,0.011344285714285713,61.49857142857143,4.171428571428572,0.0,2022-08-12,2.14
-0.6661,-0.7459,2.01,1.28,1.2,0.91,0.013980000000000001,0.00929,15.6,12.8,7.0,6.9,71.43,53.06,15.77,12.63,0.0,0.0,1.8457142857142856,0.01285857142857143,57.51,0.7000000000000001,0.0,2022-08-13,1.51
-0.6788,-0.7343,2.14,2.01,1.28,1.65,0.01531,0.00975,16.0,12.9,5.1,7.8,58.47,60.75,16.74,8.54,0.01,0.0,1.8257142857142856,0.012658571428571427,57.59571428571429,2.3714285714285714,0.0,2022-08-14,1.92
-0.6914,-0.7225,1.51,2.14,2.01,2.11,0.00975,0.013980000000000001,15.6,15.6,5.4,7.0,77.65,71.43,10.14,15.77,2.68,0.0,1.7985714285714285,0.01238857142857143,60.978571428571435,3.0714285714285716,16.6,2022-08-15,1.95
-0.7037,-0.7105,1.92,1.51,2.14,2.53,0.01314,0.01531,15.2,16.0,6.9,5.1,71.13,58.47,15.6,16.74,1.28,0.01,1.7157142857142857,0.012052857142857143,64.75857142857143,3.3285714285714287,4.9,2022-08-16,1.91
-0.7158,-0.6983,1.95,1.92,1.51,1.2,0.01315,0.00975,14.9,15.6,4.7,5.4,60.82,77.65,13.31,10.14,5.09,2.68,1.817142857142857,0.012601428571428572,66.60857142857142,3.385714285714286,1.8,2022-08-17,2.4
-0.7277,-0.6859,1.91,1.95,1.92,1.28,0.013130000000000001,0.01314,15.9,15.2,7.8,6.9,66.01,71.13,16.68,15.6,0.19,1.28,1.977142857142857,0.013544285714285715,63.56,3.385714285714286,0.4,2022-08-18,2.56
-0.7394,-0.6733,2.4,1.91,1.95,2.01,0.01635,0.01315,17.3,14.9,7.0,4.7,39.41,60.82,17.69,13.31,0.0,5.09,2.0557142857142856,0.013912857142857143,59.364285714285714,3.385714285714286,0.0,2022-08-19,2.09
-0.7509,-0.6605,2.56,2.4,1.91,2.14,0.01656,0.013130000000000001,18.5,15.9,9.7,7.8,42.06,66.01,17.34,16.68,0.0,0.19,2.0485714285714285,0.01394857142857143,57.94571428571429,3.385714285714286,0.0,2022-08-20,1.12
-0.7621,-0.6474,2.09,2.56,2.4,1.51,0.015560000000000001,0.01635,16.3,17.3,6.4,7.0,48.54,39.41,13.13,17.69,0.0,0.0,1.9928571428571427,0.01370857142857143,54.52571428571429,1.0285714285714287,0.0,2022-08-21,1.14
-0.7731,-0.6342,1.12,2.09,2.56,1.92,0.00807,0.01656,13.2,18.5,8.0,9.7,53.71,42.06,7.28,17.34,0.0,0.0,1.8814285714285715,0.012874285714285715,52.42285714285714,0.38571428571428573,0.1,2022-08-22,1.73
-0.7839,-0.6208,1.14,1.12,2.09,1.95,0.0073,0.015560000000000001,14.0,16.3,9.2,6.4,56.41,48.54,7.1,13.13,0.0,0.0,1.8499999999999999,0.012784285714285715,51.80571428571428,0.1285714285714286,0.4,2022-08-23,1.59
-0.7945,-0.6073,1.73,1.14,1.12,1.91,0.01252,0.00807,15.3,13.2,8.9,8.0,56.5,53.71,12.2,7.28,0.0,0.0,1.804285714285714,0.012502857142857144,49.778571428571425,0.07142857142857142,0.0,2022-08-24,2.31
-0.8048,-0.5935,1.59,1.73,1.14,2.4,0.01116,0.0073,15.7,14.0,7.8,9.2,51.82,56.41,12.67,7.1,0.0,0.0,1.7914285714285714,0.012522857142857143,50.824285714285715,0.07142857142857142,0.0,2022-08-25,1.52
-0.8149,-0.5796,2.31,1.59,1.73,2.56,0.016489999999999998,0.01252,17.7,15.3,7.6,8.9,46.73,56.5,17.2,12.2,0.0,0.0,1.6428571428571428,0.011674285714285715,53.61714285714286,0.07142857142857142,0.0,2022-08-26,2.23
-0.8248,-0.5655,1.52,2.31,1.59,2.09,0.01062,0.01116,14.4,15.7,7.4,7.8,61.61,51.82,11.53,12.67,0.0,0.0,1.662857142857143,0.01175142857142857,53.262857142857136,0.07142857142857142,0.0,2022-08-27,3.03
-0.8344,-0.5512,2.23,1.52,2.31,1.12,0.0161,0.016489999999999998,16.7,17.7,6.7,7.6,46.06,46.73,18.41,17.2,0.0,0.0,1.9357142857142857,0.013191428571428571,50.08,0.05714285714285715,0.0,2022-08-28,1.48
-0.8437,-0.5368,3.03,2.23,1.52,1.14,0.01815,0.01062,22.3,14.4,9.1,7.4,31.43,61.61,19.32,11.53,0.0,0.0,1.9842857142857144,0.01369857142857143,47.98428571428571,0.0,0.0,2022-08-29,1.25
-0.8528,-0.5222,1.48,3.03,2.23,1.73,0.01085,0.0161,13.8,16.7,7.9,6.7,41.74,46.06,9.03,18.41,0.0,0.0,1.9157142857142857,0.013078571428571427,47.51285714285715,0.08571428571428572,0.0,2022-08-30,0.9
-0.8617,-0.5074,1.25,1.48,3.03,1.59,0.00818,0.01815,13.4,22.3,9.5,9.1,53.2,31.43,7.56,19.32,0.0,0.0,1.8171428571428572,0.012168571428571428,50.26142857142857,0.2714285714285714,0.6,2022-08-31,2.11
-0.8703,-0.4925,0.9,1.25,1.48,2.31,0.00479,0.01085,13.2,13.8,9.8,7.9,71.06,41.74,6.86,9.03,0.0,0.0,1.7885714285714285,0.011938571428571429,53.720000000000006,0.2714285714285714,1.3,2022-09-01,2.66
-0.8786,-0.4775,2.11,0.9,1.25,1.52,0.01488,0.00818,15.1,13.4,7.0,9.5,70.94,53.2,13.18,7.56,0.0,0.0,1.9514285714285715,0.013098571428571428,51.25571428571429,0.2714285714285714,0.0,2022-09-02,2.61
-0.8867,-0.4623,2.66,2.11,0.9,2.23,0.01874,0.00479,17.3,13.2,6.1,9.8,44.36,71.06,19.3,6.86,0.0,0.0,2.005714285714286,0.013481428571428571,50.46714285714285,0.2714285714285714,0.0,2022-09-03,2.41
-0.8945,-0.447,2.61,2.66,2.11,3.03,0.01878,0.01488,17.7,15.1,8.3,7.0,40.54,70.94,13.87,13.18,0.0,0.0,1.917142857142857,0.013325714285714286,51.17285714285714,0.2714285714285714,0.0,2022-09-04,2.44
-0.9021,-0.4315,2.41,2.61,2.66,1.48,0.01706,0.01874,17.8,17.3,8.3,6.1,36.37,44.36,12.74,19.3,0.0,0.0,2.0542857142857143,0.014369999999999999,50.54714285714285,0.2714285714285714,0.0,2022-09-05,1.71
-0.9094,-0.4159,2.44,2.41,2.61,1.25,0.01816,0.01878,16.1,17.7,7.8,8.3,37.36,40.54,11.44,13.87,0.0,0.0,2.12,0.015002857142857142,50.075714285714284,0.18571428571428572,0.0,2022-09-06,1.94
-0.9164,-0.4002,1.71,2.44,2.41,0.9,0.01261,0.01706,14.1,17.8,7.2,8.3,49.9,36.37,9.02,12.74,0.0,0.0,2.2685714285714282,0.015982857142857142,51.00285714285714,0.2571428571428572,0.0,2022-09-07,1.79
-0.9232,-0.3844,1.94,1.71,2.44,2.11,0.01165,0.01816,15.9,16.1,8.8,7.8,77.55,37.36,14.19,11.44,1.55,0.0,2.222857142857143,0.015560000000000001,50.95285714285715,0.5428571428571428,1.8,2022-09-08,2.88
-0.9296,-0.3685,1.79,1.94,1.71,2.66,0.01192,0.01261,14.7,14.1,6.3,7.2,70.59,49.9,16.76,9.02,1.66,0.0,2.254285714285714,0.01575,50.895714285714284,0.5428571428571428,2.0,2022-09-09,1.55
-0.9358,-0.3524,2.88,1.79,1.94,2.61,0.02007,0.01165,16.1,15.9,4.5,8.8,43.96,77.55,21.55,14.19,0.0,1.55,2.1028571428571428,0.014538571428571428,54.220000000000006,0.6285714285714287,0.0,2022-09-10,1.51
-0.9418,-0.3363,1.55,2.88,1.79,2.41,0.0103,0.01192,14.8,14.7,6.6,6.3,63.81,70.59,9.26,16.76,0.03,1.66,1.9742857142857144,0.013368571428571428,60.379999999999995,0.6428571428571429,0.6,2022-09-11,2.22
-0.9474,-0.32,1.51,1.55,2.88,2.44,0.00887,0.02007,15.3,16.1,8.0,4.5,79.49,43.96,15.9,21.55,0.21,0.0,1.9428571428571428,0.012995714285714286,64.76142857142857,0.6428571428571429,0.1,2022-09-12,2.49
-0.9528,-0.3037,2.22,1.51,1.55,1.71,0.015550000000000001,0.0103,14.6,14.8,5.6,6.6,68.03,63.81,14.31,9.26,0.01,0.03,2.0542857142857143,0.01351857142857143,67.58571428571429,0.6428571428571429,0.0,2022-09-13,3.1
-0.9579,-0.2873,2.49,2.22,1.51,1.94,0.01627,0.00887,16.5,15.3,8.5,8.0,69.67,79.49,20.12,15.9,0.0,0.21,2.22,0.014854285714285714,62.95285714285715,0.38571428571428573,0.0,2022-09-14,1.88
-0.9627,-0.2707,3.1,2.49,2.22,1.79,0.021,0.015550000000000001,18.2,14.6,7.3,5.6,45.12,68.03,22.01,14.31,0.0,0.01,2.232857142857143,0.015005714285714287,60.22571428571428,0.09999999999999999,0.0,2022-09-15,1.36
-0.9672,-0.2541,1.88,3.1,2.49,2.88,0.01298,0.01627,16.3,16.5,8.2,8.5,51.5,69.67,12.57,20.12,0.0,0.0,2.015714285714286,0.01332,64.33857142857143,0.09999999999999999,0.0,2022-09-16,1.77
-0.9714,-0.2375,1.36,1.88,3.1,1.55,0.00827,0.021,14.0,18.2,10.0,7.3,72.75,45.12,9.85,22.01,0.0,0.0,2.047142857142857,0.01329,68.14571428571428,0.05714285714285715,0.0,2022-09-17,1.65
-0.9753,-0.2207,1.77,1.36,1.88,1.51,0.01009,0.01298,17.5,16.3,9.4,8.2,90.46,51.5,12.52,12.57,0.13,0.0,2.067142857142857,0.013507142857142856,68.40285714285714,0.05714285714285715,0.3,2022-09-18,2.78
-0.979,-0.2039,1.65,1.77,1.36,2.22,0.01039,0.00827,14.2,14.0,9.2,10.0,81.29,72.75,14.74,9.85,0.05,0.0,2.1471428571428572,0.01419,67.72857142857143,0.05714285714285715,0.1,2022-09-19,2.03
-0.9824,-0.187,2.78,1.65,1.77,2.49,0.020329999999999997,0.01009,15.5,17.5,5.0,9.4,63.31,90.46,21.69,12.52,0.0,0.13,2.0814285714285714,0.013498571428571427,67.98428571428572,0.05714285714285715,0.0,2022-09-20,3.25
-0.9854,-0.1701,2.03,2.78,1.65,3.1,0.01143,0.01039,14.6,14.2,8.0,9.2,71.46,81.29,17.66,14.74,0.03,0.05,2.1028571428571428,0.01366857142857143,69.59142857142857,0.05714285714285715,0.0,2022-09-21,4.01
-0.9882,-0.1531,3.25,2.03,2.78,1.88,0.02219,0.020329999999999997,16.5,15.5,4.2,5.0,56.37,63.31,23.77,21.69,0.0,0.0,2.407142857142857,0.015044285714285715,68.20857142857143,0.05714285714285715,0.0,2022-09-22,2.7
-0.9907,-0.1361,4.01,3.25,2.03,1.36,0.022609999999999998,0.01143,23.1,14.6,6.0,8.0,41.82,71.46,23.74,17.66,0.0,0.03,2.5985714285714283,0.01644285714285714,66.9,0.05714285714285715,0.0,2022-09-23,1.01
-0.9929,-0.1191,2.7,4.01,3.25,1.77,0.01806,0.02219,18.0,16.5,7.9,4.2,63.59,56.37,16.87,23.77,0.01,0.0,2.4899999999999998,0.015732857142857142,65.47428571428571,0.11428571428571428,0.0,2022-09-24,2.81
-0.9948,-0.102,1.01,2.7,4.01,1.65,0.00512,0.022609999999999998,13.7,23.1,11.4,6.0,80.48,41.82,11.83,23.74,0.04,0.0,2.6557142857142857,0.016982857142857143,63.89714285714285,0.09999999999999999,0.7,2022-09-25,2.58
-0.9964,-0.0848,2.81,1.01,2.7,2.78,0.01914,0.01806,16.9,18.0,8.8,7.9,70.25,63.59,19.52,16.87,0.0,0.01,2.6271428571428572,0.0166,62.96714285714285,0.09999999999999999,0.0,2022-09-26,3.06
-0.9977,-0.0677,2.58,2.81,1.01,2.03,0.01765,0.00512,16.2,13.7,7.3,11.4,56.8,80.48,19.36,11.83,0.0,0.04,2.7742857142857145,0.01795,60.87714285714286,0.09999999999999999,0.0,2022-09-27,1.76
-0.9987,-0.0505,3.06,2.58,2.81,3.25,0.02088,0.01914,17.5,16.9,7.9,8.8,56.83,70.25,16.7,19.52,0.51,0.0,2.5614285714285714,0.016405714285714284,61.48428571428571,0.12857142857142856,0.0,2022-09-28,2.33
-0.9994,-0.0333,1.76,3.06,2.58,4.01,0.011380000000000001,0.01765,15.8,16.2,9.4,7.3,60.62,56.8,10.53,19.36,0.52,0.0,2.3214285714285716,0.015482857142857144,64.47714285714287,0.15714285714285717,0.2,2022-09-29,3.07
-0.9999,-0.0161,2.33,1.76,3.06,2.7,0.016149999999999998,0.02088,16.9,17.5,8.0,7.9,62.77,56.83,9.43,16.7,0.11,0.51,2.3742857142857146,0.015972857142857143,62.824285714285715,0.15714285714285717,0.2,2022-09-30,2.03
-1.0,0.0011,3.07,2.33,1.76,1.01,0.02149,0.011380000000000001,18.0,15.8,8.7,9.4,52.02,60.62,16.97,10.53,0.02,0.52,2.52,0.017152857142857143,58.99714285714286,0.07142857142857142,0.0,2022-10-01,1.92
-0.9998,0.0183,2.03,3.07,2.33,2.81,0.013380000000000001,0.016149999999999998,16.6,16.9,10.3,8.0,53.69,62.77,13.39,9.43,0.06,0.11,2.392857142857143,0.016302857142857143,56.544285714285714,0.1,0.1,2022-10-02,1.53
-0.9994,0.0355,1.92,2.03,3.07,2.58,0.01319,0.02149,15.1,18.0,9.0,8.7,53.08,52.02,11.8,16.97,0.02,0.02,2.242857142857143,0.015108571428571428,58.61,0.3285714285714286,0.2,2022-10-03,3.11
-0.9986,0.0527,1.53,1.92,2.03,3.06,0.00929,0.013380000000000001,13.9,16.6,10.0,10.3,71.26,53.69,13.47,13.39,0.04,0.06,2.25,0.015162857142857143,60.92857142857143,0.3285714285714286,1.6,2022-10-04,3.0
-0.9976,0.0698,3.11,1.53,1.92,1.76,0.02126,0.01319,16.6,15.1,6.7,9.0,73.06,53.08,23.42,11.8,0.04,0.02,2.427142857142857,0.01631857142857143,63.111428571428576,0.4,0.0,2022-10-05,3.75
-0.9962,0.087,3.0,3.11,1.53,2.33,0.019469999999999998,0.00929,17.9,13.9,11.4,10.0,75.9,71.26,18.2,13.47,0.57,0.04,2.63,0.01740142857142857,61.52571428571429,0.37142857142857144,0.7,2022-10-06,3.6
-0.9946,0.1041,3.75,3.0,3.11,3.07,0.02373,0.02126,21.1,16.6,8.0,6.7,51.67,73.06,25.4,23.42,0.0,0.04,2.705714285714286,0.01777857142857143,62.097142857142856,0.37142857142857144,0.0,2022-10-07,3.57
-0.9926,0.1212,3.6,3.75,3.0,2.03,0.02413,0.019469999999999998,19.6,17.9,9.9,11.4,56.02,75.9,19.01,18.2,0.0,0.57,2.9257142857142857,0.01926857142857143,62.151428571428575,0.35714285714285715,0.0,2022-10-08,3.82
-0.9904,0.1383,3.57,3.6,3.75,1.92,0.023809999999999998,0.02373,18.7,21.1,10.1,8.0,54.07,51.67,25.1,25.4,0.0,0.0,3.197142857142857,0.021035714285714286,59.410000000000004,0.32857142857142857,0.0,2022-10-09,3.38
-0.9879,0.1553,3.82,3.57,3.6,1.53,0.02556,0.02413,19.5,19.6,9.2,9.9,33.89,56.02,27.32,19.01,0.0,0.0,3.4614285714285713,0.02309,56.895714285714284,0.09999999999999999,0.0,2022-10-10,2.98
-0.9851,0.1722,3.38,3.82,3.57,3.11,0.02367,0.023809999999999998,16.7,18.7,6.0,10.1,53.66,54.07,16.95,25.1,0.0,0.0,3.442857142857143,0.023035714285714288,53.878571428571426,0.09999999999999999,0.0,2022-10-11,3.73
-0.9819,0.1892,2.98,3.38,3.82,3.0,0.02088,0.02556,17.5,19.5,8.1,9.2,51.94,33.89,19.34,27.32,0.0,0.0,3.5471428571428567,0.023845714285714283,50.25571428571429,0.0,0.0,2022-10-12,3.68
-0.9785,0.206,3.73,2.98,3.38,3.75,0.02514,0.02367,20.3,16.7,8.2,6.0,50.54,53.66,25.16,16.95,0.0,0.0,3.537142857142857,0.023999999999999997,48.847142857142856,0.0,0.0,2022-10-13,4.31
-0.9749,0.2228,3.68,3.73,2.98,3.6,0.02481,0.02088,18.5,17.5,8.7,8.1,41.81,51.94,27.6,19.34,0.0,0.0,3.6385714285714283,0.024297142857142857,45.519999999999996,0.0,0.0,2022-10-14,3.64
-0.9709,0.2396,4.31,3.68,3.73,3.57,0.02621,0.02514,22.3,20.3,7.7,8.2,32.73,50.54,28.06,25.16,0.0,0.0,3.6485714285714286,0.024514285714285714,43.478571428571435,0.0,0.0,2022-10-15,3.22
-0.9666,0.2562,3.64,4.31,3.68,3.82,0.02533,0.02481,18.2,18.5,8.6,8.7,39.78,41.81,19.0,27.6,0.0,0.0,3.562857142857143,0.024165714285714287,44.99,0.0,0.0,2022-10-16,2.7
-0.9621,0.2728,3.22,3.64,4.31,3.38,0.02312,0.02621,16.8,22.3,8.7,7.7,44.47,32.73,16.38,28.06,0.0,0.0,3.4657142857142857,0.023338571428571427,47.03857142857142,0.0,0.0,2022-10-17,3.99
-0.9572,0.2893,2.7,3.22,3.64,2.98,0.01788,0.02533,16.1,18.2,8.8,8.6,68.0,39.78,17.01,19.0,0.43,0.0,3.61,0.024134285714285716,49.23142857142857,0.0,0.0,2022-10-18,3.91
-0.9521,0.3057,3.99,2.7,3.22,3.73,0.026449999999999998,0.02312,18.3,16.8,8.5,8.7,67.29,44.47,27.04,16.38,0.38,0.0,3.6357142857142857,0.024195714285714286,50.74714285714286,0.0,0.0,2022-10-19,4.56
-0.9467,0.3221,3.91,3.99,2.7,3.68,0.02557,0.01788,19.0,16.1,9.0,8.8,61.15,68.0,24.68,17.01,0.19,0.43,3.761428571428571,0.024517142857142855,50.81285714285714,0.0,0.0,2022-10-20,4.06
-0.941,0.3383,4.56,3.91,3.99,4.31,0.027059999999999997,0.026449999999999998,22.8,18.3,8.0,8.5,42.27,67.29,27.23,27.04,0.0,0.38,3.7257142857142855,0.024632857142857144,52.66285714285714,0.0,0.0,2022-10-21,3.84
-0.9351,0.3545,4.06,4.56,3.91,3.64,0.02702,0.02557,19.4,19.0,9.0,9.0,45.68,61.15,24.93,24.68,0.02,0.19,3.7542857142857144,0.02475428571428571,54.537142857142854,0.0,0.0,2022-10-22,2.84
-0.9288,0.3705,3.84,4.06,4.56,3.22,0.02618,0.027059999999999997,17.9,22.8,9.1,8.0,52.9,42.27,18.26,27.23,0.01,0.0,3.6999999999999997,0.024137142857142857,55.674285714285716,0.0,0.0,2022-10-23,4.12
-0.9223,0.3864,2.84,3.84,4.06,2.7,0.0188,0.02702,16.4,19.4,8.9,9.0,52.43,45.68,20.23,24.93,0.0,0.02,3.902857142857143,0.025512857142857143,52.55571428571428,0.0,0.0,2022-10-24,3.43
-0.9155,0.4022,4.12,2.84,3.84,3.99,0.027510000000000003,0.02618,18.4,17.9,7.3,9.1,46.17,52.9,27.9,18.26,0.0,0.01,3.8228571428571425,0.024769999999999997,52.800000000000004,0.028571428571428574,0.0,2022-10-25,4.46
-0.9085,0.4179,3.43,4.12,2.84,3.91,0.02125,0.0188,19.0,16.4,11.0,8.9,69.0,52.43,21.73,20.23,0.01,0.0,3.9014285714285712,0.025102857142857142,51.425714285714285,0.028571428571428574,0.2,2022-10-26,3.79
-0.9012,0.4335,4.46,3.43,4.12,4.56,0.027899999999999998,0.027510000000000003,20.7,18.4,8.8,7.3,51.53,46.17,29.79,27.9,0.0,0.0,3.7914285714285714,0.02481,53.215714285714284,0.028571428571428574,0.0,2022-10-27,3.87
-0.8936,0.4489,3.79,4.46,3.43,4.06,0.02501,0.02125,19.4,19.0,11.2,11.0,54.8,69.0,21.27,21.73,0.0,0.01,3.7642857142857147,0.024571428571428574,54.02285714285714,0.028571428571428574,0.0,2022-10-28,4.24
-0.8857,0.4642,3.87,3.79,4.46,3.84,0.02535,0.027899999999999998,19.0,20.7,10.8,8.8,51.33,51.53,27.41,29.79,0.0,0.0,3.8214285714285716,0.024712857142857144,53.70285714285715,0.028571428571428574,0.0,2022-10-29,3.97
-0.8776,0.4794,4.24,3.87,3.79,2.84,0.027170000000000003,0.02501,20.2,19.4,10.1,11.2,50.66,54.8,21.89,21.27,0.0,0.0,3.982857142857143,0.02558,53.64857142857142,0.028571428571428574,0.0,2022-10-30,5.14
-0.8692,0.4944,3.97,4.24,3.87,4.12,0.02487,0.02535,18.6,19.0,11.1,10.8,52.05,51.33,27.58,27.41,0.0,0.0,4.128571428571428,0.025782857142857142,51.18428571428571,0.028571428571428574,0.0,2022-10-31,5.24
-0.8606,0.5093,5.14,3.97,4.24,3.43,0.02893,0.027170000000000003,23.1,20.2,8.2,10.1,28.92,50.66,30.61,21.89,0.0,0.0,4.387142857142857,0.027004285714285713,45.22428571428571,0.0,0.0,2022-11-01,4.44
-0.8517,0.524,5.24,5.14,3.97,4.46,0.0298,0.02487,22.0,18.6,11.9,11.1,27.28,52.05,30.75,27.58,0.0,0.0,4.384285714285714,0.027095714285714285,43.167142857142856,0.0,0.0,2022-11-02,3.17
-0.8426,0.5386,4.44,5.24,5.14,3.79,0.02854,0.02893,20.3,23.1,10.5,8.2,37.13,28.92,27.05,30.61,0.0,0.0,4.295714285714285,0.026445714285714288,41.84142857142857,0.014285714285714287,0.0,2022-11-03,3.23
-0.8332,0.553,3.17,4.44,5.24,3.87,0.020460000000000002,0.0298,18.1,22.0,10.6,11.9,45.52,27.28,20.41,30.75,0.0,0.0,4.204285714285715,0.025681428571428574,42.107142857142854,0.014285714285714287,0.1,2022-11-04,4.01
-0.8235,0.5672,3.23,3.17,4.44,4.24,0.02,0.02854,17.9,20.3,10.2,10.5,53.19,37.13,19.52,27.05,0.0,0.0,4.171428571428572,0.025492857142857143,42.81285714285714,0.014285714285714287,0.0,2022-11-05,3.27
-0.8137,0.5813,4.01,3.23,3.17,3.97,0.02585,0.020460000000000002,18.6,18.1,8.8,10.6,55.6,45.52,25.66,20.41,0.0,0.0,4.071428571428571,0.024824285714285715,42.962857142857146,0.014285714285714287,0.0,2022-11-06,3.34
-0.8035,0.5952,3.27,4.01,3.23,5.14,0.02019,0.02,18.6,17.9,10.1,10.2,53.1,53.19,20.28,19.52,0.0,0.0,3.814285714285714,0.023685714285714286,46.097142857142856,0.014285714285714287,0.0,2022-11-07,1.93
-0.7932,0.609,3.34,3.27,4.01,5.24,0.02096,0.02585,18.9,18.6,10.6,8.8,50.86,55.6,18.41,25.66,0.01,0.0,3.3414285714285716,0.020904285714285716,50.73571428571428,0.09999999999999999,0.0,2022-11-08,2.42
-0.7826,0.6225,1.93,3.34,3.27,4.44,0.01033,0.02019,17.1,18.6,10.9,10.1,59.75,53.1,12.56,20.28,0.02,0.0,3.052857142857143,0.01856142857142857,57.228571428571435,0.3285714285714286,0.6,2022-11-09,4.02
-0.7718,0.6359,2.42,1.93,3.34,3.17,0.01214,0.02096,19.6,18.9,11.4,10.6,82.58,50.86,14.75,18.41,0.11,0.01,3.174285714285714,0.01923142857142857,60.54714285714285,0.31428571428571433,1.6,2022-11-10,3.09
-0.7607,0.6491,4.02,2.42,1.93,3.23,0.02515,0.01033,19.6,17.1,9.8,10.9,68.75,59.75,23.48,12.56,0.0,0.02,3.154285714285714,0.018962857142857142,64.29571428571428,0.31428571428571433,0.0,2022-11-11,3.42
-0.7494,0.6621,3.09,4.02,2.42,4.01,0.01812,0.01214,18.6,19.6,11.8,11.4,79.43,82.58,17.52,14.75,0.02,0.11,3.07,0.018277142857142856,67.96285714285715,0.5285714285714286,0.0,2022-11-12,4.77
-0.7379,0.6749,3.42,3.09,4.02,3.27,0.02105,0.02515,19.4,19.6,12.2,9.8,81.27,68.75,20.18,23.48,0.11,0.0,3.2842857142857143,0.01956714285714286,68.83857142857143,0.5285714285714286,1.5,2022-11-13,5.17
-0.7262,0.6875,4.77,3.42,3.09,3.34,0.02922,0.01812,20.8,18.6,9.5,11.8,59.23,79.43,29.56,17.52,0.0,0.02,3.545714285714286,0.020880000000000003,66.78999999999999,0.5285714285714286,0.0,2022-11-14,4.99
-0.7143,0.6998,5.17,4.77,3.42,1.93,0.03015,0.02105,23.7,19.4,9.8,12.2,36.52,81.27,30.54,20.18,0.0,0.11,3.9828571428571427,0.023615714285714285,64.06857142857143,0.4428571428571429,0.0,2022-11-15,4.35
-0.7021,0.712,4.99,5.17,4.77,2.42,0.02948,0.02922,23.4,20.8,13.0,9.5,40.7,59.23,25.61,29.56,0.0,0.0,4.258571428571428,0.025768571428571425,59.44285714285714,0.21428571428571427,0.0,2022-11-16,3.84
-0.6898,0.724,4.35,4.99,5.17,4.02,0.02721,0.03015,21.2,23.7,13.3,9.8,50.2,36.52,21.44,30.54,0.0,0.0,4.232857142857143,0.025601428571428574,57.51142857142857,0.21428571428571427,0.0,2022-11-17,4.58
-0.6772,0.7358,3.84,4.35,4.99,3.09,0.02398,0.02948,21.2,23.4,12.7,13.0,55.23,40.7,21.49,25.61,0.01,0.0,4.445714285714286,0.0269,53.37571428571429,0.21428571428571427,0.0,2022-11-18,3.77
-0.6645,0.7473,4.58,3.84,4.35,3.42,0.02721,0.02721,22.8,21.2,12.1,13.3,50.48,50.2,24.08,21.44,0.01,0.0,4.4957142857142856,0.027202857142857143,50.46714285714285,0.0,0.0,2022-11-19,5.2
-0.6515,0.7586,3.77,4.58,3.84,4.77,0.023170000000000003,0.02398,20.5,21.2,13.3,12.7,60.91,55.23,24.14,21.49,0.0,0.01,4.557142857142857,0.027434285714285717,48.14,0.0,0.0,2022-11-20,5.48
-0.6384,0.7697,5.2,3.77,4.58,5.17,0.03084,0.02721,22.8,22.8,10.7,12.1,42.94,50.48,32.33,24.08,0.0,0.01,4.601428571428571,0.027627142857142857,47.80714285714286,0.0,0.0,2022-11-21,4.92
-0.625,0.7806,5.48,5.2,3.77,4.99,0.0315,0.023170000000000003,24.2,20.5,9.6,13.3,34.19,60.91,32.32,24.14,0.0,0.0,4.591428571428572,0.02779857142857143,47.25285714285714,0.0,0.0,2022-11-22,4.2
-0.6115,0.7912,4.92,5.48,5.2,4.35,0.03068,0.03084,21.4,22.8,11.0,10.7,36.82,42.94,26.02,32.33,0.02,0.0,4.57,0.027654285714285715,46.91571428571428,0.0,0.0,2022-11-23,4.65
-0.5978,0.8016,4.2,4.92,5.48,3.84,0.026199999999999998,0.0315,21.3,24.2,11.7,9.6,47.84,34.19,19.52,32.32,0.04,0.0,4.685714285714286,0.0283,47.04,0.0,0.0,2022-11-24,4.17
-0.584,0.8118,4.65,4.2,4.92,4.58,0.0285,0.03068,21.5,21.4,12.5,11.0,56.1,36.82,21.74,26.02,0.04,0.02,4.627142857142857,0.02826,47.49142857142857,0.0,0.0,2022-11-25,4.0
-0.5699,0.8217,4.17,4.65,4.2,3.77,0.02693,0.026199999999999998,20.3,21.3,13.3,11.7,53.64,47.84,18.95,19.52,0.88,0.04,4.660000000000001,0.028647142857142854,45.31285714285714,0.0,0.0,2022-11-26,4.17
-0.5557,0.8314,4.0,4.17,4.65,5.2,0.02588,0.0285,19.8,21.5,11.7,12.5,45.66,56.1,20.6,21.74,0.18,0.04,4.5128571428571425,0.027955714285714285,46.21142857142858,0.0,0.0,2022-11-27,3.53
-0.5413,0.8408,4.17,4.0,4.17,5.48,0.026,0.02693,21.0,20.3,12.6,13.3,49.23,53.64,19.28,18.95,0.08,0.88,4.234285714285714,0.026524285714285716,48.887142857142855,0.0,0.0,2022-11-28,2.59
-0.5268,0.85,3.53,4.17,4.0,4.92,0.02148,0.02588,19.4,19.8,13.0,11.7,52.92,45.66,17.18,20.6,0.1,0.18,3.9014285714285712,0.024198571428571427,50.69285714285714,0.05714285714285715,0.0,2022-11-29,3.16
-0.5121,0.859,2.59,3.53,4.17,4.2,0.0144,0.026,19.3,21.0,12.4,12.6,49.46,49.23,15.24,19.28,0.05,0.08,3.7528571428571427,0.023188571428571426,51.76,0.08571428571428573,0.4,2022-11-30,4.66
-0.4972,0.8676,3.16,2.59,3.53,4.65,0.019129999999999998,0.02148,20.1,19.4,12.3,13.0,55.31,52.92,21.34,17.18,0.01,0.1,3.7542857142857144,0.02335142857142857,51.347142857142856,0.08571428571428573,0.2,2022-12-01,4.66
-0.4822,0.8761,4.66,3.16,2.59,4.17,0.02964,0.0144,20.6,19.3,10.4,12.4,53.21,49.46,21.54,15.24,0.01,0.05,3.8242857142857143,0.023674285714285714,51.06857142857143,0.08571428571428573,0.0,2022-12-02,4.74
-0.4671,0.8842,4.66,4.66,3.16,4.0,0.02919,0.019129999999999998,20.8,20.1,11.5,12.3,51.69,55.31,23.22,21.34,0.0,0.01,3.93,0.02422857142857143,51.987142857142864,0.08571428571428573,0.0,2022-12-03,5.4
-0.4518,0.8921,4.74,4.66,4.66,4.17,0.02976,0.02964,20.9,20.6,11.6,10.4,52.09,53.21,27.27,21.54,0.0,0.01,4.105714285714286,0.024922857142857142,51.715714285714284,0.08571428571428573,0.0,2022-12-04,4.91
-0.4364,0.8998,5.4,4.74,4.66,3.53,0.03086,0.02919,24.7,20.8,13.2,11.5,47.33,51.69,30.34,23.22,0.0,0.0,4.302857142857143,0.026194285714285715,51.35142857142857,0.08571428571428573,0.0,2022-12-05,5.7
-0.4208,0.9071,4.91,5.4,4.74,2.59,0.030379999999999997,0.02976,21.4,20.9,12.7,11.6,50.37,52.09,26.64,27.27,0.0,0.0,4.747142857142857,0.028675714285714284,49.278571428571425,0.028571428571428574,0.0,2022-12-06,4.68
-0.4052,0.9142,5.7,4.91,5.4,3.16,0.03177,0.03086,24.8,24.7,13.0,13.2,34.95,47.33,33.49,30.34,0.01,0.0,4.964285714285714,0.030164285714285716,47.03142857142858,0.0,0.0,2022-12-07,4.74
-0.3894,0.9211,4.68,5.7,4.91,4.66,0.02955,0.030379999999999997,20.9,21.4,13.4,12.7,39.58,50.37,24.54,26.64,0.0,0.0,4.975714285714285,0.030084285714285713,46.09142857142857,0.0,0.0,2022-12-08,4.6
-0.3735,0.9276,4.74,4.68,5.7,4.66,0.029079999999999998,0.03177,21.7,24.8,12.5,13.0,46.63,34.95,24.46,33.49,0.0,0.01,4.967142857142858,0.02980857142857143,47.24142857142857,0.014285714285714287,0.0,2022-12-09,5.16
-0.3575,0.9339,4.6,4.74,4.68,4.74,0.027260000000000003,0.02955,23.3,20.9,15.6,13.4,59.74,39.58,24.14,24.54,0.0,0.0,5.027142857142857,0.029815714285714286,46.85285714285715,0.014285714285714287,0.1,2022-12-10,5.6
-0.3413,0.9399,5.16,4.6,4.74,5.4,0.02981,0.029079999999999998,23.9,21.7,14.1,12.5,49.37,46.63,29.94,24.46,0.0,0.0,5.055714285714286,0.029814285714285713,44.98571428571428,0.014285714285714287,0.0,2022-12-11,5.62
-0.3251,0.9457,5.6,5.16,4.6,4.91,0.030850000000000002,0.027260000000000003,24.8,23.3,13.8,15.6,34.26,59.74,33.43,24.14,0.0,0.0,5.1571428571428575,0.030034285714285715,42.92857142857143,0.014285714285714287,0.0,2022-12-12,5.75
-0.3088,0.9511,5.62,5.6,5.16,5.7,0.031920000000000004,0.02981,24.3,23.9,13.2,14.1,35.97,49.37,34.18,29.94,0.0,0.0,5.164285714285714,0.030065714285714286,43.62,0.014285714285714287,0.0,2022-12-13,5.07
-0.2924,0.9563,5.75,5.62,5.6,4.68,0.03199,0.030850000000000002,25.8,24.8,12.3,13.8,39.79,34.26,33.33,33.43,0.0,0.0,5.22,0.03027857142857143,44.39857142857143,0.014285714285714287,0.0,2022-12-14,5.9
-0.2759,0.9612,5.07,5.75,5.62,4.74,0.031039999999999998,0.031920000000000004,22.1,24.3,13.1,13.2,45.03,35.97,26.9,34.18,0.0,0.0,5.385714285714286,0.03074714285714286,42.25714285714286,0.014285714285714287,0.0,2022-12-15,4.66
-0.2593,0.9658,5.9,5.07,5.75,4.6,0.03236,0.03199,26.7,25.8,13.6,12.3,31.64,39.79,33.91,33.33,0.0,0.0,5.394285714285714,0.030788571428571426,40.52571428571429,0.0,0.0,2022-12-16,3.09
-0.2427,0.9701,4.66,5.9,5.07,5.16,0.02755,0.031039999999999998,22.3,22.1,12.4,13.1,47.62,45.03,24.34,26.9,0.01,0.0,5.098571428571428,0.029132857142857144,41.529999999999994,0.04285714285714286,0.0,2022-12-17,5.07
-0.226,0.9741,3.09,4.66,5.9,5.6,0.01822,0.03236,19.8,26.7,12.4,13.6,56.4,31.64,19.94,33.91,0.26,0.0,5.022857142857143,0.02922571428571429,44.18285714285714,0.04285714285714286,0.3,2022-12-18,4.99
-0.2092,0.9779,5.07,3.09,4.66,5.62,0.0315,0.02755,21.4,22.3,10.8,12.4,52.83,47.62,26.3,24.34,0.16,0.01,4.932857142857143,0.029017142857142856,47.47571428571428,0.04285714285714286,0.0,2022-12-19,5.79
-0.1923,0.9813,4.99,5.07,3.09,5.75,0.03046,0.01822,21.4,19.8,13.6,12.4,59.02,56.4,32.03,19.94,0.03,0.26,4.938571428571429,0.029035714285714283,48.87285714285714,0.04285714285714286,0.0,2022-12-20,5.42
-0.1754,0.9845,5.79,4.99,5.07,5.07,0.032119999999999996,0.0315,24.3,21.4,12.1,10.8,49.57,52.83,33.69,26.3,0.04,0.16,4.988571428571428,0.029154285714285716,49.98714285714285,0.04285714285714286,0.0,2022-12-21,5.73
-0.1585,0.9874,5.42,5.79,4.99,5.9,0.03187,0.03046,23.2,21.4,14.5,13.6,52.83,59.02,27.92,32.03,0.01,0.03,4.964285714285714,0.029091428571428574,53.175714285714285,0.04285714285714286,0.0,2022-12-22,5.14
-0.1414,0.9899,5.73,5.42,5.79,4.66,0.031920000000000004,0.032119999999999996,24.8,24.3,13.2,12.1,53.96,49.57,33.59,33.69,0.0,0.04,5.032857142857144,0.02939285714285714,54.04857142857143,0.04285714285714286,0.0,2022-12-23,5.45
-0.1244,0.9922,5.14,5.73,5.42,3.09,0.02966,0.03187,23.2,23.2,14.5,14.5,53.73,52.83,33.06,27.92,0.0,0.01,5.37,0.03137,52.42857142857143,0.0,0.0,2022-12-24,4.74
-0.1073,0.9942,5.45,5.14,5.73,5.07,0.032060000000000005,0.031920000000000004,23.2,24.8,12.7,13.2,45.06,53.96,33.37,33.59,0.02,0.0,5.322857142857143,0.030927142857142858,51.862857142857145,0.0,0.0,2022-12-25,4.89
-0.0902,0.9959,4.74,5.45,5.14,4.99,0.028399999999999998,0.02966,21.9,23.2,12.5,14.5,48.87,53.73,22.06,33.06,0.07,0.0,5.308571428571428,0.030424285714285713,52.291428571428575,0.0,0.0,2022-12-26,5.55
-0.073,0.9973,4.89,4.74,5.45,5.79,0.026940000000000002,0.032060000000000005,23.1,23.2,14.1,12.7,62.02,45.06,29.75,33.37,0.0,0.02,5.274285714285715,0.03033571428571429,53.37428571428571,0.0,0.0,2022-12-27,5.17
-0.0559,0.9984,5.55,4.89,4.74,5.42,0.0315,0.028399999999999998,24.1,21.9,14.6,12.5,57.15,48.87,31.34,22.06,0.07,0.07,5.238571428571428,0.030090000000000002,52.5,0.0,0.0,2022-12-28,4.97
-0.0387,0.9993,5.17,5.55,4.89,5.73,0.03015,0.026940000000000002,23.6,23.1,13.9,14.1,46.71,62.02,27.42,29.75,0.01,0.0,5.13,0.029908571428571427,51.60285714285715,0.0,0.0,2022-12-29,3.79
-0.0215,0.9998,4.97,5.17,5.55,5.14,0.03065,0.0315,22.1,24.1,12.9,14.6,47.68,57.15,24.03,31.34,0.0,0.07,4.937142857142858,0.028677142857142856,52.628571428571426,0.028571428571428574,0.0,2022-12-30,2.74
-0.0043,1.0,3.79,4.97,5.17,5.45,0.02104,0.03015,22.1,23.6,15.3,13.9,60.91,46.71,20.82,27.42,0.06,0.01,4.55,0.02611714285714286,56.221428571428575,1.0285714285714287,0.2,2022-12-31,5.29
0.0172,0.9999,2.74,3.79,4.97,4.74,0.01414,0.03065,21.9,22.1,15.2,12.9,70.21,47.68,14.2,24.03,0.22,0.0,4.628571428571428,0.026598571428571426,56.48142857142857,1.0285714285714287,7.0,2023-01-01,4.91
0.0344,0.9994,5.29,2.74,3.79,4.89,0.03177,0.02104,23.5,22.1,12.1,15.3,50.69,60.91,32.71,20.82,0.0,0.06,4.631428571428572,0.02708285714285714,54.79714285714285,1.0285714285714287,0.0,2023-01-02,5.44
0.0516,0.9987,4.91,5.29,2.74,5.55,0.03033,0.01414,21.8,21.9,13.0,15.2,50.23,70.21,29.31,14.2,0.0,0.22,4.615714285714286,0.027122857142857143,53.12714285714286,1.0285714285714287,0.0,2023-01-03,4.71
0.0688,0.9976,5.44,4.91,5.29,5.17,0.03178,0.03177,23.3,23.5,12.1,12.1,45.46,50.69,32.58,32.71,0.0,0.0,4.55,0.026872857142857143,53.91714285714285,1.0285714285714287,0.0,2023-01-04,4.16
0.0859,0.9963,4.71,5.44,4.91,4.97,0.028399999999999998,0.03033,22.7,21.8,13.5,13.0,52.24,50.23,25.11,29.31,0.0,0.0,4.434285714285714,0.02585,56.31285714285714,1.042857142857143,0.0,2023-01-05,4.22
0.103,0.9947,4.16,4.71,5.44,3.79,0.023489999999999997,0.03178,23.1,23.3,16.2,12.1,64.45,45.46,23.14,32.58,0.0,0.0,4.4957142857142856,0.02623285714285714,57.51857142857143,1.457142857142857,0.1,2023-01-06,5.01
0.1201,0.9928,4.22,4.16,4.71,2.74,0.023719999999999998,0.028399999999999998,23.2,22.7,15.8,13.5,69.35,52.24,28.72,25.11,0.74,0.0,4.82,0.02833428571428571,56.705714285714286,0.4571428571428572,3.1,2023-01-07,3.9
0.1372,0.9905,5.01,4.22,4.16,5.29,0.02885,0.023489999999999997,23.6,23.1,15.3,16.2,64.52,64.45,28.49,23.14,0.13,0.0,4.621428571428572,0.026954285714285712,58.43285714285714,0.4571428571428572,0.0,2023-01-08,2.94
0.1542,0.988,3.9,5.01,4.22,4.91,0.022109999999999998,0.023719999999999998,22.2,23.2,15.6,15.8,62.78,69.35,26.13,28.72,0.69,0.74,4.34,0.024845714285714283,61.16285714285714,0.4857142857142857,0.0,2023-01-09,4.77
0.1712,0.9852,2.94,3.9,5.01,5.44,0.01557,0.02885,20.9,23.6,14.5,15.3,69.34,64.52,16.72,28.49,1.53,0.13,4.244285714285715,0.024137142857142857,63.472857142857144,0.4857142857142857,0.2,2023-01-10,5.15
0.1881,0.9821,4.77,2.94,3.9,4.71,0.02682,0.022109999999999998,24.2,22.2,14.0,15.6,61.63,62.78,24.8,26.13,0.03,0.69,4.307142857142857,0.024159999999999997,62.96,0.4857142857142857,0.0,2023-01-11,4.94
0.205,0.9788,5.15,4.77,2.94,4.16,0.02856,0.01557,24.4,20.9,15.1,14.5,48.65,69.34,29.8,16.72,0.0,1.53,4.418571428571428,0.02489857142857143,60.89857142857143,0.4714285714285715,0.0,2023-01-12,5.33
0.2218,0.9751,4.94,5.15,4.77,4.22,0.02866,0.02682,22.6,24.2,12.2,14.0,50.02,61.63,29.64,24.8,0.17,0.03,4.577142857142857,0.026035714285714284,57.790000000000006,0.028571428571428574,0.0,2023-01-13,4.51
0.2385,0.9711,5.33,4.94,5.15,5.01,0.03168,0.02856,22.9,24.4,11.7,15.1,47.59,48.65,26.39,29.8,0.02,0.0,4.505714285714285,0.025768571428571425,56.182857142857145,0.028571428571428574,0.0,2023-01-14,5.29
0.2552,0.9669,4.51,5.33,4.94,3.9,0.02698,0.02866,21.4,22.6,12.5,12.2,53.27,50.02,27.49,29.64,0.01,0.17,4.704285714285715,0.027041428571428574,54.722857142857144,0.028571428571428574,0.0,2023-01-15,4.72
0.2718,0.9624,5.29,4.51,5.33,2.94,0.03102,0.03168,23.2,22.9,12.1,11.7,52.56,47.59,27.33,26.39,0.0,0.02,4.958571428571429,0.028767142857142856,52.83428571428572,0.0,0.0,2023-01-16,4.72
0.2883,0.9575,4.72,5.29,4.51,4.77,0.027649999999999997,0.02698,22.3,21.4,13.2,12.5,56.12,53.27,25.24,27.49,0.12,0.01,4.951428571428571,0.02886285714285714,52.15857142857143,0.0,0.0,2023-01-17,4.66
0.3047,0.9524,4.72,4.72,5.29,5.15,0.027489999999999997,0.03102,22.1,23.2,13.1,12.1,56.9,52.56,25.55,27.33,0.76,0.0,4.881428571428572,0.028775714285714286,53.42714285714286,0.0,0.0,2023-01-18,2.94
0.3211,0.9471,4.66,4.72,4.72,4.94,0.02795,0.027649999999999997,21.9,22.3,11.9,13.2,57.53,56.12,23.69,25.24,1.17,0.12,4.595714285714286,0.02695142857142857,56.205714285714286,0.21428571428571427,0.0,2023-01-19,5.24
0.3373,0.9414,2.94,4.66,4.72,5.33,0.01589,0.027489999999999997,20.6,22.1,14.5,13.1,69.47,56.9,15.16,25.55,1.03,0.76,4.582857142857143,0.026757142857142858,58.62571428571429,0.21428571428571427,1.5,2023-01-20,4.81
0.3534,0.9355,5.24,2.94,4.66,4.51,0.03032,0.02795,23.1,21.9,11.8,11.9,64.53,57.53,27.14,23.69,0.56,1.17,4.625714285714286,0.026941428571428568,58.6,0.21428571428571427,0.0,2023-01-21,5.0
0.3695,0.9292,4.81,5.24,2.94,5.29,0.02827,0.01589,23.6,20.6,12.4,14.5,53.09,69.47,22.74,15.16,0.0,1.03,4.584285714285714,0.02658285714285714,58.52571428571429,0.21428571428571427,0.0,2023-01-22,4.89
0.3854,0.9227,5.0,4.81,5.24,4.72,0.02851,0.03032,23.5,23.1,13.2,11.8,52.04,64.53,26.35,27.14,0.0,0.56,4.6085714285714285,0.02664714285714286,59.23142857142857,0.21428571428571427,0.0,2023-01-23,5.23
0.4012,0.916,4.89,5.0,4.81,4.72,0.0281,0.02827,23.6,23.6,14.3,12.4,61.06,53.09,24.32,22.74,0.0,0.0,4.6814285714285715,0.02687857142857143,58.51571428571429,0.21428571428571427,0.0,2023-01-24,5.03
0.4169,0.9089,5.23,4.89,5.0,4.66,0.02911,0.02851,25.1,23.5,14.6,13.2,51.89,52.04,28.93,26.35,0.0,0.0,4.734285714285714,0.027120000000000002,58.30428571428571,0.21428571428571427,0.0,2023-01-25,4.98
0.4325,0.9016,5.03,5.23,4.89,2.94,0.02964,0.0281,22.8,23.6,13.9,14.3,56.05,61.06,29.81,24.32,0.06,0.0,5.025714285714286,0.029092857142857143,56.01142857142857,0.0,0.0,2023-01-26,5.43
0.4479,0.8941,4.98,5.03,5.23,5.24,0.0297,0.02911,21.9,25.1,12.0,14.6,53.42,51.89,31.57,28.93,0.0,0.0,5.0528571428571425,0.029115714285714283,53.54,0.0,0.0,2023-01-27,5.47
0.4633,0.8862,5.43,4.98,5.03,4.81,0.03048,0.02964,24.9,22.8,13.0,13.9,47.23,56.05,29.82,29.81,0.01,0.06,5.147142857142858,0.029414285714285716,51.894285714285715,0.0,0.0,2023-01-28,5.0
0.4784,0.8781,5.47,5.43,4.98,5.0,0.030359999999999998,0.0297,25.0,21.9,12.3,12.0,41.57,53.42,30.97,31.57,0.01,0.0,5.147142857142858,0.02955142857142857,52.32857142857143,0.0,0.0,2023-01-29,3.9
0.4935,0.8698,5.0,5.47,5.43,4.89,0.02947,0.03048,23.2,24.9,12.6,13.0,55.08,47.23,20.94,29.82,0.27,0.01,5.005714285714285,0.028695714285714286,52.05428571428571,0.014285714285714287,0.0,2023-01-30,4.23
0.5084,0.8611,3.9,5.0,5.47,5.23,0.022109999999999998,0.030359999999999998,22.6,25.0,13.4,12.3,59.14,41.57,24.42,30.97,0.05,0.01,4.862857142857143,0.028047142857142857,53.71857142857142,0.014285714285714287,0.1,2023-01-31,4.3
0.5231,0.8523,4.23,3.9,5.0,5.03,0.02457,0.02947,23.3,23.2,13.8,12.6,63.54,55.08,20.81,20.94,0.18,0.27,4.758571428571429,0.027492857142857145,53.23857142857143,0.014285714285714287,0.0,2023-02-01,5.25
0.5377,0.8432,4.3,4.23,3.9,4.98,0.02576,0.022109999999999998,22.5,22.6,13.9,13.4,52.69,59.14,26.44,24.42,0.27,0.05,4.797142857142857,0.02748,51.621428571428574,0.014285714285714287,0.0,2023-02-02,4.81
0.5521,0.8338,5.25,4.3,4.23,5.43,0.02961,0.02457,24.8,23.3,13.4,13.8,42.1,63.54,29.34,20.81,0.01,0.18,4.708571428571429,0.027200000000000002,52.16571428571428,0.014285714285714287,0.0,2023-02-03,5.0
0.5664,0.8242,4.81,5.25,4.3,5.47,0.02852,0.02576,22.9,22.5,13.0,13.9,51.04,52.69,25.12,26.44,0.0,0.27,4.6414285714285715,0.026932857142857144,53.98857142857143,0.014285714285714287,0.0,2023-02-04,5.19
0.5805,0.8143,5.0,4.81,5.25,5.0,0.028489999999999998,0.02961,24.0,24.8,14.6,13.4,54.33,42.1,24.51,29.34,0.0,0.01,4.668571428571428,0.026768571428571426,54.269999999999996,0.014285714285714287,0.0,2023-02-05,4.72
0.5944,0.8042,5.19,5.0,4.81,3.9,0.02832,0.02852,25.9,22.9,15.3,13.0,57.05,51.04,28.45,25.12,0.0,0.0,4.785714285714286,0.027540000000000002,54.06857142857143,0.0,0.0,2023-02-06,3.89
0.6081,0.7938,4.72,5.19,5.0,4.23,0.027510000000000003,0.028489999999999998,23.9,24.0,14.7,14.6,57.73,54.33,20.46,24.51,0.0,0.0,4.737142857142857,0.027165714285714286,52.402857142857144,0.05714285714285715,0.0,2023-02-07,4.36
0.6217,0.7833,3.89,4.72,5.19,4.3,0.02195,0.02832,24.4,25.9,14.5,15.3,51.88,57.05,21.2,28.45,0.06,0.0,4.7457142857142856,0.027055714285714287,51.08428571428571,0.05714285714285715,0.4,2023-02-08,4.71
0.6351,0.7725,4.36,3.89,4.72,5.25,0.02499,0.027510000000000003,24.5,23.9,14.7,14.7,43.46,57.73,20.56,20.46,0.63,0.0,4.668571428571428,0.026715714285714287,50.28142857142857,0.05714285714285715,0.0,2023-02-09,4.53
0.6483,0.7614,4.71,4.36,3.89,4.81,0.02723,0.02195,24.3,24.4,14.7,14.5,36.48,51.88,22.55,21.2,0.01,0.06,4.628571428571428,0.026314285714285714,48.714285714285715,0.05714285714285715,0.0,2023-02-10,4.87
0.6613,0.7502,4.53,4.71,4.36,5.0,0.02571,0.02499,24.5,24.5,14.5,14.7,40.07,43.46,28.88,20.56,0.34,0.63,4.61,0.026065714285714286,47.394285714285715,0.05714285714285715,0.0,2023-02-11,4.82
0.6741,0.7387,4.87,4.53,4.71,5.19,0.02675,0.02723,26.1,24.3,14.9,14.7,45.09,36.48,27.58,22.55,0.0,0.01,4.557142857142858,0.026002857142857144,46.45142857142857,0.05714285714285715,0.0,2023-02-12,5.16
0.6867,0.727,4.82,4.87,4.53,4.72,0.02788,0.02571,23.9,24.5,13.7,14.5,50.45,40.07,23.86,28.88,0.01,0.34,4.62,0.026035714285714284,44.949999999999996,0.05714285714285715,0.0,2023-02-13,5.14
0.6991,0.715,5.16,4.82,4.87,3.89,0.027739999999999997,0.02675,26.4,26.1,14.6,14.9,47.22,45.09,30.02,27.58,0.0,0.0,4.798571428571429,0.026907142857142855,43.348571428571425,0.0,0.0,2023-02-14,4.79
0.7113,0.7029,5.14,5.16,4.82,4.36,0.028050000000000002,0.02788,26.1,23.9,12.6,13.7,40.67,50.45,29.84,23.86,0.0,0.01,4.86,0.027277142857142857,43.73285714285714,0.0,0.0,2023-02-15,4.19
0.7233,0.6906,4.79,5.14,5.16,4.71,0.027579999999999997,0.027739999999999997,25.5,26.4,13.3,14.6,46.15,47.22,28.12,30.02,0.0,0.0,4.785714285714286,0.02694285714285714,46.13857142857143,0.0,0.0,2023-02-16,4.93
0.735,0.678,4.19,4.79,5.14,4.53,0.02489,0.028050000000000002,22.7,26.1,13.7,12.6,53.32,40.67,19.74,29.84,0.0,0.0,4.8428571428571425,0.027152857142857142,46.78285714285715,0.0,0.0,2023-02-17,4.95
0.7466,0.6653,4.93,4.19,4.79,4.87,0.02718,0.027579999999999997,24.7,25.5,13.4,13.3,44.58,46.15,27.82,28.12,0.0,0.0,4.854285714285715,0.027184285714285713,46.715714285714284,0.0,0.0,2023-02-18,4.77
0.7579,0.6523,4.95,4.93,4.19,4.82,0.026969999999999997,0.02489,25.0,22.7,14.9,13.7,44.62,53.32,27.74,19.74,0.0,0.0,4.847142857142857,0.02704,46.03857142857142,0.0,0.0,2023-02-19,4.87
0.769,0.6392,4.77,4.95,4.93,5.16,0.02687,0.02718,25.0,24.7,15.1,13.4,45.71,44.58,26.16,27.82,0.0,0.0,4.805714285714286,0.026909999999999996,45.23857142857143,0.0,0.0,2023-02-20,4.32
0.7799,0.6259,4.87,4.77,4.95,5.14,0.02683,0.026969999999999997,25.6,25.0,13.5,14.9,41.62,44.62,21.41,27.74,0.0,0.0,4.688571428571429,0.026558571428571428,45.854285714285716,0.0,0.0,2023-02-21,3.86
0.7906,0.6124,4.32,4.87,4.77,4.79,0.025589999999999998,0.02687,22.7,25.0,13.3,15.1,44.98,45.71,22.56,26.16,0.0,0.0,4.555714285714286,0.025837142857142857,46.33857142857143,0.0,0.0,2023-02-22,4.02
0.801,0.5987,3.86,4.32,4.87,4.19,0.02253,0.02683,22.9,25.6,13.2,13.5,49.54,41.62,20.05,21.41,0.0,0.0,4.531428571428571,0.025734285714285713,45.36857142857143,0.0,0.0,2023-02-23,3.84
0.8112,0.5848,4.02,3.86,4.32,4.93,0.02417,0.025589999999999998,22.4,22.7,12.1,13.3,46.53,44.98,19.64,22.56,0.0,0.0,4.3757142857142854,0.025070000000000002,46.879999999999995,0.0,0.0,2023-02-24,3.83
0.8211,0.5708,3.84,4.02,3.86,4.95,0.02253,0.02253,22.5,22.9,13.3,13.2,55.16,49.54,16.07,20.05,0.0,0.0,4.215714285714285,0.024455714285714285,48.59142857142857,0.0,0.0,2023-02-25,4.77
0.8308,0.5566,3.83,3.84,4.02,4.77,0.022670000000000003,0.02417,22.4,22.4,13.1,12.1,56.6,46.53,20.73,19.64,0.01,0.0,4.215714285714285,0.024347142857142855,47.49857142857143,0.0,0.0,2023-02-26,4.41
0.8402,0.5422,4.77,3.83,3.84,4.87,0.026109999999999998,0.02253,25.6,22.5,13.7,13.3,38.06,55.16,27.98,16.07,0.04,0.0,4.15,0.0242,47.722857142857144,0.0,0.0,2023-02-27,3.89
0.8495,0.5277,4.41,4.77,3.83,4.32,0.0258,0.022670000000000003,23.7,22.4,12.4,13.1,43.19,56.6,24.37,20.73,0.0,0.01,4.088571428571428,0.02381714285714286,47.31,0.0,0.0,2023-02-28,4.51
0.8584,0.513,3.89,4.41,4.77,3.86,0.02291,0.026109999999999998,22.3,25.6,12.7,13.7,42.09,38.06,20.66,27.98,0.0,0.04,4.1814285714285715,0.02432,45.87571428571429,0.0,0.0,2023-03-01,3.83
0.8671,0.4981,4.51,3.89,4.41,4.02,0.02605,0.0258,23.8,23.7,11.3,12.4,39.5,43.19,24.43,24.37,0.03,0.0,4.154285714285714,0.024102857142857145,46.26571428571429,0.0,0.0,2023-03-02,3.82
0.8755,0.4831,3.83,4.51,3.89,3.84,0.02265,0.02291,22.7,22.3,13.0,12.7,49.26,42.09,21.26,20.66,0.0,0.0,4.151428571428571,0.023967142857142857,46.784285714285716,0.014285714285714287,0.0,2023-03-03,4.46
0.8837,0.468,3.82,3.83,4.51,3.83,0.02158,0.02605,22.6,23.8,14.7,11.3,58.79,39.5,20.63,24.43,0.17,0.03,4.241428571428571,0.024284285714285713,45.394285714285715,0.014285714285714287,0.1,2023-03-04,3.76
0.8916,0.4527,4.46,3.82,3.83,4.77,0.02489,0.02265,25.5,22.7,13.1,13.0,46.87,49.26,18.26,21.26,0.19,0.0,4.097142857142857,0.023688571428571427,47.160000000000004,0.014285714285714287,0.0,2023-03-05,3.17
0.8993,0.4373,3.76,4.46,3.82,4.41,0.02194,0.02158,23.1,22.6,13.9,14.7,50.42,58.79,19.45,20.63,0.0,0.17,3.9199999999999995,0.02258142857142857,48.88285714285714,0.028571428571428574,0.0,2023-03-06,3.59
0.9067,0.4218,3.17,3.76,4.46,3.89,0.01805,0.02489,23.1,25.5,15.8,13.1,55.25,46.87,15.69,18.26,0.0,0.19,3.8771428571428572,0.022328571428571427,50.71714285714285,0.042857142857142864,0.1,2023-03-07,4.15
0.9138,0.4061,3.59,3.17,3.76,4.51,0.02114,0.02194,22.9,23.1,13.7,13.9,54.93,50.42,17.06,19.45,0.01,0.0,3.825714285714286,0.021978571428571427,53.04714285714285,0.042857142857142864,0.1,2023-03-08,3.91
0.9207,0.3904,4.15,3.59,3.17,3.83,0.023600000000000003,0.01805,23.6,23.1,14.4,15.8,55.81,55.25,25.19,15.69,0.0,0.0,3.837142857142857,0.022061428571428572,54.548571428571435,0.042857142857142864,0.0,2023-03-09,3.64
0.9272,0.3745,3.91,4.15,3.59,3.82,0.02323,0.02114,23.1,22.9,13.8,13.7,59.77,54.93,19.18,17.06,0.06,0.01,3.8114285714285714,0.022052857142857145,54.64142857142857,0.028571428571428574,0.0,2023-03-10,3.71
0.9335,0.3585,3.64,3.91,4.15,4.46,0.02152,0.023600000000000003,21.9,23.6,14.1,14.4,59.44,55.81,15.93,25.19,0.01,0.0,3.704285714285714,0.021445714285714287,57.23285714285714,0.028571428571428574,0.0,2023-03-11,3.99
0.9396,0.3424,3.71,3.64,3.91,3.76,0.020640000000000002,0.02323,23.5,23.1,14.0,13.8,65.01,59.77,18.36,19.18,0.16,0.06,3.737142857142857,0.02153,59.271428571428565,0.028571428571428574,0.0,2023-03-12,3.78
0.9453,0.3261,3.99,3.71,3.64,3.17,0.02253,0.02152,22.9,21.9,13.3,14.1,64.69,59.44,23.92,15.93,0.6,0.01,3.8242857142857143,0.022025714285714287,60.68857142857143,0.014285714285714287,0.0,2023-03-13,3.61
0.9508,0.3098,3.78,3.99,3.71,3.59,0.02152,0.020640000000000002,23.6,23.5,14.1,14.0,65.17,65.01,19.32,18.36,1.49,0.16,3.827142857142857,0.021920000000000002,61.14,0.0,0.0,2023-03-14,4.42
0.956,0.2934,3.61,3.78,3.99,4.15,0.020399999999999998,0.02253,23.6,22.9,15.8,13.3,58.09,64.69,23.42,23.92,0.03,0.6,3.8657142857142857,0.02184714285714286,60.824285714285715,0.0,0.0,2023-03-15,4.26
0.9609,0.2769,4.42,3.61,3.78,3.91,0.02309,0.02152,25.6,23.6,14.4,14.1,53.6,65.17,24.6,19.32,0.05,1.49,3.915714285714286,0.02181571428571429,60.85285714285715,0.0,0.0,2023-03-16,3.26
0.9655,0.2604,4.26,4.42,3.61,3.64,0.023010000000000003,0.020399999999999998,25.0,23.6,15.6,15.8,59.97,58.09,22.87,23.42,0.61,0.03,3.8614285714285717,0.021385714285714286,60.83714285714286,0.0,0.0,2023-03-17,3.85
0.9698,0.2437,3.26,4.26,4.42,3.71,0.018510000000000002,0.02309,23.0,25.6,15.4,14.4,59.33,53.6,20.32,24.6,0.01,0.05,3.8814285714285712,0.021587142857142857,58.892857142857146,0.0,0.0,2023-03-18,3.67
0.9739,0.227,3.85,3.26,4.26,3.99,0.02205,0.023010000000000003,23.9,25.0,14.6,15.6,51.4,59.97,19.79,22.87,0.0,0.61,3.8357142857142854,0.021415714285714284,57.39142857142857,0.0,0.0,2023-03-19,2.87
0.9777,0.2102,3.67,3.85,3.26,3.78,0.02133,0.018510000000000002,23.8,23.0,14.4,15.4,54.18,59.33,17.8,20.32,0.0,0.01,3.7057142857142855,0.02062857142857143,56.271428571428565,0.028571428571428574,0.0,2023-03-20,3.32
0.9811,0.1934,2.87,3.67,3.85,3.61,0.01601,0.02205,23.0,23.9,15.1,14.6,57.33,51.4,13.54,19.79,0.0,0.0,3.664285714285714,0.020482857142857143,55.199999999999996,0.028571428571428574,0.2,2023-03-21,3.88
0.9843,0.1765,3.32,2.87,3.67,4.42,0.019379999999999998,0.02133,23.8,23.8,13.2,14.4,50.59,54.18,19.29,17.8,0.02,0.0,3.587142857142857,0.020322857142857143,53.50571428571429,0.028571428571428574,0.0,2023-03-22,4.03
0.9872,0.1595,3.88,3.32,2.87,4.26,0.02197,0.01601,24.8,23.0,13.0,15.1,41.74,57.33,17.49,13.54,0.02,0.0,3.5542857142857143,0.020187142857142855,50.43,0.028571428571428574,0.0,2023-03-23,4.06
0.9898,0.1425,4.03,3.88,3.32,3.26,0.02206,0.019379999999999998,26.0,23.8,13.9,13.2,38.44,50.59,19.99,19.29,0.03,0.02,3.6685714285714286,0.020665714285714287,47.11142857142857,0.028571428571428574,0.0,2023-03-24,3.79
0.9921,0.1255,4.06,4.03,3.88,3.85,0.02186,0.02197,26.1,24.8,13.5,13.0,36.1,41.74,22.46,17.49,0.08,0.02,3.66,0.02059142857142857,45.02285714285715,0.028571428571428574,0.0,2023-03-25,3.18
0.9941,0.1084,3.79,4.06,4.03,3.67,0.02153,0.02206,23.6,26.0,13.4,13.9,36.78,38.44,22.58,19.99,0.0,0.03,3.59,0.020197142857142858,45.43285714285714,0.028571428571428574,0.0,2023-03-26,2.87
0.9958,0.0913,3.18,3.79,4.06,2.87,0.01857,0.02186,22.1,26.1,13.7,13.5,57.05,36.1,13.85,22.46,0.01,0.08,3.59,0.02031714285714286,45.50714285714286,0.0,0.0,2023-03-27,3.07
0.9972,0.0741,2.87,3.18,3.79,3.32,0.01685,0.02153,21.1,23.6,12.9,13.4,57.85,36.78,14.28,22.58,0.0,0.0,3.5542857142857143,0.0202,45.00714285714286,0.0,0.0,2023-03-28,3.57
0.9984,0.057,3.07,2.87,3.18,3.88,0.01856,0.01857,20.9,22.1,12.4,13.7,47.09,57.05,17.09,13.85,0.0,0.01,3.5100000000000002,0.019941428571428572,45.44285714285714,0.0,0.0,2023-03-29,3.75
0.9992,0.0398,3.57,3.07,2.87,4.03,0.02016,0.01685,23.9,21.1,11.9,12.9,44.79,57.85,21.19,14.28,0.0,0.0,3.4699999999999998,0.019812857142857142,44.43714285714286,0.0,0.0,2023-03-30,4.3
0.9997,0.0226,3.75,3.57,3.07,4.06,0.02116,0.01856,23.5,20.9,10.6,12.4,31.4,47.09,22.47,17.09,0.0,0.0,3.5042857142857144,0.019754285714285717,42.99714285714286,0.0,0.0,2023-03-31,3.44
1.0,0.0054,4.3,3.75,3.57,3.79,0.02145,0.02016,27.1,23.9,13.2,11.9,26.02,44.79,22.4,21.19,0.0,0.0,3.454285714285714,0.01953,42.03857142857142,0.0,0.0,2023-04-01,3.68
0.9999,-0.0118,3.44,4.3,3.75,3.18,0.019960000000000002,0.02116,22.1,23.5,12.3,10.6,30.07,31.4,20.48,22.47,0.0,0.0,3.525714285714286,0.019777142857142858,39.035714285714285,0.0,0.0,2023-04-02,3.0
0.9996,-0.029,3.68,3.44,4.3,2.87,0.020300000000000002,0.02145,24.8,27.1,12.5,13.2,36.03,26.02,20.79,22.4,0.0,0.0,3.544285714285714,0.019775714285714285,37.05142857142857,0.0,0.0,2023-04-03,3.35
0.9989,-0.0462,3.0,3.68,3.44,3.07,0.01684,0.019960000000000002,23.6,22.1,12.7,12.3,43.96,30.07,16.75,20.48,0.0,0.0,3.584285714285714,0.019937142857142858,36.13,0.0,0.0,2023-04-04,2.58
0.998,-0.0634,3.35,3.0,3.68,3.57,0.019690000000000003,0.020300000000000002,22.8,24.8,12.7,12.5,40.64,36.03,19.89,20.79,0.0,0.0,3.442857142857143,0.019234285714285714,36.14857142857143,0.0,0.0,2023-04-05,3.22
0.9968,-0.0805,2.58,3.35,3.0,3.75,0.01524,0.01684,20.1,23.6,12.9,12.7,44.92,43.96,17.68,16.75,0.0,0.0,3.367142857142857,0.01880714285714286,36.76285714285715,0.0,0.0,2023-04-06,3.24
0.9952,-0.0977,3.22,2.58,3.35,4.3,0.018170000000000002,0.019690000000000003,22.7,22.8,10.8,12.7,35.7,40.64,18.88,19.89,0.0,0.0,3.2157142857142857,0.01853428571428572,38.651428571428575,0.0,0.0,2023-04-07,2.6
0.9934,-0.1148,3.24,3.22,2.58,3.44,0.01954,0.01524,22.3,20.1,12.4,12.9,39.24,44.92,17.72,17.68,0.0,0.0,3.095714285714286,0.01798,39.674285714285716,0.0,0.0,2023-04-08,2.79
0.9913,-0.1319,2.6,3.24,3.22,3.68,0.016079999999999997,0.018170000000000002,20.9,22.7,11.5,10.8,37.23,35.7,16.97,18.88,0.0,0.0,2.968571428571429,0.017545714285714286,40.27285714285715,0.0,0.0,2023-04-09,3.28
0.9889,-0.1489,2.79,2.6,3.24,3.0,0.01726,0.01954,20.9,22.3,11.2,12.4,40.22,39.24,17.54,17.72,0.0,0.0,3.008571428571429,0.017845714285714288,39.41142857142857,0.0,0.0,2023-04-10,2.81
0.9861,-0.1659,3.28,2.79,2.6,3.35,0.018940000000000002,0.016079999999999997,24.2,20.9,12.8,11.5,37.93,37.23,19.17,16.97,0.0,0.0,2.9314285714285715,0.01755,40.82,0.0,0.0,2023-04-11,2.22
0.9831,-0.1828,2.81,3.28,2.79,2.58,0.01762,0.01726,20.7,20.9,11.4,11.2,50.5,40.22,15.39,17.54,0.01,0.0,2.88,0.017312857142857144,43.33571428571429,0.0,0.0,2023-04-12,2.56
0.9799,-0.1997,2.22,2.81,3.28,3.22,0.01358,0.018940000000000002,20.1,24.2,13.7,12.8,62.53,37.93,12.36,19.17,0.01,0.0,2.7857142857142856,0.016895714285714285,48.36142857142857,0.0,0.0,2023-04-13,2.46
0.9763,-0.2165,2.56,2.22,2.81,3.24,0.01525,0.01762,21.1,20.7,12.4,11.4,70.88,50.5,18.88,15.39,0.02,0.01,2.674285714285714,0.01619857142857143,52.544285714285714,0.0,0.0,2023-04-14,2.12
0.9724,-0.2333,2.46,2.56,2.22,2.6,0.01466,0.01358,20.8,20.1,11.6,13.7,68.52,62.53,16.6,12.36,0.02,0.01,2.605714285714286,0.01576,57.62,0.0,0.0,2023-04-15,2.48
0.9683,-0.25,2.12,2.46,2.56,2.79,0.013009999999999999,0.01525,19.3,21.1,10.5,12.4,72.76,70.88,13.86,18.88,0.0,0.02,2.5614285714285714,0.015382857142857143,61.387142857142855,0.0,0.0,2023-04-16,2.4
0.9638,-0.2666,2.48,2.12,2.46,3.28,0.01462,0.01466,19.8,20.8,11.7,11.6,66.59,68.52,16.04,16.6,0.01,0.02,2.435714285714286,0.014967142857142858,62.40714285714286,0.0,0.0,2023-04-17,2.86
0.9591,-0.2831,2.4,2.48,2.12,2.81,0.016030000000000003,0.013009999999999999,17.9,19.3,10.0,10.5,45.07,72.76,17.72,13.86,0.0,0.0,2.442857142857143,0.014931428571428571,60.14,0.0,0.0,2023-04-18,3.45
0.9541,-0.2996,2.86,2.4,2.48,2.22,0.01737,0.01462,20.4,19.8,8.9,11.7,34.63,66.59,17.74,16.04,0.0,0.01,2.6185714285714283,0.015477142857142856,56.357142857142854,0.0,0.0,2023-04-19,1.89
0.9488,-0.316,3.45,2.86,2.4,2.56,0.0174,0.016030000000000003,26.5,17.9,11.8,10.0,36.05,45.07,18.25,17.72,0.03,0.0,2.5228571428571427,0.015004285714285715,54.862857142857145,0.0,0.0,2023-04-20,2.79
0.9432,-0.3322,1.89,3.45,2.86,2.46,0.01194,0.01737,18.4,20.4,9.6,8.9,60.42,34.63,11.06,17.74,0.07,0.0,2.57,0.015215714285714286,55.68571428571429,0.0,0.0,2023-04-21,2.23
0.9373,-0.3484,2.79,1.89,3.45,2.12,0.01614,0.0174,22.0,26.5,13.3,11.8,74.28,36.05,16.71,18.25,0.0,0.03,2.585714285714286,0.015438571428571428,54.56142857142857,0.0,0.0,2023-04-22,1.74
0.9312,-0.3645,2.23,2.79,1.89,2.48,0.01457,0.01194,19.3,18.4,11.5,9.6,64.89,60.42,10.03,11.06,0.1,0.07,2.48,0.01489,54.52285714285714,0.028571428571428574,0.0,2023-04-23,2.31
0.9248,-0.3804,1.74,2.23,2.79,2.4,0.01078,0.01614,18.9,22.0,11.0,13.3,66.32,74.28,8.03,16.71,0.25,0.0,2.467142857142857,0.014777142857142858,55.89714285714285,0.05714285714285715,0.2,2023-04-24,1.1
0.9181,-0.3963,2.31,1.74,2.23,2.86,0.01524,0.01457,18.0,19.3,10.2,11.5,54.69,64.89,10.63,10.03,0.01,0.1,2.2157142857142857,0.013354285714285713,57.17285714285714,0.05714285714285715,0.2,2023-04-25,2.27
0.9112,-0.412,1.1,2.31,1.74,3.45,0.00741,0.01078,15.2,18.9,9.5,11.0,43.56,66.32,7.72,8.03,0.0,0.25,2.047142857142857,0.012947142857142857,58.23142857142857,0.08571428571428573,0.0,2023-04-26,1.62
0.9039,-0.4276,2.27,1.1,2.31,1.89,0.01455,0.01524,19.4,18.0,9.8,10.2,43.46,54.69,11.06,10.63,0.01,0.01,2.0085714285714285,0.0126,56.44428571428572,0.21428571428571427,0.2,2023-04-27,2.55
0.8965,-0.4431,1.62,2.27,1.1,2.79,0.00951,0.00741,18.9,15.2,12.4,9.5,47.91,43.56,8.36,7.72,0.02,0.0,1.9742857142857144,0.012318571428571429,54.33,0.21428571428571427,0.9,2023-04-28,0.98
0.8887,-0.4585,2.55,1.62,2.27,2.23,0.01417,0.01455,21.0,19.4,10.9,9.8,59.48,43.46,11.55,11.06,0.76,0.01,1.7957142857142858,0.010837142857142856,56.11,1.8571428571428572,0.0,2023-04-29,2.47
0.8807,-0.4737,0.98,2.55,1.62,1.74,0.004200000000000001,0.00951,18.2,18.9,14.5,12.4,77.35,47.91,6.51,8.36,2.79,0.02,1.9000000000000001,0.011225714285714285,56.79142857142857,2.3714285714285714,11.5,2023-04-30,2.26
0.8724,-0.4888,2.47,0.98,2.55,2.31,0.0135,0.01417,20.7,21.0,10.7,10.9,71.09,59.48,13.91,11.55,0.21,0.76,1.8928571428571428,0.011218571428571428,56.08428571428571,2.3428571428571425,3.8,2023-05-01,2.22
0.8639,-0.5037,2.26,2.47,0.98,1.1,0.015189999999999999,0.004200000000000001,17.3,18.2,9.2,14.5,49.74,77.35,16.65,6.51,0.0,2.79,2.052857142857143,0.01235142857142857,55.61857142857143,2.3428571428571425,0.0,2023-05-02,2.06
0.8551,-0.5185,2.22,2.26,2.47,2.27,0.01534,0.0135,16.7,20.7,8.1,10.7,40.3,71.09,16.51,13.91,0.0,0.21,2.0228571428571427,0.012384285714285714,57.034285714285716,2.314285714285714,0.0,2023-05-03,1.97
0.846,-0.5331,2.06,2.22,2.26,1.62,0.01478,0.015189999999999999,15.9,17.3,8.4,9.2,53.37,49.74,14.17,16.65,0.03,0.0,2.072857142857143,0.013075714285714286,57.83428571428571,2.185714285714286,0.0,2023-05-04,1.67
0.8367,-0.5476,1.97,2.06,2.22,2.55,0.01435,0.01534,16.0,16.7,7.4,8.1,53.51,40.3,8.93,16.51,0.08,0.0,1.9471428571428573,0.012674285714285713,56.86714285714286,2.185714285714286,0.0,2023-05-05,1.44
0.8272,-0.5619,1.67,1.97,2.06,0.98,0.011359999999999999,0.01478,16.7,15.9,9.3,8.4,52.71,53.37,8.82,14.17,0.1,0.03,2.012857142857143,0.013347142857142858,54.48428571428571,0.5714285714285714,0.0,2023-05-06,2.0
0.8174,-0.5761,1.44,1.67,1.97,2.47,0.00891,0.01435,17.1,16.0,8.3,7.4,60.67,53.51,10.71,8.93,0.0,0.08,1.9457142857142855,0.013467142857142856,50.10142857142857,0.028571428571428574,0.2,2023-05-07,1.84
0.8074,-0.59,2.0,1.44,1.67,2.26,0.01434,0.011359999999999999,17.0,16.7,6.8,9.3,40.41,52.71,14.49,8.82,0.0,0.1,1.8857142857142857,0.013172857142857142,47.728571428571435,0.028571428571428574,0.0,2023-05-08,2.15
0.7971,-0.6038,1.84,2.0,1.44,2.22,0.013130000000000001,0.00891,16.6,17.1,7.8,8.3,33.13,60.67,11.47,10.71,0.0,0.0,1.8757142857142857,0.012945714285714286,45.80714285714286,0.028571428571428574,0.0,2023-05-09,2.22
0.7866,-0.6175,2.15,1.84,2.0,2.06,0.01375,0.01434,20.8,17.0,7.7,6.8,26.85,40.41,13.07,14.49,0.0,0.0,1.8985714285714284,0.012700000000000001,42.76857142857143,0.028571428571428574,0.0,2023-05-10,2.38
0.7759,-0.6309,2.22,2.15,1.84,1.97,0.01306,0.013130000000000001,21.5,16.6,11.6,7.8,32.1,33.13,12.59,11.47,0.0,0.0,1.957142857142857,0.01258,39.96142857142858,0.028571428571428574,0.0,2023-05-11,2.92
0.7649,-0.6442,2.38,2.22,2.15,1.67,0.01351,0.01375,21.8,20.8,9.4,7.7,33.86,26.85,13.74,13.07,0.0,0.0,2.1357142857142857,0.01286,36.88857142857143,0.028571428571428574,0.0,2023-05-12,2.13
0.7537,-0.6572,2.92,2.38,2.22,1.44,0.01332,0.01306,25.5,21.5,13.0,11.6,31.2,32.1,13.15,12.59,0.0,0.0,2.2342857142857144,0.013517142857142856,33.47,0.0,0.0,2023-05-13,1.19
0.7423,-0.6701,2.13,2.92,2.38,2.0,0.01351,0.01351,20.2,21.8,10.4,9.4,36.74,33.86,11.61,13.74,0.0,0.0,2.1185714285714288,0.012541428571428573,33.28142857142857,0.0,0.0,2023-05-14,1.9
0.7306,-0.6828,1.19,2.13,2.92,1.84,0.00751,0.01332,17.8,25.5,10.9,13.0,39.09,31.2,6.32,13.15,0.0,0.0,2.1271428571428572,0.012265714285714286,36.44571428571429,0.0,0.0,2023-05-15,1.8
0.7188,-0.6952,1.9,1.19,2.13,2.15,0.0112,0.01351,21.4,20.2,13.5,10.4,55.28,36.74,7.57,11.61,0.01,0.0,2.077142857142857,0.011772857142857142,42.74428571428571,0.014285714285714287,0.0,2023-05-16,1.9
0.7067,-0.7075,1.8,1.9,1.19,2.22,0.0103,0.00751,20.4,17.8,13.0,10.9,70.94,39.09,8.16,6.32,0.06,0.0,2.031428571428571,0.011518571428571428,50.14714285714286,0.09999999999999999,0.1,2023-05-17,1.9
0.6945,-0.7195,1.9,1.8,1.9,2.38,0.01128,0.0112,19.7,21.4,11.0,13.5,83.92,55.28,10.49,7.57,0.06,0.01,1.9628571428571429,0.011301428571428572,53.81,0.09999999999999999,0.6,2023-05-18,1.87
0.682,-0.7314,1.9,1.9,1.8,2.92,0.01199,0.0103,19.3,20.4,10.1,13.0,59.5,70.94,12.31,8.16,0.0,0.06,1.8128571428571427,0.011178571428571428,56.80428571428571,0.09999999999999999,0.0,2023-05-19,1.39
0.6693,-0.743,1.87,1.9,1.9,2.13,0.01246,0.01128,18.7,19.7,9.9,11.0,52.16,83.92,13.0,10.49,0.0,0.06,1.707142857142857,0.0106,59.120000000000005,0.09999999999999999,0.0,2023-05-20,1.35
0.6564,-0.7544,1.39,1.87,1.9,1.19,0.009460000000000001,0.01199,18.0,19.3,10.1,10.1,52.95,59.5,11.3,12.31,0.0,0.0,1.73,0.010731428571428572,61.839999999999996,0.6857142857142857,0.0,2023-05-21,1.82
0.6433,-0.7656,1.35,1.39,1.87,1.9,0.00843,0.01246,16.9,18.7,8.5,9.9,58.13,52.16,5.15,13.0,3.03,0.0,1.7185714285714284,0.010228571428571429,64.72428571428571,1.5,4.1,2023-05-22,1.44
0.6301,-0.7765,1.82,1.35,1.39,1.8,0.007679999999999999,0.009460000000000001,19.9,18.0,12.3,10.1,75.47,52.95,7.13,11.3,9.44,0.0,1.667142857142857,0.009917142857142857,65.84285714285714,1.5,5.7,2023-05-23,1.16
0.6166,-0.7873,1.44,1.82,1.35,1.9,0.008119999999999999,0.00843,19.5,16.9,11.0,8.5,78.77,58.13,6.71,5.15,0.03,3.03,1.5614285714285714,0.009257142857142856,65.17285714285714,1.4142857142857144,0.1,2023-05-24,0.85
0.603,-0.7978,1.16,1.44,1.82,1.9,0.00666,0.007679999999999999,17.6,19.9,12.1,12.3,79.23,75.47,5.89,7.13,0.02,9.44,1.4114285714285715,0.008212857142857143,67.28857142857143,1.4142857142857144,0.0,2023-05-25,1.91
0.5892,-0.808,0.85,1.16,1.44,1.87,0.00468,0.008119999999999999,16.1,19.5,11.0,11.0,74.31,78.77,4.53,6.71,0.0,0.03,1.417142857142857,0.008145714285714286,68.09714285714286,1.4142857142857144,0.0,2023-05-26,1.74
0.5752,-0.818,1.91,0.85,1.16,1.39,0.01199,0.00666,19.1,17.6,7.4,12.1,57.82,79.23,12.92,5.89,0.0,0.02,1.467142857142857,0.008491428571428572,68.55285714285715,1.4142857142857144,0.0,2023-05-27,0.76
0.561,-0.8278,1.74,1.91,0.85,1.35,0.01188,0.00468,17.9,16.1,9.4,11.0,56.14,74.31,12.75,4.53,0.0,0.0,1.3828571428571428,0.007992857142857144,67.74571428571429,0.8285714285714285,0.0,2023-05-28,1.7
0.5467,-0.8373,0.76,1.74,1.91,1.82,0.004940000000000001,0.01199,14.0,19.1,8.9,7.4,52.48,57.82,6.15,12.92,0.0,0.0,1.3657142857142859,0.008557142857142857,63.51285714285715,0.028571428571428574,0.0,2023-05-29,1.29
0.5322,-0.8466,1.7,0.76,1.74,1.44,0.011630000000000001,0.01188,18.3,17.9,9.3,9.4,45.84,56.14,12.72,12.75,0.0,0.0,1.3442857142857143,0.008532857142857144,59.25714285714286,0.014285714285714287,0.1,2023-05-30,1.97
0.5176,-0.8556,1.29,1.7,0.76,1.16,0.00795,0.004940000000000001,18.5,14.0,8.4,8.9,48.98,52.48,7.58,6.15,0.0,0.0,1.4600000000000002,0.009274285714285716,54.037142857142854,0.014285714285714287,0.0,2023-05-31,1.43
0.5028,-0.8644,1.97,1.29,1.7,0.85,0.01185,0.011630000000000001,20.7,18.3,7.8,9.3,42.69,45.84,12.69,12.72,0.0,0.0,1.542857142857143,0.009895714285714285,51.94571428571429,0.014285714285714287,0.0,2023-06-01,1.72
0.4878,-0.8729,1.43,1.97,1.29,1.91,0.00903,0.00795,18.5,18.5,10.4,8.4,59.67,48.98,9.75,7.58,0.03,0.0,1.5157142857142856,0.009607142857142857,53.605714285714285,0.014285714285714287,0.0,2023-06-02,1.05
0.4728,-0.8812,1.72,1.43,1.97,1.74,0.009970000000000001,0.01185,20.3,20.7,9.2,7.8,69.44,42.69,10.29,12.69,0.34,0.0,1.417142857142857,0.008795714285714285,55.43428571428571,0.014285714285714287,0.0,2023-06-03,1.8
0.4575,-0.8892,1.05,1.72,1.43,0.76,0.0062,0.00903,17.4,18.5,10.4,10.4,68.94,59.67,6.33,9.75,0.0,0.03,1.5657142857142858,0.00973,53.62714285714286,0.014285714285714287,0.0,2023-06-04,1.6
0.4422,-0.8969,1.8,1.05,1.72,1.7,0.01148,0.009970000000000001,20.4,20.3,8.9,9.2,39.83,69.44,11.57,10.29,0.0,0.34,1.5514285714285714,0.009608571428571428,53.207142857142856,0.0,0.0,2023-06-05,1.63
0.4267,-0.9044,1.6,1.8,1.05,1.29,0.01078,0.0062,18.3,17.4,9.1,10.4,42.9,68.94,12.02,6.33,0.0,0.0,1.5999999999999999,0.009981428571428572,53.402857142857144,0.0,0.0,2023-06-06,1.46
0.4111,-0.9116,1.63,1.6,1.8,1.97,0.01056,0.01148,18.8,20.4,8.2,8.9,50.35,39.83,9.43,11.57,0.01,0.0,1.5271428571428571,0.009695714285714285,55.027142857142856,0.0,0.0,2023-06-07,1.39
0.3953,-0.9185,1.46,1.63,1.6,1.43,0.00985,0.01078,17.8,18.3,9.1,9.1,54.06,42.9,8.21,12.02,0.01,0.0,1.5214285714285716,0.009645714285714285,55.20285714285715,0.0,0.0,2023-06-08,0.82
0.3795,-0.9252,1.39,1.46,1.63,1.72,0.00868,0.01056,18.5,18.8,11.3,8.2,60.9,50.35,6.84,9.43,0.22,0.01,1.3928571428571428,0.008757142857142857,55.458571428571425,0.8571428571428571,0.0,2023-06-09,1.45
0.3635,-0.9316,0.82,1.39,1.46,1.05,0.00375,0.00985,16.0,17.8,11.7,9.1,71.23,54.06,5.91,8.21,1.36,0.01,1.45,0.009307142857142858,54.23285714285714,0.8571428571428571,6.0,2023-06-10,1.34
0.3474,-0.9377,1.45,0.82,1.39,1.8,0.01005,0.00868,15.9,18.5,7.2,11.3,60.36,60.9,11.45,6.84,0.0,0.22,1.3842857142857141,0.00920142857142857,55.541428571428575,0.8571428571428571,0.0,2023-06-11,1.39
0.3312,-0.9436,1.34,1.45,0.82,1.6,0.01074,0.00375,12.1,16.0,4.7,11.7,48.99,71.23,11.19,5.91,0.0,1.36,1.3542857142857143,0.009315714285714287,54.83428571428572,0.8571428571428571,0.0,2023-06-12,1.48
0.3149,-0.9491,1.39,1.34,1.45,1.63,0.01158,0.01005,12.3,15.9,2.5,7.2,37.95,60.36,10.69,11.45,0.0,0.0,1.332857142857143,0.009492857142857141,52.26571428571429,0.8571428571428571,0.0,2023-06-13,1.55
0.2986,-0.9544,1.48,1.39,1.34,1.46,0.011800000000000001,0.01074,13.9,12.1,2.4,4.7,32.37,48.99,12.35,11.19,0.0,0.0,1.3457142857142856,0.009672857142857144,48.58142857142857,0.8571428571428571,0.0,2023-06-14,1.89
0.2821,-0.9594,1.55,1.48,1.39,1.39,0.01111,0.01158,13.6,12.3,3.0,2.5,28.27,37.95,11.36,10.69,0.0,0.0,1.417142857142857,0.01004857142857143,45.33571428571429,0.8571428571428571,0.0,2023-06-15,1.89
0.2656,-0.9641,1.89,1.55,1.48,0.82,0.01131,0.011800000000000001,17.4,13.9,8.2,2.4,38.18,32.37,11.56,12.35,0.0,0.0,1.57,0.011085714285714286,41.25571428571429,0.0,0.0,2023-06-16,1.71
0.2489,-0.9685,1.89,1.89,1.55,1.45,0.011009999999999999,0.01111,20.4,13.6,9.2,3.0,42.67,28.27,11.61,11.36,0.0,0.0,1.6071428571428572,0.01126857142857143,37.91857142857143,0.0,0.0,2023-06-17,0.78
0.2322,-0.9727,1.71,1.89,1.89,1.34,0.01133,0.01131,18.2,17.4,8.8,8.2,37.0,38.18,10.27,11.56,0.0,0.0,1.5271428571428571,0.010328571428571428,38.137142857142855,0.04285714285714286,0.0,2023-06-18,1.74
0.2155,-0.9765,0.78,1.71,1.89,1.39,0.0041600000000000005,0.011009999999999999,15.1,20.4,7.9,9.2,50.52,42.67,5.29,11.61,0.36,0.0,1.577142857142857,0.010190000000000001,42.82857142857143,0.12857142857142856,0.3,2023-06-19,0.95
0.1986,-0.9801,1.74,0.78,1.71,1.48,0.01061,0.01133,19.3,18.2,9.2,8.8,70.79,37.0,10.94,10.27,0.12,0.0,1.5014285714285713,0.009245714285714286,48.02285714285715,0.14285714285714285,0.6,2023-06-20,0.94
0.1818,-0.9833,0.95,1.74,0.78,1.55,0.00519,0.0041600000000000005,16.6,15.1,9.1,7.9,68.73,50.52,5.43,5.29,0.04,0.36,1.4142857142857144,0.008415714285714285,52.82571428571429,0.18571428571428572,0.1,2023-06-21,1.0
0.1648,-0.9863,0.94,0.95,1.74,1.89,0.0053,0.01061,17.0,19.3,8.9,9.2,61.89,70.79,4.05,10.94,5.73,0.12,1.2871428571428571,0.007338571428571429,57.877142857142864,2.185714285714286,0.3,2023-06-22,0.88
0.1478,-0.989,1.0,0.94,0.95,1.89,0.00377,0.00519,18.6,16.6,12.7,9.1,73.54,68.73,4.53,5.43,6.51,0.04,1.1428571428571428,0.0062271428571428564,61.511428571428574,4.271428571428571,14.0,2023-06-23,1.53
0.1308,-0.9914,0.88,1.0,0.94,1.71,0.00323,0.0053,21.1,17.0,13.8,8.9,68.11,61.89,3.67,4.05,1.37,5.73,1.1171428571428572,0.006014285714285714,64.75714285714285,4.271428571428571,14.6,2023-06-24,1.3
0.1137,-0.9935,1.53,0.88,1.0,0.78,0.00984,0.00377,19.8,18.6,13.2,12.7,59.72,73.54,9.04,4.53,0.17,6.51,1.1914285714285715,0.0066042857142857144,67.28428571428572,4.228571428571429,0.0,2023-06-25,1.17
0.0966,-0.9953,1.3,1.53,0.88,1.74,0.008289999999999999,0.00323,18.8,21.1,11.7,13.8,68.21,68.11,8.94,3.67,0.39,1.37,1.1099999999999999,0.00614,68.32285714285715,4.142857142857143,0.0,2023-06-26,1.16
0.0795,-0.9968,1.17,1.3,1.53,0.95,0.00736,0.00984,18.7,19.8,11.9,13.2,78.06,59.72,8.22,9.04,0.27,0.17,1.14,0.006395714285714285,67.97285714285714,4.128571428571428,0.0,2023-06-27,1.5
0.0623,-0.9981,1.16,1.17,1.3,0.94,0.00698,0.008289999999999999,17.2,18.8,8.9,11.7,66.28,68.21,7.1,8.94,0.01,0.39,1.22,0.007075714285714285,66.24285714285715,4.085714285714286,0.0,2023-06-28,1.65
0.0451,-0.999,1.5,1.16,1.17,1.0,0.010060000000000001,0.00736,16.5,18.7,7.9,11.9,49.78,78.06,10.24,8.22,0.0,0.27,1.3128571428571427,0.008091428571428572,62.42,2.085714285714286,0.0,2023-06-29,2.16
0.028,-0.9996,1.65,1.5,1.16,0.88,0.01088,0.00698,19.1,17.2,7.3,8.9,46.78,66.28,12.16,7.1,0.0,0.01,1.4957142857142858,0.009285714285714286,58.33714285714286,0.0,0.0,2023-06-30,1.61
0.0108,-0.9999,2.16,1.65,1.5,1.53,0.01159,0.010060000000000001,22.6,16.5,10.4,7.9,39.53,49.78,12.31,10.24,0.0,0.0,1.5071428571428573,0.009344285714285713,57.151428571428575,0.0,0.0,2023-07-01,1.32
-0.0065,-1.0,1.61,2.16,1.65,1.3,0.01025,0.01088,16.6,19.1,9.7,7.3,51.42,46.78,8.09,12.16,0.0,0.0,1.51,0.00945142857142857,56.861428571428576,0.0,0.0,2023-07-02,1.79
-0.0237,-0.9997,1.32,1.61,2.16,1.17,0.00904,0.01159,16.6,22.6,8.5,10.4,66.18,39.53,7.3,12.31,0.0,0.0,1.5985714285714285,0.010038571428571428,55.55857142857143,0.0,0.0,2023-07-03,1.82
-0.0408,-0.9992,1.79,1.32,1.61,1.16,0.011470000000000001,0.01025,19.1,16.6,7.8,9.7,68.94,51.42,11.95,8.09,0.0,0.0,1.6928571428571428,0.010660000000000001,56.471428571428575,0.0,0.0,2023-07-04,1.81
-0.058,-0.9983,1.82,1.79,1.32,1.5,0.01133,0.00904,18.3,16.6,7.5,8.5,72.67,66.18,11.8,7.3,0.0,0.0,1.737142857142857,0.010862857142857143,58.87571428571429,0.0,0.0,2023-07-05,1.63
-0.0752,-0.9972,1.81,1.82,1.79,1.65,0.01148,0.011470000000000001,18.6,19.1,6.7,7.8,66.61,68.94,11.48,11.95,0.0,0.0,1.7342857142857144,0.01088,61.848571428571425,0.0,0.0,2023-07-06,0.79
-0.0923,-0.9957,1.63,1.81,1.82,2.16,0.011,0.01133,16.8,18.3,6.1,7.5,67.59,72.67,10.91,11.8,0.01,0.0,1.5385714285714285,0.009861428571428571,66.17714285714285,0.1285714285714286,0.0,2023-07-07,1.75
-0.1094,-0.994,0.79,1.63,1.81,1.61,0.0044599999999999996,0.01148,14.0,18.6,6.1,6.7,69.83,66.61,6.87,11.48,0.01,0.0,1.5585714285714285,0.010029999999999999,68.86,0.1285714285714286,0.9,2023-07-08,1.7
-0.1265,-0.992,1.75,0.79,1.63,1.32,0.01143,0.011,17.9,16.8,5.5,6.1,70.2,67.59,11.5,10.91,0.06,0.01,1.6128571428571428,0.01037857142857143,67.92857142857143,0.1285714285714286,0.0,2023-07-09,1.41
-0.1436,-0.9896,1.7,1.75,0.79,1.79,0.01148,0.0044599999999999996,17.6,14.0,7.0,6.1,59.66,69.83,11.19,6.87,0.0,0.01,1.5585714285714285,0.010035714285714285,66.44,0.17142857142857143,0.0,2023-07-10,0.87
-0.1606,-0.987,1.41,1.7,1.75,1.82,0.00907,0.01143,16.3,17.9,6.9,5.5,58.52,70.2,6.57,11.5,0.0,0.06,1.4228571428571428,0.00896142857142857,68.03571428571429,3.8285714285714287,0.3,2023-07-11,1.47
-0.1775,-0.9841,0.87,1.41,1.7,1.81,0.00381,0.01148,15.9,17.6,7.5,7.0,83.84,59.66,3.46,11.19,8.94,0.0,1.374285714285714,0.008551428571428571,69.95428571428572,5.742857142857143,25.6,2023-07-12,1.8
-0.1944,-0.9809,1.47,0.87,1.41,1.63,0.00861,0.00907,17.6,16.3,9.6,6.9,80.04,58.52,8.41,6.57,3.46,0.0,1.3985714285714284,0.00863,66.18714285714286,5.742857142857143,13.4,2023-07-13,1.37
-0.2113,-0.9774,1.8,1.47,0.87,0.79,0.011550000000000001,0.00381,17.5,15.9,6.9,7.5,41.22,83.84,12.2,3.46,0.0,8.94,1.4814285714285713,0.009330000000000001,62.98285714285714,5.614285714285715,0.0,2023-07-14,1.51
-0.2281,-0.9736,1.37,1.8,1.47,1.75,0.00936,0.00861,15.4,17.6,6.9,9.6,47.4,80.04,10.54,8.41,0.0,3.46,1.4471428571428573,0.009217142857142858,60.07285714285714,5.614285714285715,0.0,2023-07-15,1.66
-0.2448,-0.9696,1.51,1.37,1.8,1.7,0.01064,0.011550000000000001,16.1,17.5,7.6,6.9,49.83,41.22,12.29,12.2,0.0,0.0,1.4414285714285715,0.009252857142857144,58.47571428571428,5.614285714285715,0.0,2023-07-16,1.06
-0.2614,-0.9652,1.66,1.51,1.37,1.41,0.01173,0.00936,16.7,15.4,7.0,6.9,48.48,47.4,12.8,10.54,0.0,0.0,1.3914285714285715,0.008967142857142858,57.61,5.571428571428571,0.0,2023-07-17,2.04
-0.278,-0.9606,1.06,1.66,1.51,0.87,0.00707,0.01064,15.4,16.1,5.6,7.6,52.46,49.83,8.15,12.29,0.0,0.0,1.5585714285714285,0.01,52.79,1.9142857142857144,0.0,2023-07-18,1.48
-0.2945,-0.9557,2.04,1.06,1.66,1.47,0.01104,0.01173,21.4,16.7,9.9,7.0,50.1,48.48,9.65,12.8,0.0,0.0,1.56,0.009934285714285715,48.63428571428572,0.0,0.0,2023-07-19,1.15
-0.3109,-0.9505,1.48,2.04,1.06,1.8,0.008150000000000001,0.00707,20.1,15.4,11.1,5.6,50.95,52.46,8.74,8.15,0.0,0.0,1.467142857142857,0.00946142857142857,51.30428571428571,0.0,0.0,2023-07-20,1.09
-0.3272,-0.945,1.15,1.48,2.04,1.37,0.00824,0.01104,15.2,21.4,7.5,9.9,59.91,50.1,7.52,9.65,0.04,0.0,1.4271428571428573,0.008871428571428572,56.354285714285716,0.0,0.0,2023-07-21,0.96
-0.3434,-0.9392,1.09,1.15,1.48,1.51,0.00523,0.008150000000000001,17.0,20.1,10.3,11.1,82.75,50.95,4.95,8.74,6.77,0.0,1.3485714285714285,0.008165714285714287,62.15857142857143,4.385714285714285,0.0,2023-07-22,1.57
-0.3595,-0.9332,0.96,1.09,1.15,1.66,0.0057,0.00824,15.9,15.2,10.5,7.5,90.46,59.91,7.47,7.52,12.62,0.04,1.3357142857142856,0.00804,65.52142857142857,4.385714285714285,30.7,2023-07-23,1.85
-0.3755,-0.9268,1.57,0.96,1.09,1.06,0.01085,0.00523,15.7,17.0,6.9,10.3,72.02,82.75,9.04,4.95,0.0,6.77,1.4485714285714286,0.008870000000000001,66.19,4.385714285714285,0.0,2023-07-24,1.63
-0.3914,-0.9202,1.85,1.57,0.96,2.04,0.01288,0.0057,17.1,15.9,7.1,10.5,57.14,90.46,13.75,7.47,0.0,12.62,1.3900000000000001,0.008862857142857143,68.46142857142857,4.385714285714285,0.0,2023-07-25,1.49
-0.4071,-0.9134,1.63,1.85,1.57,1.48,0.01099,0.01085,16.7,15.7,7.4,6.9,66.0,72.02,11.6,9.04,0.02,0.0,1.3914285714285715,0.00922857142857143,69.15571428571428,4.385714285714285,0.0,2023-07-26,1.61
-0.4228,-0.9062,1.49,1.63,1.85,1.15,0.01071,0.01288,16.0,17.1,7.1,7.1,55.81,57.14,9.08,13.75,0.0,0.0,1.457142857142857,0.009718571428571429,67.93571428571428,4.385714285714285,0.0,2023-07-27,2.05
-0.4383,-0.8988,1.61,1.49,1.63,1.09,0.01167,0.01099,16.5,16.7,7.7,7.4,51.37,66.0,13.73,11.6,0.0,0.02,1.5942857142857143,0.01080857142857143,62.925714285714285,4.385714285714285,0.0,2023-07-28,1.77
-0.4537,-0.8912,2.05,1.61,1.49,0.96,0.01286,0.01071,22.0,16.0,8.0,7.1,47.68,55.81,10.02,9.08,0.01,0.0,1.7100000000000002,0.01168,58.535714285714285,0.0,0.0,2023-07-29,1.59
-0.469,-0.8832,1.77,2.05,1.61,1.57,0.011800000000000001,0.01167,18.3,16.5,8.5,7.7,59.73,51.37,13.59,13.73,0.01,0.0,1.7128571428571429,0.011661428571428573,55.629999999999995,0.0,0.0,2023-07-30,1.18
-0.4841,-0.875,1.59,1.77,2.05,1.85,0.01072,0.01286,17.6,22.0,9.6,8.0,51.68,47.68,8.98,10.02,0.0,0.01,1.6171428571428572,0.010961428571428572,55.645714285714284,0.028571428571428574,0.0,2023-07-31,1.8
-0.4991,-0.8666,1.18,1.59,1.77,1.63,0.007980000000000001,0.011800000000000001,15.9,18.3,10.9,8.5,57.25,59.73,9.55,13.59,0.0,0.01,1.6414285714285715,0.01104857142857143,52.92857142857143,0.028571428571428574,0.2,2023-08-01,2.09
-0.5139,-0.8578,1.8,1.18,1.59,1.49,0.0116,0.01072,19.1,17.6,10.8,9.6,46.98,51.68,14.12,8.98,0.0,0.0,1.727142857142857,0.011428571428571429,51.66571428571428,0.028571428571428574,0.0,2023-08-02,1.46
-0.5286,-0.8489,2.09,1.8,1.18,1.61,0.01337,0.007980000000000001,19.6,15.9,9.2,10.9,46.97,57.25,14.78,9.55,0.0,0.0,1.7057142857142857,0.011254285714285715,51.04142857142857,0.028571428571428574,0.0,2023-08-03,1.95
-0.5431,-0.8397,1.46,2.09,1.8,2.05,0.01045,0.0116,15.7,19.1,9.1,10.8,47.0,46.98,10.32,14.12,0.0,0.0,1.6914285714285715,0.011367142857142857,50.50142857142857,0.042857142857142864,0.0,2023-08-04,1.09
-0.5575,-0.8302,1.95,1.46,2.09,1.77,0.01365,0.01337,18.4,19.6,9.7,9.2,43.9,46.97,10.07,14.78,0.0,0.0,1.5942857142857143,0.010564285714285715,51.082857142857144,0.21428571428571427,0.1,2023-08-05,1.97
-0.5717,-0.8205,1.09,1.95,1.46,1.59,0.00618,0.01045,14.8,15.7,10.1,9.1,63.8,47.0,4.83,10.32,0.02,0.0,1.6485714285714284,0.010870000000000001,54.379999999999995,0.21428571428571427,1.2,2023-08-06,1.6
-0.5857,-0.8105,1.97,1.09,1.95,1.18,0.01286,0.01365,17.7,18.4,8.9,9.7,74.76,43.9,13.72,10.07,0.02,0.0,1.7085714285714286,0.011261428571428572,54.16857142857143,0.24285714285714285,0.0,2023-08-07,1.99
-0.5996,-0.8003,1.6,1.97,1.09,1.8,0.01072,0.00618,16.7,14.8,8.0,10.1,55.77,63.8,9.56,4.83,0.0,0.02,1.7357142857142858,0.011537142857142857,55.894285714285715,0.24285714285714285,0.4,2023-08-08,0.94
-0.6132,-0.7899,1.99,1.6,1.97,2.09,0.013529999999999999,0.01286,17.7,17.7,7.8,8.9,59.06,74.76,7.11,13.72,0.0,0.02,1.5714285714285714,0.010364285714285715,58.73857142857143,0.2714285714285714,0.0,2023-08-09,1.72
-0.6267,-0.7792,0.94,1.99,1.6,1.46,0.0051600000000000005,0.01072,16.6,16.7,10.1,8.0,66.88,55.77,5.79,9.56,0.54,0.0,1.6085714285714285,0.010342857142857143,64.28714285714285,2.6,0.2,2023-08-10,2.09
-0.64,-0.7683,1.72,0.94,1.99,1.95,0.0103,0.013529999999999999,17.4,17.7,8.1,7.8,85.84,59.06,11.9,7.11,9.05,0.0,1.6285714285714286,0.010472857142857143,65.56142857142858,2.585714285714286,16.3,2023-08-11,2.29
-0.6532,-0.7572,2.09,1.72,0.94,1.09,0.01456,0.0051600000000000005,17.8,16.6,6.8,10.1,52.82,66.88,15.78,5.79,0.0,0.54,1.8,0.011705714285714286,63.41857142857143,2.4142857142857146,0.0,2023-08-12,2.96
-0.6661,-0.7459,2.29,2.09,1.72,1.97,0.01481,0.0103,20.1,17.4,6.7,8.1,48.8,85.84,15.26,11.9,0.0,9.05,1.9414285714285715,0.012072857142857144,58.75142857142857,2.4142857142857146,0.0,2023-08-13,2.14
-0.6788,-0.7343,2.96,2.29,2.09,1.6,0.01543,0.01456,25.3,17.8,10.7,6.8,42.09,52.82,16.36,15.78,0.0,0.0,2.0185714285714282,0.012574285714285715,57.32714285714286,2.357142857142857,0.0,2023-08-14,1.2
-0.6914,-0.7225,2.14,2.96,2.29,1.99,0.01423,0.01481,18.6,20.1,9.9,6.7,45.8,48.8,12.15,15.26,0.01,0.0,1.9057142857142857,0.011624285714285714,58.28142857142857,2.357142857142857,0.0,2023-08-15,1.3
-0.7037,-0.7105,1.2,2.14,2.96,0.94,0.00688,0.01543,16.7,25.3,11.5,10.7,65.74,42.09,7.52,16.36,0.04,0.0,1.957142857142857,0.012008571428571427,60.160000000000004,2.4,0.0,2023-08-16,1.45
-0.7158,-0.6983,1.3,1.2,2.14,1.72,0.00785,0.01423,16.4,18.6,10.4,9.9,80.03,45.8,7.52,12.15,0.11,0.01,1.9185714285714286,0.011844285714285713,59.44428571428572,0.1142857142857143,0.5,2023-08-17,2.02
-0.7277,-0.6859,1.45,1.3,1.2,2.09,0.00915,0.00688,17.1,16.7,9.4,11.5,80.83,65.74,11.41,7.52,0.35,0.04,1.9085714285714286,0.011677142857142856,60.787142857142854,0.1142857142857143,0.3,2023-08-18,1.04
-0.7394,-0.6733,2.02,1.45,1.3,2.29,0.01339,0.00785,17.2,16.4,7.4,10.4,62.22,80.03,13.19,7.52,0.0,0.11,1.73,0.010185714285714286,64.73285714285714,1.1285714285714286,0.0,2023-08-19,1.88
-0.7509,-0.6605,1.04,2.02,1.45,2.96,0.00437,0.00915,17.5,17.1,11.0,9.4,76.42,80.83,7.17,11.41,11.99,0.35,1.5757142857142856,0.009581428571428572,68.96571428571428,1.1285714285714286,7.1,2023-08-20,1.85
-0.7621,-0.6474,1.88,1.04,2.02,2.14,0.0112,0.01339,18.8,17.2,10.3,7.4,71.72,62.22,10.7,13.19,0.63,0.0,1.5342857142857143,0.009192857142857143,73.39571428571428,1.1285714285714286,0.0,2023-08-21,1.1
-0.7731,-0.6342,1.85,1.88,1.04,1.2,0.01151,0.00437,19.1,17.5,11.2,11.0,76.81,76.42,13.79,7.17,0.42,11.99,1.52,0.008825714285714286,75.90428571428572,6.671428571428571,0.0,2023-08-22,0.65
-0.7839,-0.6208,1.1,1.85,1.88,1.3,0.00431,0.0112,16.5,18.8,12.6,10.3,83.3,71.72,6.56,10.7,15.21,0.63,1.4271428571428573,0.008184285714285715,76.21142857142857,12.700000000000001,38.8,2023-08-23,2.32
-0.7945,-0.6073,0.65,1.1,1.85,1.45,0.0033599999999999997,0.01151,13.3,19.1,10.5,11.2,82.18,76.81,8.06,13.79,2.17,0.42,1.5514285714285714,0.009175714285714285,74.73,12.657142857142857,42.7,2023-08-24,2.35
-0.8048,-0.5935,2.32,0.65,1.1,2.02,0.01609,0.00431,16.6,16.5,7.3,12.6,70.46,83.3,16.51,6.56,0.0,15.21,1.5985714285714285,0.009714285714285715,74.77571428571427,12.657142857142857,0.0,2023-08-25,2.46
-0.8149,-0.5796,2.35,2.32,0.65,1.04,0.01716,0.0033599999999999997,16.9,13.3,5.5,10.5,62.54,82.18,18.9,8.06,0.0,2.17,1.8014285714285714,0.011538571428571428,71.10714285714286,11.642857142857142,0.0,2023-08-26,2.93
-0.8248,-0.5655,2.46,2.35,2.32,1.88,0.01714,0.01609,17.0,16.6,5.5,7.3,50.74,70.46,18.04,16.51,0.0,0.0,1.9514285714285715,0.012508571428571428,67.34714285714286,11.642857142857142,0.0,2023-08-27,2.49
-0.8344,-0.5512,2.93,2.46,2.35,1.85,0.01799,0.01716,21.5,16.9,6.1,5.5,45.4,62.54,19.12,18.9,0.0,0.0,2.042857142857143,0.013138571428571428,64.42714285714285,11.700000000000001,0.0,2023-08-28,2.75
-0.8437,-0.5368,2.49,2.93,2.46,1.1,0.01592,0.01714,18.8,17.0,10.5,5.5,56.37,50.74,15.29,18.04,0.0,0.0,2.278571428571429,0.01511142857142857,60.49571428571429,6.1571428571428575,0.4,2023-08-29,2.48
-0.8528,-0.5222,2.75,2.49,2.93,0.65,0.01812,0.01799,18.2,21.5,7.0,6.1,55.78,45.4,19.15,19.12,0.0,0.0,2.54,0.016925714285714287,57.07714285714285,0.05714285714285715,0.0,2023-08-30,2.32
-0.8617,-0.5074,2.48,2.75,2.49,2.32,0.016059999999999998,0.01592,19.7,18.8,9.8,10.5,58.25,56.37,19.25,15.29,0.0,0.0,2.54,0.016995714285714284,54.50285714285714,0.05714285714285715,0.0,2023-08-31,1.18
-0.8703,-0.4925,2.32,2.48,2.75,2.35,0.016579999999999998,0.01812,16.4,18.2,8.2,7.0,52.44,55.78,17.69,19.15,0.0,0.0,2.3728571428571428,0.01550142857142857,54.949999999999996,0.05714285714285715,0.0,2023-09-01,1.17
-0.8786,-0.4775,1.18,2.32,2.48,2.46,0.0067,0.016059999999999998,15.4,19.7,9.8,9.8,65.67,58.25,7.81,19.25,0.0,0.0,2.1885714285714286,0.013944285714285715,59.21857142857142,0.2857142857142857,0.0,2023-09-02,2.26
-0.8867,-0.4623,1.17,1.18,2.32,2.93,0.00624,0.016579999999999998,15.7,16.4,9.7,8.2,80.62,52.44,5.57,17.69,0.03,0.0,2.092857142857143,0.013441428571428571,64.24428571428571,0.3285714285714286,1.6,2023-09-03,1.46
-0.8945,-0.447,2.26,1.17,1.18,2.49,0.01447,0.0067,17.6,15.4,9.2,9.8,80.58,65.67,15.11,7.81,0.04,0.0,1.9457142857142855,0.012287142857142858,66.60714285714286,0.27142857142857146,0.3,2023-09-04,1.79
-0.9021,-0.4315,1.46,2.26,1.17,2.75,0.00784,0.00624,17.2,15.7,9.8,9.7,72.91,80.62,10.73,5.57,0.08,0.03,1.8085714285714285,0.011274285714285712,67.99142857142857,0.27142857142857146,0.0,2023-09-05,1.12
-0.9094,-0.4159,1.79,1.46,2.26,2.48,0.01103,0.01447,18.4,17.6,8.9,9.2,65.47,80.58,9.47,15.11,0.44,0.04,1.614285714285714,0.009865714285714285,71.24142857142857,2.9857142857142853,0.0,2023-09-06,2.28
-0.9164,-0.4002,1.12,1.79,1.46,2.32,0.0062,0.00784,16.8,17.2,10.8,9.8,81.0,72.91,6.49,10.73,2.82,0.08,1.6085714285714285,0.00962,73.12142857142858,3.057142857142857,19.0,2023-09-07,2.56
-0.9232,-0.3844,2.28,1.12,1.79,1.18,0.01486,0.01103,18.1,18.4,9.2,8.9,65.6,65.47,17.73,9.47,0.05,0.44,1.8057142857142858,0.011098571428571428,72.37142857142858,3.057142857142857,0.5,2023-09-08,1.85
-0.9296,-0.3685,2.56,2.28,1.12,1.17,0.01705,0.0062,17.3,16.8,9.0,10.8,60.42,81.0,18.12,6.49,0.31,2.82,1.9028571428571428,0.011798571428571427,69.72142857142858,2.8285714285714287,0.0,2023-09-09,1.69
-0.9358,-0.3524,1.85,2.56,2.28,2.26,0.01114,0.01486,17.3,18.1,10.3,9.2,62.07,65.6,9.28,17.73,0.28,0.05,1.8214285714285714,0.011042857142857142,68.4042857142857,2.7857142857142856,0.0,2023-09-10,2.91
-0.9418,-0.3363,1.69,1.85,2.56,1.46,0.009179999999999999,0.01705,19.1,17.3,11.0,9.0,71.36,60.42,8.26,18.12,5.25,0.31,2.0285714285714285,0.012692857142857143,68.36999999999999,5.1571428571428575,0.0,2023-09-11,2.58
-0.9474,-0.32,2.91,1.69,1.85,1.79,0.01939,0.01114,18.7,17.3,9.8,10.3,72.67,62.07,20.43,9.28,8.0,0.28,2.1414285714285715,0.013712857142857143,68.49,5.1571428571428575,16.6,2023-09-12,1.87
-0.9528,-0.3037,2.58,2.91,1.69,1.12,0.018170000000000002,0.009179999999999999,16.2,19.1,7.7,11.0,66.31,71.36,19.83,8.26,0.0,5.25,2.2485714285714287,0.01463857142857143,65.40285714285714,2.442857142857143,0.0,2023-09-13,3.15
-0.9579,-0.2873,1.87,2.58,2.91,2.28,0.01268,0.01939,15.1,18.7,6.8,9.8,59.39,72.67,14.73,20.43,0.0,8.0,2.3728571428571428,0.015375714285714286,63.87714285714286,2.3714285714285714,0.0,2023-09-14,2.94
-0.9627,-0.2707,3.15,1.87,2.58,2.56,0.02002,0.018170000000000002,20.8,16.2,7.5,7.7,54.92,66.31,21.51,19.83,0.0,0.0,2.4271428571428575,0.015684285714285713,62.93571428571429,2.3714285714285714,0.0,2023-09-15,2.29
-0.9672,-0.2541,2.94,3.15,1.87,1.85,0.01921,0.01268,20.8,15.1,10.8,6.8,53.83,59.39,21.28,14.73,0.0,0.0,2.4899999999999998,0.016344285714285714,64.16428571428571,2.3714285714285714,0.0,2023-09-16,1.57
-0.9714,-0.2375,2.29,2.94,3.15,1.69,0.01576,0.02002,17.5,20.8,10.9,7.5,70.67,54.92,16.92,21.51,0.0,0.0,2.472857142857143,0.016372857142857144,64.27285714285715,2.3714285714285714,0.0,2023-09-17,1.99
-0.9753,-0.2207,1.57,2.29,2.94,2.91,0.009380000000000001,0.01921,15.2,20.8,8.9,10.8,72.12,53.83,12.77,21.28,0.0,0.0,2.3414285714285716,0.01547,64.02571428571429,0.0,0.0,2023-09-18,2.9
-0.979,-0.2039,1.99,1.57,2.29,2.58,0.01307,0.01576,16.1,17.5,7.5,10.9,70.94,70.67,14.11,16.92,0.0,0.0,2.3871428571428575,0.015485714285714285,63.16857142857143,0.0,0.0,2023-09-19,1.5
-0.9824,-0.187,2.9,1.99,1.57,1.87,0.01828,0.009380000000000001,19.5,15.2,9.8,8.9,60.31,72.12,18.22,12.77,0.0,0.0,2.334285714285714,0.014801428571428573,65.16857142857143,0.15714285714285717,0.0,2023-09-20,2.95
-0.9854,-0.1701,1.5,2.9,1.99,3.15,0.00789,0.01307,16.1,16.1,9.5,7.5,73.39,70.94,13.73,14.11,0.0,0.0,2.3057142857142856,0.014642857142857143,67.58285714285714,0.15714285714285717,1.1,2023-09-21,2.08
-0.9882,-0.1531,2.95,1.5,2.9,2.94,0.01891,0.01828,18.3,19.5,6.9,9.8,71.82,60.31,18.28,18.22,0.0,0.0,2.182857142857143,0.013808571428571429,70.93571428571428,0.15714285714285717,0.0,2023-09-22,2.08
-0.9907,-0.1361,2.08,2.95,1.5,2.29,0.01337,0.00789,16.8,16.1,9.2,9.5,77.3,73.39,11.55,13.73,0.0,0.0,2.152857142857143,0.013612857142857144,70.76857142857143,0.15714285714285717,0.0,2023-09-23,3.06
-0.9929,-0.1191,2.08,2.08,2.95,1.57,0.01439,0.01891,15.6,18.3,10.0,6.9,69.5,71.82,18.74,18.28,0.0,0.0,2.3657142857142857,0.01536,69.36285714285714,0.15714285714285717,0.0,2023-09-24,3.12
-0.9948,-0.102,3.06,2.08,2.08,1.99,0.02161,0.01337,17.6,16.8,6.9,9.2,62.28,77.3,23.87,11.55,0.0,0.0,2.527142857142857,0.016622857142857144,69.24142857142857,0.15714285714285717,0.0,2023-09-25,3.28
-0.9964,-0.0848,3.12,3.06,2.08,2.9,0.02191,0.01439,16.6,15.6,9.2,10.0,70.09,69.5,23.52,18.74,0.01,0.0,2.5814285714285714,0.017247142857142857,69.97857142857143,0.15714285714285717,0.0,2023-09-26,3.11
-0.9977,-0.0677,3.28,3.12,3.06,1.5,0.02265,0.02161,18.4,17.6,7.1,6.9,65.47,62.28,24.28,23.87,0.0,0.0,2.8114285714285714,0.01927142857142857,67.95285714285714,0.0,0.0,2023-09-27,3.0
-0.9987,-0.0505,3.11,3.28,3.12,2.95,0.02206,0.02191,16.6,16.6,7.0,9.2,59.21,70.09,24.62,23.52,0.0,0.01,2.8185714285714285,0.019611428571428575,66.83285714285714,0.0,0.0,2023-09-28,3.28
-0.9994,-0.0333,3.0,3.11,3.28,2.08,0.02129,0.02265,17.4,18.4,7.5,7.1,63.98,65.47,23.99,24.28,0.0,0.0,2.9899999999999998,0.020994285714285715,64.07000000000001,0.0,0.0,2023-09-29,3.04
-0.9999,-0.0161,3.28,3.0,3.11,2.08,0.02305,0.02206,17.5,16.6,8.0,7.0,57.96,59.21,22.17,24.62,0.0,0.0,3.1271428571428572,0.021952857142857142,62.76571428571429,0.0,0.0,2023-09-30,1.85
-1.0,0.0011,3.04,3.28,3.0,3.06,0.0211,0.02129,17.7,17.4,7.8,7.5,60.37,63.98,12.83,23.99,0.0,0.0,2.954285714285714,0.020472857142857143,64.21285714285715,0.07142857142857142,0.0,2023-10-01,2.88
-0.9998,0.0183,1.85,3.04,3.28,3.12,0.01125,0.02305,16.4,17.5,10.3,8.0,72.41,57.96,9.1,22.17,0.01,0.0,2.9199999999999995,0.020025714285714286,65.17285714285714,0.07142857142857142,0.5,2023-10-02,3.5
-0.9994,0.0355,2.88,1.85,3.04,3.28,0.01878,0.0211,17.2,17.7,11.0,7.8,76.81,60.37,22.06,12.83,0.16,0.0,2.9514285714285715,0.020082857142857145,66.93571428571428,0.21428571428571427,0.0,2023-10-03,3.47
-0.9986,0.0527,3.5,2.88,1.85,3.11,0.02305,0.01125,18.2,16.4,9.6,10.3,77.81,72.41,23.34,9.1,0.38,0.01,3.0028571428571427,0.020372857142857144,67.35571428571428,0.21428571428571427,1.0,2023-10-04,3.12
-0.9976,0.0698,3.47,3.5,2.88,3.0,0.02409,0.01878,18.0,17.2,7.7,11.0,62.15,76.81,25.48,22.06,0.0,0.16,3.02,0.02037,67.81857142857143,0.21428571428571427,0.0,2023-10-05,3.53
-0.9962,0.087,3.12,3.47,3.5,3.28,0.02127,0.02305,16.6,18.2,9.4,9.6,67.22,77.81,21.61,23.34,0.0,0.38,3.0557142857142856,0.020372857142857144,69.01857142857143,0.21428571428571427,0.0,2023-10-06,3.73
-0.9946,0.1041,3.53,3.12,3.47,3.04,0.02307,0.02409,17.4,18.0,9.0,7.7,66.36,62.15,25.39,25.48,0.01,0.0,3.154285714285714,0.02089857142857143,68.05,0.21428571428571427,0.0,2023-10-07,3.39
-0.9926,0.1212,3.73,3.53,3.12,1.85,0.02478,0.02127,19.4,16.6,7.2,9.4,53.59,67.22,26.5,21.61,0.0,0.0,3.3742857142857146,0.02252857142857143,64.72714285714287,0.14285714285714285,0.0,2023-10-08,3.76
-0.9904,0.1383,3.39,3.73,3.53,2.88,0.02266,0.02307,18.8,17.4,9.1,9.0,49.15,66.36,24.48,25.39,0.0,0.01,3.5,0.02346142857142857,61.05714285714286,0.14285714285714285,0.0,2023-10-09,3.19
-0.9879,0.1553,3.76,3.39,3.73,3.5,0.02531,0.02478,18.9,19.4,10.0,7.2,51.12,53.59,24.48,26.5,0.0,0.0,3.455714285714286,0.023234285714285714,58.92285714285714,0.0,0.0,2023-10-10,3.62
-0.9851,0.1722,3.19,3.76,3.39,3.47,0.02146,0.02266,17.0,18.8,9.3,9.1,62.87,49.15,13.44,24.48,0.0,0.0,3.4771428571428573,0.02345,58.81142857142857,0.0,0.0,2023-10-11,4.06
-0.9819,0.1892,3.62,3.19,3.76,3.12,0.0256,0.02531,16.8,18.9,5.3,10.0,61.37,51.12,25.3,24.48,0.0,0.0,3.6114285714285717,0.024154285714285715,56.26,0.0,0.0,2023-10-12,3.8
-0.9785,0.206,4.06,3.62,3.19,3.53,0.026199999999999998,0.02146,20.2,17.0,7.6,9.3,49.36,62.87,27.04,13.44,0.0,0.0,3.65,0.024467142857142857,53.278571428571425,0.0,0.0,2023-10-13,3.83
-0.9749,0.2228,3.8,4.06,3.62,3.73,0.02526,0.0256,19.3,16.8,9.1,5.3,45.49,61.37,26.34,25.3,0.0,0.0,3.664285714285714,0.02464857142857143,52.24714285714286,0.0,0.0,2023-10-14,3.52
-0.9709,0.2396,3.83,3.8,4.06,3.39,0.02605,0.026199999999999998,18.6,20.2,8.0,7.6,46.37,49.36,19.74,27.04,0.0,0.0,3.682857142857143,0.024848571428571425,52.79714285714285,0.0,0.0,2023-10-15,3.99
-0.9666,0.2562,3.52,3.83,3.8,3.76,0.024059999999999998,0.02526,18.1,19.3,8.0,9.1,53.0,45.49,21.28,26.34,0.0,0.0,3.7157142857142853,0.025018571428571428,52.451428571428565,0.0,0.0,2023-10-16,4.02
-0.9621,0.2728,3.99,3.52,3.83,3.19,0.0265,0.02605,19.0,18.6,6.8,8.0,48.7,46.37,28.0,19.74,0.0,0.0,3.834285714285714,0.025732857142857144,51.37428571428571,0.0,0.0,2023-10-17,3.35
-0.9572,0.2893,4.02,3.99,3.52,3.62,0.02646,0.024059999999999998,19.5,18.1,9.8,8.0,55.33,53.0,26.53,21.28,0.0,0.0,3.795714285714286,0.024847142857142856,51.44857142857143,0.2285714285714286,0.0,2023-10-18,3.72
-0.9521,0.3057,3.35,4.02,3.99,4.06,0.019399999999999997,0.0265,20.2,19.0,8.9,6.8,61.89,48.7,25.17,28.0,0.0,0.0,3.7471428571428573,0.02453142857142857,50.30285714285714,0.2285714285714286,1.6,2023-10-19,3.09
-0.9467,0.3221,3.72,3.35,4.02,3.8,0.023989999999999997,0.02646,19.9,19.5,7.0,9.8,41.34,55.33,22.88,26.53,0.0,0.0,3.6457142857142855,0.023741428571428573,53.07285714285714,0.2285714285714286,0.0,2023-10-20,1.45
-0.941,0.3383,3.09,3.72,3.35,3.83,0.01973,0.019399999999999997,18.3,20.2,10.3,8.9,64.88,61.89,10.53,25.17,0.0,0.0,3.3057142857142856,0.021074285714285712,57.08142857142857,0.2285714285714286,0.0,2023-10-21,2.89
-0.9351,0.3545,1.45,3.09,3.72,3.52,0.00738,0.023989999999999997,16.2,19.9,12.2,7.0,74.43,41.34,11.92,22.88,0.0,0.0,3.2157142857142857,0.020284285714285717,60.23571428571428,0.2285714285714286,0.0,2023-10-22,3.21
-0.9288,0.3705,2.89,1.45,3.09,3.99,0.01853,0.01973,18.5,18.3,10.9,10.3,75.08,64.88,12.0,10.53,0.1,0.0,3.1042857142857145,0.01945857142857143,63.14,0.2285714285714286,0.0,2023-10-23,3.72
-0.9223,0.3864,3.21,2.89,1.45,4.02,0.02072,0.00738,19.5,16.2,10.3,12.2,69.03,74.43,18.32,11.92,0.12,0.0,3.0614285714285714,0.01926857142857143,64.40142857142857,0.2285714285714286,0.0,2023-10-24,3.61
-0.9155,0.4022,3.72,3.21,2.89,3.35,0.02513,0.01853,18.4,18.5,9.0,10.9,64.16,75.08,17.93,12.0,0.02,0.1,3.0985714285714288,0.019938571428571427,64.73714285714286,0.0,0.0,2023-10-25,3.94
-0.9085,0.4179,3.61,3.72,3.21,3.72,0.02409,0.02072,18.5,19.5,10.7,10.3,64.24,69.03,18.61,18.32,0.01,0.12,3.13,0.020168571428571428,68.06714285714285,0.0,0.0,2023-10-26,3.34
-0.9012,0.4335,3.94,3.61,3.72,3.09,0.0256,0.02513,17.8,18.4,10.7,9.0,64.65,64.16,18.91,17.93,0.02,0.02,3.165714285714286,0.020275714285714286,68.21000000000001,0.0,0.0,2023-10-27,2.52
-0.8936,0.4489,3.34,3.94,3.61,1.45,0.02048,0.02409,18.8,18.5,7.8,10.7,65.88,64.24,17.25,18.61,0.05,0.01,3.3185714285714285,0.021188571428571428,66.14714285714285,0.19999999999999998,0.0,2023-10-28,3.29
-0.8857,0.4642,2.52,3.34,3.94,2.89,0.01377,0.0256,16.7,17.8,9.6,10.7,59.99,64.65,14.2,18.91,0.08,0.02,3.3757142857142854,0.021277142857142856,66.06857142857143,0.5428571428571428,1.4,2023-10-29,3.21
-0.8776,0.4794,3.29,2.52,3.34,3.21,0.019149999999999997,0.02048,20.1,18.8,10.6,7.8,74.53,65.88,19.88,17.25,1.74,0.05,3.3757142857142854,0.021144285714285716,64.92999999999999,0.5428571428571428,2.4,2023-10-30,4.34
-0.8692,0.4944,3.21,3.29,2.52,3.72,0.01979,0.01377,18.2,16.7,10.5,9.6,61.06,59.99,19.49,14.2,0.0,0.08,3.4642857142857144,0.02164142857142857,63.44571428571429,0.5428571428571428,0.0,2023-10-31,2.52
-0.8606,0.5093,4.34,3.21,3.29,3.61,0.02861,0.019149999999999997,19.1,20.1,6.8,10.6,53.77,74.53,28.7,19.88,0.0,1.74,3.3085714285714287,0.020482857142857143,63.01285714285715,1.4857142857142855,0.0,2023-11-01,3.89
-0.8517,0.524,2.52,4.34,3.21,3.94,0.01598,0.01979,16.3,18.2,6.3,10.5,61.21,61.06,15.53,19.49,0.0,0.0,3.301428571428571,0.020467142857142857,63.044285714285714,1.5142857142857142,6.6,2023-11-02,5.48
-0.8426,0.5386,3.89,2.52,4.34,3.34,0.02549,0.02861,18.2,19.1,6.9,6.8,64.87,53.77,26.5,28.7,0.18,0.0,3.607142857142857,0.02177857142857143,58.84142857142857,1.5142857142857142,0.2,2023-11-03,3.44
-0.8332,0.553,5.48,3.89,2.52,2.52,0.02966,0.01598,26.4,16.3,7.6,6.3,36.46,61.21,31.02,15.53,0.0,0.0,3.738571428571429,0.022785714285714288,59.26285714285715,1.3142857142857143,0.0,2023-11-04,4.34
-0.8235,0.5672,3.44,5.48,3.89,3.29,0.02082,0.02549,20.2,18.2,10.9,6.9,62.94,64.87,22.08,26.5,0.07,0.18,3.8885714285714283,0.02393,56.712857142857146,0.9714285714285714,0.0,2023-11-05,3.62
-0.8137,0.5813,4.34,3.44,5.48,3.21,0.02716,0.02966,19.6,26.4,12.5,7.6,56.68,36.46,30.6,31.02,0.04,0.0,3.947142857142857,0.024314285714285712,56.184285714285714,0.9714285714285714,0.0,2023-11-06,5.04
-0.8035,0.5952,3.62,4.34,3.44,4.34,0.02248,0.02082,18.6,20.2,9.7,10.9,57.36,62.94,20.66,22.08,0.0,0.07,4.047142857142857,0.024415714285714287,56.221428571428575,0.9714285714285714,0.0,2023-11-07,5.13
-0.7932,0.609,5.04,3.62,4.34,2.52,0.02932,0.02716,23.2,19.6,9.3,12.5,54.03,56.68,30.87,30.6,0.0,0.04,4.42,0.026394285714285714,53.52428571428572,0.028571428571428574,0.0,2023-11-08,3.57
-0.7826,0.6225,5.13,5.04,3.62,3.89,0.02983,0.02248,23.9,18.6,8.9,9.7,42.33,57.36,31.57,20.66,0.0,0.0,4.3742857142857146,0.025768571428571425,51.089999999999996,0.014285714285714287,0.0,2023-11-09,1.62
-0.7718,0.6359,3.57,5.13,5.04,5.48,0.02111,0.02932,20.2,23.2,11.3,9.3,47.83,54.03,20.59,30.87,0.67,0.0,3.8228571428571425,0.02278142857142857,56.029999999999994,2.442857142857143,0.1,2023-11-10,2.86
-0.7607,0.6491,1.62,3.57,5.13,3.44,0.00875,0.02983,18.3,23.9,12.7,8.9,71.04,42.33,6.89,31.57,2.05,0.0,3.7399999999999998,0.02224,56.847142857142856,2.4714285714285715,17.0,2023-11-11,3.36
-0.7494,0.6621,2.86,1.62,3.57,4.34,0.01703,0.02111,18.3,20.2,12.4,11.3,68.66,47.83,19.56,20.59,0.03,0.67,3.6,0.02149857142857143,58.39142857142857,2.4714285714285715,0.2,2023-11-12,4.51
-0.7379,0.6749,3.36,2.86,1.62,3.62,0.02197,0.00875,17.2,18.3,9.2,12.7,67.49,71.04,20.56,6.89,0.0,2.05,3.7271428571428573,0.02262,58.1,2.4714285714285715,0.0,2023-11-13,4.16
-0.7262,0.6875,4.51,3.36,2.86,5.04,0.03033,0.01703,18.9,18.3,7.5,12.4,55.32,68.66,31.58,19.56,0.0,0.03,3.6014285714285714,0.022424285714285713,57.857142857142854,2.4714285714285715,0.0,2023-11-14,4.07
-0.7143,0.6998,4.16,4.51,3.36,5.13,0.02795,0.02197,18.5,17.2,7.8,9.2,52.33,67.49,27.92,20.56,0.0,0.0,3.4499999999999997,0.02214,59.39142857142857,2.4714285714285715,0.0,2023-11-15,4.49
-0.7021,0.712,4.07,4.16,4.51,3.57,0.02784,0.03033,17.3,18.9,7.8,7.5,53.07,55.32,25.12,31.58,0.0,0.0,3.5814285714285714,0.023527142857142858,59.964285714285715,2.457142857142857,0.0,2023-11-16,2.73
-0.6898,0.724,4.49,4.07,4.16,1.62,0.03082,0.02795,17.5,18.5,6.5,7.8,51.84,52.33,30.61,27.92,0.0,0.0,3.7399999999999998,0.024442857142857145,58.255714285714284,0.028571428571428574,0.0,2023-11-17,4.85
-0.6772,0.7358,2.73,4.49,4.07,2.86,0.01516,0.02784,19.1,17.3,10.3,7.8,59.08,53.07,18.49,25.12,0.01,0.0,4.024285714285715,0.026347142857142854,54.73285714285714,0.0,0.0,2023-11-18,4.73
-0.6645,0.7473,4.85,2.73,4.49,3.36,0.030359999999999998,0.03082,21.4,17.5,8.6,6.5,44.0,51.84,29.31,30.61,0.0,0.0,4.22,0.027522857142857144,51.55428571428571,0.0,0.0,2023-11-19,4.83
-0.6515,0.7586,4.73,4.85,2.73,4.51,0.030199999999999998,0.01516,20.6,19.1,8.9,10.3,45.24,59.08,30.86,18.49,0.0,0.01,4.265714285714286,0.02753142857142857,50.667142857142856,0.0,0.0,2023-11-20,4.55
-0.6384,0.7697,4.83,4.73,4.85,4.16,0.03039,0.030359999999999998,20.9,21.4,9.0,8.6,49.11,44.0,29.44,29.31,0.0,0.0,4.321428571428571,0.027662857142857145,51.24571428571429,0.0,0.0,2023-11-21,4.93
-0.625,0.7806,4.55,4.83,4.73,4.07,0.02887,0.030199999999999998,20.2,20.6,10.2,8.9,56.38,45.24,24.76,30.86,0.0,0.0,4.444285714285714,0.02805,50.9,0.0,0.0,2023-11-22,5.22
-0.6115,0.7912,4.93,4.55,4.83,4.49,0.03055,0.03039,21.3,20.9,9.6,9.0,50.65,49.11,31.41,29.44,0.0,0.0,4.548571428571429,0.02807857142857143,49.75714285714286,0.0,0.0,2023-11-23,4.67
-0.5978,0.8016,5.22,4.93,4.55,2.73,0.03102,0.02887,22.8,20.2,10.7,10.2,43.84,56.38,32.17,24.76,0.0,0.0,4.825714285714286,0.03011142857142857,49.26714285714286,0.0,0.0,2023-11-24,3.47
-0.584,0.8118,4.67,5.22,4.93,4.85,0.02939,0.03055,20.5,21.3,10.6,9.6,55.65,50.65,25.43,31.41,0.09,0.0,4.628571428571428,0.02882142857142857,51.31142857142857,0.0,0.0,2023-11-25,3.48
-0.5699,0.8217,3.47,4.67,5.22,4.73,0.02133,0.03102,20.3,22.8,10.8,10.7,58.31,43.84,19.04,32.17,0.1,0.0,4.45,0.027469999999999998,53.34285714285714,0.014285714285714287,0.0,2023-11-26,3.95
-0.5557,0.8314,3.48,3.47,4.67,4.83,0.020739999999999998,0.02939,20.9,20.5,12.5,10.6,59.46,55.65,18.22,25.43,0.65,0.09,4.324285714285714,0.02629142857142857,54.81142857142857,0.028571428571428574,0.1,2023-11-27,3.05
-0.5413,0.8408,3.95,3.48,3.47,4.55,0.02214,0.02133,21.9,20.3,13.6,10.8,59.39,58.31,16.88,19.04,0.05,0.1,4.11,0.024667142857142856,55.57142857142857,0.07142857142857142,0.1,2023-11-28,5.4
-0.5268,0.85,3.05,3.95,3.48,4.93,0.0175,0.020739999999999998,19.6,20.9,12.7,12.5,61.7,59.46,17.53,18.22,0.02,0.65,4.177142857142857,0.024778571428571428,55.37428571428571,0.07142857142857142,0.3,2023-11-29,4.46
-0.5121,0.859,5.4,3.05,3.95,5.22,0.03133,0.02214,23.6,21.9,9.4,13.6,49.27,59.39,32.73,16.88,0.0,0.05,4.0685714285714285,0.024155714285714284,57.26857142857143,0.07142857142857142,0.0,2023-11-30,4.13
-0.4972,0.8676,4.46,5.4,3.05,4.67,0.02666,0.0175,21.0,19.6,10.9,12.7,57.1,61.7,19.03,17.53,0.03,0.02,3.9914285714285715,0.023524285714285713,57.77285714285715,0.08571428571428572,0.0,2023-12-01,4.98
-0.4822,0.8761,4.13,4.46,5.4,3.47,0.02497,0.03133,20.7,23.6,13.1,9.4,59.18,49.27,25.1,32.73,0.03,0.0,4.207142857142857,0.024900000000000002,57.035714285714285,0.08571428571428572,0.1,2023-12-02,5.31
-0.4671,0.8842,4.98,4.13,4.46,3.48,0.03096,0.02666,21.5,21.0,9.9,10.9,53.15,57.1,32.2,19.03,0.02,0.03,4.468571428571429,0.026457142857142856,54.13,0.07142857142857142,0.0,2023-12-03,5.11
-0.4518,0.8921,5.31,4.98,4.13,3.95,0.03164,0.02497,22.3,20.7,9.7,13.1,39.12,59.18,32.84,25.1,0.0,0.03,4.634285714285714,0.027832857142857142,52.81285714285714,0.05714285714285715,0.0,2023-12-04,4.74
-0.4364,0.8998,5.11,5.31,4.98,3.05,0.03177,0.03096,21.5,21.5,10.1,9.9,50.17,53.15,24.56,32.2,0.01,0.02,4.875714285714286,0.029391428571428572,52.449999999999996,0.014285714285714287,0.0,2023-12-05,5.02
-0.4208,0.9071,4.74,5.11,5.31,5.4,0.02841,0.03164,20.2,22.3,12.2,9.7,59.16,39.12,25.37,32.84,0.05,0.0,4.821428571428571,0.029504285714285712,52.03285714285715,0.014285714285714287,0.0,2023-12-06,5.13
-0.4052,0.9142,5.02,4.74,5.11,4.46,0.032119999999999996,0.03177,20.9,21.5,9.3,10.1,46.35,50.17,28.87,24.56,0.06,0.01,4.917142857142857,0.03005714285714286,49.46,0.014285714285714287,0.0,2023-12-07,3.91
-0.3894,0.9211,5.13,5.02,4.74,4.13,0.03053,0.02841,22.9,20.2,10.8,12.2,39.09,59.16,23.08,25.37,0.01,0.05,4.885714285714286,0.029934285714285715,48.78857142857142,0.0,0.0,2023-12-08,5.89
-0.3735,0.9276,3.91,5.13,5.02,4.98,0.02411,0.032119999999999996,20.4,20.9,11.6,9.3,54.48,46.35,19.57,28.87,0.07,0.06,5.015714285714286,0.03002285714285714,46.528571428571425,0.0,0.0,2023-12-09,5.59
-0.3575,0.9339,5.89,3.91,5.13,5.31,0.03158,0.03053,26.4,22.9,10.4,10.8,37.33,39.09,33.73,23.08,0.0,0.01,5.055714285714286,0.03008285714285714,47.129999999999995,0.0,0.0,2023-12-10,4.24
-0.3413,0.9399,5.59,5.89,3.91,5.11,0.032060000000000005,0.02411,23.2,20.4,14.8,11.6,43.33,54.48,30.51,19.57,0.08,0.07,4.931428571428571,0.02908714285714286,47.93857142857143,0.07142857142857142,0.0,2023-12-11,5.33
-0.3251,0.9457,4.24,5.59,5.89,4.74,0.0248,0.03158,21.1,26.4,13.9,10.4,55.83,37.33,22.55,33.73,0.01,0.0,5.015714285714286,0.029568571428571427,46.228571428571435,0.07142857142857142,0.5,2023-12-12,5.54
-0.3088,0.9511,5.33,4.24,5.59,5.02,0.03178,0.032060000000000005,22.6,23.2,10.7,14.8,47.19,43.33,30.81,30.51,0.0,0.08,5.090000000000001,0.029564285714285713,46.128571428571426,0.07142857142857142,0.0,2023-12-13,4.94
-0.2924,0.9563,5.54,5.33,4.24,5.13,0.03209,0.0248,23.3,21.1,11.1,13.9,45.65,55.83,32.66,22.55,0.0,0.01,5.062857142857142,0.029482857142857144,48.74714285714286,0.09999999999999999,0.0,2023-12-14,4.58
-0.2759,0.9612,4.94,5.54,5.33,3.91,0.02996,0.03178,20.8,22.6,12.7,10.7,57.42,47.19,28.93,30.81,0.0,0.0,5.158571428571428,0.030044285714285714,48.59142857142857,0.09999999999999999,0.2,2023-12-15,4.17
-0.2593,0.9658,4.58,4.94,5.54,5.89,0.02804,0.03209,20.4,23.3,11.3,11.1,53.39,45.65,27.96,32.66,0.0,0.0,4.912857142857143,0.029077142857142857,53.20285714285715,0.09999999999999999,0.0,2023-12-16,5.37
-0.2427,0.9701,4.17,4.58,4.94,5.59,0.02481,0.02996,19.9,20.8,11.6,12.7,69.61,57.42,21.25,28.93,0.0,0.0,4.881428571428572,0.02905285714285714,55.49142857142857,0.09999999999999999,0.0,2023-12-17,5.48
-0.226,0.9741,5.37,4.17,4.58,4.24,0.03189,0.02804,21.8,20.4,10.3,11.3,59.35,53.39,32.95,27.96,0.01,0.0,5.058571428571429,0.030132857142857145,54.55142857142857,0.028571428571428574,0.0,2023-12-18,4.74
-0.2092,0.9779,5.48,5.37,4.17,5.33,0.03236,0.02481,22.9,19.9,10.4,11.6,49.25,69.61,33.74,21.25,0.0,0.0,4.974285714285714,0.02975,56.77285714285715,0.028571428571428574,0.0,2023-12-19,5.24
-0.1923,0.9813,4.74,5.48,5.37,5.54,0.0291,0.03189,19.7,21.8,12.0,10.3,62.74,59.35,29.49,32.95,0.0,0.01,4.9314285714285715,0.02976857142857143,57.550000000000004,0.028571428571428574,0.0,2023-12-20,5.07
-0.1754,0.9845,5.24,4.74,5.48,4.94,0.03222,0.03236,21.7,22.9,9.8,10.4,51.09,49.25,33.27,33.74,0.0,0.0,4.95,0.029968571428571428,57.432857142857145,0.0,0.0,2023-12-21,4.8
-0.1585,0.9874,5.07,5.24,4.74,4.58,0.03136,0.0291,21.4,19.7,11.6,12.0,56.6,62.74,21.61,29.49,0.01,0.0,4.981428571428572,0.03010857142857143,57.18571428571429,0.0,0.0,2023-12-22,4.71
-0.1414,0.9899,4.8,5.07,5.24,4.17,0.02902,0.03222,21.8,21.7,11.6,9.8,51.66,51.09,23.85,33.27,0.02,0.0,5.058571428571429,0.03069142857142857,54.105714285714285,0.0,0.0,2023-12-23,3.58
-0.1244,0.9922,4.71,4.8,5.07,5.37,0.02889,0.03136,21.3,21.4,12.0,11.6,48.05,56.6,22.22,21.61,0.04,0.01,4.802857142857143,0.029150000000000002,52.93,0.028571428571428574,0.0,2023-12-24,5.32
-0.1073,0.9942,3.58,4.71,4.8,5.48,0.0211,0.02902,20.2,21.8,12.0,11.6,51.12,51.66,21.39,23.85,0.04,0.02,4.78,0.029092857142857143,50.208571428571425,0.028571428571428574,0.2,2023-12-25,3.31
-0.0902,0.9959,5.32,3.58,4.71,4.74,0.03196,0.02889,23.7,21.3,10.3,12.0,30.2,48.05,25.86,22.22,0.01,0.04,4.575714285714286,0.02754142857142857,48.542857142857144,0.15714285714285717,0.0,2023-12-26,3.69
-0.073,0.9973,3.31,5.32,3.58,5.24,0.01824,0.0211,22.1,20.2,13.2,12.0,51.08,51.12,17.56,21.39,0.02,0.04,4.354285714285714,0.025925714285714285,50.497142857142855,0.15714285714285717,0.9,2023-12-27,2.88
-0.0559,0.9984,3.69,3.31,5.32,5.07,0.02091,0.03196,21.5,23.7,15.1,10.3,64.77,30.2,26.98,25.86,0.01,0.01,4.041428571428571,0.023554285714285715,52.457142857142856,0.18571428571428572,0.0,2023-12-28,5.39
-0.0387,0.9993,2.88,3.69,3.31,4.8,0.01476,0.01824,21.9,22.1,15.1,13.2,70.32,51.08,13.02,17.56,0.02,0.02,4.1257142857142854,0.023905714285714287,53.83,0.18571428571428572,0.2,2023-12-29,3.87
-0.0215,0.9998,5.39,2.88,3.69,4.71,0.03148,0.02091,23.3,21.5,14.2,15.1,61.27,64.77,31.53,26.98,0.04,0.01,4.005714285714285,0.02284,56.631428571428565,0.2,0.0,2023-12-30,5.39
-0.0043,1.0,3.87,5.39,2.88,3.58,0.02143,0.01476,22.4,21.9,15.2,15.1,67.66,70.32,24.56,13.02,0.05,0.02,4.264285714285714,0.024292857142857144,57.71857142857142,0.17142857142857143,0.1,2023-12-31,5.2
0.0172,0.9999,5.39,3.87,5.39,5.32,0.03127,0.03148,22.7,23.3,13.4,14.2,58.73,61.27,33.13,31.53,0.0,0.04,4.247142857142857,0.024174285714285714,61.05285714285714,0.17142857142857143,0.0,2024-01-01,5.13
0.0344,0.9994,5.2,5.39,3.87,3.31,0.031129999999999998,0.02143,22.4,22.4,12.0,15.2,53.54,67.66,31.08,24.56,0.0,0.05,4.507142857142857,0.02587,61.37571428571429,0.042857142857142864,0.0,2024-01-02,4.31
0.0516,0.9987,5.13,5.2,5.39,3.69,0.030109999999999998,0.03127,22.9,22.7,13.2,13.4,53.34,58.73,22.57,33.13,0.02,0.0,4.595714285714286,0.02641142857142857,59.308571428571426,0.05714285714285715,0.0,2024-01-03,4.19
0.0688,0.9976,4.31,5.13,5.2,2.88,0.0247,0.031129999999999998,22.9,22.4,14.1,12.0,50.3,53.54,22.29,31.08,0.05,0.0,4.782857142857142,0.027732857142857142,57.135714285714286,0.08571428571428573,0.1,2024-01-04,4.05
0.0859,0.9963,4.19,4.31,5.13,5.39,0.02401,0.030109999999999998,23.9,22.9,14.2,13.2,55.11,53.34,20.0,22.57,0.02,0.02,4.591428571428572,0.026535714285714284,56.94428571428572,0.1285714285714286,0.4,2024-01-05,4.15
0.103,0.9947,4.05,4.19,4.31,3.87,0.023100000000000002,0.0247,22.9,22.9,14.1,14.1,59.93,50.3,18.88,22.29,0.03,0.05,4.631428571428572,0.026867142857142857,56.87285714285714,0.1142857142857143,0.3,2024-01-06,5.66
0.1201,0.9928,4.15,4.05,4.19,5.39,0.02375,0.02401,23.0,23.9,13.6,14.2,67.16,55.11,20.03,20.0,0.02,0.02,4.67,0.026802857142857146,56.38857142857143,0.1142857142857143,0.0,2024-01-07,5.72
0.1372,0.9905,5.66,4.15,4.05,5.2,0.03082,0.023100000000000002,25.4,22.9,13.2,14.1,55.34,59.93,32.88,18.88,0.0,0.03,4.744285714285715,0.026912857142857145,55.94571428571429,0.1142857142857143,0.0,2024-01-08,5.42
0.1542,0.988,5.72,5.66,4.15,5.13,0.0319,0.02375,25.2,23.0,12.2,13.6,50.44,67.16,33.5,20.03,0.0,0.02,4.785714285714286,0.027171428571428572,56.269999999999996,0.1142857142857143,0.0,2024-01-09,5.39
0.1712,0.9852,5.42,5.72,5.66,4.31,0.031920000000000004,0.03082,23.2,25.4,12.3,13.2,55.61,55.34,30.48,32.88,0.0,0.0,4.9399999999999995,0.02810857142857143,57.24142857142857,0.09999999999999999,0.0,2024-01-10,5.2
0.1881,0.9821,5.39,5.42,5.72,4.19,0.03126,0.0319,23.7,25.2,12.9,12.2,57.1,50.44,28.57,33.5,0.01,0.0,5.0842857142857145,0.02902714285714286,56.721428571428575,0.04285714285714286,0.0,2024-01-11,4.35
0.205,0.9788,5.2,5.39,5.42,4.05,0.030440000000000002,0.031920000000000004,23.0,23.2,13.8,12.3,51.47,55.61,28.62,30.48,0.01,0.0,5.127142857142857,0.029312857142857144,56.13142857142857,0.0,0.0,2024-01-12,4.87
0.2218,0.9751,4.35,5.2,5.39,4.15,0.0251,0.03126,22.4,23.7,14.2,12.9,55.8,57.1,23.94,28.57,0.29,0.01,5.2299999999999995,0.029964285714285714,54.80714285714286,0.0,0.0,2024-01-13,6.06
0.2385,0.9711,4.87,4.35,5.2,5.66,0.02831,0.030440000000000002,22.3,23.0,13.6,13.8,57.89,51.47,25.59,28.62,0.04,0.01,5.2871428571428565,0.030142857142857145,52.04857142857143,0.0,0.0,2024-01-14,5.39
0.2552,0.9669,6.06,4.87,4.35,5.72,0.03207,0.0251,26.6,22.4,11.7,14.2,36.03,55.8,33.59,23.94,0.0,0.29,5.24,0.03013142857142857,51.83714285714286,0.0,0.0,2024-01-15,5.62
0.2718,0.9624,5.39,6.06,4.87,5.42,0.03182,0.02831,23.4,22.3,12.0,13.6,48.96,57.89,25.76,25.59,0.01,0.04,5.268571428571428,0.030065714285714286,50.33428571428572,0.0,0.0,2024-01-16,4.41
0.2883,0.9575,5.62,5.39,6.06,5.39,0.03146,0.03207,24.1,26.6,12.1,11.7,45.09,36.03,31.87,33.59,0.0,0.0,5.128571428571428,0.02928,49.81857142857143,0.0,0.0,2024-01-17,5.41
0.3047,0.9524,4.41,5.62,5.39,5.2,0.02576,0.03182,22.3,23.4,12.9,12.0,53.49,48.96,21.12,25.76,0.0,0.01,5.158571428571428,0.029301428571428572,49.44857142857143,0.0,0.0,2024-01-18,5.51
0.3211,0.9471,5.41,4.41,5.62,4.35,0.03059,0.03146,24.4,24.1,12.3,12.1,48.88,45.09,30.8,31.87,0.0,0.0,5.324285714285714,0.030182857142857143,47.42,0.0,0.0,2024-01-19,5.23
0.3373,0.9414,5.51,5.41,4.41,4.87,0.03127,0.02576,24.5,22.3,12.6,12.9,41.6,53.49,32.42,21.12,0.0,0.0,5.375714285714286,0.03052142857142857,46.292857142857144,0.0,0.0,2024-01-20,4.81
0.3534,0.9355,5.23,5.51,5.41,6.06,0.03068,0.03059,23.8,24.4,12.5,12.3,50.0,48.88,26.65,30.8,0.01,0.0,5.1971428571428575,0.029952857142857142,47.24,0.0,0.0,2024-01-21,4.86
0.3695,0.9292,4.81,5.23,5.51,5.39,0.02809,0.03127,22.9,24.5,12.8,12.6,42.66,41.6,25.4,32.42,0.06,0.0,5.121428571428572,0.02959857142857143,47.378571428571426,0.0,0.0,2024-01-22,4.21
0.3854,0.9227,4.86,4.81,5.23,5.62,0.02934,0.03068,22.5,23.8,12.1,12.5,49.93,50.0,21.46,26.65,1.62,0.01,4.92,0.028605714285714286,48.19,0.0,0.0,2024-01-23,4.57
0.4012,0.916,4.21,4.86,4.81,4.41,0.02451,0.02809,22.7,22.9,13.5,12.8,50.77,42.66,20.21,25.4,0.09,0.06,4.942857142857143,0.02883857142857143,47.23285714285714,0.0,0.0,2024-01-24,4.3
0.4169,0.9089,4.57,4.21,4.86,5.41,0.02739,0.02934,22.5,22.5,12.8,12.1,46.79,49.93,21.05,21.46,0.04,1.62,4.784285714285715,0.028034285714285713,47.462857142857146,0.0,0.0,2024-01-25,4.5
0.4325,0.9016,4.3,4.57,4.21,5.51,0.02496,0.02451,23.2,22.7,13.9,13.5,50.49,50.77,16.61,20.21,0.03,0.09,4.640000000000001,0.027175714285714286,48.519999999999996,0.0,0.0,2024-01-26,4.39
0.4479,0.8941,4.5,4.3,4.57,5.23,0.02526,0.02739,23.9,22.5,14.6,12.8,49.0,46.79,20.36,21.05,0.0,0.04,4.5200000000000005,0.026442857142857146,49.15428571428571,0.0,0.0,2024-01-27,3.61
0.4633,0.8862,4.39,4.5,4.3,4.81,0.02555,0.02496,23.3,23.2,14.4,13.9,54.44,50.49,19.83,16.61,0.22,0.03,4.348571428571429,0.025281428571428573,51.55428571428571,0.014285714285714287,0.0,2024-01-28,3.77
0.4784,0.8781,3.61,4.39,4.5,4.86,0.019960000000000002,0.02526,24.0,23.9,15.5,14.6,59.46,49.0,17.7,20.36,0.51,0.0,4.192857142857143,0.02419,52.035714285714285,0.014285714285714287,0.1,2024-01-29,4.49
0.4935,0.8698,3.77,3.61,4.39,4.21,0.0217,0.02555,22.4,23.3,13.3,14.4,53.3,54.44,19.83,19.83,0.1,0.22,4.232857142857143,0.024232857142857143,49.99714285714286,0.014285714285714287,0.0,2024-01-30,5.64
0.5084,0.8611,4.49,3.77,3.61,4.57,0.02481,0.019960000000000002,24.8,24.0,13.6,15.5,36.5,59.46,24.63,17.7,0.0,0.51,4.385714285714285,0.02460714285714286,48.50428571428571,0.014285714285714287,0.0,2024-01-31,5.24
0.5231,0.8523,5.64,4.49,3.77,4.3,0.030010000000000002,0.0217,27.0,22.4,13.1,13.3,36.34,53.3,28.8,19.83,0.28,0.1,4.5200000000000005,0.025262857142857142,47.271428571428565,0.014285714285714287,0.0,2024-02-01,5.47
0.5377,0.8432,5.24,5.64,4.49,4.5,0.02955,0.02481,25.0,24.8,13.5,13.6,41.86,36.5,27.75,24.63,0.62,0.0,4.658571428571428,0.025698571428571428,46.42714285714286,0.014285714285714287,0.0,2024-02-02,5.93
0.5521,0.8338,5.47,5.24,5.64,4.39,0.02831,0.030010000000000002,28.5,27.0,13.6,13.1,43.09,36.34,27.36,28.8,0.16,0.28,4.878571428571428,0.02631285714285714,44.035714285714285,0.014285714285714287,0.0,2024-02-03,4.19
0.5664,0.8242,5.93,5.47,5.24,3.61,0.02985,0.02955,29.5,25.0,15.1,13.5,37.7,41.86,31.45,27.75,0.3,0.62,4.961428571428571,0.02679857142857143,43.64142857142857,0.0,0.0,2024-02-04,5.02
0.5805,0.8143,4.19,5.93,5.47,3.77,0.02336,0.02831,23.8,28.5,14.8,13.6,56.7,43.09,23.98,27.36,0.01,0.16,5.14,0.027787142857142854,43.37714285714286,0.0,0.0,2024-02-05,4.31
0.5944,0.8042,5.02,4.19,5.93,4.49,0.02862,0.02985,24.2,29.5,14.4,15.1,51.45,37.7,25.82,31.45,0.14,0.3,5.114285714285714,0.02773857142857143,46.11714285714286,0.0,0.0,2024-02-06,4.8
0.6081,0.7938,4.31,5.02,4.19,5.64,0.02447,0.02336,23.5,23.8,14.8,14.8,55.68,56.7,21.98,23.98,1.35,0.01,4.994285714285715,0.02739142857142857,47.83857142857143,0.0,0.0,2024-02-07,4.87
0.6217,0.7833,4.8,4.31,5.02,5.24,0.027579999999999997,0.02862,25.5,24.2,14.2,14.4,48.39,51.45,21.82,25.82,0.01,0.14,4.941428571428571,0.026958571428571425,50.417142857142856,0.0,0.0,2024-02-08,4.7
0.6351,0.7725,4.87,4.8,4.31,5.47,0.02652,0.02447,24.9,23.5,16.0,14.8,59.91,55.68,26.29,21.98,0.62,1.35,4.831428571428572,0.026699999999999998,52.364285714285714,0.0,0.0,2024-02-09,4.88
0.6483,0.7614,4.7,4.87,4.8,5.93,0.0265,0.027579999999999997,23.8,25.5,16.0,14.2,56.72,48.39,26.16,21.82,0.15,0.01,4.681428571428571,0.026415714285714285,54.61142857142857,0.0,0.0,2024-02-10,3.98
0.6613,0.7502,4.88,4.7,4.87,4.19,0.02786,0.02652,24.2,24.9,13.2,16.0,53.43,59.91,25.55,26.29,0.02,0.62,4.651428571428572,0.026382857142857142,54.55714285714286,0.0,0.0,2024-02-11,5.25
0.6741,0.7387,3.98,4.88,4.7,5.02,0.023129999999999998,0.0265,22.5,23.8,13.9,16.0,56.32,56.72,21.08,26.16,0.05,0.15,4.684285714285714,0.02631,53.00571428571429,0.0,0.0,2024-02-12,3.69
0.6867,0.727,5.25,3.98,4.88,4.31,0.02811,0.02786,26.3,24.2,13.6,13.2,40.59,53.43,29.28,25.55,0.0,0.02,4.595714285714286,0.025814285714285713,52.44,0.04285714285714286,0.0,2024-02-13,4.67
0.6991,0.715,3.69,5.25,3.98,4.8,0.021,0.023129999999999998,23.3,22.5,13.6,13.9,51.72,56.32,21.95,21.08,0.04,0.05,4.577142857142857,0.025665714285714285,53.62571428571429,0.04285714285714286,0.3,2024-02-14,3.53
0.7113,0.7029,4.67,3.69,5.25,4.87,0.026539999999999998,0.02811,24.8,26.3,13.9,13.6,56.69,40.59,22.24,29.28,0.02,0.0,4.385714285714285,0.024705714285714282,52.93714285714286,0.04285714285714286,0.0,2024-02-15,3.16
0.7233,0.6906,3.53,4.67,3.69,4.7,0.0198,0.021,23.1,23.3,15.2,13.6,55.09,51.72,17.21,21.95,0.01,0.04,4.1657142857142855,0.023495714285714286,52.79,0.04285714285714286,0.0,2024-02-16,4.92
0.735,0.678,3.16,3.53,4.67,4.88,0.01803,0.026539999999999998,22.0,24.8,14.7,13.9,55.69,56.69,14.93,22.24,0.02,0.02,4.171428571428572,0.023408571428571428,51.36142857142857,0.04285714285714286,0.0,2024-02-17,4.64
0.7466,0.6653,4.92,3.16,3.53,3.98,0.02725,0.0198,25.9,23.1,12.9,15.2,43.43,55.09,25.53,17.21,0.0,0.01,4.265714285714286,0.023954285714285713,50.607142857142854,0.04285714285714286,0.0,2024-02-18,3.1
0.7579,0.6523,4.64,4.92,3.16,5.25,0.026949999999999998,0.01803,24.0,22.0,13.8,14.7,51.04,55.69,22.38,14.93,0.05,0.02,3.9585714285714286,0.022299999999999997,53.56428571428571,0.09999999999999999,0.0,2024-02-19,4.73
0.769,0.6392,3.1,4.64,4.92,3.69,0.01653,0.02725,22.9,25.9,15.5,12.9,61.29,43.43,14.46,25.53,0.01,0.0,4.107142857142857,0.023015714285714285,55.53142857142857,0.05714285714285715,0.4,2024-02-20,4.45
0.7799,0.6259,4.73,3.1,4.64,4.67,0.026010000000000002,0.026949999999999998,24.9,24.0,16.1,13.8,65.49,51.04,25.55,22.38,0.01,0.05,4.075714285714286,0.022644285714285717,57.50428571428571,0.05714285714285715,0.0,2024-02-21,1.37
0.7906,0.6124,4.45,4.73,3.1,3.53,0.023940000000000003,0.01653,24.7,22.9,15.7,15.5,70.5,61.29,25.06,14.46,0.5,0.01,3.7671428571428573,0.020672857142857142,60.214285714285715,0.3857142857142857,0.0,2024-02-22,4.53
0.801,0.5987,1.37,4.45,4.73,3.16,0.006,0.026010000000000002,20.6,24.9,17.2,16.1,74.06,65.49,7.86,25.55,0.34,0.01,3.962857142857143,0.021364285714285718,61.121428571428574,0.3857142857142857,2.3,2024-02-23,4.72
0.8112,0.5848,4.53,1.37,4.45,4.92,0.02287,0.023940000000000003,27.3,24.7,15.6,15.7,62.04,70.5,24.0,25.06,0.5,0.5,3.934285714285714,0.021175714285714287,63.635714285714286,0.3857142857142857,0.0,2024-02-24,4.41
0.8211,0.5708,4.72,4.53,1.37,4.64,0.025929999999999998,0.006,25.6,20.6,16.4,17.2,61.03,74.06,22.57,7.86,0.09,0.34,3.9014285714285717,0.020982857142857143,64.69285714285715,0.3857142857142857,0.0,2024-02-25,4.31
0.8308,0.5566,4.41,4.72,4.53,3.1,0.0256,0.02287,23.8,27.3,14.3,15.6,58.44,62.04,19.01,24.0,0.03,0.5,4.074285714285714,0.02214714285714286,63.262857142857136,0.32857142857142857,0.0,2024-02-26,4.36
0.8402,0.5422,4.31,4.41,4.72,4.73,0.02468,0.025929999999999998,23.6,25.6,14.9,16.4,51.28,61.03,24.12,22.57,0.0,0.09,4.021428571428571,0.02199857142857143,61.839999999999996,0.32857142857142857,0.0,2024-02-27,4.54
0.8495,0.5277,4.36,4.31,4.41,4.45,0.02497,0.0256,23.9,23.8,14.2,14.3,55.53,58.44,17.97,19.01,0.01,0.03,4.034285714285715,0.022174285714285712,59.01571428571429,0.32857142857142857,0.0,2024-02-28,4.19
0.8584,0.513,4.54,4.36,4.31,1.37,0.02517,0.02468,25.3,23.6,14.0,14.9,50.73,51.28,23.68,24.12,0.01,0.0,4.437142857142858,0.024627142857142858,55.64714285714285,0.0,0.0,2024-02-29,3.63
0.8671,0.4981,4.19,4.54,4.36,4.53,0.023170000000000003,0.02497,25.2,23.9,15.1,14.2,50.48,55.53,21.46,17.97,0.03,0.01,4.308571428571429,0.024275714285714286,54.18428571428571,0.0,0.0,2024-03-01,4.18
0.8755,0.4831,3.63,4.19,4.54,4.72,0.02041,0.02517,22.7,25.3,13.6,14.0,51.8,50.73,18.62,23.68,0.0,0.01,4.231428571428571,0.02381714285714286,51.779999999999994,0.0,0.0,2024-03-02,4.43
0.8837,0.468,4.18,3.63,4.19,4.41,0.022719999999999997,0.023170000000000003,24.6,25.2,14.6,15.1,44.2,50.48,24.54,21.46,0.0,0.03,4.234285714285714,0.023664285714285714,50.205714285714286,0.0,0.0,2024-03-03,4.46
0.8916,0.4527,4.43,4.18,3.63,4.31,0.02453,0.02041,24.9,22.7,13.9,13.6,47.42,51.8,24.58,18.62,0.0,0.0,4.255714285714285,0.02372857142857143,48.29857142857143,0.0,0.0,2024-03-04,3.38
0.8993,0.4373,4.46,4.43,4.18,4.36,0.02513,0.022719999999999997,24.6,24.6,13.0,14.6,37.93,44.2,25.47,24.54,0.0,0.0,4.115714285714286,0.02298,47.18571428571429,0.0,0.0,2024-03-05,3.57
0.9067,0.4218,3.38,4.46,4.43,4.54,0.01973,0.02453,21.8,24.9,13.3,13.9,47.74,47.42,16.75,24.58,0.0,0.0,3.9771428571428573,0.02231142857142857,46.76428571428572,0.0,0.0,2024-03-06,4.21
0.9138,0.4061,3.57,3.38,4.46,4.19,0.020489999999999998,0.02513,22.8,24.6,13.4,13.0,47.78,37.93,19.12,25.47,0.0,0.0,3.98,0.022424285714285713,46.63428571428572,0.0,0.0,2024-03-07,4.5
0.9207,0.3904,4.21,3.57,3.38,3.63,0.023960000000000002,0.01973,22.7,21.8,12.8,13.3,49.57,47.74,23.16,16.75,0.0,0.0,4.104285714285714,0.023085714285714286,46.00428571428572,0.0,0.0,2024-03-08,4.44
0.9272,0.3745,4.5,4.21,3.57,4.18,0.02504,0.020489999999999998,24.1,22.8,10.9,13.4,47.39,47.78,26.16,19.12,0.0,0.0,4.1414285714285715,0.023375714285714284,46.25714285714286,0.0,0.0,2024-03-09,3.74
0.9335,0.3585,4.44,4.5,4.21,4.43,0.02475,0.023960000000000002,24.6,22.7,10.7,12.8,45.97,49.57,25.27,23.16,0.0,0.0,4.042857142857143,0.022924285714285713,47.705714285714286,0.0,0.0,2024-03-10,3.42
0.9396,0.3424,3.74,4.44,4.5,4.46,0.02137,0.02504,22.6,24.1,12.3,10.9,57.56,47.39,18.52,26.16,0.0,0.0,3.8942857142857146,0.022157142857142858,50.684285714285714,0.0,0.0,2024-03-11,4.32
0.9453,0.3261,3.42,3.74,4.44,3.38,0.019760000000000003,0.02475,21.7,24.6,12.6,10.7,58.78,45.97,21.33,25.27,0.0,0.0,4.0285714285714285,0.02278857142857143,51.75285714285714,0.0,0.0,2024-03-12,3.85
0.9508,0.3098,4.32,3.42,3.74,3.57,0.024149999999999998,0.02137,24.3,22.6,11.0,12.3,55.22,57.56,25.32,18.52,0.0,0.0,4.0685714285714285,0.02300571428571429,52.605714285714285,0.0,0.0,2024-03-13,4.16
0.956,0.2934,3.85,4.32,3.42,4.21,0.022010000000000002,0.019760000000000003,22.8,21.7,13.3,12.6,53.75,58.78,24.58,21.33,0.0,0.0,4.061428571428571,0.022987142857142855,51.924285714285716,0.0,0.0,2024-03-14,3.87
0.9609,0.2769,4.16,3.85,4.32,4.5,0.023829999999999997,0.024149999999999998,23.2,24.3,11.2,11.0,44.8,55.22,25.2,25.32,0.0,0.0,3.9714285714285715,0.02267142857142857,52.544285714285714,0.0,0.0,2024-03-15,4.01
0.9655,0.2604,3.87,4.16,3.85,4.44,0.02283,0.022010000000000002,21.9,22.8,11.8,13.3,51.73,53.75,24.87,24.58,0.0,0.0,3.91,0.02248857142857143,52.29714285714285,0.0,0.0,2024-03-16,3.92
0.9698,0.2437,4.01,3.87,4.16,3.74,0.023469999999999998,0.023829999999999997,22.3,23.2,10.2,11.2,44.24,44.8,24.79,25.2,0.0,0.0,3.935714285714286,0.022712857142857142,50.11714285714286,0.0,0.0,2024-03-17,4.12
0.9739,0.227,3.92,4.01,3.87,3.42,0.022940000000000002,0.02283,22.9,21.9,10.9,11.8,42.3,51.73,22.83,24.87,0.0,0.0,4.035714285714286,0.023164285714285714,47.15857142857143,0.0,0.0,2024-03-18,3.68
0.9777,0.2102,4.12,3.92,4.01,4.32,0.022920000000000003,0.023469999999999998,24.1,22.3,10.8,10.2,38.07,44.24,23.71,24.79,0.0,0.0,3.9442857142857144,0.022935714285714285,46.949999999999996,0.0,0.0,2024-03-19,2.34
0.9811,0.1934,3.68,4.12,3.92,3.85,0.02255,0.022940000000000002,21.8,22.9,12.1,10.9,53.76,42.3,18.11,22.83,0.01,0.0,3.7285714285714286,0.02153142857142857,49.05142857142857,0.014285714285714287,0.0,2024-03-20,4.2
0.9843,0.1765,2.34,3.68,4.12,4.16,0.01218,0.022920000000000003,21.4,24.1,11.9,10.8,68.46,38.07,12.21,23.71,0.08,0.0,3.7342857142857144,0.021271428571428573,49.357142857142854,0.014285714285714287,0.1,2024-03-21,3.88
0.9872,0.1595,4.2,2.34,3.68,3.87,0.022010000000000002,0.02255,26.7,21.8,13.0,12.1,46.94,53.76,21.76,18.11,0.01,0.01,3.7357142857142853,0.021108571428571428,48.10285714285714,0.014285714285714287,0.0,2024-03-22,3.55
0.9898,0.1425,3.88,4.2,2.34,4.01,0.02169,0.01218,24.6,21.4,13.3,11.9,42.95,68.46,21.87,12.21,0.0,0.08,3.6700000000000004,0.02076857142857143,48.809999999999995,0.014285714285714287,0.0,2024-03-23,3.29
0.9921,0.1255,3.55,3.88,4.2,3.92,0.02109,0.022010000000000002,23.0,26.7,12.0,13.0,49.19,46.94,16.06,21.76,0.01,0.01,3.5799999999999996,0.02026285714285714,49.72714285714285,0.014285714285714287,0.0,2024-03-24,2.58
0.9941,0.1084,3.29,3.55,3.88,4.12,0.019399999999999997,0.02169,22.6,24.6,13.1,13.3,48.72,42.95,18.41,21.87,0.0,0.0,3.36,0.01909285714285714,52.151428571428575,0.014285714285714287,0.0,2024-03-25,2.96
0.9958,0.0913,2.58,3.29,3.55,3.68,0.01473,0.02109,21.7,23.0,13.6,12.0,55.04,49.19,11.38,16.06,0.01,0.01,3.257142857142857,0.018342857142857143,51.94714285714286,0.014285714285714287,0.0,2024-03-26,3.46
0.9972,0.0741,2.96,2.58,3.29,2.34,0.0173,0.019399999999999997,22.2,22.6,13.1,13.1,52.33,48.72,14.31,18.41,0.01,0.0,3.4171428571428573,0.019517142857142854,49.85142857142857,0.0,0.0,2024-03-27,3.24
0.9984,0.057,3.46,2.96,2.58,4.2,0.020399999999999998,0.01473,23.2,21.7,13.5,13.6,53.79,55.04,13.44,11.38,0.08,0.01,3.2800000000000002,0.019154285714285714,51.06142857142857,0.0,0.0,2024-03-28,2.86
0.9992,0.0398,3.24,3.46,2.96,3.88,0.019469999999999998,0.0173,22.5,22.2,13.9,13.1,55.41,52.33,12.99,14.31,0.94,0.01,3.1342857142857143,0.018432857142857143,52.212857142857146,0.0,0.0,2024-03-29,3.42
0.9997,0.0226,2.86,3.24,3.46,3.55,0.016640000000000002,0.020399999999999998,22.7,23.2,13.7,13.5,51.01,53.79,11.97,13.44,0.04,0.08,3.1157142857142857,0.018122857142857142,50.82857142857143,0.0,0.0,2024-03-30,3.95
1.0,0.0054,3.42,2.86,3.24,3.29,0.018920000000000003,0.019469999999999998,24.3,22.5,13.3,13.9,39.5,55.41,19.14,12.99,0.01,0.94,3.21,0.018257142857142857,48.77571428571429,0.0,0.0,2024-03-31,3.42
0.9999,-0.0118,3.95,3.42,2.86,2.58,0.02034,0.016640000000000002,26.3,22.7,13.4,13.7,34.35,51.01,21.17,11.97,0.02,0.04,3.3299999999999996,0.018865714285714288,47.00857142857143,0.0,0.0,2024-04-01,3.6
0.9996,-0.029,3.42,3.95,3.42,2.96,0.01899,0.018920000000000003,23.2,24.3,11.4,13.3,42.67,39.5,19.9,19.14,0.0,0.01,3.4214285714285713,0.019241428571428573,46.38857142857143,0.0,0.0,2024-04-02,3.21
0.9989,-0.0462,3.6,3.42,3.95,3.46,0.01993,0.02034,22.6,26.3,11.2,13.4,47.99,34.35,19.59,21.17,0.01,0.02,3.3857142857142857,0.01898142857142857,46.78857142857142,0.0,0.0,2024-04-03,3.25
0.998,-0.0634,3.21,3.6,3.42,3.24,0.01858,0.01899,22.8,23.2,12.2,11.4,56.59,42.67,17.62,19.9,0.02,0.0,3.3871428571428575,0.018911428571428572,46.13857142857143,0.0,0.0,2024-04-04,3.33
0.9968,-0.0805,3.25,3.21,3.6,2.86,0.01898,0.01993,22.2,22.6,11.4,11.2,50.86,47.99,20.26,19.59,0.0,0.01,3.454285714285714,0.019335714285714286,45.839999999999996,0.0,0.0,2024-04-05,2.91
0.9952,-0.0977,3.33,3.25,3.21,3.42,0.01961,0.01858,22.0,22.8,12.3,12.2,48.92,56.59,20.2,17.62,0.01,0.02,3.3814285714285717,0.019307142857142856,47.99142857142857,0.0,0.0,2024-04-06,3.17
0.9934,-0.1148,2.91,3.33,3.25,3.95,0.01872,0.01898,19.8,22.2,11.8,11.4,54.56,50.86,19.62,20.26,0.0,0.0,3.27,0.01917285714285714,49.30428571428571,0.0,0.0,2024-04-07,2.82
0.9913,-0.1319,3.17,2.91,3.33,3.42,0.019399999999999997,0.01961,21.3,22.0,10.8,12.3,43.54,48.92,20.09,20.2,0.0,0.01,3.184285714285714,0.019004285714285713,50.30857142857143,0.0,0.0,2024-04-08,2.75
0.9889,-0.1489,2.82,3.17,2.91,3.6,0.01781,0.01872,20.2,19.8,11.7,11.8,49.7,54.56,12.09,19.62,0.0,0.0,3.062857142857143,0.01869142857142857,49.544285714285714,0.0,0.0,2024-04-09,2.79
0.9861,-0.1659,2.75,2.82,3.17,3.21,0.01774,0.019399999999999997,20.5,21.3,10.1,10.8,42.64,43.54,12.61,20.09,0.0,0.0,3.0028571428571427,0.018588571428571427,48.12285714285714,0.0,0.0,2024-04-10,2.37
0.9831,-0.1828,2.79,2.75,2.82,3.25,0.01786,0.01781,20.0,20.2,10.6,11.7,46.64,49.7,15.4,12.09,0.0,0.0,2.8771428571428572,0.017842857142857143,49.527142857142856,0.0,0.0,2024-04-11,1.52
0.9799,-0.1997,2.37,2.79,2.75,3.33,0.01376,0.01774,19.0,20.5,9.8,10.1,60.69,42.64,13.5,12.61,0.01,0.0,2.6185714285714283,0.016181428571428572,53.32285714285714,0.0,0.0,2024-04-12,2.76
0.9763,-0.2165,1.52,2.37,2.79,2.91,0.007980000000000001,0.01786,18.8,20.0,11.5,10.6,75.49,46.64,9.83,15.4,0.05,0.0,2.597142857142857,0.01588142857142857,57.121428571428574,0.0,0.0,2024-04-13,2.61
0.9724,-0.2333,2.76,1.52,2.37,3.17,0.01662,0.01376,20.2,19.0,8.8,9.8,81.15,60.69,17.23,13.5,0.86,0.01,2.5171428571428573,0.015317142857142857,61.645714285714284,0.014285714285714287,0.0,2024-04-14,2.48
0.9683,-0.25,2.61,2.76,1.52,2.82,0.015449999999999998,0.007980000000000001,21.0,18.8,11.0,11.5,75.21,75.49,15.58,9.83,0.16,0.05,2.468571428571429,0.014805714285714285,64.43571428571428,0.014285714285714287,0.1,2024-04-15,3.2
0.9638,-0.2666,2.48,2.61,2.76,2.75,0.01423,0.01662,21.8,20.2,12.8,8.8,69.23,81.15,13.42,17.23,0.02,0.86,2.532857142857143,0.014802857142857144,64.64571428571428,0.014285714285714287,0.0,2024-04-16,3.5
0.9591,-0.2831,3.2,2.48,2.61,2.79,0.01772,0.015449999999999998,23.8,21.0,10.4,11.0,44.11,75.21,18.73,15.58,0.0,0.16,2.6342857142857143,0.01479142857142857,61.44142857142857,0.014285714285714287,0.0,2024-04-17,3.02
0.9541,-0.2996,3.5,3.2,2.48,2.37,0.01778,0.01423,26.8,21.8,11.3,12.8,24.21,69.23,18.74,13.42,0.0,0.02,2.7271428571428573,0.015301428571428572,57.85,0.014285714285714287,0.0,2024-04-18,2.57
0.9488,-0.316,3.02,3.5,3.2,1.52,0.017329999999999998,0.01772,23.0,23.8,13.3,10.4,35.55,44.11,17.44,18.73,0.0,0.0,2.8771428571428572,0.016402857142857143,53.25142857142857,0.014285714285714287,0.0,2024-04-19,1.82
0.9432,-0.3322,2.57,3.02,3.5,2.76,0.01569,0.01778,21.0,26.8,10.3,11.3,43.3,24.21,14.96,18.74,0.0,0.0,2.742857142857143,0.015604285714285713,49.33428571428571,0.014285714285714287,0.0,2024-04-20,1.49
0.9373,-0.3484,1.82,2.57,3.02,2.61,0.01103,0.017329999999999998,19.0,23.0,11.9,13.3,53.73,35.55,11.2,17.44,0.0,0.0,2.5828571428571427,0.014245714285714287,49.10857142857143,0.0,0.0,2024-04-21,2.31
0.9312,-0.3645,1.49,1.82,2.57,2.48,0.00594,0.01569,20.3,21.0,12.6,10.3,73.63,43.3,7.46,14.96,0.31,0.0,2.5585714285714287,0.014145714285714286,50.79,0.0,0.0,2024-04-22,2.76
0.9248,-0.3804,2.31,1.49,1.82,3.2,0.013529999999999999,0.01103,21.1,19.0,11.5,11.9,81.0,53.73,12.91,11.2,0.25,0.0,2.4957142857142856,0.013947142857142856,52.67714285714286,0.0,0.0,2024-04-23,2.52
0.9181,-0.3963,2.76,2.31,1.49,3.5,0.016329999999999997,0.00594,21.6,20.3,10.5,12.6,57.32,73.63,17.52,7.46,0.0,0.31,2.3557142857142854,0.013704285714285712,57.05,0.0,0.0,2024-04-24,2.84
0.9112,-0.412,2.52,2.76,2.31,3.02,0.016079999999999997,0.013529999999999999,20.7,21.1,9.6,11.5,54.82,81.0,15.79,12.91,0.0,0.25,2.3299999999999996,0.013415714285714284,58.99,0.0,0.0,2024-04-25,2.59
0.9039,-0.4276,2.84,2.52,2.76,2.57,0.01531,0.016329999999999997,22.4,21.6,7.6,10.5,49.13,57.32,15.51,17.52,0.0,0.0,2.3328571428571427,0.013404285714285714,61.84428571428571,0.0,0.0,2024-04-26,2.55
0.8965,-0.4431,2.59,2.84,2.52,1.82,0.015609999999999999,0.016079999999999997,20.3,20.7,9.1,9.6,63.28,54.82,16.79,15.79,0.0,0.0,2.437142857142857,0.014095714285714284,61.37428571428571,0.0,0.0,2024-04-27,2.14
0.8887,-0.4585,2.55,2.59,2.84,1.49,0.01587,0.01531,19.2,22.4,7.7,7.6,50.44,49.13,17.14,15.51,0.0,0.0,2.5300000000000002,0.015195714285714285,57.355714285714285,0.0,0.0,2024-04-28,2.62
0.8807,-0.4737,2.14,2.55,2.59,2.31,0.013640000000000001,0.015609999999999999,17.2,20.3,7.1,9.1,45.5,63.28,13.76,16.79,0.0,0.0,2.5742857142857143,0.015457142857142855,54.34142857142857,0.0,0.0,2024-04-29,2.58
0.8724,-0.4888,2.62,2.14,2.55,2.76,0.015359999999999999,0.01587,18.3,19.2,6.2,7.7,59.9,50.44,16.16,17.14,0.06,0.0,2.5485714285714285,0.015197142857142857,55.72571428571428,0.0,0.0,2024-04-30,1.98
0.8639,-0.5037,2.58,2.62,2.14,2.52,0.01451,0.013640000000000001,19.8,17.2,9.4,7.1,67.01,45.5,14.8,13.76,1.16,0.0,2.4714285714285715,0.014631428571428571,56.910000000000004,0.0,0.0,2024-05-01,1.8
0.8551,-0.5185,1.98,2.58,2.62,2.84,0.012119999999999999,0.015359999999999999,18.1,18.3,9.0,6.2,63.11,59.9,12.32,16.16,0.0,0.06,2.322857142857143,0.014147142857142856,56.36714285714286,0.0,0.0,2024-05-02,2.29
0.846,-0.5331,1.8,1.98,2.58,2.59,0.01192,0.01451,15.5,19.8,6.1,9.4,45.33,67.01,12.53,14.8,0.0,1.16,2.2800000000000002,0.014045714285714285,54.87714285714286,0.0,0.0,2024-05-03,2.56
0.8367,-0.5476,2.29,1.8,1.98,2.55,0.0149,0.012119999999999999,16.9,18.1,6.4,9.0,52.85,63.11,15.79,12.32,0.0,0.0,2.2814285714285716,0.01389,54.370000000000005,0.0,0.0,2024-05-04,1.75
0.8272,-0.5619,2.56,2.29,1.8,2.14,0.01478,0.01192,20.2,15.5,5.4,6.1,46.89,45.33,15.37,12.53,0.0,0.0,2.2257142857142855,0.01347142857142857,55.691428571428574,0.0,0.0,2024-05-05,2.2
0.8174,-0.5761,1.75,2.56,2.29,2.62,0.01071,0.0149,18.1,16.9,8.7,6.4,54.75,52.85,11.18,15.79,0.0,0.0,2.165714285714286,0.013314285714285714,56.04571428571428,0.0,0.0,2024-05-06,1.05
0.8074,-0.59,2.2,1.75,2.56,2.58,0.01426,0.01478,17.0,20.2,6.2,5.4,62.38,46.89,15.05,15.37,0.0,0.0,1.9471428571428573,0.011874285714285714,57.38857142857143,6.0,0.0,2024-05-07,2.16
0.7971,-0.6038,1.05,2.2,1.75,1.98,0.00443,0.01071,15.8,18.1,6.1,8.7,76.41,54.75,3.07,11.18,4.1,0.0,1.9728571428571429,0.012187142857142856,54.26142857142857,6.0,42.0,2024-05-08,1.93
0.7866,-0.6175,2.16,1.05,2.2,1.8,0.01431,0.01426,17.5,17.0,4.0,6.2,41.22,62.38,15.48,15.05,0.0,0.0,1.9914285714285715,0.01249,54.41285714285714,6.0,0.0,2024-05-09,1.76
0.7759,-0.6309,1.93,2.16,1.05,2.29,0.014039999999999999,0.00443,15.8,15.8,6.8,6.1,46.39,76.41,15.14,3.07,0.0,4.1,1.9157142857142857,0.012069999999999999,56.575714285714284,6.0,0.0,2024-05-10,1.87
0.7649,-0.6442,1.76,1.93,2.16,2.56,0.01196,0.01431,16.2,17.5,5.5,4.0,67.99,41.22,9.77,15.48,0.01,0.0,1.8171428571428572,0.011852857142857142,60.317142857142855,6.0,0.0,2024-05-11,1.97
0.7537,-0.6572,1.87,1.76,1.93,1.75,0.01326,0.014039999999999999,15.9,15.8,5.5,6.8,73.08,46.39,13.9,15.14,0.0,0.0,1.8485714285714288,0.012281428571428572,61.33857142857143,6.0,0.0,2024-05-12,1.87
0.7423,-0.6701,1.97,1.87,1.76,2.2,0.013710000000000002,0.01196,16.1,16.2,3.8,5.5,61.9,67.99,14.37,9.77,0.03,0.01,1.8014285714285714,0.012202857142857142,58.61285714285714,6.0,0.0,2024-05-13,1.73
0.7306,-0.6828,1.87,1.97,1.87,1.05,0.013710000000000002,0.01326,15.2,15.9,7.0,5.5,43.3,73.08,14.65,13.9,0.04,0.0,1.8985714285714288,0.013372857142857143,55.17,0.0,0.0,2024-05-14,1.3
0.7188,-0.6952,1.73,1.87,1.97,2.16,0.01262,0.013710000000000002,14.5,16.1,6.6,3.8,52.31,61.9,13.82,14.37,0.01,0.03,1.7757142857142856,0.0124,60.29857142857143,0.0,0.0,2024-05-15,2.14
0.7067,-0.7075,1.3,1.73,1.87,1.93,0.0075,0.013710000000000002,14.7,15.2,6.1,7.0,77.12,43.3,7.44,14.65,0.0,0.04,1.8057142857142858,0.012285714285714287,62.208571428571425,0.0,0.0,2024-05-16,1.94
0.6945,-0.7195,2.14,1.3,1.73,1.76,0.01324,0.01262,17.0,14.5,4.3,6.6,59.76,52.31,14.1,13.82,0.0,0.01,1.8314285714285714,0.012434285714285715,61.44,0.0,0.0,2024-05-17,1.95
0.682,-0.7314,1.94,2.14,1.3,1.87,0.013,0.0075,16.8,14.7,4.6,6.1,62.61,77.12,13.5,7.44,0.0,0.0,1.842857142857143,0.012398571428571429,58.77428571428572,0.0,0.0,2024-05-18,1.83
0.6693,-0.743,1.95,1.94,2.14,1.97,0.013009999999999999,0.01324,16.1,17.0,4.6,4.3,54.42,59.76,13.75,14.1,0.0,0.0,1.8228571428571427,0.012027142857142858,54.18142857142857,0.0,0.0,2024-05-19,0.87
0.6564,-0.7544,1.83,1.95,1.94,1.87,0.01111,0.013,18.0,16.8,4.6,4.6,29.75,62.61,11.99,13.5,0.0,0.0,1.68,0.010514285714285714,55.77428571428572,2.3714285714285714,0.0,2024-05-20,1.56
0.6433,-0.7656,0.87,1.83,1.95,1.73,0.00312,0.013009999999999999,14.6,16.1,9.3,4.6,54.45,54.42,1.79,13.75,0.59,0.0,1.6557142857142857,0.010235714285714287,58.91857142857143,2.7,16.6,2024-05-21,0.47
0.6301,-0.7765,1.56,0.87,1.83,1.3,0.01067,0.01111,16.1,18.0,9.4,4.6,74.32,29.75,10.37,11.99,11.34,0.0,1.5371428571428571,0.00943,59.854285714285716,3.7,2.3,2024-05-22,1.74
0.6166,-0.7873,0.47,1.56,0.87,2.14,0.00186,0.00312,12.4,14.6,10.3,9.3,83.67,54.45,3.25,1.79,5.19,0.59,1.48,0.009244285714285715,61.26714285714286,5.028571428571429,7.0,2024-05-23,1.14
0.603,-0.7978,1.74,0.47,1.56,1.94,0.01194,0.01067,16.2,16.1,7.2,9.4,69.65,74.32,12.89,10.37,1.46,11.34,1.3657142857142859,0.008094285714285715,59.06857142857143,5.028571428571429,9.3,2024-05-24,1.32
0.5892,-0.808,1.14,1.74,0.47,1.95,0.00495,0.00186,17.9,12.4,6.2,10.3,47.22,83.67,5.76,3.25,0.0,5.19,1.2757142857142856,0.007412857142857143,61.71714285714285,5.028571428571429,0.0,2024-05-25,1.73
0.5752,-0.818,1.32,1.14,1.74,1.83,0.00824,0.01194,16.2,16.2,8.0,7.2,72.96,69.65,7.46,12.89,0.03,1.46,1.2614285714285713,0.007377142857142857,68.51,6.114285714285715,0.0,2024-05-26,1.25
0.561,-0.8278,1.73,1.32,1.14,0.87,0.01086,0.00495,18.1,17.9,7.4,6.2,77.3,47.22,12.09,5.76,0.23,0.0,1.3157142857142858,0.007967142857142857,67.64,3.742857142857143,7.6,2024-05-27,1.49
0.5467,-0.8373,1.25,1.73,1.32,1.56,0.00725,0.00824,16.5,16.2,6.8,8.0,48.36,72.96,8.64,7.46,0.0,0.03,1.3057142857142858,0.007907142857142857,64.16142857142857,3.414285714285714,0.0,2024-05-28,1.55
0.5322,-0.8466,1.49,1.25,1.73,0.47,0.01025,0.01086,15.4,18.1,8.6,7.4,49.97,77.3,9.66,12.09,0.01,0.23,1.4600000000000002,0.009158571428571429,58.94285714285714,2.414285714285714,0.0,2024-05-29,1.76
0.5176,-0.8556,1.55,1.49,1.25,1.74,0.01062,0.00725,17.3,16.5,8.3,6.8,47.14,48.36,11.84,8.64,0.01,0.0,1.4628571428571429,0.009081428571428572,56.059999999999995,1.0857142857142856,0.0,2024-05-30,1.0
0.5028,-0.8644,1.76,1.55,1.49,1.14,0.0114,0.01025,19.0,15.4,8.5,8.6,49.47,49.97,8.99,9.66,0.0,0.01,1.4428571428571428,0.009332857142857143,57.14857142857142,1.0857142857142856,0.0,2024-05-31,1.74
0.4878,-0.8729,1.0,1.76,1.55,1.32,0.00671,0.01062,14.9,17.3,9.3,8.3,54.84,47.14,4.8,11.84,0.0,0.01,1.502857142857143,0.009732857142857142,54.12571428571429,1.0857142857142856,0.0,2024-06-01,1.32
0.4728,-0.8812,1.74,1.0,1.76,1.73,0.01104,0.0114,19.1,19.0,8.2,8.5,51.8,49.47,10.84,8.99,0.0,0.0,1.4442857142857142,0.009337142857142858,50.221428571428575,0.0,0.0,2024-06-02,0.65
0.4575,-0.8892,1.32,1.74,1.0,1.25,0.00809,0.00671,20.1,14.9,10.2,9.3,49.97,54.84,8.33,4.8,0.0,0.0,1.3585714285714285,0.008858571428571427,52.39,0.0,0.0,2024-06-03,0.51
0.4422,-0.8969,0.65,1.32,1.74,1.49,0.0039,0.01104,14.1,19.1,8.5,8.2,63.54,51.8,3.79,10.84,0.0,0.0,1.2185714285714284,0.007704285714285714,53.12571428571429,0.1142857142857143,0.0,2024-06-04,0.83
0.4267,-0.9044,0.51,0.65,1.32,1.55,0.00217,0.00809,14.1,20.1,9.2,10.2,55.12,49.97,4.16,8.33,0.0,0.0,1.1157142857142859,0.006817142857142857,54.478571428571435,0.1142857142857143,0.8,2024-06-05,0.78
0.4111,-0.9116,0.83,0.51,0.65,1.76,0.00441,0.0039,16.3,14.1,9.1,8.5,56.61,63.54,4.38,3.79,0.0,0.0,0.9757142857142858,0.0056128571428571425,56.17142857142857,0.1142857142857143,0.0,2024-06-06,1.96
0.3953,-0.9185,0.78,0.83,0.51,1.0,0.00297,0.00217,18.0,14.1,10.3,9.2,61.32,55.12,5.77,4.16,0.0,0.0,1.1128571428571428,0.006107142857142857,56.44714285714286,0.1142857142857143,0.0,2024-06-07,1.12
0.3795,-0.9252,1.96,0.78,0.83,1.74,0.01017,0.00441,24.5,16.3,10.5,9.1,56.77,56.61,9.3,4.38,0.0,0.0,1.0242857142857142,0.005371428571428571,59.962857142857146,0.5857142857142856,0.0,2024-06-08,0.82
0.3635,-0.9316,1.12,1.96,0.78,1.32,0.005889999999999999,0.00297,17.4,18.0,10.1,10.3,76.41,61.32,8.03,5.77,3.75,0.0,0.9528571428571428,0.004774285714285714,64.66428571428571,4.614285714285714,3.3,2024-06-09,0.86
0.3474,-0.9377,0.82,1.12,1.96,0.65,0.00391,0.01017,16.0,24.5,11.0,10.5,82.88,56.77,4.48,9.3,0.34,0.0,0.9828571428571429,0.0048,66.33857142857143,4.728571428571429,28.2,2024-06-10,1.05
0.3312,-0.9436,0.86,0.82,1.12,0.51,0.00408,0.005889999999999999,16.8,17.4,10.9,10.1,75.26,76.41,4.43,8.03,0.0,3.75,1.06,0.005334285714285714,67.38571428571429,4.757142857142857,0.8,2024-06-11,1.31
0.3149,-0.9491,1.05,0.86,0.82,0.83,0.00591,0.00391,17.5,16.0,10.3,11.0,62.45,82.88,5.63,4.48,0.01,0.34,1.1285714285714286,0.0056442857142857145,68.72571428571429,4.757142857142857,1.0,2024-06-12,0.59
0.2986,-0.9544,1.31,1.05,0.86,0.78,0.00658,0.00408,17.5,16.8,9.3,10.9,65.99,75.26,5.63,4.43,4.74,0.0,1.1014285714285714,0.005478571428571429,72.19285714285715,14.428571428571429,0.0,2024-06-13,1.46
0.2821,-0.9594,0.59,1.31,1.05,1.96,0.00181,0.00591,14.3,17.5,11.8,10.3,85.59,62.45,2.51,5.63,20.64,0.01,1.03,0.005274285714285715,76.25714285714285,19.0,67.7,2024-06-14,1.4
0.2656,-0.9641,1.46,0.59,1.31,1.12,0.00874,0.00658,17.7,17.5,9.1,9.3,85.22,65.99,8.81,5.63,2.21,4.74,1.07,0.005688571428571429,76.25571428571428,18.52857142857143,32.0,2024-06-15,1.22
0.2489,-0.9685,1.4,1.46,0.59,0.82,0.00879,0.00181,16.7,14.3,7.5,11.8,76.4,85.59,8.66,2.51,0.0,20.64,1.127142857142857,0.0064228571428571425,75.64142857142858,14.5,0.0,2024-06-16,1.46
0.2322,-0.9727,1.22,1.4,1.46,0.86,0.00905,0.00874,14.8,17.7,8.2,9.1,78.58,85.22,7.97,8.81,0.01,2.21,1.2128571428571429,0.00722,74.64,14.714285714285714,0.0,2024-06-17,1.27
0.2155,-0.9765,1.46,1.22,1.4,1.05,0.00966,0.00879,17.1,16.7,7.1,7.5,68.25,76.4,11.01,8.66,0.22,0.0,1.2442857142857142,0.007327142857142858,78.12857142857142,18.142857142857142,2.3,2024-06-18,1.53
0.1986,-0.9801,1.27,1.46,1.22,1.31,0.00666,0.00905,16.9,14.8,9.5,8.2,86.87,78.58,3.9,7.97,1.58,0.01,1.2757142857142856,0.007911428571428571,80.03,18.942857142857143,25.0,2024-06-19,1.08
0.1818,-0.9833,1.53,1.27,1.46,0.59,0.01067,0.00966,16.6,17.1,8.2,7.1,79.3,68.25,10.95,11.01,0.27,0.22,1.3457142857142856,0.008567142857142858,79.48857142857142,9.271428571428572,5.6,2024-06-20,0.52
0.1648,-0.9863,1.08,1.53,1.27,1.46,0.0064,0.00666,16.0,16.9,8.5,9.5,81.8,86.87,5.85,3.9,1.09,1.58,1.2114285714285715,0.007397142857142857,79.15142857142857,12.142857142857142,0.0,2024-06-21,0.53
0.1478,-0.989,0.52,1.08,1.53,1.4,0.00055,0.01067,13.4,16.6,9.4,8.2,82.86,79.3,1.64,10.95,21.59,0.27,1.0871428571428572,0.006401428571428572,80.97285714285714,14.885714285714286,52.1,2024-06-22,1.28
0.1308,-0.9914,0.53,0.52,1.08,1.22,0.00182,0.0064,12.3,16.0,8.8,8.5,89.15,81.8,3.07,5.85,1.15,1.09,1.0957142857142856,0.00639,80.99857142857142,14.885714285714286,19.2,2024-06-23,0.46
0.1137,-0.9935,1.28,0.53,0.52,1.46,0.00897,0.00055,13.9,13.4,6.8,9.4,78.76,82.86,9.02,1.64,0.0,21.59,0.9528571428571428,0.0052842857142857145,82.3,14.557142857142859,0.0,2024-06-24,1.45
0.0966,-0.9953,0.46,1.28,0.53,1.27,0.0019199999999999998,0.00182,10.0,12.3,6.2,8.8,77.36,89.15,4.48,3.07,0.81,1.15,0.9785714285714286,0.0058114285714285716,79.87,10.985714285714286,0.0,2024-06-25,1.63
0.0795,-0.9968,1.45,0.46,1.28,1.53,0.01035,0.00897,13.2,13.9,2.9,6.8,69.86,78.76,11.8,9.02,0.0,0.0,0.9928571428571429,0.005895714285714286,74.79428571428572,10.185714285714285,0.0,2024-06-26,1.52
0.0623,-0.9981,1.63,1.45,0.46,1.08,0.01126,0.0019199999999999998,16.0,10.0,3.3,6.2,43.77,77.36,11.85,4.48,0.0,0.81,1.0557142857142856,0.006488571428571429,72.25857142857143,10.185714285714285,0.0,2024-06-27,1.33
0.0451,-0.999,1.52,1.63,1.45,0.52,0.01055,0.01035,16.8,13.2,9.3,2.9,64.05,69.86,8.92,11.8,0.0,0.0,1.1714285714285713,0.007865714285714285,69.00428571428571,2.742857142857143,0.0,2024-06-28,1.39
0.028,-0.9996,1.33,1.52,1.63,0.53,0.01019,0.01126,14.7,16.0,8.8,3.3,60.08,43.77,11.85,11.85,0.0,0.0,1.2942857142857143,0.008982857142857143,62.417142857142856,0.0,0.0,2024-06-29,1.72
0.0108,-0.9999,1.39,1.33,1.52,1.28,0.009640000000000001,0.01055,17.3,16.8,7.7,9.3,43.04,64.05,10.01,8.92,0.0,0.0,1.3571428571428572,0.009345714285714287,57.705714285714286,0.0,0.0,2024-06-30,1.78
-0.0065,-1.0,1.72,1.39,1.33,0.46,0.01151,0.01019,17.8,14.7,7.8,8.8,45.78,60.08,12.33,11.85,0.0,0.0,1.5457142857142858,0.010697142857142858,53.02285714285714,0.0,0.0,2024-07-01,1.8
-0.0237,-0.9997,1.78,1.72,1.39,1.45,0.011380000000000001,0.009640000000000001,20.3,17.3,8.9,7.7,44.58,43.04,12.32,10.01,0.0,0.0,1.5957142857142856,0.01084857142857143,49.70285714285715,0.0,0.0,2024-07-02,1.65
-0.0408,-0.9992,1.8,1.78,1.72,1.63,0.01141,0.01151,19.1,17.8,8.9,7.8,46.62,45.78,12.2,12.33,0.0,0.0,1.5985714285714285,0.010752857142857144,50.279999999999994,0.0,0.0,2024-07-03,1.17
-0.058,-0.9983,1.65,1.8,1.78,1.52,0.01059,0.011380000000000001,16.9,20.3,8.7,8.9,47.81,44.58,11.6,12.32,0.0,0.0,1.5485714285714285,0.010577142857142856,48.17,0.0,0.0,2024-07-04,1.37
-0.0752,-0.9972,1.17,1.65,1.8,1.33,0.00932,0.01141,12.8,19.1,5.7,8.9,49.28,46.62,11.71,12.2,0.0,0.0,1.554285714285714,0.010732857142857143,46.05285714285714,0.0,0.0,2024-07-05,1.23
-0.0923,-0.9957,1.37,1.17,1.65,1.39,0.01128,0.01059,13.1,16.9,4.5,8.7,45.26,47.81,12.27,11.6,0.0,0.0,1.5314285714285716,0.010842857142857142,46.79714285714285,0.0,0.0,2024-07-06,1.46
-0.1094,-0.994,1.23,1.37,1.17,1.72,0.01041,0.00932,11.9,12.8,4.4,5.7,48.25,49.28,12.49,11.71,0.0,0.0,1.4942857142857144,0.010878571428571428,47.62285714285714,0.0,0.0,2024-07-07,1.34
-0.1265,-0.992,1.46,1.23,1.37,1.78,0.01176,0.01128,13.1,13.1,3.7,4.5,51.56,45.26,12.61,12.27,0.0,0.0,1.4314285714285713,0.010882857142857142,48.792857142857144,0.0,0.0,2024-07-08,1.27
-0.1436,-0.9896,1.34,1.46,1.23,1.8,0.01141,0.01041,11.7,11.9,3.6,4.4,52.77,48.25,12.79,12.49,0.0,0.0,1.3557142857142856,0.010751428571428573,50.50714285714286,0.0,0.0,2024-07-09,1.54
-0.1606,-0.987,1.27,1.34,1.46,1.65,0.010490000000000001,0.01176,11.3,13.1,4.2,3.7,58.62,51.56,10.33,12.61,0.0,0.0,1.34,0.010922857142857142,54.01714285714286,0.0,0.0,2024-07-10,1.43
-0.1775,-0.9841,1.54,1.27,1.34,1.17,0.011789999999999998,0.01141,12.7,11.7,2.2,3.6,72.38,52.77,12.55,12.79,0.0,0.0,1.3771428571428572,0.011177142857142858,55.05285714285714,0.0,0.0,2024-07-11,1.18
-0.1944,-0.9809,1.43,1.54,1.27,1.37,0.0111,0.010490000000000001,13.0,11.3,2.5,4.2,56.53,58.62,12.33,10.33,0.0,0.0,1.3499999999999999,0.010905714285714286,56.308571428571426,0.0,0.0,2024-07-12,1.39
-0.2113,-0.9774,1.18,1.43,1.54,1.23,0.009380000000000001,0.011789999999999998,12.5,12.7,2.4,2.2,54.05,72.38,10.39,12.55,0.0,0.0,1.3728571428571428,0.011090000000000001,56.64714285714285,0.0,0.0,2024-07-13,0.96
-0.2281,-0.9736,1.39,1.18,1.43,1.46,0.011699999999999999,0.0111,12.4,13.0,1.7,2.5,50.62,56.53,11.22,12.33,0.0,0.0,1.3014285714285714,0.01053142857142857,56.44714285714286,0.0,0.0,2024-07-14,1.18
-0.2448,-0.9696,0.96,1.39,1.18,1.34,0.00785,0.009380000000000001,10.5,12.5,5.5,2.4,50.16,54.05,7.55,10.39,0.0,0.0,1.2785714285714285,0.010297142857142857,56.50285714285714,0.0,0.0,2024-07-15,1.64
-0.2614,-0.9652,1.18,0.96,1.39,1.27,0.00977,0.011699999999999999,10.9,12.4,4.4,1.7,53.16,50.62,6.22,11.22,0.01,0.0,1.3314285714285714,0.01058,54.652857142857144,0.0,0.0,2024-07-16,1.54
-0.278,-0.9606,1.64,1.18,0.96,1.54,0.01247,0.00785,14.0,10.5,4.0,5.5,45.67,50.16,13.13,7.55,0.0,0.0,1.3314285714285714,0.01057,51.55285714285714,0.0,0.0,2024-07-17,1.21
-0.2945,-0.9557,1.54,1.64,1.18,1.43,0.011720000000000001,0.00977,13.8,10.9,5.3,4.4,50.68,53.16,10.24,6.22,0.0,0.01,1.3,0.010191428571428572,53.354285714285716,0.0,0.0,2024-07-18,1.17
-0.3109,-0.9505,1.21,1.54,1.64,1.18,0.00845,0.01247,14.4,14.0,5.8,4.0,69.14,45.67,5.94,13.13,0.0,0.0,1.2985714285714285,0.01012,55.558571428571426,0.0,0.0,2024-07-19,1.15
-0.3272,-0.945,1.17,1.21,1.54,1.39,0.00888,0.011720000000000001,13.4,13.8,7.7,5.3,69.48,50.68,9.37,10.24,0.0,0.0,1.2642857142857142,0.00968857142857143,57.93857142857143,0.0,0.0,2024-07-20,1.63
-0.3434,-0.9392,1.15,1.17,1.21,0.96,0.00868,0.00845,13.2,14.4,7.6,5.8,67.28,69.14,5.44,5.94,0.0,0.0,1.3599999999999999,0.010068571428571428,62.81857142857143,0.0,0.0,2024-07-21,1.87
-0.3595,-0.9332,1.63,1.15,1.17,1.18,0.01051,0.00888,16.4,13.4,8.0,7.7,84.32,69.48,10.02,9.37,0.02,0.0,1.4585714285714284,0.010511428571428573,64.42285714285714,0.0,0.0,2024-07-22,1.23
-0.3755,-0.9268,1.87,1.63,1.15,1.64,0.01287,0.00868,16.4,13.2,7.3,7.6,64.39,67.28,13.36,5.44,0.02,0.0,1.4000000000000001,0.009824285714285714,69.67428571428572,0.04285714285714286,0.0,2024-07-23,1.94
-0.3914,-0.9202,1.23,1.87,1.63,1.54,0.00766,0.01051,15.4,16.4,8.1,8.0,82.43,84.32,9.65,10.02,0.36,0.02,1.457142857142857,0.010002857142857143,71.01285714285714,0.04285714285714286,0.3,2024-07-24,1.64
-0.4071,-0.9134,1.94,1.23,1.87,1.21,0.01297,0.01287,18.9,16.4,6.4,7.3,60.05,64.39,13.83,13.36,0.09,0.02,1.5185714285714285,0.010478571428571429,68.14571428571428,0.04285714285714286,0.0,2024-07-25,1.33
-0.4228,-0.9062,1.64,1.94,1.23,1.17,0.011779999999999999,0.00766,14.3,15.4,7.9,8.1,49.07,82.43,11.21,9.65,0.0,0.36,1.5414285714285714,0.010621428571428572,66.83142857142857,0.04285714285714286,0.0,2024-07-26,1.53
-0.4383,-0.8988,1.33,1.64,1.94,1.15,0.009880000000000002,0.01297,13.8,18.9,7.4,6.4,60.28,60.05,9.19,13.83,0.0,0.09,1.5957142857142856,0.011052857142857142,64.56857142857143,0.04285714285714286,0.0,2024-07-27,1.71
-0.4537,-0.8912,1.53,1.33,1.64,1.63,0.011699999999999999,0.011779999999999999,14.5,14.3,6.5,7.9,51.44,49.07,14.25,11.21,0.0,0.0,1.6071428571428572,0.011474285714285715,59.104285714285716,0.04285714285714286,0.0,2024-07-28,1.98
-0.469,-0.8832,1.71,1.53,1.33,1.87,0.013460000000000001,0.009880000000000002,13.9,13.8,4.7,7.4,46.07,60.28,14.2,9.19,0.0,0.0,1.6228571428571428,0.011502857142857145,55.582857142857144,0.04285714285714286,0.0,2024-07-29,0.88
-0.4841,-0.875,1.98,1.71,1.53,1.23,0.01307,0.011699999999999999,19.7,14.5,6.6,6.5,39.74,51.44,14.39,14.25,0.0,0.0,1.5728571428571427,0.01125,50.308571428571426,0.0,0.0,2024-07-30,0.48
-0.4991,-0.8666,0.88,1.98,1.71,1.94,0.005889999999999999,0.013460000000000001,13.9,13.9,6.9,4.7,45.51,46.07,4.76,14.2,0.0,0.0,1.3642857142857143,0.009625714285714284,50.75571428571429,0.08571428571428572,0.0,2024-07-31,0.57
-0.5139,-0.8578,0.48,0.88,1.98,1.64,0.0016,0.01307,12.7,19.7,9.3,6.6,63.18,39.74,3.72,14.39,0.0,0.0,1.2114285714285715,0.00817857142857143,53.57714285714285,0.5857142857142856,0.6,2024-08-01,1.02
-0.5286,-0.8489,0.57,0.48,0.88,1.33,0.00165,0.005889999999999999,14.2,13.9,11.0,6.9,68.82,45.51,3.35,4.76,0.0,0.0,1.167142857142857,0.007461428571428571,56.76142857142857,11.357142857142858,3.5,2024-08-02,2.13
-0.5431,-0.8397,1.02,0.57,0.48,1.53,0.004860000000000001,0.0016,14.7,12.7,9.3,9.3,82.57,63.18,6.15,3.72,0.0,0.0,1.252857142857143,0.007701428571428572,58.895714285714284,13.428571428571429,75.4,2024-08-03,1.78
-0.5575,-0.8302,2.13,1.02,0.57,1.71,0.013380000000000001,0.00165,17.7,14.2,6.3,11.0,66.38,68.82,13.97,3.35,0.0,0.0,1.262857142857143,0.007461428571428571,61.74,13.428571428571429,14.5,2024-08-04,0.93
-0.5717,-0.8205,1.78,2.13,1.02,1.98,0.011779999999999999,0.004860000000000001,16.9,14.7,7.2,9.3,65.98,82.57,11.38,6.15,0.01,0.0,1.1128571428571428,0.006277142857142857,67.14857142857143,17.15714285714286,0.0,2024-08-05,1.85
-0.5857,-0.8105,0.93,1.78,2.13,0.88,0.00478,0.013380000000000001,14.7,17.7,8.7,6.3,77.6,66.38,4.44,13.97,11.18,0.0,1.2514285714285713,0.007368571428571428,71.41571428571429,17.8,26.1,2024-08-06,1.45
-0.5996,-0.8003,1.85,0.93,1.78,0.48,0.013529999999999999,0.011779999999999999,14.6,16.9,6.3,7.2,75.38,65.98,14.46,11.38,0.33,0.01,1.3900000000000001,0.008658571428571429,72.66714285714285,17.714285714285715,4.5,2024-08-07,2.04
-0.6132,-0.7899,1.45,1.85,0.93,0.57,0.01063,0.00478,11.8,14.7,3.5,8.7,71.94,77.6,12.98,4.44,0.0,11.18,1.5999999999999999,0.01057142857142857,69.85142857142857,17.214285714285715,0.0,2024-08-08,2.43
-0.6267,-0.7792,2.04,1.45,1.85,1.02,0.01504,0.013529999999999999,15.3,14.6,3.6,6.3,49.11,75.38,15.97,14.46,0.0,0.33,1.8014285714285714,0.01208857142857143,63.89857142857142,6.442857142857143,0.0,2024-08-09,2.2
-0.64,-0.7683,2.43,2.04,1.45,2.13,0.01548,0.01063,16.6,11.8,2.8,3.5,40.9,71.94,15.82,12.98,0.0,0.0,1.8114285714285714,0.012282857142857142,61.137142857142855,4.371428571428572,0.0,2024-08-10,2.27
-0.6532,-0.7572,2.2,2.43,2.04,1.78,0.01474,0.01504,17.5,15.3,5.4,3.6,47.05,49.11,15.53,15.97,0.0,0.0,1.8814285714285715,0.012708571428571428,58.644285714285715,4.371428571428572,0.0,2024-08-11,2.25
-0.6661,-0.7459,2.27,2.2,2.43,0.93,0.01476,0.01548,18.4,16.6,8.2,2.8,48.53,40.9,15.92,15.82,0.0,0.0,2.07,0.014177142857142857,54.44,0.6428571428571429,0.0,2024-08-12,1.08
-0.6788,-0.7343,2.25,2.27,2.2,1.85,0.01506,0.01474,18.0,17.5,9.8,5.4,48.17,47.05,16.0,15.53,0.0,0.0,1.9600000000000002,0.013331428571428572,51.958571428571425,0.0,0.0,2024-08-13,1.07
-0.6914,-0.7225,1.08,2.25,2.27,1.45,0.0076100000000000004,0.01476,13.8,18.4,8.3,8.2,58.01,48.53,6.58,15.92,0.0,0.0,1.9057142857142857,0.012827142857142856,51.175714285714285,0.014285714285714287,0.0,2024-08-14,1.49
-0.7037,-0.7105,1.07,1.08,2.25,2.04,0.0070999999999999995,0.01506,15.5,18.0,9.9,9.8,66.46,48.17,7.99,16.0,0.0,0.0,1.8271428571428572,0.012138571428571429,54.90714285714286,0.014285714285714287,0.1,2024-08-15,1.17
-0.7158,-0.6983,1.49,1.07,1.08,2.43,0.01022,0.0076100000000000004,15.9,13.8,9.7,8.3,75.23,58.01,8.33,6.58,0.0,0.0,1.6471428571428572,0.011054285714285714,59.55714285714286,0.014285714285714287,0.0,2024-08-16,1.79
-0.7277,-0.6859,1.17,1.49,1.07,2.2,0.00789,0.0070999999999999995,13.9,15.5,9.2,9.9,73.45,66.46,9.25,7.99,0.0,0.0,1.5885714285714287,0.010784285714285715,61.32714285714286,0.014285714285714287,0.0,2024-08-17,1.28
-0.7394,-0.6733,1.79,1.17,1.49,2.27,0.01285,0.01022,14.2,15.9,8.1,9.7,59.44,75.23,12.91,8.33,0.0,0.0,1.4471428571428573,0.0099,62.84285714285714,0.014285714285714287,0.0,2024-08-18,2.04
-0.7509,-0.6605,1.28,1.79,1.17,2.25,0.00857,0.00789,13.2,13.9,6.6,9.2,59.14,73.45,7.57,9.25,0.0,0.0,1.417142857142857,0.009938571428571427,65.73,0.014285714285714287,0.0,2024-08-19,1.51
-0.7621,-0.6474,2.04,1.28,1.79,1.08,0.01533,0.01285,13.0,14.2,5.2,8.1,68.38,59.44,13.92,12.91,0.02,0.0,1.4785714285714284,0.010377142857142857,67.71857142857142,0.014285714285714287,0.0,2024-08-20,2.1
-0.7731,-0.6342,1.51,2.04,1.28,1.07,0.01068,0.00857,12.6,13.2,5.8,6.6,71.93,59.14,10.23,7.57,0.03,0.0,1.625714285714286,0.011597142857142858,68.46714285714286,0.9428571428571428,0.0,2024-08-21,2.34
-0.7839,-0.6208,2.1,1.51,2.04,1.49,0.01564,0.01533,14.2,13.0,2.8,5.2,71.7,68.38,14.59,13.92,0.24,0.02,1.747142857142857,0.012515714285714285,67.53142857142858,0.9428571428571428,6.6,2024-08-22,1.95
-0.7945,-0.6073,2.34,2.1,1.51,1.17,0.016649999999999998,0.01068,14.9,12.6,4.3,5.8,68.68,71.93,17.33,10.23,0.02,0.03,1.8585714285714285,0.013365714285714286,67.35857142857142,1.042857142857143,0.0,2024-08-23,2.62
-0.8048,-0.5935,1.95,2.34,2.1,1.79,0.01384,0.01564,13.8,14.2,3.6,2.8,72.24,71.7,17.03,14.59,0.35,0.24,1.977142857142857,0.014048571428571428,62.78000000000001,1.042857142857143,0.7,2024-08-24,2.44
-0.8149,-0.5796,2.62,1.95,2.34,1.28,0.01763,0.016649999999999998,17.2,14.9,2.7,4.3,27.39,68.68,18.78,17.33,0.0,0.02,2.142857142857143,0.015275714285714285,60.82,1.042857142857143,0.0,2024-08-25,2.48
-0.8248,-0.5655,2.44,2.62,1.95,2.04,0.01716,0.01384,16.8,13.8,7.8,3.6,45.42,72.24,17.25,17.03,0.0,0.35,2.2057142857142855,0.015591428571428572,57.82571428571429,1.042857142857143,0.0,2024-08-26,2.34
-0.8344,-0.5512,2.48,2.44,2.62,1.51,0.01754,0.01763,16.4,17.2,7.9,2.7,47.42,27.39,18.26,18.78,0.0,0.0,2.3242857142857143,0.01651714285714286,54.362857142857145,1.042857142857143,0.0,2024-08-27,1.19
-0.8437,-0.5368,2.34,2.48,2.44,2.1,0.01716,0.01716,15.2,16.8,7.2,7.8,47.69,45.42,15.96,17.25,0.0,0.0,2.1942857142857144,0.01536,54.00857142857143,0.09999999999999999,0.0,2024-08-28,1.09
-0.8528,-0.5222,1.19,2.34,2.48,2.34,0.00754,0.01754,13.1,16.4,7.4,7.9,69.22,47.42,6.29,18.26,0.01,0.0,2.0157142857142856,0.013898571428571429,55.02571428571429,0.1857142857142857,0.0,2024-08-29,1.89
-0.8617,-0.5074,1.09,1.19,2.34,1.95,0.00642,0.01716,12.9,15.2,9.4,7.2,75.8,47.69,8.73,15.96,0.17,0.0,2.007142857142857,0.01373857142857143,55.49428571428571,0.6142857142857142,0.6,2024-08-30,2.77
-0.8703,-0.4925,1.89,1.09,1.19,2.62,0.01272,0.00754,15.6,13.1,6.9,7.4,75.52,69.22,15.88,6.29,1.25,0.01,2.0285714285714285,0.013851428571428572,57.93,0.6142857142857142,3.7,2024-08-31,2.74
-0.8786,-0.4775,2.77,1.89,1.09,2.44,0.018420000000000002,0.00642,19.2,12.9,5.0,9.4,44.44,75.8,18.65,8.73,0.0,0.17,2.0714285714285716,0.014021428571428572,57.465714285714284,0.6142857142857142,0.0,2024-09-01,2.19
-0.8867,-0.4623,2.74,2.77,1.89,2.48,0.01835,0.01272,19.0,15.6,8.5,6.9,42.17,75.52,13.68,15.88,0.0,1.25,2.0300000000000002,0.013620000000000002,60.55714285714286,0.6285714285714287,0.0,2024-09-02,2.06
-0.8945,-0.447,2.19,2.74,2.77,2.34,0.01473,0.018420000000000002,16.8,19.2,7.6,5.0,69.06,44.44,17.29,18.65,0.02,0.0,1.99,0.013241428571428572,60.410000000000004,0.6571428571428573,0.1,2024-09-03,2.46
-0.9021,-0.4315,2.06,2.19,2.74,1.19,0.01451,0.01835,15.7,19.0,7.8,8.5,46.66,42.17,18.06,13.68,0.0,0.0,2.1714285714285713,0.014740000000000001,55.785714285714285,0.6571428571428573,0.2,2024-09-04,2.44
-0.9094,-0.4159,2.46,2.06,2.19,1.09,0.01803,0.01473,16.7,16.8,6.6,7.6,36.85,69.06,21.12,17.29,0.01,0.02,2.3642857142857143,0.016251428571428573,50.06285714285714,0.5714285714285714,0.0,2024-09-05,2.23
-0.9164,-0.4002,2.44,2.46,2.06,1.89,0.017,0.01451,16.8,15.7,7.9,7.8,35.74,46.66,18.08,18.06,0.0,0.0,2.412857142857143,0.01674857142857143,46.294285714285714,0.042857142857142864,0.0,2024-09-06,2.03
-0.9232,-0.3844,2.23,2.44,2.46,2.77,0.0162,0.01803,15.4,16.7,8.1,6.6,49.14,36.85,14.65,21.12,0.05,0.01,2.307142857142857,0.0162,47.68285714285714,0.042857142857142864,0.0,2024-09-07,2.56
-0.9296,-0.3685,2.03,2.23,2.44,2.74,0.01458,0.017,16.0,16.8,8.5,7.9,54.16,35.74,16.04,18.08,0.02,0.0,2.281428571428571,0.016104285714285713,47.52571428571429,0.042857142857142864,0.0,2024-09-08,2.78
-0.9358,-0.3524,2.56,2.03,2.23,2.19,0.01768,0.0162,16.8,15.4,7.5,8.1,41.07,49.14,19.54,14.65,0.0,0.05,2.3657142857142857,0.01652714285714286,43.74142857142857,0.028571428571428574,0.0,2024-09-09,2.71
-0.9418,-0.3363,2.78,2.56,2.03,2.06,0.01769,0.01458,19.4,16.0,8.6,8.5,42.57,54.16,18.98,16.04,0.0,0.02,2.4585714285714286,0.01704857142857143,45.769999999999996,0.0,0.0,2024-09-10,2.65
-0.9474,-0.32,2.71,2.78,2.56,2.46,0.01816,0.01768,18.1,16.8,8.1,7.5,60.86,41.07,19.29,19.54,0.03,0.0,2.4857142857142853,0.017194285714285714,49.45428571428572,0.0,0.0,2024-09-11,1.35
-0.9528,-0.3037,2.65,2.71,2.78,2.44,0.01905,0.01769,16.2,19.4,7.0,8.6,62.64,42.57,21.38,18.98,0.02,0.0,2.3299999999999996,0.015944285714285713,53.57,0.028571428571428574,0.0,2024-09-12,2.78
-0.9579,-0.2873,1.35,2.65,2.71,2.23,0.00825,0.01816,13.7,18.1,9.6,8.1,64.55,60.86,10.92,19.29,0.11,0.03,2.4085714285714284,0.016562857142857143,54.85857142857143,0.028571428571428574,0.2,2024-09-13,3.05
-0.9627,-0.2707,2.78,1.35,2.65,2.03,0.02053,0.01905,15.7,16.2,5.9,7.0,58.16,62.64,20.29,21.38,0.07,0.02,2.5542857142857143,0.01745714285714286,52.58571428571429,0.028571428571428574,0.0,2024-09-14,3.29
-0.9672,-0.2541,3.05,2.78,1.35,2.56,0.02084,0.00825,18.0,13.7,7.9,9.6,38.25,64.55,22.29,10.92,0.0,0.11,2.6585714285714284,0.01791142857142857,51.28285714285715,0.028571428571428574,0.0,2024-09-15,3.21
-0.9714,-0.2375,3.29,3.05,2.78,2.78,0.02086,0.02053,20.3,15.7,8.6,5.9,31.95,58.16,22.0,20.29,0.01,0.07,2.7199999999999998,0.017961428571428573,51.16857142857143,0.028571428571428574,0.0,2024-09-16,2.72
-0.9753,-0.2207,3.21,3.29,3.05,2.71,0.01804,0.02084,21.0,18.0,9.0,7.9,41.77,38.25,16.63,22.29,0.06,0.0,2.7214285714285715,0.018067142857142858,48.56285714285714,0.028571428571428574,0.0,2024-09-17,1.69
-0.979,-0.2039,2.72,3.21,3.29,2.65,0.0189,0.02086,16.8,20.3,8.7,8.6,42.62,31.95,18.96,22.0,0.12,0.01,2.584285714285714,0.016897142857142857,47.457142857142856,0.042857142857142864,0.0,2024-09-18,2.67
-0.9824,-0.187,1.69,2.72,3.21,1.35,0.01086,0.01804,15.3,21.0,8.6,9.0,54.9,41.77,9.29,16.63,0.68,0.06,2.7728571428571427,0.018102857142857143,48.65,0.9857142857142857,0.1,2024-09-19,2.3
-0.9854,-0.1701,2.67,1.69,2.72,2.78,0.01669,0.0189,17.7,16.8,7.5,8.7,72.9,42.62,18.65,18.96,0.98,0.12,2.704285714285714,0.017432857142857142,46.96142857142858,0.9857142857142857,6.8,2024-09-20,2.7
-0.9882,-0.1531,2.3,2.67,1.69,3.05,0.01584,0.01086,16.4,15.3,7.2,8.6,46.34,54.9,15.26,9.29,0.0,0.68,2.654285714285714,0.017122857142857145,48.779999999999994,0.9857142857142857,0.0,2024-09-21,0.88
-0.9907,-0.1361,2.7,2.3,2.67,3.29,0.018670000000000003,0.01669,16.4,17.7,7.4,7.5,50.98,72.9,17.73,18.65,0.01,0.98,2.31,0.014717142857142857,52.18,0.9857142857142857,0.0,2024-09-22,1.5
-0.9929,-0.1191,0.88,2.7,2.3,3.21,0.004019999999999999,0.01584,14.5,16.4,7.8,7.2,55.75,46.34,6.52,15.26,1.19,0.0,2.065714285714286,0.013411428571428572,55.22714285714286,0.9857142857142857,0.0,2024-09-23,2.94
-0.9948,-0.102,1.5,0.88,2.7,2.72,0.0089,0.018670000000000003,15.9,16.4,9.5,7.4,63.1,50.98,13.38,17.73,1.42,0.01,2.097142857142857,0.01374,57.589999999999996,0.9857142857142857,0.0,2024-09-24,2.86
-0.9964,-0.0848,2.94,1.5,0.88,1.69,0.0212,0.004019999999999999,16.2,14.5,6.0,7.8,59.16,55.75,23.82,6.52,0.0,1.19,2.2642857142857142,0.015018571428571428,56.39,0.9714285714285714,0.0,2024-09-25,3.84
-0.9977,-0.0677,2.86,2.94,1.5,2.67,0.019809999999999998,0.0089,17.4,15.9,7.4,9.5,46.5,63.1,24.22,13.38,0.06,1.42,2.4314285714285715,0.016032857142857144,50.85142857142857,0.0,0.0,2024-09-26,2.77
-0.9987,-0.0505,3.84,2.86,2.94,2.3,0.02379,0.0212,21.7,16.2,7.3,6.0,34.13,59.16,24.65,23.82,0.1,0.0,2.498571428571428,0.016532857142857144,50.065714285714286,0.0,0.0,2024-09-27,3.55
-0.9994,-0.0333,2.77,3.84,2.86,2.7,0.01934,0.019809999999999998,16.9,17.4,6.7,7.4,40.84,46.5,17.53,24.22,0.23,0.06,2.62,0.01706285714285714,48.287142857142854,0.0,0.0,2024-09-28,2.68
-0.9999,-0.0161,3.55,2.77,3.84,0.88,0.02238,0.02379,21.3,21.7,8.5,7.3,38.53,34.13,23.22,24.65,0.1,0.1,2.8771428571428572,0.019084285714285713,49.29571428571428,0.028571428571428574,0.0,2024-09-29,2.11
-1.0,0.0011,2.68,3.55,2.77,1.5,0.018170000000000002,0.01934,17.5,16.9,7.1,6.7,62.81,40.84,11.41,17.53,0.34,0.23,2.9642857142857144,0.019694285714285716,51.042857142857144,0.028571428571428574,0.2,2024-09-30,3.43
-0.9998,0.0183,2.11,2.68,3.55,2.94,0.01317,0.02238,16.9,21.3,10.2,8.5,75.33,38.53,16.61,23.22,0.22,0.1,3.0342857142857143,0.020021428571428572,51.39714285714286,0.028571428571428574,0.0,2024-10-01,3.57
-0.9994,0.0355,3.43,2.11,2.68,2.86,0.023489999999999997,0.018170000000000002,18.4,17.5,7.8,7.1,61.64,62.81,24.61,11.41,0.01,0.34,3.1357142857142857,0.02055142857142857,51.66285714285714,0.028571428571428574,0.0,2024-10-02,3.85
-0.9986,0.0527,3.57,3.43,2.11,3.84,0.02352,0.01317,19.3,16.9,7.4,10.2,48.36,75.33,25.51,16.61,0.0,0.22,3.1371428571428575,0.02060285714285714,52.932857142857145,0.028571428571428574,0.0,2024-10-03,3.57
-0.9976,0.0698,3.85,3.57,3.43,2.77,0.024149999999999998,0.023489999999999997,21.0,18.4,7.7,7.8,43.02,61.64,25.43,24.61,0.0,0.01,3.2514285714285713,0.02129285714285714,54.03285714285715,0.028571428571428574,0.0,2024-10-04,3.46
-0.9962,0.087,3.57,3.85,3.57,3.55,0.02417,0.02352,18.7,19.3,7.7,7.4,48.54,48.36,17.82,25.51,0.0,0.0,3.238571428571429,0.02136142857142857,54.48857142857143,0.028571428571428574,0.0,2024-10-05,1.53
-0.9946,0.1041,3.46,3.57,3.85,2.68,0.02286,0.024149999999999998,18.9,21.0,8.0,7.7,41.72,43.02,19.35,25.43,0.0,0.0,3.0742857142857143,0.020021428571428572,52.88428571428572,0.0,0.0,2024-10-06,3.4
-0.9926,0.1212,1.53,3.46,3.57,2.11,0.00879,0.02417,17.6,18.7,10.5,7.7,51.58,48.54,8.99,17.82,0.03,0.0,3.2585714285714285,0.021291428571428572,51.174285714285716,0.014285714285714287,0.0,2024-10-07,2.88
-0.9904,0.1383,3.4,1.53,3.46,3.43,0.02206,0.02286,19.0,18.9,11.2,8.0,63.36,41.72,20.4,19.35,2.71,0.0,3.1799999999999997,0.020315714285714288,53.628571428571426,0.8142857142857142,0.1,2024-10-08,3.11
-0.9879,0.1553,2.88,3.4,1.53,3.57,0.01666,0.00879,19.4,17.6,12.7,10.5,78.82,51.58,16.39,8.99,1.44,0.03,3.1142857142857143,0.019889999999999998,58.01857142857143,1.5857142857142856,5.6,2024-10-09,1.7
-0.9851,0.1722,3.11,2.88,3.4,3.85,0.02054,0.02206,19.8,19.0,10.3,11.2,79.09,63.36,15.49,20.4,0.77,2.71,2.807142857142857,0.017861428571428573,62.59285714285714,1.6142857142857143,5.4,2024-10-10,2.11
-0.9819,0.1892,1.7,3.11,2.88,3.57,0.009949999999999999,0.01666,16.7,19.4,12.0,12.7,75.04,78.82,9.06,16.39,0.21,1.44,2.5985714285714283,0.01630142857142857,65.50142857142858,1.6142857142857143,0.2,2024-10-11,2.68
-0.9785,0.206,2.11,1.7,3.11,3.46,0.01325,0.02054,17.1,19.8,11.1,10.3,68.9,79.09,14.3,15.49,0.06,0.77,2.487142857142857,0.015442857142857144,69.03571428571429,1.6142857142857143,0.0,2024-10-12,3.62
-0.9749,0.2228,2.68,2.11,1.7,1.53,0.01685,0.009949999999999999,18.4,16.7,11.0,12.0,66.46,75.04,15.92,9.06,0.01,0.21,2.7857142857142856,0.017485714285714285,70.28714285714285,1.6142857142857143,0.0,2024-10-13,3.11
-0.9709,0.2396,3.62,2.68,2.11,3.4,0.02309,0.01325,20.2,17.1,9.4,11.1,60.34,68.9,21.72,14.3,0.01,0.06,2.744285714285714,0.017225714285714285,69.19285714285715,1.5999999999999999,0.0,2024-10-14,4.25
-0.9666,0.2562,3.11,3.62,2.68,2.88,0.020239999999999998,0.01685,18.3,18.4,7.3,11.0,55.7,66.46,20.02,15.92,0.01,0.01,2.94,0.018605714285714284,63.964285714285715,0.8,0.0,2024-10-15,2.49
-0.9621,0.2728,4.25,3.11,3.62,3.11,0.02632,0.02309,22.5,20.2,9.6,9.4,42.22,60.34,19.24,21.72,0.03,0.01,2.8514285714285714,0.017898571428571427,61.190000000000005,0.14285714285714285,0.0,2024-10-16,4.16
-0.9572,0.2893,2.49,4.25,3.11,1.7,0.01559,0.020239999999999998,16.8,18.3,9.4,7.3,59.67,55.7,16.6,20.02,0.08,0.01,3.2028571428571433,0.02028857142857143,56.800000000000004,0.1142857142857143,0.8,2024-10-17,3.55
-0.9521,0.3057,4.16,2.49,4.25,2.11,0.02668,0.02632,20.8,22.5,7.4,9.6,44.31,42.22,27.46,19.24,0.01,0.03,3.4085714285714284,0.021859999999999997,53.86571428571428,0.1142857142857143,0.0,2024-10-18,1.76
-0.9467,0.3221,3.55,4.16,2.49,2.68,0.02425,0.01559,18.4,16.8,10.3,9.4,48.36,59.67,17.54,16.6,0.02,0.08,3.277142857142857,0.02095857142857143,52.80428571428571,0.27142857142857146,0.0,2024-10-19,2.96
-0.941,0.3383,1.76,3.55,4.16,3.62,0.010539999999999999,0.02668,15.7,20.8,11.4,7.4,59.03,44.31,11.5,27.46,0.26,0.01,3.182857142857143,0.02020857142857143,55.02285714285715,0.3285714285714286,1.1,2024-10-20,4.26
-0.9351,0.3545,2.96,1.76,3.55,3.11,0.017839999999999998,0.02425,18.8,18.4,12.8,10.3,75.87,48.36,22.35,17.54,0.18,0.02,3.347142857142857,0.02118,56.440000000000005,0.3285714285714286,0.4,2024-10-21,2.13
-0.9288,0.3705,4.26,2.96,1.76,4.25,0.027039999999999998,0.010539999999999999,21.1,15.7,9.2,11.4,65.62,59.03,27.99,11.5,0.01,0.26,3.044285714285714,0.019274285714285713,60.59142857142857,0.48571428571428577,0.0,2024-10-22,2.92
-0.9223,0.3864,2.13,4.26,2.96,2.49,0.01298,0.017839999999999998,17.3,18.8,11.3,12.8,71.28,75.87,9.54,22.35,0.88,0.18,3.1057142857142854,0.01953,62.410000000000004,0.37142857142857144,1.1,2024-10-23,4.44
-0.9155,0.4022,2.92,2.13,4.26,4.16,0.01738,0.027039999999999998,18.5,21.1,11.4,9.2,72.4,65.62,24.12,27.99,0.16,0.01,3.1457142857142855,0.019692857142857144,63.175714285714285,0.37142857142857144,0.0,2024-10-24,4.45
-0.9085,0.4179,4.44,2.92,2.13,3.55,0.02782,0.01298,21.8,17.3,8.0,11.3,49.67,71.28,27.0,9.54,0.0,0.88,3.2742857142857145,0.020078571428571428,62.752857142857145,0.37142857142857144,0.0,2024-10-25,4.55
-0.9012,0.4335,4.45,4.44,2.92,1.76,0.026949999999999998,0.01738,21.9,18.5,9.6,11.4,45.4,72.4,29.32,24.12,0.0,0.16,3.672857142857143,0.02260142857142857,59.72428571428571,0.21428571428571427,0.0,2024-10-26,3.46
-0.8936,0.4489,4.55,4.45,4.44,2.96,0.0282,0.02782,20.3,21.8,11.3,8.0,37.83,49.67,29.86,27.0,0.0,0.0,3.744285714285714,0.023325714285714286,54.721428571428575,0.15714285714285717,0.0,2024-10-27,4.04
-0.8857,0.4642,3.46,4.55,4.45,4.26,0.02291,0.026949999999999998,18.4,21.9,9.5,9.6,40.85,45.4,22.7,29.32,0.0,0.0,3.712857142857143,0.02331142857142857,50.68142857142857,0.15714285714285717,0.0,2024-10-28,2.9
-0.8776,0.4794,4.04,3.46,4.55,2.13,0.026940000000000002,0.0282,19.6,20.3,9.1,11.3,37.34,37.83,19.21,29.86,0.0,0.0,3.822857142857143,0.023991428571428573,47.70142857142857,0.08571428571428572,0.0,2024-10-29,2.69
-0.8692,0.4944,2.9,4.04,3.46,2.92,0.01774,0.02291,19.5,18.4,11.6,9.5,50.42,40.85,14.25,22.7,0.09,0.0,3.79,0.023875714285714285,45.16285714285714,0.09999999999999999,0.6,2024-10-30,3.24
-0.8606,0.5093,2.69,2.9,4.04,4.44,0.01657,0.026940000000000002,18.8,19.6,11.1,9.1,54.63,37.34,16.28,19.21,0.03,0.0,3.6185714285714283,0.022824285714285714,45.21,0.1285714285714286,0.1,2024-10-31,2.49
-0.8517,0.524,3.24,2.69,2.9,4.45,0.020460000000000002,0.01774,18.7,19.5,10.6,11.6,50.0,50.42,15.83,14.25,0.01,0.09,3.3385714285714285,0.021104285714285714,47.61714285714286,0.2714285714285714,0.2,2024-11-01,4.65
-0.8426,0.5386,2.49,3.24,2.69,4.55,0.01491,0.01657,17.3,18.8,10.6,11.1,62.25,54.63,18.55,16.28,0.02,0.03,3.3528571428571428,0.021240000000000002,49.80857142857143,0.2714285714285714,1.0,2024-11-02,4.17
-0.8332,0.553,4.65,2.49,3.24,3.46,0.02915,0.020460000000000002,21.5,18.7,7.8,10.6,53.17,50.0,30.58,15.83,0.0,0.01,3.454285714285714,0.021772857142857142,51.51571428571429,0.2714285714285714,0.0,2024-11-03,4.81
-0.8235,0.5672,4.17,4.65,2.49,4.04,0.02664,0.01491,19.9,17.3,10.3,10.6,52.8,62.25,25.23,18.55,0.0,0.02,3.564285714285714,0.022162857142857144,52.222857142857144,0.2714285714285714,0.0,2024-11-04,5.14
-0.8137,0.5813,4.81,4.17,4.65,2.9,0.029670000000000002,0.02915,21.9,21.5,7.5,7.8,42.29,53.17,31.6,30.58,0.0,0.0,3.8842857142857143,0.023887142857142857,50.44857142857143,0.18571428571428572,0.0,2024-11-05,4.88
-0.8035,0.5952,5.14,4.81,4.17,2.69,0.02981,0.02664,23.8,19.9,9.6,10.3,38.0,52.8,31.62,25.23,0.0,0.0,4.197142857142857,0.02575857142857143,48.67142857142857,0.17142857142857143,0.0,2024-11-06,4.31
-0.7932,0.609,4.88,5.14,4.81,3.24,0.029670000000000002,0.029670000000000002,21.8,21.9,9.0,7.5,42.19,42.29,30.62,31.6,0.0,0.0,4.35,0.02654,47.95428571428572,0.15714285714285717,0.0,2024-11-07,5.3
-0.7826,0.6225,4.31,4.88,5.14,2.49,0.025929999999999998,0.02981,22.7,23.8,9.9,9.6,44.98,38.0,24.1,31.62,0.02,0.0,4.751428571428571,0.028595714285714287,44.888571428571424,0.014285714285714287,0.1,2024-11-08,4.72
-0.7718,0.6359,5.3,4.31,4.88,4.65,0.0293,0.029670000000000002,25.2,21.8,10.6,9.0,40.79,42.19,30.66,30.62,0.02,0.0,4.761428571428572,0.028627142857142858,45.042857142857144,0.014285714285714287,0.0,2024-11-09,4.58
-0.7607,0.6491,4.72,5.3,4.31,4.17,0.02937,0.025929999999999998,21.4,22.7,11.1,9.9,54.25,44.98,23.42,24.1,5.7,0.02,4.819999999999999,0.028701428571428572,46.82,0.014285714285714287,0.0,2024-11-10,5.31
-0.7494,0.6621,4.58,4.72,5.3,4.81,0.02716,0.0293,21.3,25.2,12.4,10.6,65.24,40.79,29.73,30.66,0.35,0.02,4.891428571428571,0.028772857142857145,46.84285714285714,0.014285714285714287,0.0,2024-11-11,5.37
-0.7379,0.6749,5.31,4.58,4.72,5.14,0.030170000000000002,0.02937,24.3,21.4,9.5,11.1,42.45,54.25,32.12,23.42,0.09,5.7,4.924285714285714,0.028810000000000002,46.44142857142857,0.014285714285714287,0.0,2024-11-12,4.07
-0.7262,0.6875,5.37,5.31,4.58,4.88,0.03007,0.02716,25.9,21.3,9.9,12.4,35.19,65.24,31.34,29.73,0.0,0.35,4.808571428571428,0.028275714285714286,47.87285714285714,0.014285714285714287,0.0,2024-11-13,3.61
-0.7143,0.6998,4.07,5.37,5.31,4.31,0.025929999999999998,0.030170000000000002,20.6,24.3,10.6,9.5,52.21,42.45,23.7,32.12,0.0,0.09,4.708571428571429,0.027944285714285717,49.64,0.0,0.0,2024-11-14,2.9
-0.7021,0.712,3.61,4.07,5.37,5.3,0.02361,0.03007,18.9,25.9,10.4,9.9,57.35,35.19,20.76,31.34,0.0,0.0,4.365714285714286,0.02639714285714286,52.277142857142856,0.014285714285714287,0.0,2024-11-15,3.63
-0.6898,0.724,2.9,3.61,4.07,4.72,0.01847,0.025929999999999998,19.0,20.6,11.8,10.6,59.25,52.21,21.85,23.7,0.0,0.0,4.21,0.02556857142857143,53.02285714285714,0.014285714285714287,0.1,2024-11-16,4.69
-0.6772,0.7358,3.63,2.9,3.61,4.58,0.02357,0.02361,18.4,18.9,11.1,10.4,59.47,57.35,22.36,20.76,0.0,0.0,4.225714285714285,0.026004285714285712,50.76857142857143,0.014285714285714287,0.0,2024-11-17,4.13
-0.6645,0.7473,4.69,3.63,2.9,5.31,0.03021,0.01847,19.8,19.0,7.8,11.8,49.46,59.25,30.72,21.85,0.0,0.0,4.057142857142857,0.025705714285714283,51.89,0.014285714285714287,0.0,2024-11-18,3.8
-0.6515,0.7586,4.13,4.69,3.63,5.37,0.028079999999999997,0.02357,18.3,18.4,8.8,11.1,50.3,59.47,23.76,22.36,0.03,0.0,3.8328571428571427,0.025087142857142856,54.54,0.014285714285714287,0.0,2024-11-19,4.06
-0.6384,0.7697,3.8,4.13,4.69,4.07,0.02574,0.03021,19.3,19.8,9.0,7.8,53.74,49.46,26.37,30.72,0.0,0.0,3.8314285714285714,0.02518,53.85857142857143,0.014285714285714287,0.0,2024-11-20,4.2
-0.625,0.7806,4.06,3.8,4.13,3.61,0.02658,0.028079999999999997,19.3,18.3,9.3,8.8,47.44,50.3,23.63,23.76,0.0,0.03,3.915714285714286,0.025835714285714288,52.94,0.014285714285714287,0.0,2024-11-21,4.54
-0.6115,0.7912,4.2,4.06,3.8,2.9,0.0282,0.02574,19.0,19.3,9.7,9.0,50.92,53.74,24.36,26.37,0.0,0.0,4.15,0.02733285714285714,52.269999999999996,0.0,0.0,2024-11-22,4.98
-0.5978,0.8016,4.54,4.2,4.06,3.63,0.02895,0.02658,20.3,19.3,11.1,9.3,54.56,47.44,31.65,23.63,0.0,0.0,4.3428571428571425,0.02838,51.02571428571429,0.0,0.0,2024-11-23,5.01
-0.584,0.8118,4.98,4.54,4.2,4.69,0.030899999999999997,0.0282,22.6,19.0,10.7,9.7,50.76,50.92,29.23,24.36,0.0,0.0,4.388571428571429,0.02847285714285714,51.228571428571435,0.0,0.0,2024-11-24,5.25
-0.5699,0.8217,5.01,4.98,4.54,4.13,0.03086,0.02895,23.0,20.3,11.7,11.1,50.88,54.56,30.16,31.65,0.03,0.0,4.548571428571429,0.028932857142857142,50.94714285714286,0.0,0.0,2024-11-25,5.01
-0.5557,0.8314,5.25,5.01,4.98,3.8,0.0313,0.030899999999999997,22.5,22.6,10.5,10.7,48.33,50.76,33.01,29.23,0.0,0.0,4.721428571428571,0.02975142857142857,50.63285714285714,0.0,0.0,2024-11-26,4.87
-0.5413,0.8408,5.01,5.25,5.01,4.06,0.03147,0.03086,21.6,23.0,10.7,11.7,51.54,50.88,33.67,30.16,0.0,0.03,4.837142857142857,0.030447142857142857,51.90428571428571,0.0,0.0,2024-11-27,4.97
-0.5268,0.85,4.87,5.01,5.25,4.2,0.03145,0.0313,19.7,22.5,8.4,10.5,56.34,48.33,32.95,33.01,0.0,0.0,4.9471428571428575,0.03089428571428571,51.94285714285714,0.0,0.0,2024-11-28,5.15
-0.5121,0.859,4.97,4.87,5.01,4.54,0.03133,0.03147,20.4,21.6,8.9,10.7,51.19,51.54,32.99,33.67,0.0,0.0,5.034285714285715,0.03125,51.31714285714286,0.0,0.0,2024-11-29,4.68
-0.4972,0.8676,5.15,4.97,4.87,4.98,0.03144,0.03145,22.2,19.7,9.3,8.4,50.18,56.34,31.73,32.95,0.0,0.0,4.991428571428571,0.031251428571428576,51.705714285714286,0.0,0.0,2024-11-30,5.07
-0.4822,0.8761,4.68,5.15,4.97,5.01,0.03091,0.03133,19.5,20.4,9.7,8.9,53.48,51.19,26.95,32.99,0.0,0.0,5.0,0.03130714285714286,51.80428571428571,0.0,0.0,2024-12-01,4.97
-0.4671,0.8842,5.07,4.68,5.15,5.25,0.03125,0.03144,21.2,22.2,10.9,9.3,51.57,50.18,33.0,31.73,0.0,0.0,4.96,0.031361428571428575,52.151428571428575,0.0,0.0,2024-12-02,4.58
-0.4518,0.8921,4.97,5.07,4.68,5.01,0.03168,0.03091,20.6,19.5,9.5,9.7,50.76,53.48,33.27,26.95,0.0,0.0,4.898571428571429,0.03108142857142857,52.971428571428575,0.0,0.0,2024-12-03,4.07
-0.4364,0.8998,4.58,4.97,5.07,4.87,0.02951,0.03125,19.6,21.2,10.1,10.9,57.28,51.57,29.74,33.0,0.0,0.0,4.784285714285715,0.030397142857142855,53.73857142857143,0.0,0.0,2024-12-04,4.51
-0.4208,0.9071,4.07,4.58,4.97,4.97,0.02666,0.03168,18.8,20.6,10.3,9.5,61.71,50.76,26.66,33.27,0.0,0.0,4.718571428571429,0.029928571428571433,55.04714285714285,0.0,0.0,2024-12-05,5.08
-0.4052,0.9142,4.51,4.07,4.58,5.15,0.028050000000000002,0.02951,20.3,19.6,11.1,10.1,60.35,57.28,31.24,29.74,0.0,0.0,4.708571428571429,0.03000857142857143,55.46142857142858,0.0,0.0,2024-12-06,4.88
-0.3894,0.9211,5.08,4.51,4.07,4.68,0.032,0.02666,21.1,18.8,9.5,10.3,53.08,61.71,33.44,26.66,0.0,0.0,4.737142857142857,0.030054285714285717,55.33428571428572,0.0,0.0,2024-12-07,4.93
-0.3735,0.9276,4.88,5.08,4.51,5.07,0.03123,0.028050000000000002,21.0,20.3,10.2,11.1,52.59,60.35,30.69,31.24,0.0,0.0,4.717142857142856,0.03011142857142857,55.917142857142856,0.0,0.0,2024-12-08,5.1
-0.3575,0.9339,4.93,4.88,5.08,4.97,0.03165,0.032,20.0,21.1,10.4,9.5,55.65,53.08,33.1,33.44,0.0,0.0,4.735714285714286,0.030147142857142855,54.25857142857143,0.0,0.0,2024-12-09,3.94
-0.3413,0.9399,5.1,4.93,4.88,4.58,0.03193,0.03123,21.2,21.0,8.8,10.2,39.15,52.59,33.09,30.69,0.0,0.0,4.644285714285714,0.029492857142857144,52.644285714285715,0.0,0.0,2024-12-10,4.91
-0.3251,0.9457,3.94,5.1,4.93,4.07,0.02493,0.03165,19.5,20.0,10.1,10.4,45.98,55.65,22.83,33.1,0.0,0.0,4.764285714285714,0.030035714285714284,50.64714285714285,0.0,0.0,2024-12-11,4.96
-0.3088,0.9511,4.91,3.94,5.1,4.51,0.03046,0.03193,21.2,21.2,10.6,8.8,47.73,39.15,29.92,33.09,0.0,0.0,4.828571428571428,0.030527142857142857,50.12428571428571,0.0,0.0,2024-12-12,5.22
-0.2924,0.9563,4.96,4.91,3.94,5.08,0.03149,0.02493,20.6,19.5,12.0,10.1,56.69,45.98,31.19,22.83,0.0,0.0,4.848571428571428,0.03049857142857143,49.034285714285716,0.0,0.0,2024-12-13,4.68
-0.2759,0.9612,5.22,4.96,4.91,4.88,0.0318,0.03046,22.4,21.2,10.1,10.6,45.45,47.73,30.89,29.92,0.0,0.0,4.82,0.030315714285714286,48.598571428571425,0.0,0.0,2024-12-14,3.61
-0.2593,0.9658,4.68,5.22,4.96,4.93,0.02995,0.03149,20.6,20.6,11.4,12.0,49.54,56.69,23.47,31.19,0.01,0.0,4.631428571428572,0.02902714285714286,48.43714285714286,0.014285714285714287,0.0,2024-12-15,3.97
-0.2427,0.9701,3.61,4.68,5.22,5.1,0.022629999999999997,0.0318,19.4,22.4,12.6,10.1,54.52,45.45,23.81,30.89,0.08,0.0,4.47,0.028017142857142855,50.34571428571429,0.014285714285714287,0.1,2024-12-16,4.12
-0.226,0.9741,3.97,3.61,4.68,3.94,0.02486,0.02995,19.4,20.6,10.8,11.4,52.51,49.54,26.57,23.47,0.1,0.01,4.4957142857142856,0.028108571428571427,52.208571428571425,0.014285714285714287,0.0,2024-12-17,4.41
-0.2092,0.9779,4.12,3.97,3.61,4.91,0.02557,0.022629999999999997,20.5,19.4,10.6,12.6,59.02,54.52,25.86,23.81,0.05,0.08,4.424285714285714,0.02761,52.55714285714286,0.014285714285714287,0.0,2024-12-18,5.81
-0.1923,0.9813,4.41,4.12,3.97,4.96,0.026969999999999997,0.02486,21.3,19.4,11.7,10.8,50.17,52.51,24.01,26.57,0.06,0.1,4.545714285714285,0.02766142857142857,49.978571428571435,0.014285714285714287,0.0,2024-12-19,5.32
-0.1754,0.9845,5.81,4.41,4.12,5.22,0.03185,0.02557,26.6,20.5,11.8,10.6,38.64,59.02,33.99,25.86,0.09,0.05,4.5600000000000005,0.02766714285714286,50.14714285714286,0.014285714285714287,0.0,2024-12-20,5.42
-0.1585,0.9874,5.32,5.81,4.41,4.68,0.03184,0.026969999999999997,22.9,21.3,11.4,11.7,46.63,50.17,33.23,24.01,0.14,0.06,4.6657142857142855,0.027912857142857146,49.65714285714286,0.014285714285714287,0.0,2024-12-21,5.28
-0.1414,0.9899,5.42,5.32,5.81,3.61,0.031670000000000004,0.03185,23.6,26.6,11.9,11.8,46.11,38.64,32.84,33.99,0.03,0.09,4.904285714285714,0.02915857142857143,47.771428571428565,0.0,0.0,2024-12-22,4.27
-0.1244,0.9922,5.28,5.42,5.32,3.97,0.03135,0.03184,23.4,22.9,11.9,11.4,41.32,46.63,25.57,33.23,0.0,0.14,4.9471428571428575,0.02926,46.644285714285715,0.0,0.0,2024-12-23,4.59
-0.1073,0.9942,4.27,5.28,5.42,4.12,0.02557,0.031670000000000004,22.1,23.6,12.5,11.9,44.62,46.11,24.47,32.84,0.04,0.03,5.014285714285714,0.029599999999999998,44.19571428571429,0.0,0.0,2024-12-24,4.07
-0.0902,0.9959,4.59,4.27,5.28,4.41,0.02795,0.03135,22.4,23.4,12.9,11.9,41.88,41.32,25.18,25.57,0.0,0.0,4.965714285714285,0.02932571428571429,44.097142857142856,0.014285714285714287,0.0,2024-12-25,4.36
-0.073,0.9973,4.07,4.59,4.27,5.81,0.02505,0.02557,21.4,22.1,12.8,12.5,49.48,44.62,22.36,24.47,0.0,0.04,4.758571428571429,0.028464285714285716,46.642857142857146,0.014285714285714287,0.1,2024-12-26,4.53
-0.0559,0.9984,4.36,4.07,4.59,5.32,0.02582,0.02795,21.6,22.4,13.5,12.9,56.46,41.88,20.34,25.18,0.02,0.0,4.645714285714286,0.027805714285714288,48.721428571428575,0.014285714285714287,0.0,2024-12-27,4.99
-0.0387,0.9993,4.53,4.36,4.07,5.42,0.02723,0.02505,22.1,21.4,13.9,12.8,61.18,49.48,26.77,22.36,0.09,0.0,4.5842857142857145,0.027564285714285715,50.964285714285715,0.014285714285714287,0.0,2024-12-28,4.01
-0.0215,0.9998,4.99,4.53,4.36,5.28,0.02998,0.02582,22.1,21.6,13.2,13.5,61.81,56.46,30.63,20.34,0.08,0.02,4.402857142857143,0.026541428571428573,53.385714285714286,0.014285714285714287,0.0,2024-12-29,4.02
-0.0043,1.0,4.01,4.99,4.53,4.27,0.02419,0.02723,21.6,22.1,12.4,13.9,58.27,61.18,21.06,26.77,0.02,0.09,4.367142857142857,0.02632,54.33857142857143,0.014285714285714287,0.0,2024-12-30,5.12
0.0129,0.9999,4.02,4.01,4.99,4.59,0.02402,0.02998,22.2,22.1,14.1,13.2,51.29,61.81,20.87,30.63,0.05,0.08,4.442857142857143,0.02673,54.68714285714286,0.014285714285714287,0.0,2024-12-31,4.89
0.0172,0.9999,5.12,4.02,4.01,4.07,0.03082,0.02419,23.0,21.6,12.7,12.4,44.32,58.27,25.61,21.06,0.01,0.02,4.5600000000000005,0.027347142857142855,54.80142857142857,0.0,0.0,2025-01-01,4.48
0.0344,0.9994,4.89,5.12,4.02,4.36,0.02937,0.02402,22.1,22.2,12.4,14.1,50.28,51.29,27.68,20.87,0.0,0.05,4.577142857142857,0.027537142857142854,53.36571428571428,0.0,0.0,2025-01-02,4.37
0.0516,0.9987,4.48,4.89,5.12,4.53,0.027149999999999997,0.03082,22.1,23.0,12.6,12.7,46.41,44.32,25.27,25.61,0.0,0.01,4.554285714285714,0.02739714285714286,51.91857142857143,0.0,0.0,2025-01-03,4.89
0.0688,0.9976,4.37,4.48,4.89,4.99,0.02625,0.02937,22.3,22.1,13.0,12.4,51.05,50.28,22.81,27.68,0.02,0.0,4.54,0.027122857142857143,51.12,0.0,0.0,2025-01-04,5.17
0.0859,0.9963,4.89,4.37,4.48,4.01,0.028059999999999998,0.027149999999999997,23.2,22.1,14.5,12.6,56.22,46.41,23.92,25.27,0.09,0.0,4.7057142857142855,0.02773857142857143,49.79,0.0,0.0,2025-01-05,3.71
0.103,0.9947,5.17,4.89,4.37,4.02,0.0285,0.02625,25.7,22.3,15.1,13.0,48.96,51.05,26.65,22.81,0.56,0.02,4.661428571428572,0.027285714285714285,49.79,0.014285714285714287,0.0,2025-01-06,2.68
0.1201,0.9928,3.71,5.17,4.89,5.12,0.02085,0.028059999999999998,22.9,23.2,15.5,14.5,51.29,56.22,22.54,23.92,0.05,0.09,4.312857142857143,0.02485,51.31428571428571,0.27142857142857146,0.1,2025-01-07,4.01
0.1372,0.9905,2.68,3.71,5.17,4.89,0.01377,0.0285,21.2,25.7,16.7,15.1,54.99,48.96,17.76,26.65,0.03,0.56,4.187142857142857,0.02404142857142857,52.21857142857142,0.2857142857142857,1.8,2025-01-08,4.93
0.1542,0.988,4.01,2.68,3.71,4.48,0.023710000000000002,0.02085,22.6,22.9,13.8,15.5,56.61,51.29,23.41,22.54,0.05,0.05,4.251428571428571,0.02432,52.92,0.2857142857142857,0.1,2025-01-09,4.74
0.1712,0.9852,4.93,4.01,2.68,4.37,0.0291,0.01377,23.5,21.2,13.3,16.7,51.32,54.99,24.11,17.76,0.0,0.03,4.304285714285714,0.02461285714285714,52.098571428571425,0.2857142857142857,0.0,2025-01-10,5.39
0.1881,0.9821,4.74,4.93,4.01,4.89,0.028300000000000002,0.023710000000000002,22.9,22.6,13.9,13.8,45.3,56.61,26.23,23.41,0.0,0.05,4.3757142857142854,0.024935714285714287,49.607142857142854,0.2857142857142857,0.0,2025-01-11,3.54
0.205,0.9788,5.39,4.74,4.93,5.17,0.03032,0.0291,24.5,23.5,12.8,13.3,38.78,51.32,32.34,24.11,0.0,0.0,4.142857142857143,0.023568571428571432,51.37285714285714,0.31428571428571433,0.0,2025-01-12,4.67
0.2218,0.9751,3.54,5.39,4.74,3.71,0.01893,0.028300000000000002,23.9,22.9,14.1,13.9,61.32,45.3,18.25,26.23,0.09,0.0,4.28,0.024338571428571428,53.20428571428572,0.3,0.2,2025-01-13,4.29
0.2385,0.9711,4.67,3.54,5.39,2.68,0.02624,0.03032,24.3,24.5,16.8,12.8,64.11,38.78,26.92,32.34,0.58,0.0,4.51,0.025912857142857144,53.184285714285714,0.042857142857142864,0.0,2025-01-14,5.3
0.2552,0.9669,4.29,4.67,3.54,4.01,0.02479,0.01893,22.9,23.9,15.1,14.1,54.85,61.32,29.88,18.25,0.0,0.09,4.694285714285714,0.02686714285714286,51.87714285714286,0.028571428571428574,0.0,2025-01-15,4.86
0.2718,0.9624,5.3,4.29,4.67,4.93,0.03039,0.02624,24.7,24.3,12.8,16.8,47.46,64.11,26.25,26.92,0.0,0.58,4.684285714285714,0.026708571428571425,52.09571428571429,0.028571428571428574,0.0,2025-01-16,5.42
0.2883,0.9575,4.86,5.3,4.29,4.74,0.027989999999999998,0.02479,24.5,22.9,15.3,15.1,52.85,54.85,31.34,29.88,0.0,0.0,4.781428571428571,0.02713857142857143,52.68285714285714,0.028571428571428574,0.0,2025-01-17,5.1
0.3047,0.9524,5.42,4.86,5.3,5.39,0.03131,0.03039,23.9,24.7,11.4,12.8,49.41,47.46,31.95,26.25,0.06,0.0,4.74,0.027235714285714283,55.167142857142856,0.028571428571428574,0.0,2025-01-18,5.15
0.3211,0.9471,5.1,5.42,4.86,3.54,0.031,0.027989999999999998,21.7,24.5,11.1,15.3,56.17,52.85,30.8,31.34,0.01,0.0,4.97,0.02895,52.01,0.0,0.0,2025-01-19,3.97
0.3373,0.9414,5.15,5.1,5.42,4.67,0.03093,0.03131,23.4,23.9,11.1,11.4,39.22,49.41,29.12,31.95,0.0,0.06,4.87,0.02859142857142857,49.49285714285714,0.0,0.0,2025-01-20,5.02
0.3534,0.9355,3.97,5.15,5.1,4.29,0.02373,0.031,21.2,21.7,12.0,11.1,46.49,56.17,21.3,30.8,0.01,0.01,4.974285714285714,0.02930285714285714,49.18,0.0,0.0,2025-01-21,3.85
0.3695,0.9292,5.02,3.97,5.15,5.3,0.029769999999999998,0.03093,22.9,23.4,12.7,11.1,52.66,39.22,22.87,29.12,0.03,0.0,4.767142857142857,0.02812285714285714,50.82714285714286,0.0,0.0,2025-01-22,5.19
0.3854,0.9227,3.85,5.02,3.97,4.86,0.02213,0.02373,22.3,21.2,14.5,12.0,58.99,46.49,25.18,21.3,0.03,0.01,4.814285714285715,0.028499999999999998,49.857142857142854,0.0,0.0,2025-01-23,5.44
0.4012,0.916,5.19,3.85,5.02,5.42,0.030629999999999998,0.029769999999999998,23.4,22.9,11.8,12.7,46.06,52.66,32.59,22.87,0.01,0.03,4.817142857142857,0.02836,48.98571428571428,0.0,0.0,2025-01-24,5.15
0.4169,0.9089,5.44,5.19,3.85,5.1,0.03033,0.02213,24.8,22.3,12.4,14.5,43.31,58.99,31.75,25.18,0.49,0.03,4.824285714285715,0.028235714285714284,48.16857142857143,0.0,0.0,2025-01-25,4.78
0.4325,0.9016,5.15,5.44,5.19,5.15,0.03013,0.030629999999999998,23.4,23.4,12.8,11.8,50.45,46.06,30.83,32.59,1.54,0.01,4.771428571428571,0.027855714285714286,50.142857142857146,0.0,0.0,2025-01-26,5.17
0.4479,0.8941,4.78,5.15,5.44,3.97,0.02827,0.03033,22.5,24.8,13.2,12.4,53.04,43.31,23.91,31.75,0.02,0.49,4.942857142857143,0.028675714285714284,49.72571428571428,0.0,0.0,2025-01-27,4.97
0.4633,0.8862,5.17,4.78,5.15,5.02,0.02947,0.03013,24.8,23.4,12.5,12.8,43.57,50.45,30.67,30.83,0.0,1.54,4.935714285714286,0.028602857142857145,48.05285714285714,0.0,0.0,2025-01-28,3.64
0.4784,0.8781,4.97,5.17,4.78,3.85,0.02926,0.02827,23.6,22.5,12.6,13.2,40.95,53.04,30.28,23.91,0.0,0.02,4.905714285714287,0.028574285714285715,46.44285714285714,0.0,0.0,2025-01-29,3.96
0.4935,0.8698,3.64,4.97,5.17,5.19,0.021929999999999998,0.02947,21.9,24.8,11.8,12.5,47.72,43.57,22.57,30.67,0.06,0.0,4.7299999999999995,0.027620000000000002,47.395714285714284,0.0,0.0,2025-01-30,4.87
0.5084,0.8611,3.96,3.64,4.97,5.44,0.02395,0.02926,21.0,23.6,11.3,12.6,52.73,40.95,21.43,30.28,0.03,0.0,4.648571428571429,0.027372857142857143,47.68142857142857,0.0,0.0,2025-01-31,4.31
0.5231,0.8523,4.87,3.96,3.64,5.15,0.0286,0.021929999999999998,23.3,21.9,12.1,11.8,45.31,47.72,29.57,22.57,0.01,0.06,4.5285714285714285,0.02672714285714286,48.01714285714286,0.0,0.0,2025-02-01,4.74
0.5377,0.8432,4.31,4.87,3.96,4.78,0.02561,0.02395,22.3,21.0,12.9,11.3,52.8,52.73,22.25,21.43,0.0,0.03,4.522857142857143,0.026605714285714288,47.53285714285715,0.0,0.0,2025-02-02,5.24
0.5521,0.8338,4.74,4.31,4.87,5.17,0.027420000000000003,0.0286,22.7,23.3,13.5,12.1,49.65,45.31,30.68,29.57,0.0,0.01,4.532857142857143,0.02656,47.50142857142857,0.0,0.0,2025-02-03,5.01
0.5664,0.8242,5.24,4.74,4.31,4.97,0.02915,0.02561,25.2,22.3,12.7,12.9,43.35,52.8,29.73,22.25,0.0,0.0,4.538571428571428,0.026529999999999998,47.74571428571428,0.0,0.0,2025-02-04,5.52
0.5805,0.8143,5.01,5.24,4.74,3.64,0.02905,0.027420000000000003,24.2,22.7,12.8,13.5,42.66,49.65,30.2,30.68,0.0,0.0,4.807142857142857,0.027594285714285714,46.69142857142857,0.0,0.0,2025-02-05,4.9
0.5944,0.8042,5.52,5.01,5.24,3.96,0.02938,0.02915,26.9,25.2,12.7,12.7,40.34,43.35,31.09,29.73,0.0,0.0,4.941428571428572,0.028272857142857145,44.94285714285714,0.0,0.0,2025-02-06,4.06
0.6081,0.7938,4.9,5.52,5.01,4.87,0.0287,0.02905,24.1,24.2,12.6,12.8,40.49,42.66,29.21,30.2,0.0,0.0,4.825714285714286,0.027524285714285716,45.18285714285714,0.028571428571428574,0.0,2025-02-07,4.64
0.6217,0.7833,4.06,4.9,5.52,4.31,0.02336,0.02938,23.2,26.9,13.1,12.7,46.99,40.34,24.32,31.09,0.0,0.0,4.872857142857143,0.02775,42.791428571428575,0.028571428571428574,0.2,2025-02-08,4.65
0.6351,0.7725,4.64,4.06,4.9,4.74,0.027190000000000002,0.0287,23.7,24.1,12.2,12.6,36.06,40.49,23.72,29.21,0.0,0.0,4.859999999999999,0.027601428571428572,42.45428571428572,0.028571428571428574,0.0,2025-02-09,4.8
0.6483,0.7614,4.65,4.64,4.06,5.24,0.02638,0.02336,24.8,23.2,13.3,13.1,47.29,46.99,21.05,24.32,0.0,0.0,4.797142857142857,0.02736571428571429,44.52571428571429,0.028571428571428574,0.0,2025-02-10,4.48
0.6613,0.7502,4.8,4.65,4.64,5.01,0.0275,0.027190000000000002,23.8,23.7,14.8,12.2,57.85,36.06,22.86,23.72,0.0,0.0,4.721428571428571,0.026925714285714285,46.37571428571429,0.028571428571428574,0.0,2025-02-11,4.86
0.6741,0.7387,4.48,4.8,4.65,5.52,0.02597,0.02638,23.9,24.8,14.3,13.3,55.61,47.29,24.48,21.05,0.0,0.0,4.627142857142857,0.02672142857142857,47.25142857142857,0.028571428571428574,0.0,2025-02-12,4.76
0.6867,0.727,4.86,4.48,4.8,4.9,0.02795,0.0275,23.7,23.8,12.1,14.8,46.47,57.85,26.96,22.86,0.0,0.0,4.607142857142857,0.02660857142857143,47.79714285714285,0.028571428571428574,0.0,2025-02-13,4.08
0.6991,0.715,4.76,4.86,4.48,4.06,0.02791,0.02597,23.3,23.9,12.3,14.3,44.31,55.61,25.05,24.48,0.0,0.0,4.61,0.026821428571428572,48.49428571428571,0.0,0.0,2025-02-14,4.31
0.7113,0.7029,4.08,4.76,4.86,4.64,0.02485,0.02795,21.4,23.7,13.2,12.1,51.87,46.47,25.92,26.96,0.0,0.0,4.562857142857143,0.02673,51.67142857142857,0.0,0.0,2025-02-15,4.29
0.7233,0.6906,4.31,4.08,4.76,4.65,0.02655,0.02791,20.9,23.3,10.7,12.3,58.3,44.31,22.3,25.05,0.0,0.0,4.511428571428572,0.026772857142857143,52.24142857142857,0.0,0.0,2025-02-16,4.62
0.735,0.678,4.29,4.31,4.08,4.8,0.02668,0.02485,20.9,21.4,10.4,13.2,51.28,51.87,24.01,25.92,0.0,0.0,4.485714285714286,0.026725714285714287,49.66285714285714,0.0,0.0,2025-02-17,3.88
0.7466,0.6653,4.62,4.29,4.31,4.48,0.027170000000000003,0.02655,23.7,20.9,11.2,10.7,39.8,58.3,26.81,22.3,0.0,0.0,4.4,0.02642857142857143,48.69,0.0,0.0,2025-02-18,3.29
0.7579,0.6523,3.88,4.62,4.29,4.86,0.02389,0.02668,21.6,20.9,10.0,10.4,48.8,51.28,23.0,24.01,0.01,0.0,4.175714285714286,0.025122857142857145,50.5,0.09999999999999999,0.0,2025-02-19,4.45
0.769,0.6392,3.29,3.88,4.62,4.76,0.01881,0.027170000000000003,22.0,23.7,13.7,11.2,59.14,39.8,17.69,26.81,0.02,0.0,4.131428571428572,0.024937142857142856,51.902857142857144,0.09999999999999999,0.7,2025-02-20,4.2
0.7799,0.6259,4.45,3.29,3.88,4.08,0.026609999999999998,0.02389,22.5,21.6,11.4,10.0,54.13,48.8,24.13,23.0,0.01,0.01,4.148571428571429,0.025017142857142856,51.57285714285714,0.09999999999999999,0.0,2025-02-21,4.45
0.7906,0.6124,4.2,4.45,3.29,4.31,0.02541,0.01881,22.1,22.0,12.4,13.7,49.56,59.14,19.19,17.69,0.0,0.02,4.168571428571428,0.024902857142857143,49.75571428571429,0.09999999999999999,0.0,2025-02-22,4.32
0.801,0.5987,4.45,4.2,4.45,4.29,0.02575,0.026609999999999998,25.1,22.5,12.7,11.4,45.58,54.13,24.89,24.13,0.0,0.01,4.172857142857143,0.0248,48.32142857142857,0.09999999999999999,0.0,2025-02-23,4.15
0.8112,0.5848,4.32,4.45,4.2,4.62,0.02596,0.02541,22.9,22.1,12.2,12.4,41.24,49.56,22.52,19.19,0.01,0.0,4.105714285714286,0.024387142857142857,48.28142857142858,0.09999999999999999,0.0,2025-02-24,4.11
0.8211,0.5708,4.15,4.32,4.45,3.88,0.02428,0.02575,23.4,25.1,12.8,12.7,39.52,45.58,22.3,24.89,0.0,0.0,4.138571428571429,0.02440142857142857,47.81142857142857,0.09999999999999999,0.0,2025-02-25,4.32
0.8308,0.5566,4.11,4.15,4.32,3.29,0.023989999999999997,0.02596,23.4,22.9,13.2,12.2,45.51,41.24,23.44,22.52,0.0,0.01,4.285714285714286,0.0254,45.120000000000005,0.0,0.0,2025-02-26,3.74
0.8402,0.5422,4.32,4.11,4.15,4.45,0.0258,0.02428,22.9,23.4,12.1,12.8,40.3,39.52,24.73,22.3,0.0,0.0,4.184285714285715,0.024669999999999997,44.9,0.0,0.0,2025-02-27,4.38
0.8495,0.5277,3.74,4.32,4.11,4.2,0.0215,0.023989999999999997,23.6,23.4,12.9,13.2,52.59,45.51,21.93,23.44,0.0,0.0,4.21,0.02456857142857143,46.20142857142857,0.0,0.0,2025-02-28,3.74
0.8584,0.513,4.38,3.74,4.32,4.45,0.0247,0.0258,25.0,22.9,13.6,12.1,58.67,40.3,23.31,24.73,0.0,0.0,4.1085714285714285,0.024025714285714286,49.06142857142857,0.0,0.0,2025-03-01,2.97
0.8671,0.4981,3.74,4.38,3.74,4.32,0.02195,0.0215,23.0,23.6,15.0,12.9,65.6,52.59,21.89,21.93,0.01,0.0,3.915714285714286,0.022779999999999998,52.88285714285714,0.04285714285714286,0.0,2025-03-02,4.42
0.8755,0.4831,2.97,3.74,4.38,4.15,0.01724,0.0247,21.8,25.0,14.6,13.6,67.99,58.67,19.86,23.31,0.01,0.0,3.954285714285714,0.022914285714285713,54.83571428571428,0.04285714285714286,0.3,2025-03-03,4.22
0.8837,0.468,4.42,2.97,3.74,4.11,0.02522,0.02195,23.8,23.0,11.8,15.0,53.19,65.6,27.01,21.89,0.01,0.01,3.9699999999999998,0.022914285714285713,55.71999999999999,0.04285714285714286,0.0,2025-03-04,4.12
0.8916,0.4527,4.22,4.42,2.97,4.32,0.023989999999999997,0.01724,23.6,21.8,13.9,14.6,51.7,67.99,26.28,19.86,0.14,0.01,3.9414285714285713,0.022694285714285715,58.25857142857143,0.04285714285714286,0.0,2025-03-05,3.6
0.8993,0.4373,4.12,4.22,4.42,3.74,0.02426,0.02522,23.5,23.8,12.9,11.8,58.07,53.19,21.83,27.01,0.01,0.01,3.9214285714285713,0.022501428571428568,60.145714285714284,0.05714285714285715,0.0,2025-03-06,4.28
0.9067,0.4218,3.6,4.12,4.22,4.38,0.020149999999999998,0.023989999999999997,24.0,23.6,14.7,13.9,65.8,51.7,16.84,26.28,0.01,0.14,3.9071428571428575,0.022441428571428574,60.65857142857143,0.05714285714285715,0.1,2025-03-07,4.23
0.9138,0.4061,4.28,3.6,4.12,3.74,0.02428,0.02426,24.7,23.5,13.5,12.9,62.26,58.07,25.64,21.83,0.1,0.01,3.9771428571428573,0.022718571428571428,57.212857142857146,0.05714285714285715,0.0,2025-03-08,4.21
0.9207,0.3904,4.23,4.28,3.6,2.97,0.02389,0.020149999999999998,24.4,24.0,13.5,14.7,41.48,65.8,25.77,16.84,0.01,0.01,4.154285714285715,0.023747142857142856,52.951428571428565,0.014285714285714287,0.0,2025-03-09,4.09
0.9272,0.3745,4.21,4.23,4.28,4.42,0.02444,0.02428,23.9,24.7,12.5,13.5,38.16,62.26,25.31,25.64,0.03,0.1,4.107142857142857,0.023588571428571427,51.54,0.014285714285714287,0.0,2025-03-10,4.06
0.9335,0.3585,4.09,4.21,4.23,4.22,0.02411,0.02389,22.8,24.4,11.4,13.5,43.31,41.48,24.41,25.77,0.03,0.01,4.0842857142857145,0.02356714285714286,50.57714285714285,0.014285714285714287,0.0,2025-03-11,4.07
0.9396,0.3424,4.06,4.09,4.21,4.12,0.02384,0.02444,23.8,23.9,12.8,12.5,44.96,38.16,23.37,25.31,0.03,0.03,4.077142857142857,0.023485714285714283,48.82285714285714,0.014285714285714287,0.0,2025-03-12,3.43
0.9453,0.3261,4.07,4.06,4.09,3.6,0.023690000000000003,0.02411,23.5,22.8,12.0,11.4,45.79,43.31,22.78,24.41,0.01,0.03,4.052857142857143,0.023574285714285714,46.4,0.0,0.0,2025-03-13,2.6
0.9508,0.3098,3.43,4.07,4.06,4.28,0.02077,0.02384,21.9,23.8,11.8,12.8,48.84,44.96,14.68,23.37,0.05,0.03,3.812857142857143,0.02217714285714286,46.24142857142857,0.14285714285714285,0.0,2025-03-14,2.76
0.956,0.2934,2.6,3.43,4.07,4.23,0.0145,0.023690000000000003,22.4,23.5,14.5,12.0,61.15,45.79,10.46,22.78,0.06,0.01,3.6028571428571428,0.021035714285714286,49.80571428571428,0.15714285714285717,1.0,2025-03-15,3.17
0.9609,0.2769,2.76,2.6,3.43,4.21,0.0159,0.02077,21.4,21.9,14.0,11.8,66.43,48.84,14.66,14.68,0.0,0.05,3.454285714285714,0.02038142857142857,52.455714285714286,0.15714285714285717,0.1,2025-03-16,3.66
0.9655,0.2604,3.17,2.76,2.6,4.09,0.01986,0.0145,20.5,22.4,11.8,14.5,56.71,61.15,17.93,10.46,0.01,0.06,3.392857142857143,0.020037142857142858,52.114285714285714,0.15714285714285717,0.0,2025-03-17,3.88
0.9698,0.2437,3.66,3.17,2.76,4.06,0.0217,0.0159,22.9,21.4,11.8,14.0,40.92,66.43,22.06,14.66,0.01,0.0,3.367142857142857,0.019921428571428573,51.40714285714286,0.15714285714285717,0.0,2025-03-18,2.43
0.9739,0.227,3.88,3.66,3.17,4.07,0.023030000000000002,0.01986,23.4,20.5,12.7,11.8,40.01,56.71,22.99,17.93,0.0,0.01,3.132857142857143,0.018502857142857144,52.604285714285716,0.18571428571428572,0.0,2025-03-19,3.14
0.9777,0.2102,2.43,3.88,3.66,3.43,0.01376,0.0217,21.0,22.9,13.6,11.8,54.17,40.92,9.99,22.06,0.02,0.01,3.0914285714285716,0.01826142857142857,53.470000000000006,0.18571428571428572,0.2,2025-03-20,3.46
0.9811,0.1934,3.14,2.43,3.88,2.6,0.01908,0.023030000000000002,21.1,23.4,12.6,12.7,54.9,40.01,13.41,22.99,0.05,0.0,3.2142857142857144,0.019151428571428573,52.04571428571428,0.042857142857142864,0.0,2025-03-21,3.06
0.9843,0.1765,3.46,3.14,2.43,2.76,0.020730000000000002,0.01376,22.7,21.0,12.3,13.6,51.18,54.17,17.29,9.99,0.11,0.02,3.257142857142857,0.019552857142857143,50.541428571428575,0.028571428571428574,0.0,2025-03-22,3.2
0.9872,0.1595,3.06,3.46,3.14,3.17,0.01871,0.01908,21.5,21.1,13.3,12.6,55.9,54.9,14.71,13.41,0.01,0.05,3.2614285714285716,0.01946142857142857,50.89857142857143,0.028571428571428574,0.0,2025-03-23,3.43
0.9898,0.1425,3.2,3.06,3.46,3.66,0.019219999999999998,0.020730000000000002,22.0,22.7,12.3,12.3,59.21,51.18,14.85,17.29,0.06,0.11,3.2285714285714286,0.019355714285714285,53.769999999999996,0.028571428571428574,0.0,2025-03-24,3.42
0.9921,0.1255,3.43,3.2,3.06,3.88,0.02096,0.01871,21.2,21.5,11.8,13.3,61.02,55.9,22.46,14.71,0.03,0.01,3.162857142857143,0.01890857142857143,57.73285714285714,0.028571428571428574,0.0,2025-03-25,3.66
0.9941,0.1084,3.42,3.43,3.2,2.43,0.019899999999999998,0.019219999999999998,22.2,22.0,10.8,12.3,67.75,59.21,20.54,14.85,0.07,0.06,3.3385714285714285,0.019960000000000002,58.93,0.0,0.0,2025-03-26,2.87
0.9958,0.0913,3.66,3.42,3.43,3.14,0.02112,0.02096,23.5,21.2,11.7,11.8,62.55,61.02,21.42,22.46,0.04,0.03,3.3000000000000003,0.01959142857142857,60.42857142857143,0.0,0.0,2025-03-27,2.97
0.9972,0.0741,2.87,3.66,3.42,3.46,0.0165,0.019899999999999998,21.4,22.2,12.4,10.8,65.39,67.75,20.45,20.54,0.03,0.07,3.23,0.01903,61.941428571428574,0.0,0.0,2025-03-28,3.27
0.9984,0.057,2.97,2.87,3.66,3.06,0.016800000000000002,0.02112,22.0,23.5,11.1,11.7,61.77,62.55,18.55,21.42,0.0,0.04,3.2600000000000002,0.01914714285714286,63.19428571428572,0.0,0.0,2025-03-29,1.43
0.9992,0.0398,3.27,2.97,2.87,3.2,0.019530000000000002,0.0165,21.3,21.4,12.1,12.4,64.67,65.39,18.59,20.45,0.03,0.03,3.007142857142857,0.017474285714285713,63.69428571428572,0.5,0.0,2025-03-30,3.4
0.9997,0.0226,1.43,3.27,2.97,3.43,0.00751,0.016800000000000002,19.1,22.0,12.0,11.1,62.71,61.77,12.7,18.55,4.33,0.0,3.0028571428571427,0.01729857142857143,59.61857142857143,0.5,3.5,2025-03-31,3.12
1.0,0.0054,3.4,1.43,3.27,3.42,0.01973,0.019530000000000002,23.7,21.3,10.5,12.1,32.49,64.67,21.17,18.59,0.0,0.03,2.96,0.01722857142857143,55.00142857142857,0.5,0.0,2025-04-01,3.32
0.9999,-0.0118,3.12,3.4,1.43,3.66,0.01941,0.00751,20.6,19.1,10.9,12.0,35.43,62.71,21.05,12.7,0.01,4.33,2.9114285714285715,0.017125714285714286,50.64142857142857,0.5,0.0,2025-04-02,3.45
0.9996,-0.029,3.32,3.12,3.4,2.87,0.020399999999999998,0.01973,21.7,23.7,10.2,10.5,32.03,32.49,22.02,21.17,0.0,0.0,2.994285714285714,0.017652857142857144,45.84142857142857,0.5,0.0,2025-04-03,2.82
0.9989,-0.0462,3.45,3.32,3.12,2.97,0.02019,0.01941,23.0,20.6,11.2,10.9,31.79,35.43,21.64,21.05,0.01,0.01,2.972857142857143,0.017881428571428572,44.42285714285715,0.5,0.0,2025-04-04,2.19
0.998,-0.0634,2.82,3.45,3.32,3.27,0.0184,0.020399999999999998,19.7,21.7,10.7,10.2,51.84,32.03,13.43,22.02,0.09,0.0,2.8185714285714285,0.016935714285714287,44.691428571428574,0.5,0.0,2025-04-05,3.25
0.9968,-0.0805,2.19,2.82,3.45,1.43,0.01291,0.02019,19.8,23.0,11.6,11.2,66.55,31.79,10.57,21.64,0.14,0.01,3.0785714285714287,0.01859,45.32285714285714,0.0,0.0,2025-04-06,3.24
0.9952,-0.0977,3.25,2.19,2.82,3.4,0.01909,0.0184,21.6,19.7,10.1,10.7,67.13,51.84,19.97,13.43,0.0,0.09,3.0557142857142856,0.018542857142857142,46.962857142857146,0.0,0.0,2025-04-07,2.0
0.9934,-0.1148,3.24,3.25,2.19,3.12,0.019399999999999997,0.01291,22.2,19.8,9.5,11.6,43.97,66.55,20.08,10.57,0.0,0.14,2.8957142857142855,0.017564285714285713,49.61285714285714,0.014285714285714287,0.0,2025-04-08,2.07
0.9913,-0.1319,2.0,3.24,3.25,3.32,0.01256,0.01909,19.5,21.6,11.7,10.1,53.98,67.13,9.85,19.97,0.01,0.0,2.717142857142857,0.016431428571428573,54.07857142857143,0.042857142857142864,0.1,2025-04-09,2.74
0.9889,-0.1489,2.07,2.0,3.24,3.45,0.01247,0.019399999999999997,19.9,22.2,11.8,9.5,63.29,43.97,8.75,20.08,0.0,0.0,2.6157142857142857,0.015825714285714283,60.364285714285714,0.042857142857142864,0.2,2025-04-10,2.66
0.9861,-0.1659,2.74,2.07,2.0,2.82,0.01595,0.01256,22.9,19.5,10.7,11.7,75.79,53.98,15.64,9.85,0.0,0.01,2.5928571428571425,0.015348571428571428,61.589999999999996,0.042857142857142864,0.0,2025-04-11,3.0
0.9831,-0.1828,2.66,2.74,2.07,2.19,0.01506,0.01247,20.2,19.9,11.8,11.8,60.42,63.29,15.86,8.75,0.0,0.0,2.7085714285714286,0.01611857142857143,58.32,0.042857142857142864,0.0,2025-04-12,2.84
0.9799,-0.1997,3.0,2.66,2.74,3.25,0.0183,0.01595,20.9,22.9,9.5,10.7,43.66,75.79,19.54,15.64,0.0,0.0,2.65,0.01595142857142857,56.21142857142858,0.042857142857142864,0.0,2025-04-13,2.86
0.9763,-0.2165,2.84,3.0,2.66,3.24,0.017920000000000002,0.01506,20.0,20.2,10.3,11.8,52.37,60.42,18.21,15.86,0.0,0.0,2.595714285714286,0.01568,58.457142857142856,0.042857142857142864,0.0,2025-04-14,2.67
0.9724,-0.2333,2.86,2.84,3.0,2.0,0.0175,0.0183,20.7,20.9,9.1,9.5,59.69,43.66,18.33,19.54,0.0,0.0,2.6914285714285713,0.01640714285714286,57.824285714285715,0.028571428571428574,0.0,2025-04-15,2.78
0.9683,-0.25,2.67,2.86,2.84,2.07,0.01765,0.017920000000000002,19.1,20.0,8.9,10.3,49.55,52.37,14.72,18.21,0.0,0.0,2.792857142857143,0.017077142857142857,54.85285714285715,0.0,0.0,2025-04-16,2.86
0.9638,-0.2666,2.78,2.67,2.86,2.74,0.01716,0.0175,21.4,20.7,8.6,9.1,42.49,59.69,18.82,18.33,0.01,0.0,2.8099999999999996,0.017302857142857144,50.144285714285715,0.0,0.0,2025-04-17,2.79
0.9591,-0.2831,2.86,2.78,2.67,2.66,0.01753,0.01765,21.0,19.1,9.2,8.9,42.83,49.55,18.58,14.72,0.0,0.0,2.8285714285714287,0.017650000000000002,47.074285714285715,0.0,0.0,2025-04-18,2.18
0.9541,-0.2996,2.79,2.86,2.78,3.0,0.01749,0.01716,20.6,21.4,10.0,8.6,38.93,42.49,18.58,18.82,0.05,0.01,2.7114285714285713,0.01707,47.54714285714285,0.0,0.0,2025-04-19,2.28
0.9488,-0.316,2.18,2.79,2.86,2.84,0.014240000000000001,0.01753,18.5,21.0,8.6,9.2,46.97,42.83,12.38,18.58,0.01,0.0,2.6314285714285712,0.01665,46.68857142857143,0.0,0.0,2025-04-20,2.22
0.9432,-0.3322,2.28,2.18,2.79,2.86,0.01498,0.01749,18.0,20.6,9.5,10.0,46.36,38.93,11.09,18.58,0.02,0.05,2.54,0.01621142857142857,43.31,0.0,0.0,2025-04-21,2.64
0.9373,-0.3484,2.22,2.28,2.18,2.67,0.01443,0.014240000000000001,18.6,18.5,9.2,8.6,36.04,46.97,10.08,12.38,0.01,0.01,2.5357142857142856,0.015947142857142858,41.75285714285714,0.0,0.0,2025-04-22,2.31
0.9312,-0.3645,2.64,2.22,2.28,2.78,0.0158,0.01498,22.6,18.0,9.5,9.5,38.65,46.36,10.96,11.09,0.01,0.02,2.468571428571429,0.015565714285714285,45.074285714285715,0.0,0.0,2025-04-23,2.04
0.9248,-0.3804,2.31,2.64,2.22,2.86,0.01449,0.01443,20.7,18.6,11.4,9.2,65.74,36.04,8.72,10.08,0.03,0.01,2.3514285714285714,0.014742857142857143,49.66571428571428,0.05714285714285715,0.0,2025-04-24,2.58
0.9181,-0.3963,2.04,2.31,2.64,2.79,0.01177,0.0158,20.6,22.6,13.3,9.5,74.97,38.65,14.52,10.96,0.02,0.01,2.3214285714285716,0.01440142857142857,51.988571428571426,0.05714285714285715,0.4,2025-04-25,2.32
0.9112,-0.412,2.58,2.04,2.31,2.18,0.015099999999999999,0.01449,22.1,20.7,11.9,11.4,55.19,65.74,14.07,8.72,0.03,0.03,2.3414285714285716,0.014505714285714287,53.95428571428572,0.05714285714285715,0.0,2025-04-26,2.64
0.9039,-0.4276,2.32,2.58,2.04,2.28,0.01497,0.01177,19.1,20.6,10.1,13.3,60.73,74.97,16.86,14.52,0.0,0.02,2.392857142857143,0.014627142857142856,52.381428571428565,0.05714285714285715,0.0,2025-04-27,2.24
0.8965,-0.4431,2.64,2.32,2.58,2.22,0.01583,0.015099999999999999,22.4,22.1,10.0,11.9,35.35,55.19,17.07,14.07,0.0,0.03,2.3957142857142855,0.014701428571428572,53.24857142857143,0.05714285714285715,0.0,2025-04-28,1.73
0.8887,-0.4585,2.24,2.64,2.32,2.64,0.01495,0.01497,19.0,19.1,10.0,10.1,42.11,60.73,13.82,16.86,0.01,0.0,2.2657142857142856,0.013924285714285714,55.64142857142857,0.05714285714285715,0.0,2025-04-29,1.56
0.8807,-0.4737,1.73,2.24,2.64,2.31,0.01036,0.01583,18.0,22.4,11.6,10.0,55.4,35.35,6.69,17.07,0.08,0.0,2.1585714285714284,0.01305,56.607142857142854,0.05714285714285715,0.0,2025-04-30,2.36
0.8724,-0.4888,1.56,1.73,2.24,2.04,0.008369999999999999,0.01495,17.4,19.0,11.6,10.0,72.5,42.11,7.76,13.82,0.29,0.01,2.204285714285714,0.013387142857142858,55.32,0.0,0.0,2025-05-01,2.43
0.8639,-0.5037,2.36,1.56,1.73,2.58,0.01413,0.01036,20.2,18.0,8.4,11.6,65.96,55.4,15.36,6.69,0.01,0.08,2.182857142857143,0.013385714285714287,53.784285714285716,0.0,0.0,2025-05-02,2.32
0.8551,-0.5185,2.43,2.36,1.56,2.32,0.01509,0.008369999999999999,20.3,17.4,8.6,11.6,44.44,72.5,16.15,7.76,0.0,0.29,2.182857142857143,0.013387142857142858,50.58714285714286,0.0,0.0,2025-05-03,2.38
0.846,-0.5331,2.32,2.43,2.36,2.64,0.01498,0.01413,19.5,20.2,8.9,8.4,38.35,65.96,16.03,15.36,0.0,0.01,2.1457142857142855,0.013195714285714285,51.910000000000004,0.0,0.0,2025-05-04,2.08
0.8367,-0.5476,2.38,2.32,2.43,2.24,0.01449,0.01509,20.8,20.3,9.4,8.6,44.61,44.44,12.49,16.15,0.0,0.0,2.1228571428571428,0.01304142857142857,53.965714285714284,0.0,0.0,2025-05-05,1.7
0.8272,-0.5619,2.08,2.38,2.32,1.73,0.013869999999999999,0.01498,18.3,19.5,10.0,8.9,56.5,38.35,13.7,16.03,0.0,0.0,2.1185714285714288,0.013018571428571426,53.70285714285715,0.0,0.0,2025-05-06,1.95
0.8174,-0.5761,1.7,2.08,2.38,1.56,0.010199999999999999,0.01449,17.9,20.8,8.2,9.4,53.56,44.61,9.9,12.49,0.0,0.0,2.174285714285714,0.013465714285714286,50.94571428571429,0.0,0.0,2025-05-07,1.28
0.8074,-0.59,1.95,1.7,2.08,2.36,0.0115,0.013869999999999999,19.4,18.3,9.5,10.0,53.2,56.5,10.05,13.7,3.83,0.0,2.02,0.01245,53.07714285714286,1.042857142857143,0.0,2025-05-08,2.24
0.7971,-0.6038,1.28,1.95,1.7,2.43,0.007019999999999999,0.010199999999999999,19.9,17.9,11.9,8.2,80.88,53.56,6.49,9.9,10.56,0.0,1.9928571428571427,0.012265714285714284,54.56857142857143,1.042857142857143,7.3,2025-05-09,2.44
0.7866,-0.6175,2.24,1.28,1.95,2.32,0.013800000000000002,0.0115,21.5,19.4,10.1,9.5,54.88,53.2,14.05,10.05,0.03,3.83,2.0100000000000002,0.012152857142857142,55.02571428571429,1.042857142857143,0.0,2025-05-10,1.43
0.7759,-0.6309,2.44,2.24,1.28,2.38,0.01419,0.007019999999999999,23.1,19.9,10.5,11.9,41.55,80.88,15.02,6.49,0.1,10.56,1.8742857142857143,0.01139142857142857,56.76857142857143,1.042857142857143,0.0,2025-05-11,1.27
0.7649,-0.6442,1.43,2.44,2.24,2.08,0.00916,0.013800000000000002,18.1,21.5,8.6,10.1,56.81,54.88,6.94,14.05,0.13,0.03,1.7585714285714287,0.01059857142857143,56.832857142857144,1.0571428571428572,0.0,2025-05-12,1.23
0.7537,-0.6572,1.27,1.43,2.44,1.7,0.008320000000000001,0.01419,17.0,23.1,10.9,10.5,56.95,41.55,8.61,15.02,0.05,0.1,1.6914285714285715,0.010225714285714286,57.89714285714285,1.0571428571428572,0.1,2025-05-13,1.58
0.7423,-0.6701,1.23,1.27,1.43,1.95,0.0075899999999999995,0.00916,16.6,18.1,10.9,8.6,61.01,56.81,6.25,6.94,0.13,0.13,1.6385714285714286,0.01009142857142857,58.56857142857143,1.0571428571428572,0.0,2025-05-14,1.64
0.7306,-0.6828,1.58,1.23,1.27,1.28,0.01056,0.008320000000000001,17.4,17.0,10.5,10.9,57.9,56.95,11.33,8.61,0.01,0.05,1.69,0.010708571428571428,55.83857142857143,0.014285714285714287,0.0,2025-05-15,1.27
0.7188,-0.6952,1.64,1.58,1.23,2.24,0.01134,0.0075899999999999995,16.5,16.6,10.5,10.9,61.77,61.01,7.5,6.25,0.07,0.13,1.5514285714285714,0.009945714285714285,57.32714285714286,0.014285714285714287,0.0,2025-05-16,1.18
0.7067,-0.7075,1.27,1.64,1.58,2.44,0.00846,0.01056,16.5,17.4,8.8,10.5,65.3,57.9,10.11,11.33,0.07,0.01,1.3714285714285714,0.008715714285714287,61.887142857142855,0.6428571428571429,0.0,2025-05-17,1.18
0.6945,-0.7195,1.18,1.27,1.64,1.43,0.00558,0.01134,18.5,16.5,8.6,10.5,73.47,61.77,4.17,7.5,1.83,0.07,1.3357142857142856,0.008268571428571429,62.959999999999994,0.8428571428571429,4.4,2025-05-18,2.01
0.682,-0.7314,1.18,1.18,1.27,1.27,0.006030000000000001,0.00846,18.9,16.5,9.3,8.8,64.32,65.3,8.26,10.11,0.63,0.07,1.4414285714285715,0.008721428571428571,65.32142857142857,2.0142857142857147,1.4,2025-05-19,2.09
0.6693,-0.743,2.01,1.18,1.18,1.23,0.01149,0.00558,22.4,18.5,11.9,8.6,73.48,73.47,12.36,4.17,4.1,1.83,1.5642857142857143,0.009355714285714285,65.56571428571428,2.0142857142857147,8.3,2025-05-20,1.87
0.6564,-0.7544,2.09,2.01,1.18,1.58,0.012029999999999999,0.006030000000000001,23.4,18.9,12.6,9.3,62.72,64.32,12.47,8.26,0.0,0.63,1.6057142857142856,0.009494285714285714,64.47857142857143,2.0142857142857147,0.0,2025-05-21,1.38
0.6433,-0.7656,1.87,2.09,2.01,1.64,0.011529999999999999,0.01149,22.1,22.4,11.4,11.9,50.29,73.48,13.61,12.36,0.0,4.1,1.5685714285714287,0.009184285714285714,62.105714285714285,2.0142857142857147,0.0,2025-05-22,1.19
0.6301,-0.7765,1.38,1.87,2.09,1.27,0.00917,0.012029999999999999,18.3,23.4,11.8,12.6,45.16,62.72,10.82,12.47,0.01,0.0,1.557142857142857,0.009131428571428572,60.721428571428575,2.0142857142857147,0.0,2025-05-23,1.91
0.6166,-0.7873,1.19,1.38,1.87,1.18,0.00809,0.011529999999999999,16.0,22.1,9.8,11.4,55.61,50.29,7.22,13.61,0.1,0.0,1.6614285714285713,0.01006142857142857,57.19,1.385714285714286,0.0,2025-05-24,1.72
0.603,-0.7978,1.91,1.19,1.38,1.18,0.01209,0.00917,20.8,18.3,9.7,11.8,48.75,45.16,11.32,10.82,0.0,0.01,1.7385714285714287,0.010865714285714286,57.04857142857143,1.1857142857142857,0.0,2025-05-25,0.66
0.5892,-0.808,1.72,1.91,1.19,2.01,0.01166,0.00809,17.8,16.0,9.1,9.8,63.33,55.61,9.03,7.22,0.02,0.1,1.5457142857142858,0.009662857142857141,56.49571428571428,2.942857142857143,0.0,2025-05-26,1.89
0.5752,-0.818,0.66,1.72,1.91,2.09,0.00307,0.01209,16.2,20.8,11.9,9.7,69.61,48.75,4.32,11.32,6.24,0.0,1.5171428571428571,0.009687142857142856,56.33857142857143,2.942857142857143,20.6,2025-05-27,1.68
0.561,-0.8278,1.89,0.66,1.72,1.87,0.012199999999999999,0.01166,18.5,17.8,8.0,9.1,61.62,63.33,13.47,9.03,0.49,0.02,1.49,0.009777142857142858,55.48142857142857,2.942857142857143,0.0,2025-05-28,1.63
0.5467,-0.8373,1.68,1.89,0.66,1.38,0.01216,0.00307,15.9,16.2,6.1,11.9,44.29,69.61,13.18,4.32,0.0,6.24,1.5257142857142856,0.01012,55.40428571428571,2.942857142857143,0.0,2025-05-29,1.75
0.5322,-0.8466,1.63,1.68,1.89,1.19,0.01157,0.012199999999999999,17.3,18.5,6.4,8.0,44.62,61.62,12.61,13.47,0.01,0.49,1.6057142857142856,0.010644285714285714,54.537142857142854,2.942857142857143,0.0,2025-05-30,1.67
0.5176,-0.8556,1.75,1.63,1.68,1.91,0.01176,0.01216,19.3,15.9,8.4,6.1,49.54,44.29,12.81,13.18,0.01,0.0,1.5714285714285714,0.010535714285714285,53.17428571428571,2.942857142857143,0.0,2025-05-31,1.6
0.5028,-0.8644,1.67,1.75,1.63,1.72,0.01133,0.01157,18.1,17.3,8.1,6.4,39.21,44.62,12.53,12.61,0.0,0.01,1.554285714285714,0.010525714285714286,50.00857142857143,2.942857142857143,0.0,2025-06-01,1.07
0.4878,-0.8729,1.6,1.67,1.75,0.66,0.01159,0.01176,16.3,19.3,8.0,8.4,41.17,49.54,12.43,12.81,0.0,0.01,1.6128571428571428,0.011111428571428572,46.85142857142857,0.0,0.0,2025-06-02,1.51
0.4728,-0.8812,1.07,1.6,1.67,1.89,0.00717,0.01133,15.9,18.1,8.3,8.1,47.51,39.21,6.47,12.53,0.0,0.0,1.5585714285714285,0.010865714285714286,44.69857142857143,0.014285714285714287,0.0,2025-06-03,1.37
0.4575,-0.8892,1.51,1.07,1.6,1.68,0.01048,0.01159,17.1,16.3,8.4,8.0,46.55,41.17,6.38,12.43,0.61,0.0,1.5142857142857142,0.010535714285714285,45.385714285714286,0.028571428571428574,0.1,2025-06-04,1.36
0.4422,-0.8969,1.37,1.51,1.07,1.63,0.00985,0.00717,15.3,15.9,7.7,8.3,49.1,47.51,9.78,6.47,0.0,0.0,1.4757142857142858,0.01037,45.385714285714286,0.028571428571428574,0.1,2025-06-05,0.99
0.4267,-0.9044,1.36,1.37,1.51,1.75,0.01041,0.01048,14.8,17.1,6.8,8.4,44.62,46.55,7.52,6.38,0.02,0.61,1.3671428571428572,0.00962142857142857,47.387142857142855,0.028571428571428574,0.0,2025-06-06,1.7
0.4111,-0.9116,0.99,1.36,1.37,1.67,0.00652,0.00985,14.0,15.3,7.9,7.7,63.55,49.1,5.4,9.78,0.08,0.0,1.3714285714285714,0.00962,50.31857142857143,0.028571428571428574,0.0,2025-06-07,1.72
0.3953,-0.9185,1.7,0.99,1.36,1.6,0.01132,0.01041,17.7,14.8,7.3,6.8,59.73,44.62,11.33,7.52,0.01,0.02,1.3885714285714286,0.00962142857142857,50.16571428571428,0.028571428571428574,0.0,2025-06-08,1.53
0.3795,-0.9252,1.72,1.7,0.99,1.07,0.0116,0.00652,18.5,14.0,7.9,7.9,40.1,63.55,12.34,5.4,0.0,0.08,1.4542857142857142,0.010075714285714285,48.66428571428571,0.028571428571428574,0.0,2025-06-09,1.52
0.3635,-0.9316,1.53,1.72,1.7,1.51,0.01035,0.01132,17.6,17.7,7.9,7.3,37.0,59.73,11.01,11.33,0.0,0.01,1.4557142857142857,0.010142857142857143,48.23285714285714,0.05714285714285715,0.0,2025-06-10,1.31
0.3474,-0.9377,1.52,1.53,1.72,1.37,0.01095,0.0116,16.4,18.5,8.1,7.9,43.53,40.1,8.93,12.34,0.01,0.0,1.4471428571428573,0.00958,50.69428571428572,0.14285714285714285,0.3,2025-06-11,0.78
0.3312,-0.9436,1.31,1.52,1.53,1.36,0.00591,0.01035,16.6,17.6,9.3,7.9,66.33,37.0,4.98,11.01,1.03,0.0,1.3642857142857143,0.008528571428571429,56.68142857142857,4.542857142857143,0.7,2025-06-12,1.66
0.3149,-0.9491,0.78,1.31,1.52,0.99,0.0030499999999999998,0.01095,13.5,16.4,7.9,8.1,86.53,43.53,6.67,8.93,18.77,0.01,1.4600000000000002,0.00921,58.24285714285714,4.542857142857143,30.8,2025-06-13,1.43
0.2986,-0.9544,1.66,0.78,1.31,1.7,0.01129,0.00591,15.9,16.6,5.7,9.3,74.48,66.33,11.86,4.98,0.06,1.03,1.4214285714285713,0.008891428571428571,57.712857142857146,4.542857142857143,0.0,2025-06-14,1.24
0.2821,-0.9594,1.43,1.66,0.78,1.72,0.009089999999999999,0.0030499999999999998,15.6,13.5,5.5,7.9,56.02,86.53,9.45,6.67,0.0,18.77,1.352857142857143,0.008302857142857143,60.361428571428576,4.814285714285715,0.0,2025-06-15,1.33
0.2656,-0.9641,1.24,1.43,1.66,1.53,0.0074800000000000005,0.01129,17.3,15.9,8.9,5.7,58.64,74.48,7.78,11.86,4.97,0.06,1.3242857142857143,0.007847142857142856,67.00428571428571,10.957142857142857,1.9,2025-06-16,1.2
0.2489,-0.9685,1.33,1.24,1.43,1.52,0.0071600000000000006,0.009089999999999999,15.4,15.6,8.7,5.5,83.5,56.02,6.99,9.45,49.13,0.0,1.2785714285714285,0.007350000000000001,71.9057142857143,10.914285714285715,43.0,2025-06-17,1.68
0.2322,-0.9727,1.2,1.33,1.24,1.31,0.00747,0.0074800000000000005,15.3,17.3,7.2,8.9,77.84,58.64,9.1,7.78,11.55,4.97,1.3314285714285714,0.008141428571428572,70.99142857142857,10.814285714285715,0.0,2025-06-18,1.27
0.2155,-0.9765,1.68,1.2,1.33,0.78,0.01145,0.0071600000000000006,15.6,15.4,4.8,8.7,59.93,83.5,11.85,6.99,0.0,49.13,1.4014285714285715,0.009168571428571429,66.21857142857144,6.414285714285714,0.0,2025-06-19,1.24
0.1986,-0.9801,1.27,1.68,1.2,1.66,0.01024,0.00747,12.9,15.3,6.4,7.2,53.12,77.84,11.53,9.1,1.21,11.55,1.3414285714285714,0.008947142857142858,63.174285714285716,6.414285714285714,0.0,2025-06-20,1.32
0.1818,-0.9833,1.24,1.27,1.68,1.43,0.00974,0.01145,14.2,15.6,6.0,4.8,53.17,59.93,12.26,11.85,0.01,0.0,1.3257142857142856,0.009114285714285714,63.32142857142857,6.414285714285714,0.0,2025-06-21,1.43
0.1648,-0.9863,1.32,1.24,1.27,1.24,0.01026,0.01024,13.7,12.9,5.4,6.4,57.05,53.12,7.91,11.53,0.24,1.21,1.352857142857143,0.009434285714285714,65.58571428571429,6.328571428571428,0.0,2025-06-22,1.54
0.1478,-0.989,1.43,1.32,1.24,1.33,0.009720000000000001,0.00974,16.8,14.2,8.2,6.0,74.49,53.17,9.56,12.26,5.05,0.01,1.3828571428571428,0.010044285714285714,60.37714285714286,0.18571428571428572,1.3,2025-06-23,1.42
0.1308,-0.9914,1.54,1.43,1.32,1.2,0.01143,0.01026,15.6,13.7,4.6,5.4,47.04,57.05,12.5,7.91,0.0,0.24,1.4142857142857144,0.01055,56.76571428571429,0.18571428571428572,0.0,2025-06-24,1.2
0.1137,-0.9935,1.42,1.54,1.43,1.68,0.011009999999999999,0.009720000000000001,14.3,16.8,6.7,8.2,52.56,74.49,11.83,9.56,0.04,5.05,1.3457142857142856,0.010211428571428571,58.42142857142857,0.2,0.0,2025-06-25,1.44
0.0966,-0.9953,1.2,1.42,1.54,1.27,0.00908,0.01143,13.3,15.6,7.3,4.6,71.52,47.04,8.42,12.5,0.01,0.0,1.3699999999999999,0.01029857142857143,60.574285714285715,0.2,0.1,2025-06-26,1.09
0.0795,-0.9968,1.44,1.2,1.42,1.24,0.01085,0.011009999999999999,14.4,14.3,6.8,6.7,68.19,52.56,11.99,11.83,0.01,0.04,1.3485714285714285,0.010077142857142856,61.50285714285714,0.2,0.0,2025-06-27,1.3
0.0623,-0.9981,1.09,1.44,1.2,1.32,0.00819,0.00908,13.3,13.3,7.4,7.3,59.67,71.52,10.7,8.42,0.0,0.01,1.3457142857142856,0.010032857142857144,62.48285714285714,0.27142857142857146,0.0,2025-06-28,1.46
0.0451,-0.999,1.3,1.09,1.44,1.43,0.009949999999999999,0.01085,12.7,14.4,6.0,6.8,63.91,68.19,10.69,11.99,0.01,0.01,1.3499999999999999,0.010282857142857144,59.41285714285714,0.08571428571428572,0.5,2025-06-29,1.27
0.028,-0.9996,1.46,1.3,1.09,1.54,0.011470000000000001,0.00819,13.4,13.3,4.7,7.4,53.0,59.67,12.19,10.7,0.0,0.0,1.3114285714285714,0.010068571428571428,58.721428571428575,0.08571428571428572,0.0,2025-06-30,1.61
0.0108,-0.9999,1.27,1.46,1.3,1.42,0.00993,0.009949999999999999,12.4,12.7,3.8,6.0,42.2,63.91,10.31,10.69,0.02,0.01,1.3385714285714287,0.010038571428571428,58.25,0.18571428571428572,0.0,2025-07-01,1.81
-0.0065,-1.0,1.61,1.27,1.46,1.2,0.0108,0.011470000000000001,18.5,13.4,6.2,4.7,49.26,53.0,11.64,12.19,0.0,0.0,1.4257142857142857,0.01028,54.38285714285714,0.17142857142857143,0.7,2025-07-02,1.69
-0.0237,-0.9997,1.81,1.61,1.27,1.44,0.01077,0.00993,21.9,12.4,10.4,3.8,44.45,42.2,10.87,10.31,0.0,0.02,1.4614285714285715,0.010382857142857142,51.36142857142857,0.17142857142857143,0.0,2025-07-03,0.99
-0.0408,-0.9992,1.69,1.81,1.61,1.09,0.01157,0.0108,19.3,18.5,7.5,6.2,47.04,49.26,12.3,11.64,0.01,0.0,1.4471428571428573,0.010334285714285714,49.51428571428572,0.18571428571428572,0.0,2025-07-04,1.3
-0.058,-0.9983,0.99,1.69,1.81,1.3,0.00785,0.01077,12.9,21.9,6.8,10.4,46.74,44.45,6.15,10.87,0.01,0.0,1.4471428571428573,0.00993,50.51857142857143,0.18571428571428572,0.1,2025-07-05,1.6
-0.0752,-0.9972,1.3,0.99,1.69,1.46,0.0071200000000000005,0.01157,17.0,19.3,9.4,7.5,70.94,47.04,6.43,12.3,0.02,0.01,1.467142857142857,0.009874285714285714,54.14142857142857,0.18571428571428572,0.5,2025-07-06,1.61
-0.0923,-0.9957,1.6,1.3,0.99,1.27,0.01108,0.00785,17.6,12.9,9.5,6.8,78.36,46.74,11.97,6.15,0.0,0.01,1.5157142857142856,0.010154285714285715,55.18142857142857,0.18571428571428572,0.0,2025-07-07,0.61
-0.1094,-0.994,1.61,1.6,1.3,1.61,0.011890000000000001,0.0071200000000000005,17.1,17.0,7.8,9.4,49.48,70.94,11.02,6.43,0.0,0.02,1.3728571428571428,0.009195714285714284,56.55571428571428,0.08571428571428572,0.0,2025-07-08,1.5
-0.1265,-0.992,0.61,1.61,1.6,1.81,0.00409,0.01108,12.0,17.6,8.6,9.5,58.88,78.36,5.65,11.97,0.03,0.0,1.3285714285714287,0.009272857142857142,62.152857142857144,0.08571428571428572,0.0,2025-07-09,1.27
-0.1436,-0.9896,1.5,0.61,1.61,1.69,0.01131,0.011890000000000001,13.8,17.1,7.3,7.8,83.63,49.48,4.07,11.02,0.07,0.0,1.2685714285714287,0.009112857142857143,64.89285714285714,0.08571428571428572,0.0,2025-07-10,1.08
-0.1606,-0.987,1.27,1.5,0.61,0.99,0.01045,0.00409,12.6,12.0,6.3,8.6,66.22,58.88,12.07,5.65,0.0,0.03,1.2814285714285716,0.009248571428571429,65.49,0.07142857142857142,0.0,2025-07-11,1.09
-0.1775,-0.9841,1.08,1.27,1.5,1.3,0.0088,0.01131,12.2,13.8,5.4,7.3,50.92,83.63,11.84,4.07,0.01,0.07,1.2514285714285713,0.00938,62.675714285714285,0.0,0.0,2025-07-12,0.75
-0.1944,-0.9809,1.09,1.08,1.27,1.6,0.008039999999999999,0.01045,13.4,12.6,4.0,6.3,51.24,66.22,7.82,12.07,0.03,0.0,1.1300000000000001,0.008501428571428571,60.24285714285714,0.0,0.0,2025-07-13,1.49
-0.2113,-0.9774,0.75,1.09,1.08,1.61,0.0049299999999999995,0.0088,12.1,12.2,7.8,5.4,61.33,50.92,5.59,11.84,0.02,0.01,1.1128571428571428,0.008354285714285713,64.48428571428572,0.0,0.0,2025-07-14,1.5
-0.2281,-0.9736,1.49,0.75,1.09,0.61,0.01086,0.008039999999999999,14.5,13.4,5.6,4.0,79.17,51.24,9.77,7.82,0.02,0.03,1.24,0.00941142857142857,66.51,0.0,0.0,2025-07-15,1.86
-0.2448,-0.9696,1.5,1.49,0.75,1.5,0.01149,0.0049299999999999995,14.7,12.1,4.1,7.8,73.06,61.33,12.27,5.59,0.11,0.02,1.2914285714285716,0.009597142857142858,61.64857142857143,0.0,0.0,2025-07-16,1.88
-0.2614,-0.9652,1.86,1.5,1.49,1.27,0.01261,0.01086,18.9,14.5,6.4,5.6,49.6,79.17,13.6,9.77,0.01,0.02,1.3785714285714286,0.009934285714285715,58.40571428571429,0.0,0.0,2025-07-17,1.52
-0.278,-0.9606,1.88,1.86,1.5,1.08,0.01281,0.01149,19.7,14.7,7.8,4.1,43.52,73.06,13.23,12.27,0.01,0.11,1.4414285714285715,0.010292857142857144,58.70142857142857,0.0,0.0,2025-07-18,1.23
-0.2945,-0.9557,1.52,1.88,1.86,1.09,0.01131,0.01261,16.1,18.9,7.3,6.4,52.99,49.6,11.31,13.6,0.06,0.01,1.4614285714285715,0.010465714285714287,58.59142857142857,0.0,0.0,2025-07-19,1.31
-0.3109,-0.9505,1.23,1.52,1.88,0.75,0.00925,0.01281,14.0,19.7,6.8,7.8,50.47,43.52,10.66,13.23,0.02,0.01,1.5414285714285714,0.011118571428571427,57.971428571428575,0.0,0.0,2025-07-20,1.63
-0.3272,-0.945,1.31,1.23,1.52,1.49,0.0095,0.01131,15.4,16.1,7.8,7.3,56.99,52.99,9.35,11.31,0.01,0.06,1.5614285714285714,0.01117,55.08285714285715,0.0,0.0,2025-07-21,1.8
-0.3434,-0.9392,1.63,1.31,1.23,1.5,0.01122,0.00925,17.1,14.0,8.7,6.8,58.95,50.47,11.0,10.66,0.0,0.02,1.6042857142857143,0.011300000000000001,52.25285714285714,0.0,0.0,2025-07-22,1.58
-0.3595,-0.9332,1.8,1.63,1.31,1.86,0.0124,0.0095,17.9,15.4,8.7,7.8,53.25,56.99,11.29,9.35,0.0,0.01,1.5642857142857143,0.011077142857142857,54.355714285714285,0.0,0.0,2025-07-23,1.1
-0.3755,-0.9268,1.58,1.8,1.63,1.88,0.01105,0.01122,16.2,17.1,9.4,8.7,64.32,58.95,7.67,11.0,0.0,0.0,1.4528571428571428,0.01034142857142857,56.93571428571429,0.0,0.0,2025-07-24,1.79
-0.3914,-0.9202,1.1,1.58,1.8,1.52,0.00766,0.0124,15.1,17.9,7.7,8.7,61.58,53.25,11.61,11.29,0.01,0.0,1.4914285714285713,0.010417142857142857,58.55714285714286,0.0,0.0,2025-07-25,0.87
-0.4071,-0.9134,1.79,1.1,1.58,1.23,0.01184,0.01105,17.3,16.2,6.7,9.4,64.34,64.32,11.99,7.67,0.02,0.0,1.44,0.009887142857142856,62.45428571428572,0.028571428571428574,0.0,2025-07-26,1.25
-0.4228,-0.9062,0.87,1.79,1.1,1.31,0.00554,0.00766,13.7,15.1,9.5,7.7,77.75,61.58,6.74,11.61,0.0,0.01,1.4314285714285713,0.00965,64.25285714285714,0.15714285714285717,0.2,2025-07-27,1.96
-0.4383,-0.8988,1.25,0.87,1.79,1.63,0.00784,0.01184,16.3,17.3,9.1,6.7,69.58,64.34,9.62,11.99,0.0,0.02,1.4785714285714284,0.009795714285714286,62.83142857142857,0.15714285714285717,0.9,2025-07-28,1.54
-0.4537,-0.8912,1.96,1.25,0.87,1.8,0.012240000000000001,0.00554,20.4,13.7,9.2,9.5,49.0,77.75,13.47,6.74,0.0,0.0,1.4414285714285715,0.00950857142857143,62.57714285714285,0.15714285714285717,0.0,2025-07-29,1.0
-0.469,-0.8832,1.54,1.96,1.25,1.58,0.01039,0.00784,18.3,16.3,10.3,9.1,51.47,69.58,10.47,9.62,0.01,0.0,1.3585714285714285,0.008658571428571429,63.84285714285714,0.18571428571428572,0.0,2025-07-30,0.73
-0.4841,-0.875,1.0,1.54,1.96,1.1,0.0050999999999999995,0.012240000000000001,18.1,20.4,10.9,9.2,73.18,49.0,5.62,13.47,0.12,0.0,1.3057142857142858,0.008082857142857143,66.59857142857143,5.771428571428571,0.2,2025-07-31,1.33
-0.4991,-0.8666,0.73,1.0,1.54,1.79,0.00363,0.01039,15.2,18.3,10.6,10.3,80.87,51.47,3.77,10.47,14.43,0.01,1.24,0.007524285714285714,69.43857142857142,13.271428571428572,39.1,2025-08-01,1.58
-0.5139,-0.8578,1.33,0.73,1.0,0.87,0.00793,0.0050999999999999995,15.3,18.1,9.3,10.9,84.22,73.18,8.39,5.62,6.78,0.12,1.3414285714285714,0.008077142857142857,69.36714285714285,16.785714285714285,52.5,2025-08-02,1.36
-0.5286,-0.8489,1.58,1.33,0.73,1.25,0.00941,0.00363,15.1,15.2,7.4,10.6,77.25,80.87,9.64,3.77,4.63,14.43,1.3571428571428572,0.008154285714285715,68.82142857142857,16.65714285714286,24.8,2025-08-03,1.6
-0.5431,-0.8397,1.36,1.58,1.33,1.96,0.00838,0.00793,15.7,15.3,6.0,9.3,65.76,84.22,8.39,8.39,0.35,6.78,1.3057142857142858,0.007915714285714286,69.61857142857143,16.65714285714286,0.0,2025-08-04,2.06
-0.5575,-0.8302,1.6,1.36,1.58,1.54,0.01057,0.00941,16.5,15.1,9.1,7.4,54.58,77.25,9.33,9.64,0.0,4.63,1.3800000000000001,0.008371428571428571,69.60571428571428,16.65714285714286,0.0,2025-08-05,1.86
-0.5717,-0.8205,2.06,1.6,1.36,1.0,0.01358,0.00838,19.7,15.7,9.3,6.0,51.38,65.76,13.94,8.39,0.01,0.35,1.502857142857143,0.009484285714285714,67.06428571428572,16.62857142857143,0.0,2025-08-06,0.99
-0.5857,-0.8105,1.86,2.06,1.6,0.73,0.01289,0.01057,17.8,16.5,9.2,9.1,55.39,54.58,13.35,9.33,0.01,0.0,1.5400000000000003,0.00990857142857143,65.47428571428571,11.071428571428571,0.0,2025-08-07,1.15
-0.5996,-0.8003,0.99,1.86,2.06,1.33,0.0066,0.01358,14.6,19.7,11.5,9.3,69.74,51.38,11.36,13.94,0.02,0.01,1.5142857142857142,0.009931428571428572,62.43285714285714,3.6,0.2,2025-08-08,0.78
-0.6132,-0.7899,1.15,0.99,1.86,1.58,0.00809,0.01289,14.0,17.8,9.0,9.2,62.93,55.39,7.17,13.35,0.13,0.01,1.4000000000000001,0.009212857142857144,61.82285714285714,0.18571428571428572,0.2,2025-08-09,1.9
-0.6267,-0.7792,0.78,1.15,0.99,1.36,0.00438,0.0066,13.3,14.6,9.0,11.5,72.98,69.74,7.67,11.36,0.19,0.02,1.477142857142857,0.009991428571428571,60.215714285714284,0.18571428571428572,0.9,2025-08-10,2.34
-0.64,-0.7683,1.9,0.78,1.15,1.6,0.01383,0.00809,16.2,14.0,7.6,9.0,54.51,62.93,15.56,7.17,0.0,0.13,1.582857142857143,0.010512857142857143,58.97714285714285,0.18571428571428572,0.0,2025-08-11,1.74
-0.6532,-0.7572,2.34,1.9,0.78,2.06,0.01422,0.00438,21.7,13.3,10.1,9.0,45.91,72.98,13.85,7.67,0.0,0.19,1.5371428571428571,0.010262857142857143,59.69,0.18571428571428572,0.0,2025-08-12,2.27
-0.6661,-0.7459,1.74,2.34,1.9,1.86,0.01183,0.01383,17.6,16.2,11.6,7.6,56.37,54.51,11.86,15.56,0.01,0.0,1.5957142857142856,0.010498571428571428,59.03285714285715,0.18571428571428572,0.0,2025-08-13,0.81
-0.6788,-0.7343,2.27,1.74,2.34,0.99,0.014539999999999999,0.01422,20.6,21.7,10.8,10.1,50.79,45.91,15.61,13.85,0.01,0.0,1.57,0.01027,58.48285714285714,0.4428571428571429,0.0,2025-08-14,1.23
-0.6914,-0.7225,0.81,2.27,1.74,1.15,0.005,0.01183,14.8,17.6,9.9,11.6,65.89,56.37,5.75,11.86,0.05,0.01,1.5814285714285714,0.010111428571428572,62.212857142857146,1.8714285714285714,2.0,2025-08-15,2.13
-0.7037,-0.7105,1.23,0.81,2.27,0.78,0.00698,0.014539999999999999,16.4,20.6,10.2,10.8,89.04,50.79,7.17,15.61,0.17,0.01,1.7742857142857142,0.011594285714285713,61.34142857142857,1.7428571428571427,10.2,2025-08-16,1.28
-0.7158,-0.6983,2.13,1.23,0.81,1.9,0.01476,0.005,17.3,14.8,8.6,9.9,66.88,65.89,15.82,5.75,0.0,0.05,1.6857142857142857,0.010745714285714286,64.50571428571428,1.8,0.0,2025-08-17,1.67
-0.7277,-0.6859,1.28,2.13,1.23,2.34,0.00789,0.00698,16.4,16.4,8.8,10.2,76.66,89.04,10.24,7.17,0.01,0.17,1.5899999999999999,0.01012,69.66714285714286,1.8285714285714285,0.4,2025-08-18,2.49
-0.7394,-0.6733,1.67,1.28,2.13,1.74,0.00984,0.01476,17.1,17.3,8.0,8.6,82.04,66.88,7.76,15.82,0.15,0.0,1.6971428571428573,0.010687142857142857,71.36285714285715,1.8285714285714285,0.2,2025-08-19,2.2
-0.7509,-0.6605,2.49,1.67,1.28,2.27,0.0158,0.00789,19.2,16.4,8.4,8.8,68.24,76.66,15.79,10.24,0.0,0.01,1.6871428571428573,0.010777142857142858,72.90714285714286,1.8285714285714285,0.0,2025-08-20,1.48
-0.7621,-0.6474,2.2,2.49,1.67,0.81,0.01517,0.00984,17.7,17.1,8.1,8.0,61.6,82.04,15.42,7.76,0.04,0.15,1.782857142857143,0.011358571428571428,75.39999999999999,5.1571428571428575,0.0,2025-08-21,1.71
-0.7731,-0.6342,1.48,2.2,2.49,1.23,0.00907,0.0158,15.7,19.2,9.9,8.4,83.34,68.24,8.47,15.79,19.02,0.0,1.8514285714285716,0.012244285714285713,74.21000000000001,6.328571428571428,25.3,2025-08-22,2.46
-0.7839,-0.6208,1.71,1.48,2.2,2.13,0.013179999999999999,0.01517,11.7,17.7,5.6,8.1,80.71,61.6,11.44,15.42,5.01,0.04,1.8985714285714288,0.012595714285714285,72.51571428571428,6.328571428571428,18.4,2025-08-23,2.55
-0.7945,-0.6073,2.46,1.71,1.48,1.28,0.01722,0.00907,15.7,15.7,2.3,9.9,55.02,83.34,18.43,8.47,0.0,19.02,2.08,0.013914285714285714,69.10857142857142,6.271428571428571,0.0,2025-08-24,2.55
-0.8048,-0.5935,2.55,2.46,1.71,1.67,0.01712,0.013179999999999999,17.0,11.7,3.9,5.6,52.81,80.71,18.04,11.44,0.03,5.01,2.2057142857142855,0.01502,65.06,6.242857142857143,0.0,2025-08-25,2.58
-0.8149,-0.5796,2.55,2.55,2.46,2.49,0.01758,0.01722,18.0,15.7,7.3,2.3,53.7,55.02,18.88,18.43,0.01,0.0,2.2185714285714284,0.015292857142857141,62.028571428571425,6.242857142857143,0.0,2025-08-26,1.05
-0.8248,-0.5655,2.58,2.55,2.55,2.2,0.01771,0.01712,19.1,17.0,9.7,3.9,47.02,52.81,18.4,18.04,0.0,0.03,2.0542857142857143,0.014057142857142857,61.13142857142857,6.3,0.0,2025-08-27,1.05
-0.8344,-0.5512,1.05,2.58,2.55,1.48,0.00652,0.01758,14.3,18.0,9.7,7.3,55.32,53.7,8.58,18.88,0.0,0.01,1.9928571428571427,0.013664285714285714,59.28285714285715,2.8,0.4,2025-08-28,0.88
-0.8437,-0.5368,1.05,1.05,2.58,1.71,0.00632,0.01771,14.1,19.1,10.0,9.7,70.4,47.02,7.36,18.4,0.02,0.0,1.874285714285714,0.012448571428571429,59.934285714285714,0.2857142857142857,0.8,2025-08-29,1.23
-0.8528,-0.5222,0.88,1.05,1.05,2.46,0.00467,0.00652,14.7,14.3,10.7,9.7,85.27,55.32,11.99,8.58,0.09,0.0,1.6985714285714286,0.011028571428571428,64.28857142857143,1.3142857142857145,0.8,2025-08-30,1.61
-0.8617,-0.5074,1.23,0.88,1.05,2.55,0.00728,0.00632,15.5,14.1,8.8,10.0,85.5,70.4,8.92,7.36,0.94,0.02,1.5642857142857143,0.01013,67.61,1.3571428571428572,7.2,2025-08-31,2.53
-0.8703,-0.4925,1.61,1.23,0.88,2.55,0.01083,0.00467,16.0,14.7,9.6,10.7,76.06,85.27,16.09,11.99,0.03,0.09,1.5614285714285714,0.010205714285714287,69.14,1.3571428571428572,0.3,2025-09-01,2.17
-0.8786,-0.4775,2.53,1.61,1.23,2.58,0.01811,0.00728,17.1,15.5,7.6,8.8,64.41,85.5,18.4,8.92,0.0,0.94,1.502857142857143,0.009815714285714285,73.51714285714286,1.3571428571428572,0.0,2025-09-02,2.12
-0.8867,-0.4623,2.17,2.53,1.61,1.05,0.01498,0.01083,16.6,16.0,9.8,9.6,77.66,76.06,12.67,16.09,0.02,0.03,1.6557142857142857,0.011085714285714286,75.51285714285714,1.3,0.0,2025-09-03,2.05
-0.8945,-0.447,2.12,2.17,2.53,1.05,0.01541,0.01811,15.6,17.1,7.3,7.6,69.29,64.41,19.08,18.4,0.0,0.0,1.7985714285714285,0.012342857142857143,72.91,1.1857142857142857,0.0,2025-09-04,2.18
-0.9021,-0.4315,2.05,2.12,2.17,0.88,0.01512,0.01498,15.5,16.6,7.3,9.8,52.18,77.66,19.8,12.67,0.0,0.02,1.9842857142857144,0.013932857142857144,68.97714285714287,1.0714285714285714,0.0,2025-09-05,1.37
-0.9094,-0.4159,2.18,2.05,2.12,1.23,0.0158,0.01541,15.4,15.6,7.4,7.3,57.74,69.29,11.17,19.08,0.0,0.0,2.004285714285714,0.014107142857142858,66.79857142857144,0.05714285714285715,0.0,2025-09-06,1.11
-0.9164,-0.4002,1.37,2.18,2.05,1.61,0.0085,0.01512,13.8,15.5,9.3,7.3,70.25,52.18,7.9,19.8,0.02,0.0,1.9328571428571428,0.013425714285714287,67.64571428571428,0.042857142857142864,0.1,2025-09-07,2.59
-0.9232,-0.3844,1.11,1.37,2.18,2.53,0.006059999999999999,0.0158,13.7,15.4,10.4,7.4,81.99,57.74,10.22,11.17,0.02,0.0,1.9414285714285715,0.013431428571428572,68.25571428571429,0.05714285714285715,0.2,2025-09-08,2.91
-0.9296,-0.3685,2.59,1.11,1.37,2.17,0.01815,0.0085,16.5,13.8,8.3,9.3,68.68,70.25,20.7,7.9,0.02,0.02,2.047142857142857,0.014078571428571428,64.13142857142857,0.05714285714285715,0.1,2025-09-09,3.07
-0.9358,-0.3524,2.91,2.59,1.11,2.12,0.019510000000000003,0.006059999999999999,19.3,13.7,6.3,10.4,48.79,81.99,21.5,10.22,0.0,0.02,2.182857142857143,0.014705714285714286,62.26142857142857,0.05714285714285715,0.0,2025-09-10,2.94
-0.9418,-0.3363,3.07,2.91,2.59,2.05,0.0198,0.01815,20.0,16.5,8.0,8.3,56.2,68.68,21.31,20.7,0.06,0.02,2.31,0.015361428571428573,61.902857142857144,0.05714285714285715,0.0,2025-09-11,2.06
-0.9474,-0.32,2.94,3.07,2.91,2.18,0.019710000000000002,0.019510000000000003,19.4,19.3,8.8,6.3,49.67,48.79,21.45,21.5,0.0,0.0,2.292857142857143,0.015191428571428573,61.99142857142857,0.05714285714285715,0.0,2025-09-12,3.03
-0.9528,-0.3037,2.06,2.94,3.07,1.37,0.01461,0.0198,16.0,20.0,9.2,8.0,58.36,56.2,13.54,21.31,0.01,0.06,2.5300000000000002,0.016875714285714286,62.00285714285714,0.042857142857142864,0.0,2025-09-13,2.73
-0.9579,-0.2873,3.03,2.06,2.94,1.11,0.02029,0.019710000000000002,18.5,19.4,9.5,8.8,70.33,49.67,21.78,21.45,0.04,0.0,2.761428571428571,0.018664285714285717,59.42,0.014285714285714287,0.0,2025-09-14,3.08
-0.9627,-0.2707,2.73,3.03,2.06,2.59,0.01858,0.01461,17.8,16.0,8.4,9.2,63.91,58.36,21.65,13.54,0.0,0.01,2.8314285714285714,0.018992857142857145,56.980000000000004,0.0,0.0,2025-09-15,2.88
-0.9672,-0.2541,3.08,2.73,3.03,2.91,0.02045,0.02029,18.6,18.5,7.5,9.5,51.6,70.33,22.7,21.78,0.0,0.04,2.827142857142857,0.018997142857142855,57.815714285714286,0.0,0.0,2025-09-16,2.23
-0.9714,-0.2375,2.88,3.08,2.73,3.07,0.01954,0.01858,18.0,17.8,8.9,8.4,54.64,63.91,20.44,21.65,0.05,0.0,2.707142857142857,0.018165714285714285,59.83,0.07142857142857142,0.0,2025-09-17,3.0
-0.9753,-0.2207,2.23,2.88,3.08,2.94,0.013980000000000001,0.02045,18.4,18.6,9.5,7.5,70.3,51.6,16.75,22.7,0.05,0.0,2.7157142857142853,0.018279999999999998,60.901428571428575,0.07142857142857142,0.5,2025-09-18,3.15
-0.979,-0.2039,3.0,2.23,2.88,2.06,0.02051,0.01954,17.6,18.0,7.7,8.9,57.17,54.64,23.31,20.44,0.01,0.05,2.8714285714285714,0.01915142857142857,61.09285714285714,0.07142857142857142,0.0,2025-09-19,1.89
-0.9824,-0.187,3.15,3.0,2.23,3.03,0.02071,0.013980000000000001,18.9,18.4,7.4,9.5,59.7,70.3,20.47,16.75,0.01,0.05,2.7085714285714286,0.01805714285714286,63.26428571428572,1.2428571428571427,0.0,2025-09-20,3.19
-0.9854,-0.1701,1.89,3.15,3.0,2.73,0.01263,0.02051,16.6,17.6,8.6,7.7,85.53,57.17,13.13,23.31,4.02,0.01,2.774285714285714,0.01848,64.32857142857144,1.7857142857142858,8.2,2025-09-21,3.47
-0.9882,-0.1531,3.19,1.89,3.15,3.08,0.02154,0.02071,17.5,18.9,9.5,7.4,71.36,59.7,22.52,20.47,0.68,0.01,2.8299999999999996,0.018777142857142857,62.901428571428575,1.7857142857142858,3.8,2025-09-22,2.48
-0.9907,-0.1361,3.47,3.19,1.89,2.88,0.02253,0.01263,19.8,16.6,7.3,8.6,41.61,85.53,23.34,13.13,0.0,4.02,2.7728571428571427,0.018432857142857143,62.449999999999996,1.7857142857142858,0.0,2025-09-23,3.2
-0.9929,-0.1191,2.48,3.47,3.19,2.23,0.01713,0.02154,17.7,17.5,10.3,9.5,51.48,71.36,19.34,22.52,0.01,0.68,2.9114285714285715,0.019472857142857146,59.01285714285715,1.7142857142857142,0.0,2025-09-24,2.97
-0.9948,-0.102,3.2,2.48,3.47,3.0,0.02126,0.02253,20.2,19.8,10.1,7.3,46.24,41.61,22.61,23.34,0.02,0.0,2.9071428571428575,0.019475714285714287,59.410000000000004,1.7285714285714284,0.0,2025-09-25,1.17
-0.9964,-0.0848,2.97,3.2,2.48,3.15,0.02053,0.01713,17.5,17.7,8.4,10.3,59.95,51.48,12.95,19.34,0.06,0.01,2.6242857142857146,0.017444285714285714,61.74857142857143,4.085714285714285,0.1,2025-09-26,3.53
-0.9977,-0.0677,1.17,2.97,3.2,1.89,0.00649,0.02126,14.7,20.2,7.8,10.1,76.07,46.24,11.25,22.61,4.08,0.02,2.858571428571429,0.018969999999999997,56.222857142857144,2.914285714285714,16.5,2025-09-27,3.41
-0.9987,-0.0505,3.53,1.17,2.97,3.19,0.023309999999999997,0.02053,20.2,17.5,5.9,8.4,46.85,59.95,24.83,12.95,0.0,0.06,2.89,0.019154285714285714,53.36857142857143,2.3714285714285714,0.0,2025-09-28,1.22
-0.9994,-0.0333,3.41,3.53,1.17,3.47,0.02283,0.00649,19.4,14.7,8.4,7.8,51.38,76.07,24.24,11.25,0.0,4.08,2.5685714285714285,0.01698,56.964285714285715,2.4,0.0,2025-09-29,2.74
-0.9999,-0.0161,1.22,3.41,3.53,2.48,0.00731,0.023309999999999997,16.2,20.2,10.0,5.9,66.78,46.85,17.52,24.83,0.0,0.0,2.605714285714286,0.01708857142857143,57.800000000000004,2.4,0.2,2025-09-30,3.51
-1.0,0.0011,2.74,1.22,3.41,3.2,0.01789,0.02283,17.9,19.4,10.9,8.4,57.33,51.38,24.24,24.24,0.06,0.0,2.65,0.01729857142857143,58.855714285714285,2.4,0.0,2025-10-01,3.54
-0.9998,0.0183,3.51,2.74,1.22,2.97,0.02273,0.00731,21.2,16.2,9.1,10.0,53.63,66.78,24.49,17.52,0.05,0.0,2.7314285714285718,0.017728571428571427,57.714285714285715,2.3857142857142857,0.0,2025-10-02,1.61
-0.9994,0.0355,3.54,3.51,2.74,1.17,0.02354,0.01789,19.8,17.9,8.2,10.9,51.96,57.33,18.57,24.24,0.01,0.06,2.794285714285714,0.01820714285714286,56.13857142857143,0.24285714285714285,0.0,2025-10-03,1.57
-0.9986,0.0527,1.61,3.54,3.51,3.53,0.00984,0.02273,14.6,21.2,9.4,9.1,65.04,53.63,9.5,24.49,0.1,0.05,2.5142857142857147,0.016084285714285714,60.85142857142858,0.5285714285714286,1.5,2025-10-04,3.57
-0.9976,0.0698,1.57,1.61,3.54,3.41,0.00845,0.02354,15.8,19.8,10.2,8.2,79.84,51.96,16.91,18.57,0.6,0.01,2.5371428571428574,0.01609285714285714,63.14857142857143,0.6571428571428571,2.0,2025-10-05,3.8
-0.9962,0.087,3.57,1.57,1.61,1.22,0.02289,0.00984,18.0,14.6,8.6,9.4,67.46,65.04,25.56,9.5,0.76,0.1,2.9057142857142857,0.018625714285714284,60.41285714285714,0.6285714285714287,0.9,2025-10-06,3.85
-0.9946,0.1041,3.8,3.57,1.57,2.74,0.02504,0.00845,19.4,15.8,6.4,10.2,47.63,79.84,27.04,16.91,0.0,0.6,3.064285714285714,0.019655714285714283,59.24142857142857,0.6285714285714287,0.0,2025-10-07,3.52
-0.9926,0.1212,3.85,3.8,3.57,3.51,0.0251,0.02289,20.1,18.0,6.8,8.6,49.13,67.46,26.92,25.56,0.01,0.76,3.065714285714286,0.01978285714285714,58.82,0.6285714285714287,0.0,2025-10-08,2.49
-0.9904,0.1383,3.52,3.85,3.8,3.54,0.023620000000000002,0.02504,18.8,19.4,9.4,6.4,50.68,47.63,18.4,27.04,0.01,0.0,2.915714285714286,0.018765714285714285,58.84428571428572,0.6285714285714287,0.0,2025-10-09,1.96
-0.9879,0.1553,2.49,3.52,3.85,1.61,0.01642,0.0251,17.7,20.1,9.2,6.8,52.13,49.13,13.82,26.92,0.03,0.01,2.9657142857142857,0.019082857142857144,59.13285714285714,0.41428571428571426,0.0,2025-10-10,3.82
-0.9851,0.1722,1.96,2.49,3.52,1.57,0.012060000000000001,0.023620000000000002,16.7,18.8,11.2,9.4,67.06,50.68,14.05,18.4,0.02,0.01,3.287142857142857,0.02142714285714286,56.378571428571426,0.1285714285714286,0.0,2025-10-11,4.01
-0.9819,0.1892,3.82,1.96,2.49,3.57,0.02486,0.01642,20.1,17.7,8.9,9.2,60.56,52.13,27.45,13.82,0.01,0.03,3.35,0.021880000000000004,53.41142857142857,0.0,0.0,2025-10-12,3.7
-0.9785,0.206,4.01,3.82,1.96,3.8,0.02606,0.012060000000000001,19.8,16.7,7.1,11.2,46.69,67.06,28.35,14.05,0.0,0.02,3.335714285714286,0.02185857142857143,53.82857142857143,0.0,0.0,2025-10-13,3.61
-0.9749,0.2228,3.7,4.01,3.82,3.85,0.02489,0.02486,18.8,20.1,7.2,8.9,50.55,60.56,24.14,27.45,0.0,0.01,3.301428571428571,0.021747142857142857,55.42285714285714,0.0,0.0,2025-10-14,3.44
-0.9709,0.2396,3.61,3.7,4.01,3.52,0.02432,0.02606,19.2,19.8,7.7,7.1,60.29,46.69,13.77,28.35,0.0,0.0,3.29,0.021660000000000002,56.62428571428571,0.0,0.0,2025-10-15,3.43
-0.9666,0.2562,3.44,3.61,3.7,2.49,0.023010000000000003,0.02489,19.5,18.8,9.2,7.2,59.09,50.55,21.3,24.14,0.0,0.0,3.424285714285714,0.022381428571428573,55.87571428571429,0.0,0.0,2025-10-16,4.32
-0.9621,0.2728,3.43,3.44,3.61,1.96,0.02147,0.02432,21.0,19.2,10.3,7.7,46.89,60.29,23.86,13.77,0.0,0.0,3.761428571428571,0.024465714285714285,51.72571428571428,0.0,0.0,2025-10-17,3.98
-0.9572,0.2893,4.32,3.43,3.44,3.82,0.02665,0.023010000000000003,21.6,19.5,8.5,9.2,38.01,59.09,28.74,21.3,0.0,0.0,3.7842857142857147,0.02461142857142857,48.76571428571429,0.0,0.0,2025-10-18,2.87
-0.9521,0.3057,3.98,4.32,3.43,4.01,0.02588,0.02147,20.3,21.0,8.3,10.3,39.84,46.89,22.08,23.86,0.0,0.0,3.6214285714285714,0.02358142857142857,49.17857142857143,0.0,0.0,2025-10-19,3.69
-0.9467,0.3221,2.87,3.98,4.32,3.7,0.018850000000000002,0.02665,17.8,21.6,9.2,8.5,49.58,38.01,16.96,28.74,0.0,0.0,3.62,0.02352857142857143,48.12571428571429,0.0,0.0,2025-10-20,3.11
-0.941,0.3383,3.69,2.87,3.98,3.61,0.02452,0.02588,19.5,20.3,7.7,8.3,43.18,39.84,25.77,22.08,0.0,0.0,3.5485714285714285,0.02286714285714286,47.21714285714285,0.0,0.0,2025-10-21,4.1
-0.9351,0.3545,3.11,3.69,2.87,3.44,0.019690000000000003,0.018850000000000002,19.9,17.8,8.2,9.2,53.93,49.58,20.25,16.96,0.0,0.0,3.642857142857143,0.023387142857142856,46.35857142857143,0.0,0.0,2025-10-22,3.58
-0.9288,0.3705,4.1,3.11,3.69,3.43,0.02665,0.02452,20.3,19.5,8.5,7.7,53.08,43.18,28.22,25.77,0.0,0.0,3.664285714285714,0.023725714285714287,48.74285714285714,0.0,0.0,2025-10-23,3.25
-0.9223,0.3864,3.58,4.1,3.11,4.32,0.02384,0.019690000000000003,18.4,19.9,9.4,8.2,63.58,53.93,22.84,20.25,0.0,0.0,3.511428571428571,0.022770000000000002,52.857142857142854,0.0,0.0,2025-10-24,4.54
-0.9155,0.4022,3.25,3.58,4.1,3.98,0.019960000000000002,0.02665,18.3,20.3,10.1,8.5,66.81,53.08,21.17,28.22,0.0,0.0,3.5914285714285716,0.023055714285714287,54.43142857142857,0.0,0.0,2025-10-25,4.6
-0.9085,0.4179,4.54,3.25,3.58,2.87,0.02788,0.02384,21.3,18.4,6.2,9.4,50.86,63.58,29.04,22.84,0.0,0.0,3.838571428571428,0.024387142857142857,53.152857142857144,0.0,0.0,2025-10-26,3.6
-0.9012,0.4335,4.6,4.54,3.25,3.69,0.02817,0.019960000000000002,21.8,18.3,8.5,10.1,40.63,66.81,29.4,21.17,0.0,0.0,3.825714285714286,0.02421857142857143,54.917142857142856,0.0,0.0,2025-10-27,4.3
-0.8936,0.4489,3.6,4.6,4.54,3.11,0.02334,0.02788,19.0,21.3,9.9,6.2,55.53,50.86,17.94,29.04,0.0,0.0,3.9957142857142856,0.025387142857142858,54.41285714285714,0.0,0.0,2025-10-28,4.32
-0.8857,0.4642,4.3,3.6,4.6,4.1,0.027870000000000002,0.02817,19.9,21.8,8.4,8.5,50.4,40.63,25.94,29.4,0.0,0.0,4.027142857142858,0.025455714285714286,54.49,0.0,0.0,2025-10-29,4.25
-0.8776,0.4794,4.32,4.3,3.6,3.58,0.027129999999999998,0.02334,20.5,19.0,9.6,9.9,53.62,55.53,26.15,17.94,0.0,0.0,4.122857142857143,0.026075714285714285,53.70428571428572,0.0,0.0,2025-10-30,4.0
-0.8692,0.4944,4.25,4.32,4.3,3.25,0.02818,0.027870000000000002,19.3,19.9,8.0,8.4,58.08,50.4,22.11,25.94,0.0,0.0,4.2299999999999995,0.026857142857142857,53.36,0.0,0.0,2025-10-31,4.28
-0.8606,0.5093,4.0,4.25,4.32,4.54,0.02543,0.027129999999999998,18.8,20.5,9.8,9.6,64.4,53.62,24.2,26.15,0.0,0.0,4.192857142857143,0.026852857142857144,54.98142857142857,0.0,0.0,2025-11-01,4.13
-0.8517,0.524,4.28,4.0,4.25,4.6,0.02785,0.02818,19.9,19.3,10.1,8.0,62.21,58.08,29.03,22.11,0.0,0.0,4.1257142857142854,0.026747142857142858,57.26857142857143,0.0,0.0,2025-11-02,2.82
-0.8426,0.5386,4.13,4.28,4.0,3.6,0.02743,0.02543,19.1,18.8,7.9,9.8,56.64,64.4,20.29,24.2,0.0,0.0,4.014285714285714,0.02581857142857143,59.51,0.07142857142857142,0.0,2025-11-03,4.6
-0.8332,0.553,2.82,4.13,4.28,4.3,0.01684,0.02785,18.7,19.9,12.5,10.1,71.22,62.21,19.67,29.03,0.0,0.0,4.057142857142857,0.025924285714285712,61.64857142857143,0.07142857142857142,0.5,2025-11-04,4.51
-0.8235,0.5672,4.6,2.82,4.13,4.32,0.02861,0.02743,20.3,19.1,10.8,7.9,65.37,56.64,30.4,20.29,0.0,0.0,4.0842857142857145,0.026231428571428572,63.401428571428575,0.07142857142857142,0.0,2025-11-05,3.46
-0.8137,0.5813,4.51,4.6,2.82,4.25,0.02928,0.01684,19.4,18.7,8.5,12.5,65.89,71.22,29.61,19.67,0.05,0.0,3.9714285714285715,0.02524857142857143,66.15714285714286,0.6857142857142857,0.0,2025-11-06,4.75
-0.8035,0.5952,3.46,4.51,4.6,4.0,0.0213,0.02861,19.5,20.3,12.0,10.8,77.37,65.37,23.66,30.4,0.87,0.0,4.078571428571428,0.025824285714285713,65.18714285714286,0.6857142857142857,4.3,2025-11-07,3.21
-0.7932,0.609,4.75,3.46,4.51,4.28,0.02946,0.02928,22.2,19.4,9.4,8.5,57.61,65.89,30.72,29.61,0.06,0.05,3.9257142857142857,0.024622857142857144,65.41571428571429,0.7,0.0,2025-11-08,4.35
-0.7826,0.6225,3.21,4.75,3.46,4.13,0.019440000000000002,0.0213,18.0,19.5,8.6,12.0,63.81,77.37,19.21,23.66,0.02,0.87,3.957142857142857,0.024455714285714285,66.87142857142858,0.7,0.1,2025-11-09,4.56
-0.7718,0.6359,4.35,3.21,4.75,2.82,0.026260000000000002,0.02946,20.0,22.2,12.4,9.4,66.83,57.61,30.93,30.72,0.02,0.06,4.2057142857142855,0.026269999999999998,65.82285714285715,0.6285714285714284,0.0,2025-11-10,4.88
-0.7607,0.6491,4.56,4.35,3.21,4.6,0.02954,0.019440000000000002,19.4,18.0,7.8,8.6,63.88,63.81,30.68,19.21,0.02,0.02,4.2457142857142856,0.02647142857142857,64.37285714285714,0.6285714285714284,0.0,2025-11-11,4.95
-0.7494,0.6621,4.88,4.56,4.35,4.51,0.030019999999999998,0.026260000000000002,21.4,20.0,8.9,12.4,55.22,66.83,31.9,30.93,0.0,0.02,4.308571428571429,0.02659,61.20285714285715,0.6285714285714284,0.0,2025-11-12,4.81
-0.7379,0.6749,4.95,4.88,4.56,3.46,0.030109999999999998,0.02954,22.2,19.4,7.9,7.8,43.7,63.88,31.81,30.68,0.0,0.02,4.501428571428571,0.027847142857142855,56.00285714285714,0.014285714285714287,0.0,2025-11-13,3.67
-0.7262,0.6875,4.81,4.95,4.88,4.75,0.030100000000000002,0.030019999999999998,21.5,21.4,9.0,8.9,40.97,55.22,30.48,31.9,0.0,0.0,4.347142857142857,0.02692857142857143,55.46,0.028571428571428574,0.0,2025-11-14,3.39
-0.7143,0.6998,3.67,4.81,4.95,3.21,0.023030000000000002,0.030109999999999998,20.3,22.2,10.9,7.9,53.81,43.7,18.7,31.81,0.07,0.0,4.372857142857143,0.027114285714285712,54.94571428571429,0.014285714285714287,0.1,2025-11-15,4.69
-0.7021,0.712,3.39,3.67,4.81,4.35,0.020739999999999998,0.030100000000000002,20.5,21.5,11.6,9.0,60.21,40.97,21.17,30.48,0.05,0.0,4.421428571428572,0.027627142857142857,53.27571428571429,0.014285714285714287,0.0,2025-11-16,6.01
-0.6898,0.724,4.69,3.39,3.67,4.56,0.02985,0.023030000000000002,20.9,20.3,11.3,10.9,55.14,53.81,28.24,18.7,0.01,0.07,4.628571428571428,0.027715714285714284,48.99857142857143,0.014285714285714287,0.0,2025-11-17,5.0
-0.6772,0.7358,6.01,4.69,3.39,4.88,0.03016,0.020739999999999998,29.1,20.5,10.5,11.6,33.94,60.21,29.44,21.17,0.0,0.05,4.645714285714286,0.02773,46.887142857142855,0.014285714285714287,0.0,2025-11-18,4.93
-0.6645,0.7473,5.0,6.01,4.69,4.95,0.03012,0.02985,22.3,20.9,11.2,11.3,40.44,55.14,29.79,28.24,0.0,0.01,4.642857142857143,0.02774714285714286,48.36142857142857,0.014285714285714287,0.0,2025-11-19,3.62
-0.6515,0.7586,4.93,5.0,6.01,4.81,0.03023,0.03016,22.1,29.1,10.7,10.5,54.02,33.94,28.5,29.44,0.0,0.0,4.472857142857142,0.026535714285714284,50.96857142857142,0.014285714285714287,0.0,2025-11-20,4.9
-0.6384,0.7697,3.62,4.93,5.0,3.67,0.02162,0.03012,20.7,22.3,13.0,11.2,59.22,40.44,19.3,29.79,0.0,0.0,4.648571428571429,0.02755285714285714,49.85857142857143,0.0,0.0,2025-11-21,3.73
-0.625,0.7806,4.9,3.62,4.93,3.39,0.03015,0.03023,22.0,22.1,10.5,10.7,46.04,54.02,27.26,28.5,0.0,0.0,4.6971428571428575,0.027964285714285716,48.04,0.0,0.0,2025-11-22,2.95
-0.6115,0.7912,3.73,4.9,3.62,4.69,0.023620000000000002,0.02162,19.8,20.7,11.8,13.0,47.48,59.22,19.53,19.3,0.01,0.0,4.448571428571428,0.02622285714285714,47.01428571428572,0.014285714285714287,0.0,2025-11-23,2.97
-0.5978,0.8016,2.95,3.73,4.9,6.01,0.01766,0.03015,19.6,22.0,12.4,10.5,47.96,46.04,17.43,27.26,0.01,0.0,4.014285714285714,0.02434,49.784285714285716,0.014285714285714287,0.1,2025-11-24,2.4
-0.584,0.8118,2.97,2.95,3.73,5.0,0.016980000000000002,0.023620000000000002,20.3,19.8,13.4,11.8,53.33,47.48,16.21,19.53,0.01,0.01,3.642857142857143,0.021965714285714286,52.21857142857142,0.08571428571428572,0.0,2025-11-25,3.53
-0.5699,0.8217,2.4,2.97,2.95,4.93,0.0135,0.01766,18.6,19.6,13.9,12.4,57.48,47.96,14.08,17.43,0.53,0.01,3.442857142857143,0.020595714285714283,53.95428571428572,0.14285714285714285,0.5,2025-11-26,4.86
-0.5557,0.8314,3.53,2.4,2.97,3.62,0.020640000000000002,0.016980000000000002,20.7,20.3,13.8,13.4,66.17,53.33,21.5,16.21,0.36,0.01,3.62,0.021814285714285713,53.74714285714286,0.14285714285714285,0.4,2025-11-27,3.45
-0.5413,0.8408,4.86,3.53,2.4,4.9,0.03015,0.0135,21.3,18.6,9.9,13.9,57.77,57.48,30.52,14.08,0.01,0.53,3.412857142857143,0.020302857142857143,56.794285714285714,0.18571428571428572,0.0,2025-11-28,5.16
-0.5268,0.85,3.45,4.86,3.53,3.73,0.01957,0.020640000000000002,20.9,20.7,12.4,13.8,67.37,66.17,28.5,21.5,0.0,0.36,3.617142857142857,0.021332857142857143,60.18,0.18571428571428572,0.3,2025-11-29,5.18
-0.5121,0.859,5.16,3.45,4.86,2.95,0.03083,0.03015,22.0,21.3,10.5,9.9,71.18,57.77,32.89,30.52,0.01,0.01,3.935714285714286,0.023274285714285716,62.19714285714286,0.17142857142857143,0.0,2025-11-30,5.09
-0.4972,0.8676,5.18,5.16,3.45,2.97,0.03125,0.01957,22.0,20.9,11.4,12.4,62.08,67.37,32.9,28.5,0.01,0.0,4.238571428571428,0.025261428571428574,62.27142857142858,0.17142857142857143,0.0,2025-12-01,5.34
-0.4822,0.8761,5.09,5.18,5.16,2.4,0.03089,0.03083,22.5,22.0,11.6,10.5,53.85,71.18,29.69,32.89,0.07,0.01,4.658571428571428,0.02778857142857143,60.868571428571435,0.09999999999999999,0.0,2025-12-02,5.19
-0.4671,0.8842,5.34,5.09,5.18,3.53,0.031190000000000002,0.03125,24.5,22.0,11.9,11.4,47.66,62.08,31.69,32.9,0.0,0.01,4.895714285714286,0.029247142857142857,58.798571428571435,0.04285714285714286,0.0,2025-12-03,3.53
-0.4518,0.8921,5.19,5.34,5.09,4.86,0.030850000000000002,0.03089,23.5,22.5,11.4,11.6,51.68,53.85,22.34,29.69,0.0,0.07,4.7057142857142855,0.027774285714285717,60.08571428571429,0.05714285714285715,0.0,2025-12-04,5.11
-0.4364,0.8998,3.53,5.19,5.34,3.45,0.01984,0.031190000000000002,21.8,24.5,15.3,11.9,66.78,47.66,17.84,31.69,0.0,0.0,4.942857142857143,0.029208571428571427,59.01571428571429,0.014285714285714287,0.1,2025-12-05,1.83
-0.4208,0.9071,5.11,3.53,5.19,5.16,0.02961,0.030850000000000002,24.9,23.5,12.5,11.4,59.88,51.68,28.42,22.34,0.01,0.0,4.467142857142857,0.02624857142857143,58.85142857142857,0.7428571428571428,0.0,2025-12-06,5.05
-0.4052,0.9142,1.83,5.11,3.53,5.18,0.01011,0.01984,20.0,21.8,14.1,15.3,70.03,66.78,8.5,17.84,3.24,0.0,4.448571428571428,0.026022857142857146,59.32,0.7428571428571428,5.1,2025-12-07,4.73
-0.3894,0.9211,5.05,1.83,5.11,5.09,0.029670000000000002,0.02961,23.4,24.9,14.9,12.5,65.36,59.88,29.74,28.42,0.02,0.01,4.397142857142858,0.025642857142857144,59.94428571428572,0.7428571428571428,0.0,2025-12-08,2.42
-0.3735,0.9276,4.73,5.05,1.83,5.34,0.02823,0.01011,23.0,20.0,12.4,14.1,58.22,70.03,20.58,8.5,0.01,3.24,3.98,0.023042857142857143,61.221428571428575,0.8142857142857142,0.0,2025-12-09,3.02
-0.3575,0.9339,2.42,4.73,5.05,5.19,0.01299,0.029670000000000002,19.7,23.4,15.7,14.9,56.6,65.36,14.85,29.74,0.02,0.02,3.6700000000000004,0.020932857142857142,62.95285714285715,0.8714285714285713,0.5,2025-12-10,3.03
-0.3413,0.9399,3.02,2.42,4.73,3.53,0.016079999999999997,0.02823,20.8,23.0,15.8,12.4,63.8,58.22,13.3,20.58,0.08,0.01,3.5985714285714288,0.020460000000000002,63.23285714285714,0.8857142857142856,0.4,2025-12-11,3.15
-0.3251,0.9457,3.03,3.02,2.42,5.11,0.01653,0.01299,21.2,19.7,15.3,15.7,68.74,56.6,15.15,14.85,0.1,0.02,3.3185714285714285,0.018734285714285714,63.93571428571429,0.8857142857142856,0.2,2025-12-12,3.61
-0.3088,0.9511,3.15,3.03,3.02,1.83,0.01753,0.016079999999999997,20.9,20.8,13.8,15.8,64.8,63.8,22.05,13.3,0.01,0.08,3.5728571428571425,0.020278571428571427,62.604285714285716,0.15714285714285717,0.0,2025-12-13,4.06
-0.2924,0.9563,3.61,3.15,3.03,5.05,0.02092,0.01653,22.0,21.2,12.5,15.3,60.71,68.74,24.58,15.15,0.01,0.1,3.4314285714285715,0.01945857142857143,62.271428571428565,0.15714285714285717,0.0,2025-12-14,5.76
-0.2759,0.9612,4.06,3.61,3.15,4.73,0.02393,0.01753,20.5,20.9,12.1,13.8,63.03,64.8,18.78,22.05,0.0,0.01,3.5785714285714283,0.01998428571428571,60.19,0.15714285714285717,0.0,2025-12-15,5.79
-0.2593,0.9658,5.76,4.06,3.61,2.42,0.03191,0.02092,25.2,22.0,9.9,12.5,43.65,60.71,34.12,24.58,0.0,0.01,4.06,0.022755714285714285,57.857142857142854,0.08571428571428573,0.0,2025-12-16,4.46
-0.2427,0.9701,5.79,5.76,4.06,3.02,0.03239,0.02393,26.0,20.5,11.0,12.1,40.27,63.03,33.86,18.78,0.0,0.0,4.265714285714286,0.024247142857142856,56.78285714285715,0.05714285714285715,0.0,2025-12-17,5.05
-0.226,0.9741,4.46,5.79,5.76,3.03,0.02652,0.03191,22.1,25.2,13.0,9.9,56.28,43.65,25.28,34.12,0.02,0.0,4.554285714285714,0.02634,54.91857142857143,0.028571428571428574,0.2,2025-12-18,4.13
-0.2092,0.9779,5.05,4.46,5.79,3.15,0.03118,0.03239,21.8,26.0,10.7,11.0,55.69,40.27,24.87,33.86,0.02,0.0,4.694285714285714,0.027292857142857143,54.44714285714286,0.028571428571428574,0.0,2025-12-19,4.26
-0.1923,0.9813,4.13,5.05,4.46,3.61,0.0242,0.02652,21.6,22.1,14.3,13.0,61.5,56.28,20.9,25.28,0.01,0.02,4.7871428571428565,0.027712857142857143,55.221428571428575,0.028571428571428574,0.0,2025-12-20,4.87
-0.1754,0.9845,4.26,4.13,5.05,4.06,0.02386,0.03118,22.4,21.8,14.5,10.7,66.13,55.69,28.11,24.87,0.36,0.02,4.902857142857143,0.028187142857142855,56.04142857142857,0.028571428571428574,0.0,2025-12-21,5.17
-0.1585,0.9874,4.87,4.26,4.13,5.76,0.02725,0.0242,23.6,21.6,13.5,14.3,68.77,61.5,27.46,20.9,0.0,0.01,4.8185714285714285,0.027884285714285716,58.589999999999996,0.028571428571428574,0.0,2025-12-22,5.67
-0.1414,0.9899,5.17,4.87,4.26,5.79,0.02979,0.02386,23.3,22.4,14.0,14.5,61.49,66.13,33.15,28.11,0.19,0.36,4.801428571428572,0.027848571428571427,59.87285714285714,0.028571428571428574,0.0,2025-12-23,5.38
-0.1244,0.9922,5.67,5.17,4.87,4.46,0.03214,0.02725,24.7,23.6,10.8,13.5,49.25,68.77,33.39,27.46,0.07,0.0,4.932857142857143,0.028395714285714285,58.70428571428572,0.0,0.0,2025-12-24,5.48
-0.1073,0.9942,5.38,5.67,5.17,5.05,0.030350000000000002,0.02979,23.9,23.3,12.9,14.0,48.1,61.49,33.54,33.15,0.0,0.19,4.994285714285715,0.028492857142857146,57.354285714285716,0.0,0.0,2025-12-25,5.21
-0.0902,0.9959,5.48,5.38,5.67,4.13,0.03186,0.03214,24.1,24.7,12.7,10.8,46.24,49.25,33.22,33.39,0.0,0.07,5.148571428571429,0.029377142857142855,57.144285714285715,0.0,0.0,2025-12-26,5.51
-0.073,0.9973,5.21,5.48,5.38,4.26,0.03039,0.030350000000000002,23.2,23.9,14.4,12.9,60.03,48.1,25.62,33.54,0.01,0.0,5.327142857142857,0.030515714285714285,54.83,0.0,0.0,2025-12-27,5.13
-0.0559,0.9984,5.51,5.21,5.48,4.87,0.03183,0.03186,24.4,24.1,12.1,12.7,49.93,46.24,33.0,33.22,0.01,0.0,5.364285714285714,0.03091,52.292857142857144,0.0,0.0,2025-12-28,4.76
-0.0387,0.9993,5.13,5.51,5.21,5.17,0.030010000000000002,0.03039,23.2,23.2,13.1,14.4,51.01,60.03,28.65,25.62,0.09,0.01,5.305714285714286,0.03072142857142857,49.434285714285714,0.0,0.0,2025-12-29,4.78
-0.0215,0.9998,4.76,5.13,5.51,5.67,0.02847,0.03183,22.3,24.4,13.3,12.1,41.48,49.93,24.11,33.0,0.16,0.01,5.178571428571429,0.03009,47.605714285714285,0.0,0.0,2025-12-30,4.77
